::::::::::::::
a18.dap
::::::::::::::
  A18                 
  1.00000  0.00033
  0.99690  0.00099
  0.99191  0.00224
  0.98482  0.00374
  0.97861  0.00511
  0.96785  0.00735
  0.95536  0.00972
  0.94364  0.01198
  0.93398  0.01379
  0.92071  0.01632
  0.90411  0.01925
  0.89181  0.02141
  0.86400  0.02621
  0.83715  0.03060
  0.80818  0.03498
  0.76407  0.04104
  0.71992  0.04669
  0.66487  0.05312
  0.60663  0.05896
  0.54910  0.06333
  0.49645  0.06654
  0.43814  0.06926
  0.38347  0.06938
  0.33236  0.06958
  0.29351  0.06837
  0.24769  0.06500
  0.20920  0.06121
  0.17697  0.05768
  0.14758  0.05409
  0.11892  0.04994
  0.10641  0.04776
  0.09459  0.04542
  0.08092  0.04235
  0.07075  0.03975
  0.06073  0.03692
  0.04549  0.03203
  0.03643  0.02853
  0.02720  0.02440
  0.02028  0.02095
  0.01302  0.01674
  0.00710  0.01159
  0.00109  0.00346
  0.00000 -0.00001
  0.00489 -0.00732
  0.01059 -0.01050
  0.01487 -0.01187
  0.02173 -0.01345
  0.02945 -0.01488
  0.04403 -0.01646
  0.05870 -0.01696
  0.07258 -0.01694
  0.08798 -0.01669
  0.10106 -0.01628
  0.11648 -0.01556
  0.14251 -0.01381
  0.16858 -0.01185
  0.19992 -0.00957
  0.24110 -0.00652
  0.28536 -0.00401
  0.34013 -0.00031
  0.40095  0.00398
  0.45970  0.00579
  0.51571  0.00740
  0.57735  0.00844
  0.63480  0.00884
  0.67858  0.00911
  0.71898  0.00854
  0.76508  0.00691
  0.80917  0.00532
  0.83733  0.00423
  0.87102  0.00289
  0.90385  0.00148
  0.92078  0.00075
  0.93589  0.00012
  0.95129 -0.00055
  0.96349 -0.00080
  0.97274 -0.00121
  0.98152 -0.00116
  0.98959 -0.00119
  0.99507 -0.00100
  1.00000  0.00033
::::::::::::::
a18sm.dat
::::::::::::::
A18 (smoothed)
  1.00000  0.00307
  0.99754  0.00365
  0.99070  0.00530
  0.98037  0.00771
  0.96698  0.01070
  0.95044  0.01421
  0.93064  0.01819
  0.90775  0.02253
  0.88202  0.02712
  0.85370  0.03185
  0.82309  0.03661
  0.79048  0.04132
  0.75616  0.04591
  0.72043  0.05029
  0.68359  0.05440
  0.64594  0.05819
  0.60778  0.06160
  0.56937  0.06458
  0.53099  0.06710
  0.49265  0.06911
  0.45435  0.07058
  0.41638  0.07143
  0.37887  0.07157
  0.34204  0.07094
  0.30609  0.06951
  0.27120  0.06733
  0.23760  0.06451
  0.20549  0.06114
  0.17504  0.05734
  0.14648  0.05315
  0.11999  0.04860
  0.09576  0.04368
  0.07395  0.03839
  0.05468  0.03277
  0.03811  0.02694
  0.02433  0.02103
  0.01338  0.01513
  0.00548  0.00932
  0.00098  0.00376
  0.00000  0.00000
  0.00098 -0.00348
  0.00548 -0.00770
  0.01338 -0.01118
  0.02433 -0.01388
  0.03811 -0.01581
  0.05468 -0.01699
  0.07395 -0.01740
  0.09576 -0.01708
  0.11999 -0.01611
  0.14648 -0.01461
  0.17504 -0.01269
  0.20549 -0.01047
  0.23760 -0.00805
  0.27120 -0.00550
  0.30609 -0.00290
  0.34204 -0.00033
  0.37887  0.00209
  0.41638  0.00429
  0.45435  0.00617
  0.49265  0.00773
  0.53099  0.00895
  0.56937  0.00984
  0.60778  0.01042
  0.64594  0.01067
  0.68359  0.01060
  0.72043  0.01022
  0.75616  0.00954
  0.79048  0.00858
  0.82309  0.00738
  0.85370  0.00600
  0.88202  0.00450
  0.90775  0.00297
  0.93064  0.00149
  0.95044  0.00015
  0.96698 -0.00098
  0.98037 -0.00187
  0.99070 -0.00252
  0.99754 -0.00292
  1.00000 -0.00306
::::::::::::::
avistar.dap
::::::::::::::
  AVISTAR             
    1.000000   -0.000550
    0.999053    0.003785
    0.996786    0.004567
    0.994539    0.005060
    0.992172    0.005466
    0.988776    0.006223
    0.985648    0.006873
    0.982177    0.007781
    0.978038    0.008621
    0.973142    0.009764
    0.959954    0.012428
    0.954617    0.013621
    0.943076    0.016195
    0.927904    0.019458
    0.906188    0.024097
    0.880138    0.029560
    0.857398    0.034250
    0.825095    0.040696
    0.796157    0.046574
    0.772639    0.051179
    0.741610    0.057066
    0.704404    0.063761
    0.648790    0.072857
    0.587724    0.081354
    0.532608    0.087736
    0.470895    0.093294
    0.417066    0.096698
    0.378003    0.098038
    0.329119    0.097614
    0.294807    0.096181
    0.252418    0.093008
    0.219688    0.089248
    0.202207    0.086729
    0.189657    0.084756
    0.167046    0.080384
    0.135960    0.072699
    0.111807    0.065362
    0.097571    0.060292
    0.071544    0.049781
    0.050352    0.039878
    0.030259    0.029489
    0.018947    0.023137
    0.017117    0.022048
    0.008536    0.016276
    0.002019    0.008742
    0.000311    0.003724
    0.000001   -0.000168
    0.000204   -0.003008
    0.001467   -0.008613
    0.002945   -0.011714
    0.003519   -0.012447
    0.006449   -0.015368
    0.009563   -0.017852
    0.015226   -0.020542
    0.018944   -0.021813
    0.022555   -0.022928
    0.028687   -0.024508
    0.034933   -0.026012
    0.045749   -0.028512
    0.054239   -0.030304
    0.069826   -0.033373
    0.080090   -0.035200
    0.095692   -0.037637
    0.115006   -0.040220
    0.135194   -0.042575
    0.158803   -0.044576
    0.186845   -0.046645
    0.220243   -0.048350
    0.257215   -0.049258
    0.291957   -0.049144
    0.327846   -0.048827
    0.366606   -0.048279
    0.407432   -0.047571
    0.472993   -0.045862
    0.551623   -0.042201
    0.611903   -0.038056
    0.674813   -0.033010
    0.735183   -0.028027
    0.777086   -0.024609
    0.811007   -0.021755
    0.839919   -0.019205
    0.861412   -0.017189
    0.898192   -0.013629
    0.938291   -0.009767
    0.959826   -0.007638
    0.978784   -0.005702
    0.996229   -0.003782
    1.000000   -0.000550
::::::::::::::
avistar.dat
::::::::::::::
   AVISTAR
 1.000000       0.001577
 0.997540       0.002134
 0.990700       0.003654
 0.980370       0.005878
 0.966980       0.008656
 0.950440       0.011966
 0.930640       0.015819
 0.907750       0.020211
 0.882020       0.025157
 0.853700       0.030674
 0.823090       0.036724
 0.790480       0.043213
 0.756160       0.049972
 0.720430       0.056761
 0.683590       0.063296
 0.645940       0.069329
 0.607780       0.074739
 0.569370       0.079493
 0.530990       0.083592
 0.492650       0.087118
 0.454350       0.090125
 0.416380       0.092502
 0.378870       0.093994
 0.342040       0.094266
 0.306090       0.093163
 0.271200       0.090928
 0.237600       0.087896
 0.205490       0.084131
 0.175040       0.079484
 0.146480       0.073768
 0.119990       0.066906
 0.095760       0.059061
 0.073950       0.050589
 0.054680       0.041953
 0.038110       0.033807
 0.024330       0.026683
 0.013380       0.020385
 0.005480       0.013840
 0.000980       0.005578
 0.000000      -0.001520
 0.000980      -0.008736
 0.005480      -0.017535
 0.013380      -0.023921
 0.024330      -0.027806
 0.038110      -0.030357
 0.054680      -0.032981
 0.073950      -0.036103
 0.095760      -0.039323
 0.119990      -0.042246
 0.146480      -0.044736
 0.175040      -0.046861
 0.205490      -0.048689
 0.237600      -0.050081
 0.271200      -0.050919
 0.306090      -0.051202
 0.342040      -0.050953
 0.378870      -0.050210
 0.416380      -0.049040
 0.454350      -0.047554
 0.492650      -0.045845
 0.530990      -0.043925
 0.569370      -0.041697
 0.607780      -0.039055
 0.645940      -0.036034
 0.683590      -0.032834
 0.720430      -0.029673
 0.756160      -0.026692
 0.790480      -0.023935
 0.823090      -0.021300
 0.853700      -0.018605
 0.882020      -0.015858
 0.907750      -0.013368
 0.930640      -0.011525
 0.950440      -0.010375
 0.966980      -0.009412
 0.980370      -0.007926
 0.990700      -0.005555
 0.997540      -0.002893
 1.000000      -0.001634
::::::::::::::
bw3.dap
::::::::::::::
  BW-3                
    1.000000   -0.000704
    0.998884    0.007324
    0.997884    0.008265
    0.995977    0.009577
    0.993729    0.010694
    0.990270    0.011808
    0.985427    0.012961
    0.975864    0.014869
    0.964224    0.017133
    0.954768    0.018875
    0.944280    0.020766
    0.931540    0.022966
    0.920242    0.024859
    0.903835    0.027379
    0.885672    0.030168
    0.868485    0.032943
    0.846783    0.036260
    0.818246    0.040458
    0.776276    0.046392
    0.706365    0.055608
    0.616408    0.065971
    0.528951    0.073516
    0.468013    0.075978
    0.417422    0.076382
    0.369771    0.075915
    0.337314    0.075145
    0.307212    0.073989
    0.270384    0.071861
    0.243580    0.069760
    0.221620    0.067670
    0.200938    0.065341
    0.178005    0.062276
    0.160019    0.059432
    0.141211    0.056024
    0.127488    0.053248
    0.111494    0.049709
    0.096084    0.045982
    0.085643    0.043292
    0.076769    0.040865
    0.067865    0.038308
    0.053447    0.033847
    0.031574    0.026209
    0.004409    0.010643
    0.001205    0.005517
    0.000697    0.004126
    0.000040    0.000977
    0.000244   -0.002460
    0.001463   -0.005644
    0.003373   -0.008279
    0.008086   -0.011825
    0.011898   -0.013398
    0.009538   -0.012543
    0.016432   -0.014495
    0.020814   -0.015209
    0.025202   -0.015746
    0.029321   -0.016047
    0.031372   -0.016155
    0.051259   -0.014762
    0.055923   -0.013949
    0.060741   -0.012984
    0.067269   -0.011563
    0.076415   -0.009264
    0.084292   -0.007076
    0.098877   -0.002776
    0.109239    0.000278
    0.121339    0.003676
    0.138005    0.007950
    0.154103    0.011576
    0.174179    0.015551
    0.201704    0.020090
    0.237459    0.024721
    0.289356    0.029791
    0.367017    0.034942
    0.425531    0.036650
    0.486112    0.036855
    0.551794    0.035304
    0.596617    0.033106
    0.636639    0.030649
    0.681168    0.027530
    0.720925    0.024372
    0.746493    0.022111
    0.769419    0.019870
    0.794489    0.017263
    0.817149    0.014823
    0.832858    0.013075
    0.865424    0.009421
    0.898654    0.005600
    0.931561    0.001639
    0.948163   -0.000266
    0.969129   -0.002946
    0.972971   -0.003392
    0.982253   -0.004324
    0.987487   -0.004833
    0.991095   -0.004884
    0.994000   -0.004529
    1.000000   -0.000704
::::::::::::::
bw3.dat
::::::::::::::
BW-3  (smoothed)
1.000000       0.003495
0.997540       0.005377
0.990700       0.009832
0.980370       0.014829
0.966980       0.019224
0.950440       0.022809
0.930640       0.025869
0.907750       0.028919
0.882020       0.032370
0.853700       0.036370
0.823090       0.040841
0.790480       0.045621
0.756160       0.050519
0.720430       0.055358
0.683590       0.059983
0.645940       0.064264
0.607780       0.068087
0.569370       0.071364
0.530990       0.074019
0.492650       0.076004
0.454350       0.077273
0.416380       0.077828
0.378870       0.077706
0.342040       0.076951
0.306090       0.075596
0.271200       0.073640
0.237600       0.071048
0.205490       0.067764
0.175040       0.063738
0.146480       0.058982
0.119990       0.053604
0.095760       0.047811
0.073950       0.041881
0.054680       0.036113
0.038110       0.030750
0.024330       0.025682
0.013380       0.020381
0.005480       0.014376
0.000980       0.007575
0.000000       0.002374
0.000980      -0.002675
0.005480      -0.008511
0.013380      -0.012196
0.024330      -0.013947
0.038110      -0.014217
0.054680      -0.012611
0.073950      -0.008303
0.095760      -0.001757
0.119990       0.005319
0.146480       0.011745
0.175040       0.017421
0.205490       0.022413
0.237600       0.026610
0.271200       0.030055
0.306090       0.032881
0.342040       0.035149
0.378870       0.036877
0.416380       0.038040
0.454350       0.038516
0.492650       0.038182
0.530990       0.037048
0.569370       0.035252
0.607780       0.032983
0.645940       0.030383
0.683590       0.027494
0.720430       0.024320
0.756160       0.020901
0.790480       0.017338
0.823090       0.013759
0.853700       0.010295
0.882020       0.007041
0.907750       0.004033
0.930640       0.001266
0.950440      -0.001411
0.966980      -0.004580
0.980370      -0.007425
0.990700      -0.007524
0.997540      -0.004897
1.000000      -0.003122
::::::::::::::
clarkyb.dap
::::::::::::::
  CLARK-Y (B)         
    1.000000    0.000000
    0.999608   -0.000430
    0.997737    0.000010
    0.994672    0.000805
    0.991556    0.001483
    0.987628    0.002438
    0.983502    0.003335
    0.978142    0.004677
    0.972521    0.005967
    0.965424    0.007573
    0.957834    0.009300
    0.949090    0.011295
    0.938175    0.013774
    0.928353    0.015935
    0.916814    0.018533
    0.904003    0.021354
    0.888339    0.024796
    0.871249    0.028464
    0.850365    0.032829
    0.829666    0.037032
    0.804836    0.041903
    0.775468    0.047490
    0.744895    0.053090
    0.716637    0.058004
    0.676233    0.064522
    0.641771    0.069551
    0.615537    0.073071
    0.578804    0.077536
    0.539498    0.081702
    0.500356    0.085184
    0.457282    0.088078
    0.364035    0.091192
    0.329350    0.091192
    0.277139    0.090011
    0.243522    0.088192
    0.202525    0.084408
    0.192954    0.083204
    0.185178    0.082159
    0.167920    0.079492
    0.148713    0.075958
    0.119239    0.069276
    0.110552    0.066971
    0.102359    0.064671
    0.080710    0.057817
    0.058952    0.049581
    0.036232    0.038909
    0.028722    0.034591
    0.021022    0.029399
    0.006171    0.015274
    0.005302    0.014018
    0.003088    0.010420
    0.001219    0.006131
    0.000607    0.004083
    0.000079   -0.001442
    0.001351   -0.006038
    0.003717   -0.009560
    0.007263   -0.012826
    0.012045   -0.015658
    0.017337   -0.017849
    0.025050   -0.020283
    0.036021   -0.022742
    0.047405   -0.024602
    0.059610   -0.026113
    0.074890   -0.027511
    0.087422   -0.028325
    0.104347   -0.029081
    0.118509   -0.029477
    0.136352   -0.029758
    0.155286   -0.029799
    0.177723   -0.029652
    0.201049   -0.029318
    0.224559   -0.028858
    0.253330   -0.028202
    0.291035   -0.027189
    0.331949   -0.025958
    0.364762   -0.024891
    0.411209   -0.023266
    0.468862   -0.021199
    0.517079   -0.019367
    0.556227   -0.017929
    0.608637   -0.015913
    0.663295   -0.013882
    0.722821   -0.011709
    0.778666   -0.009523
    0.797301   -0.009038
    0.827669   -0.007715
    0.841925   -0.007030
    0.856625   -0.006661
    0.866996   -0.005982
    0.875137   -0.005785
    0.883723   -0.005303
    0.894141   -0.004924
    0.921065   -0.003662
    0.936625   -0.003028
    0.947722   -0.002629
    0.951478   -0.002286
    0.960481   -0.001802
    0.966052   -0.001519
    0.977366   -0.000937
    0.985554   -0.000380
    0.997466    0.000429
    1.000000    0.000000
::::::::::::::
clarkysm.dat
::::::::::::::
   CLARK-Y 11.7% smoothed
   1.00000  0.0
   0.99572  0.00115
   0.98296  0.00448
   0.96194  0.00972
   0.93301  0.01656
   0.89668  0.02475
   0.85355  0.03400
   0.80438  0.04394
   0.75000  0.05412
   0.69134  0.06405
   0.62941  0.07319
   0.56526  0.08105
   0.50000  0.08719
   0.43474  0.09128
   0.37059  0.09312
   0.33928  0.09318
   0.30866  0.09266
   0.27886  0.09158
   0.25000  0.08996
   0.22221  0.08774
   0.19562  0.08483
   0.17033  0.08113
   0.14645  0.07660
   0.12408  0.07134
   0.10332  0.06552
   0.08427  0.05939
   0.06699  0.05313
   0.05156  0.04677
   0.03806  0.04027
   0.02653  0.03352
   0.01704  0.02652
   0.00961  0.01943
   0.00428  0.01254
   0.00107  0.00616
   0.0      0.00047
   0.00107 -0.00453
   0.00428 -0.00898
   0.00961 -0.01296
   0.01704 -0.01651
   0.02653 -0.01959
   0.03806 -0.02214
   0.05156 -0.02414
   0.06699 -0.02567
   0.08427 -0.02680
   0.10332 -0.02763
   0.12408 -0.02816
   0.14645 -0.02839
   0.17033 -0.02832
   0.19562 -0.02795
   0.22221 -0.02734
   0.25000 -0.02653
   0.27886 -0.02559
   0.30866 -0.02458
   0.33928 -0.02351
   0.37059 -0.02242
   0.43474 -0.02018
   0.50000 -0.01792
   0.56526 -0.01566
   0.62941 -0.01345
   0.69134 -0.01131
   0.75000 -0.00928
   0.80438 -0.00741
   0.85355 -0.00575
   0.89668 -0.00429
   0.93301 -0.00302
   0.96194 -0.00190
   0.98296 -0.00094
   0.99572 -0.00025
   1.00000  0.0
::::::::::::::
dh4009.dap
::::::::::::::
  DH4009              
    1.000000   -0.001023
    0.999633    0.001208
    0.995646    0.001880
    0.991745    0.002373
    0.987437    0.002891
    0.979279    0.003694
    0.961929    0.005363
    0.947181    0.006862
    0.905228    0.010991
    0.872807    0.014109
    0.824231    0.018854
    0.742988    0.026501
    0.660298    0.033988
    0.573632    0.040118
    0.492651    0.043282
    0.407446    0.043850
    0.323426    0.042977
    0.291064    0.041961
    0.244349    0.039761
    0.225672    0.038672
    0.205929    0.037397
    0.183501    0.035685
    0.160378    0.033643
    0.145350    0.032161
    0.130205    0.030587
    0.117853    0.029189
    0.103350    0.027360
    0.088601    0.025323
    0.077424    0.023620
    0.065164    0.021657
    0.054800    0.019869
    0.047217    0.018484
    0.035771    0.016261
    0.029008    0.014798
    0.022062    0.013116
    0.015837    0.011320
    0.008156    0.008469
    0.005154    0.006949
    0.002732    0.005283
    0.001134    0.003536
    0.000042    0.000679
    0.000125   -0.001180
    0.001232   -0.003166
    0.003843   -0.004911
    0.009115   -0.006718
    0.013064   -0.007765
    0.019869   -0.009335
    0.025251   -0.010421
    0.029669   -0.011258
    0.045313   -0.013991
    0.054280   -0.015463
    0.063865   -0.017009
    0.075448   -0.018780
    0.085233   -0.020256
    0.096007   -0.021796
    0.111961   -0.023936
    0.124629   -0.025538
    0.139629   -0.027272
    0.154300   -0.028864
    0.175463   -0.030905
    0.197096   -0.032768
    0.235063   -0.035837
    0.279107   -0.039030
    0.321995   -0.041453
    0.404318   -0.044516
    0.489318   -0.044236
    0.570796   -0.040854
    0.653544   -0.034965
    0.739353   -0.027023
    0.820415   -0.018428
    0.859749   -0.014504
    0.902117   -0.010247
    0.926945   -0.007817
    0.946579   -0.006094
    0.959287   -0.004971
    0.976446   -0.003454
    0.985769   -0.002616
    0.993687   -0.001875
    0.999449   -0.001208
    1.000000   -0.001023
::::::::::::::
dh4009sm.dat
::::::::::::::
dh4009sm
  1.00000  0.00027
  0.99754  0.00167
  0.99070  0.00430
  0.98037  0.00618
  0.96698  0.00756
  0.95044  0.00903
  0.93064  0.01081
  0.90775  0.01289
  0.88202  0.01524
  0.85370  0.01783
  0.82309  0.02066
  0.79048  0.02369
  0.75616  0.02685
  0.72043  0.03006
  0.68359  0.03320
  0.64594  0.03614
  0.60778  0.03874
  0.56937  0.04089
  0.53099  0.04253
  0.49265  0.04364
  0.45435  0.04424
  0.41638  0.04439
  0.37887  0.04415
  0.34204  0.04355
  0.30609  0.04259
  0.27120  0.04125
  0.23760  0.03952
  0.20549  0.03743
  0.17504  0.03501
  0.14648  0.03229
  0.11999  0.02939
  0.09576  0.02627
  0.07395  0.02300
  0.05468  0.01975
  0.03811  0.01663
  0.02433  0.01357
  0.01338  0.01041
  0.00548  0.00704
  0.00098  0.00320
       0.00000    -0.00001
       0.00098    -0.00285
       0.00548    -0.00570
       0.01338    -0.00805
       0.02433    -0.01051
       0.03811    -0.01311
       0.05468    -0.01594
       0.07395    -0.01903
       0.09576    -0.02227
       0.11999    -0.02551
       0.14648    -0.02861
       0.17504    -0.03147
       0.20549    -0.03416
       0.23760    -0.03673
       0.27120    -0.03916
       0.30609    -0.04133
       0.34204    -0.04311
       0.37887    -0.04438
       0.41638    -0.04506
       0.45435    -0.04509
       0.49265    -0.04446
       0.53099    -0.04318
       0.56937    -0.04130
       0.60778    -0.03887
       0.64594    -0.03598
       0.68359    -0.03272
       0.72043    -0.02922
       0.75616    -0.02559
       0.79048    -0.02195
       0.82309    -0.01843
       0.85370    -0.01513
       0.88202    -0.01215
       0.90775    -0.00952
       0.93064    -0.00726
       0.95044    -0.00536
       0.96698    -0.00382
       0.98037    -0.00255
       0.99070    -0.00146
       0.99754    -0.00047
       1.00000    -0.00001
::::::::::::::
e231.dap
::::::::::::::
  E231                
    1.000000    0.000132
    0.999685    0.000565
    0.996409    0.001132
    0.993269    0.001505
    0.989575    0.001755
    0.986727    0.002051
    0.983853    0.002319
    0.980049    0.002426
    0.975719    0.002983
    0.970461    0.003497
    0.965900    0.003811
    0.960211    0.004600
    0.955532    0.005208
    0.943363    0.006872
    0.935373    0.008245
    0.925102    0.010041
    0.907882    0.013441
    0.896058    0.015780
    0.880437    0.019164
    0.860545    0.023428
    0.842379    0.027411
    0.814982    0.033445
    0.790005    0.039006
    0.761907    0.045115
    0.729076    0.051917
    0.699915    0.057568
    0.665181    0.063487
    0.616013    0.070203
    0.506201    0.080089
    0.429670    0.083154
    0.374331    0.083482
    0.342417    0.082931
    0.306153    0.081599
    0.278276    0.080088
    0.229341    0.076264
    0.203765    0.073559
    0.200208    0.073126
    0.175564    0.069877
    0.159758    0.067478
    0.144453    0.064863
    0.134243    0.062979
    0.126943    0.061543
    0.112265    0.058460
    0.090796    0.053340
    0.060064    0.043998
    0.046703    0.038677
    0.034948    0.033107
    0.021090    0.025145
    0.015060    0.020710
    0.012205    0.018252
    0.009906    0.015980
    0.008436    0.014385
    0.006637    0.012268
    0.005853    0.011277
    0.004056    0.008859
    0.002825    0.007070
    0.001592    0.005050
    0.000456    0.002666
    0.000043   -0.000806
    0.001006   -0.003943
    0.005925   -0.009127
    0.008678   -0.010811
    0.010293   -0.011674
    0.014015   -0.013371
    0.019155   -0.015271
    0.025991   -0.017310
    0.034979   -0.019527
    0.048355   -0.022108
    0.059735   -0.023819
    0.080943   -0.026449
    0.100536   -0.028477
    0.126794   -0.030818
    0.159524   -0.033107
    0.194251   -0.034790
    0.208972   -0.035365
    0.272783   -0.037287
    0.351153   -0.038684
    0.435026   -0.039062
    0.490528   -0.038552
    0.534085   -0.037728
    0.583089   -0.036344
    0.635760   -0.034245
    0.699823   -0.031058
    0.763193   -0.026594
    0.820540   -0.020889
    0.850663   -0.017407
    0.867646   -0.015253
    0.885026   -0.012922
    0.896288   -0.011404
    0.905472   -0.010103
    0.913618   -0.008891
    0.920472   -0.008035
    0.927910   -0.007045
    0.932937   -0.006373
    0.938229   -0.005675
    0.942327   -0.005196
    0.948053   -0.004523
    0.951262   -0.004178
    0.955133   -0.003647
    0.963204   -0.002931
    0.967608   -0.002552
    0.973531   -0.002086
    0.981683   -0.001503
    0.985442   -0.001277
    0.987512   -0.001195
    0.990331   -0.001031
    0.992544   -0.000923
    0.995451   -0.000809
    0.998350   -0.000565
    1.000000    0.000132
::::::::::::::
e231.dat
::::::::::::::
E231
1	0
.9963	.00039
.98554	.00187
.96845	.00477
.94569	.00903
.91774	.0146
.88524	.02148
.84897	.02952
.80968	.03837
.7681	.04759
.72481	.05653
.68007	.06458
.63395	.07143
.58671	.07701
.53865	.08126
.49016	.08419
.44164	.08584
.39357	.08628
.34646	.08556
.30081	.08370
.2571	.08074
.21576	.07671
.17721	.07166
.14182	.06565
.10989	.05877
.08171	.05111
.05750	.04282
.03741	.03407
.02158	.02508
.01005	.01613
.00284	.00764
.00018	.00152
0	0
.00020	-.00139
.00093	-.00259
.00217	-.00382
.00325	-.00466
.01291	-.00966
.02804	-.01448
.04843	-.01890
.07381	-.02288
.10394	-.02638
.13848	-.02938
.17704	-.03189
.21921	-.03389
.26450	-.03541
.31240	-.03644
.36238	-.03700
.41385	-.03711
.46624	-.03677
.51892	-.03599
.5713	-.03477
.62279	-.03312
.67278	-.03104
.72067	-.02851
.76591	-.02537
.80826	-.02146
.84766	-.01692
.88392	-.01224
.91658	-.00796
.94488	-.00453
.96803	-.00209
.98539	-.00063
.99628	-.00007
1	0
::::::::::::::
e374.dat
::::::::::::::
E374
  1.00000  0.00000
  0.99640  0.00045
  0.98610  0.00204
  0.97000  0.00485
  0.94864  0.00846
  0.92214  0.01264
  0.89078  0.01747
  0.85508  0.02297
  0.81560  0.02905
  0.77293  0.03560
  0.72769  0.04246
  0.68053  0.04944
  0.63210  0.05629
  0.58309  0.06269
  0.53398  0.06821
  0.48511  0.07252
  0.43682  0.07544
  0.38939  0.07685
  0.34312  0.07670
  0.29824  0.07507
  0.25510  0.07217
  0.21415  0.06817
  0.17583  0.06319
  0.14053  0.05734
  0.10860  0.05073
  0.08036  0.04351
  0.05605  0.03581
  0.03589  0.02781
  0.02004  0.01973
  0.00862  0.01186
  0.00178  0.00459
  0.00014 -0.00121
  0.00437 -0.00622
  0.01427 -0.01130
  0.02935 -0.01600
  0.04949 -0.02015
  0.07454 -0.02369
  0.10428 -0.02660
  0.13845 -0.02890
  0.17669 -0.03060
  0.21861 -0.03175
  0.26374 -0.03238
  0.31158 -0.03255
  0.36159 -0.03228
  0.41320 -0.03163
  0.46580 -0.03064
  0.51877 -0.02931
  0.57150 -0.02767
  0.62336 -0.02569
  0.67382 -0.02333
  0.72243 -0.02059
  0.76873 -0.01760
  0.81228 -0.01450
  0.85254 -0.01153
  0.88892 -0.00882
  0.92085 -0.00643
  0.94783 -0.00432
  0.96958 -0.00241
  0.98594 -0.00091
  0.99637 -0.00016
  1.00000  0.00000
::::::::::::::
e374b.dap
::::::::::::::
  E374 (B)            
  1.00000 -0.00002
  0.99931  0.00133
  0.99547  0.00193
  0.99075  0.00259
  0.98553  0.00323
  0.97942  0.00403
  0.97449  0.00478
  0.96606  0.00620
  0.95897  0.00737
  0.95051  0.00873
  0.94089  0.01035
  0.92731  0.01261
  0.91006  0.01542
  0.88922  0.01879
  0.87081  0.02175
  0.84125  0.02638
  0.80842  0.03160
  0.76422  0.03834
  0.72768  0.04383
  0.66531  0.05294
  0.60199  0.06157
  0.54234  0.06862
  0.41405  0.07751
  0.34811  0.07769
  0.28951  0.07547
  0.22319  0.07015
  0.17954  0.06464
  0.14136  0.05815
  0.11425  0.05246
  0.09448  0.04762
  0.08072  0.04382
  0.06739  0.03970
  0.05486  0.03534
  0.04468  0.03137
  0.03449  0.02693
  0.02480  0.02219
  0.01653  0.01759
  0.00821  0.01213
  0.00459  0.00912
  0.00059  0.00354
  0.00003  0.00062
  0.00177 -0.00446
  0.00544 -0.00769
  0.00958 -0.01000
  0.01319 -0.01157
  0.02096 -0.01420
  0.03009 -0.01668
  0.03948 -0.01882
  0.05464 -0.02171
  0.06817 -0.02379
  0.08950 -0.02626
  0.10662 -0.02784
  0.13833 -0.02995
  0.16421 -0.03111
  0.19316 -0.03200
  0.23635 -0.03279
  0.29760 -0.03315
  0.35915 -0.03278
  0.42077 -0.03187
  0.48279 -0.03053
  0.54271 -0.02895
  0.60527 -0.02673
  0.66857 -0.02379
  0.73107 -0.02022
  0.77240 -0.01746
  0.81508 -0.01434
  0.85142 -0.01141
  0.87900 -0.00911
  0.89676 -0.00765
  0.91943 -0.00589
  0.93686 -0.00452
  0.95206 -0.00329
  0.96402 -0.00250
  0.97295 -0.00191
  0.98200 -0.00151
  0.99124 -0.00145
  0.99865 -0.00133
  1.00000 -0.00002
::::::::::::::
e387.dat
::::::::::::::
E387
   1.00000  0.00000
   0.99677  0.00043
   0.98729  0.00180
   0.97198  0.00423
   0.95128  0.00763
   0.92554  0.01184
   0.89510  0.01679
   0.86035  0.02242
   0.82183  0.02866
   0.78007  0.03540
   0.73567  0.04249
   0.68922  0.04975
   0.64136  0.05696
   0.59272  0.06390
   0.54394  0.07020
   0.49549  0.07546
   0.44767  0.07936
   0.40077  0.08173
   0.35505  0.08247
   0.31078  0.08156
   0.26813  0.07908
   0.22742  0.07529
   0.18906  0.07037
   0.15345  0.06448
   0.12094  0.05775
   0.09185  0.05033
   0.06643  0.04238
   0.04493  0.03408
   0.02748  0.02562
   0.01423  0.01726
   0.00519  0.00931
   0.00044  0.00234
   0.00091 -0.00286
   0.00717 -0.00682
   0.01890 -0.01017
   0.03596 -0.01265
   0.05827 -0.01425
   0.08569 -0.01500
   0.11800 -0.01502
   0.15490 -0.01441
   0.19599 -0.01329
   0.24083 -0.01177
   0.28892 -0.00998
   0.33968 -0.00804
   0.39252 -0.00605
   0.44679 -0.00410
   0.50182 -0.00228
   0.55694 -0.00065
   0.61147  0.00074
   0.66472  0.00186
   0.71602  0.00268
   0.76475  0.00320
   0.81027  0.00342
   0.85202  0.00337
   0.88944  0.00307
   0.92205  0.00258
   0.94942  0.00196
   0.97118  0.00132
   0.98705  0.00071
   0.99674  0.00021
   1.00000  0.00000
::::::::::::::
e387c.dap
::::::::::::::
  E387 (C)            
    1.000000   -0.000036
    0.997755    0.000302
    0.994905    0.000833
    0.989163    0.001790
    0.983772    0.002646
    0.978575    0.003505
    0.973044    0.004440
    0.954714    0.007237
    0.941251    0.009426
    0.910717    0.014437
    0.867335    0.021430
    0.818411    0.029188
    0.764049    0.037747
    0.721648    0.044371
    0.678148    0.051035
    0.633063    0.057719
    0.601250    0.062256
    0.555820    0.068265
    0.516394    0.072830
    0.474256    0.076798
    0.437037    0.079415
    0.390610    0.081418
    0.351103    0.081893
    0.310388    0.081067
    0.269711    0.078804
    0.246644    0.076905
    0.223118    0.074466
    0.208113    0.072650
    0.186388    0.069655
    0.167905    0.066773
    0.152412    0.064084
    0.135443    0.060808
    0.119666    0.057388
    0.105494    0.053949
    0.091286    0.050061
    0.078006    0.045994
    0.070925    0.043629
    0.061021    0.040033
    0.051706    0.036336
    0.042662    0.032404
    0.031857    0.027240
    0.026466    0.024402
    0.021929    0.022114
    0.016984    0.019116
    0.010990    0.014885
    0.008558    0.012911
    0.005023    0.009553
    0.001849    0.005782
    0.002037   -0.006201
    0.002249   -0.005331
    0.007544   -0.008129
    0.012252   -0.009548
    0.019843   -0.011070
    0.029400   -0.012174
    0.037188   -0.012799
    0.052051   -0.013937
    0.068207   -0.014762
    0.086303   -0.015292
    0.105847   -0.015497
    0.141926   -0.015305
    0.182127   -0.014451
    0.225933   -0.013136
    0.272820   -0.011573
    0.320399   -0.009880
    0.374402   -0.007916
    0.425115   -0.006059
    0.473616   -0.004328
    0.528299   -0.002507
    0.567024   -0.001305
    0.612420   -0.000096
    0.652515    0.000784
    0.682636    0.001313
    0.721009    0.001851
    0.757968    0.002159
    0.796098    0.002354
    0.818165    0.002368
    0.839165    0.002240
    0.859105    0.002096
    0.875798    0.001862
    0.892580    0.001658
    0.909132    0.001465
    0.926177    0.001167
    0.937857    0.000966
    0.952780    0.000557
    0.966765    0.000315
    0.977875    0.000139
    0.986336   -0.000009
    0.993304   -0.000129
    0.999092   -0.000301
    1.000000   -0.000036
::::::::::::::
e387d.dap
::::::::::::::
  E387 (D)            
    1.000000    -.001347
     .997633     .000986
     .988663     .002422
     .974716     .004500
     .964657     .005976
     .952587     .007756
     .930924     .011069
     .910716     .014155
     .899560     .015889
     .874580     .019920
     .852085     .023526
     .824249     .028070
     .796367     .032607
     .771279     .036712
     .709878     .046498
     .657083     .054558
     .603732     .062232
     .552965     .068843
     .517249     .072933
     .480034     .076588
     .451337     .078781
     .421289     .080509
     .389850     .081679
     .363565     .082093
     .330305     .081776
     .310999     .081173
     .282977     .079758
     .260674     .078161
     .243593     .076598
     .224560     .074605
     .205593     .072309
     .183375     .069170
     .163969     .066020
     .148272     .063158
     .132431     .059946
     .119168     .056999
     .106209     .053814
     .094421     .050686
     .075491     .045025
     .064481     .041296
     .036460     .029826
     .022181     .022406
     .006040     .010772
     .000002     .000200
     .000635    -.003496
     .002930    -.007084
     .007956    -.010153
     .015210    -.012399
     .022360    -.013744
     .033565    -.015100
     .044830    -.015972
     .069924    -.016995
     .093088    -.017276
     .120250    -.017167
     .147819    -.016831
     .180639    -.016121
     .220691    -.014961
     .263163    -.013597
     .307276    -.011939
     .342887    -.010485
     .384539    -.008891
     .428090    -.007236
     .483303    -.005343
     .526530    -.004034
     .560841    -.002995
     .595850    -.002067
     .630456    -.001302
     .670649    -.000494
     .700616     .000053
     .796804     .001161
     .878198     .001077
     .933184     .000062
     .986466    -.001718
     .992965    -.001925
    1.000000    -.001347
::::::::::::::
e472.dap
::::::::::::::
  E472                
    1.000000    0.001162
    0.999670    0.000848
    0.998543    0.001454
    0.995023    0.001947
    0.991988    0.002415
    0.985612    0.003303
    0.978324    0.004240
    0.969903    0.005371
    0.960754    0.006462
    0.945517    0.008012
    0.930574    0.009744
    0.909379    0.012160
    0.885796    0.014475
    0.845075    0.018414
    0.803501    0.022240
    0.721616    0.028991
    0.639260    0.035608
    0.554698    0.041973
    0.472552    0.047392
    0.389301    0.052372
    0.305660    0.056924
    0.265671    0.058598
    0.250479    0.059118
    0.224260    0.059827
    0.198802    0.060160
    0.183794    0.060218
    0.167128    0.060098
    0.143143    0.059458
    0.128243    0.058594
    0.114781    0.057392
    0.101242    0.055769
    0.087292    0.053557
    0.073604    0.050654
    0.061210    0.047287
    0.053045    0.044724
    0.042912    0.041044
    0.033999    0.037109
    0.026321    0.032977
    0.019383    0.028450
    0.013518    0.023740
    0.007437    0.017526
    0.003122    0.011460
    0.000989    0.006397
    0.003256   -0.012025
    0.009188   -0.019416
    0.012560   -0.022567
    0.017907   -0.026685
    0.022305   -0.029480
    0.026841   -0.032008
    0.035013   -0.035894
    0.043355   -0.039319
    0.052299   -0.042658
    0.061159   -0.045687
    0.067743   -0.047746
    0.082060   -0.051484
    0.095667   -0.054255
    0.123419   -0.057989
    0.140107   -0.059307
    0.155689   -0.060024
    0.175693   -0.060539
    0.196000   -0.060696
    0.216185   -0.060401
    0.233929   -0.059840
    0.270562   -0.058213
    0.312841   -0.055946
    0.399973   -0.050790
    0.483027   -0.045850
    0.565858   -0.040513
    0.650060   -0.033981
    0.732956   -0.026860
    0.814980   -0.019494
    0.855905   -0.015891
    0.895939   -0.011987
    0.922456   -0.009306
    0.942230   -0.007343
    0.968637   -0.004484
    0.980921   -0.003236
    0.989670   -0.002233
    0.995118   -0.001531
    0.999138   -0.000848
    1.000000    0.001162
::::::::::::::
e472.dat
::::::::::::::
E472
 1.0000000 0.0000000
 0.9962400 0.0004100
 0.9856700 0.0019700
 0.9695200 0.0046400
 0.9483400 0.0076400
 0.9219800 0.0105900
 0.8905000 0.0136400
 0.8543400 0.0169100
 0.8139600 0.0203900
 0.7698800 0.0240700
 0.7226600 0.0279100
 0.6728800 0.0318600
 0.6211600 0.0358700
 0.5681400 0.0398700
 0.5144600 0.0437900
 0.4607800 0.0475400
 0.4077600 0.0510300
 0.3560500 0.0541500
 0.3062800 0.0568000
 0.2590600 0.0588400
 0.2149900 0.0601300
 0.1746200 0.0604900
 0.1385100 0.0596000
 0.1068300 0.0569500
 0.0793800 0.0523600
 0.0560300 0.0459900
 0.0367000 0.0381000
 0.0213300 0.0290300
 0.0099400 0.0192400
 0.0026200 0.0092900
 0.0000000 0.0000000
 0.0026200 -.0092900
 0.0099400 -.0192400
 0.0213300 -.0290300
 0.0367000 -.0381000
 0.0560300 -.0459900
 0.0793800 -.0523600
 0.1068300 -.0569500
 0.1385100 -.0596000
 0.1746200 -.0604900
 0.2149900 -.0601300
 0.2590600 -.0588400
 0.3062800 -.0568000
 0.3560500 -.0541500
 0.4077600 -.0510300
 0.4607800 -.0475400
 0.5144600 -.0437900
 0.5681400 -.0398700
 0.6211600 -.0358700
 0.6728800 -.0318600
 0.7226600 -.0279100
 0.7698800 -.0240700
 0.8139600 -.0203900
 0.8543400 -.0169100
 0.8905000 -.0136400
 0.9219800 -.0105900
 0.9483400 -.0076400
 0.9695200 -.0046400
 0.9856700 -.0019700
 0.9962400 -.0004100
 1.0000000 0.0000000
::::::::::::::
esa.dap
::::::::::::::
  ESA                 
    1.000000   -0.000105
    0.998965    0.005487
    0.994391    0.005382
    0.990960    0.005332
    0.986998    0.005198
    0.983043    0.005167
    0.977516    0.005006
    0.972636    0.005005
    0.968566    0.004824
    0.962133    0.004810
    0.955693    0.004739
    0.950335    0.004675
    0.942576    0.004621
    0.936104    0.004556
    0.931058    0.004488
    0.920551    0.004351
    0.910584    0.004209
    0.901282    0.004259
    0.891131    0.004196
    0.880597    0.004250
    0.869365    0.004584
    0.860138    0.005094
    0.847115    0.006067
    0.833788    0.006965
    0.818823    0.008468
    0.805487    0.010169
    0.783078    0.013024
    0.758680    0.016366
    0.728392    0.020580
    0.692704    0.025618
    0.650032    0.031615
    0.605774    0.037378
    0.547119    0.044708
    0.415552    0.058741
    0.365532    0.062777
    0.325596    0.065240
    0.286615    0.067068
    0.218826    0.068744
    0.200109    0.068577
    0.177040    0.068213
    0.124079    0.064679
    0.089553    0.058888
    0.064790    0.052185
    0.041869    0.042904
    0.028996    0.035979
    0.011239    0.020796
    0.002673    0.007599
    0.003087    0.008380
    0.001141    0.004636
    0.000403   -0.002711
    0.001654   -0.005518
    0.007331   -0.010260
    0.012085   -0.012505
    0.021729   -0.015391
    0.025798   -0.016348
    0.034043   -0.017980
    0.042421   -0.019397
    0.046027   -0.019962
    0.054824   -0.021249
    0.061500   -0.022030
    0.070062   -0.022952
    0.079926   -0.023798
    0.090486   -0.024723
    0.101863   -0.025766
    0.114253   -0.026845
    0.125113   -0.027985
    0.140938   -0.029544
    0.152864   -0.030603
    0.174593   -0.032338
    0.191586   -0.033557
    0.213250   -0.035002
    0.235699   -0.036205
    0.270441   -0.037815
    0.294564   -0.038729
    0.346245   -0.040747
    0.397827   -0.041857
    0.481585   -0.041671
    0.560063   -0.039670
    0.642188   -0.036016
    0.726709   -0.030960
    0.813200   -0.024823
    0.863391   -0.019177
    0.946370   -0.009091
    0.973383   -0.006769
    0.988045   -0.005486
    1.000000   -0.000105
::::::::::::::
esa40.dat
::::::::::::::
   ESA40
 1.000000       0.004450
 0.997540       0.004521
 0.990700       0.004603
 0.980370       0.004515
 0.966980       0.004211
 0.950440       0.003748
 0.930640       0.003167
 0.907750       0.002388
 0.882020       0.001578
 0.853700       0.002132
 0.823090       0.005572
 0.790480       0.010199
 0.756160       0.015054
 0.720430       0.020294
 0.683590       0.025638
 0.645940       0.030800
 0.607780       0.035771
 0.569370       0.040633
 0.530990       0.045353
 0.492650       0.049829
 0.454350       0.053959
 0.416380       0.057687
 0.378870       0.061045
 0.342040       0.063997
 0.306090       0.066434
 0.271200       0.068276
 0.237600       0.069523
 0.205490       0.070194
 0.175040       0.070224
 0.146480       0.069444
 0.119990       0.067601
 0.095760       0.064436
 0.073950       0.059758
 0.054680       0.053529
 0.038110       0.045990
 0.024330       0.037596
 0.013380       0.028281
 0.005480       0.017182
 0.000980       0.005977
 0.000000       0.000022
 0.000980      -0.003981
 0.005480      -0.007533
 0.013380      -0.010415
 0.024330      -0.013550
 0.038110      -0.016790
 0.054680      -0.019718
 0.073950      -0.022389
 0.095760      -0.025007
 0.119990      -0.027480
 0.146480      -0.029696
 0.175040      -0.031944
 0.205490      -0.034411
 0.237600      -0.036815
 0.271200      -0.038899
 0.306090      -0.040675
 0.342040      -0.042243
 0.378870      -0.043522
 0.416380      -0.044296
 0.454350      -0.044467
 0.492650      -0.044085
 0.530990      -0.043248
 0.569370      -0.041963
 0.607780      -0.040221
 0.645940      -0.038161
 0.683590      -0.036003
 0.720430      -0.033900
 0.756160      -0.031876
 0.790480      -0.029811
 0.823090      -0.027393
 0.853700      -0.024131
 0.882020      -0.020255
 0.907750      -0.016698
 0.930640      -0.013692
 0.950440      -0.011083
 0.966980      -0.008754
 0.980370      -0.006790
 0.990700      -0.005377
 0.997540      -0.004624
 0.999908      -0.004423
::::::::::::::
falcon.dap
::::::::::::::
  Falcon              
    1.000000    0.000718
    0.999814    0.002563
    0.998306    0.003762
    0.996923    0.004705
    0.995915    0.005183
    0.993994    0.005873
    0.991627    0.006440
    0.988728    0.007159
    0.985469    0.007804
    0.980919    0.008508
    0.973881    0.009660
    0.965031    0.010985
    0.957909    0.012093
    0.947232    0.013806
    0.935339    0.015661
    0.921569    0.017730
    0.910176    0.019465
    0.897069    0.021507
    0.884035    0.023512
    0.863709    0.026597
    0.841164    0.030019
    0.815466    0.033802
    0.793918    0.036942
    0.765118    0.041088
    0.738708    0.044816
    0.693439    0.050727
    0.651555    0.055975
    0.607669    0.061265
    0.555770    0.067174
    0.489634    0.074050
    0.423950    0.079464
    0.386808    0.081756
    0.369518    0.082627
    0.343928    0.083638
    0.302157    0.084403
    0.278043    0.084336
    0.241493    0.083502
    0.211274    0.081856
    0.187084    0.079671
    0.144866    0.073781
    0.124128    0.069818
    0.113457    0.067458
    0.095894    0.062956
    0.085312    0.059863
    0.073861    0.055989
    0.061001    0.050806
    0.047830    0.044441
    0.034382    0.036701
    0.022172    0.028448
    0.007100    0.015407
    0.002152    0.008284
    0.000032   -0.000999
    0.000267   -0.002894
    0.001759   -0.008078
    0.002053   -0.008707
    0.004234   -0.012272
    0.007242   -0.015281
    0.010452   -0.017622
    0.013401   -0.019343
    0.018345   -0.021648
    0.022216   -0.023129
    0.026109   -0.024459
    0.031861   -0.026170
    0.035960   -0.027334
    0.040633   -0.028617
    0.047592   -0.030352
    0.056279   -0.032209
    0.062322   -0.033337
    0.071283   -0.034851
    0.086762   -0.037069
    0.095547   -0.038120
    0.106296   -0.039258
    0.122915   -0.040853
    0.142302   -0.042536
    0.168819   -0.044713
    0.198529   -0.046949
    0.226018   -0.048790
    0.264857   -0.050509
    0.318921   -0.051362
    0.379366   -0.050854
    0.432912   -0.049483
    0.505223   -0.046563
    0.568368   -0.043246
    0.681113   -0.035138
    0.812761   -0.022949
    0.868425   -0.017268
    0.907789   -0.013128
    0.950548   -0.008425
    0.963463   -0.006929
    0.984196   -0.004350
    0.995396   -0.002568
    1.000000    0.000718
::::::::::::::
falcon.dat
::::::::::::::
Falcon
1.000000 0.001341 
0.997540 0.002771 
0.990700 0.005630 
0.980370 0.008009 
0.966980 0.009693 
0.950440 0.011476 
0.930640 0.014067 
0.907750 0.017515 
0.882020 0.021591 
0.853700 0.026066 
0.823090 0.030766 
0.790480 0.035592 
0.756160 0.040484 
0.720430 0.045383 
0.683590 0.050226 
0.645940 0.054959 
0.607780 0.059549 
0.569370 0.063971 
0.530990 0.068160 
0.492650 0.072038 
0.454350 0.075505 
0.416380 0.078438 
0.378870 0.080744 
0.342040 0.082344 
0.306090 0.083164 
0.271200 0.083128 
0.237600 0.082152 
0.205490 0.080166 
0.175040 0.077132 
0.146480 0.073093 
0.119990 0.068108 
0.095760 0.062165 
0.073950 0.055183 
0.054680 0.047083 
0.038110 0.038051 
0.024330 0.028709 
0.013380 0.019785 
0.005480 0.011706 
0.000980 0.004376 
0.000000 -.000696 
0.000980 -.005669 
0.005480 -.012170 
0.013380 -.018018 
0.024330 -.023266 
0.038110 -.028023 
0.054680 -.032271 
0.073950 -.035913 
0.095760 -.038975 
0.119990 -.041626 
0.146480 -.044049 
0.175040 -.046382 
0.205490 -.048684 
0.237600 -.050851 
0.271200 -.052590 
0.306090 -.053613 
0.342040 -.053923 
0.378870 -.053679 
0.416380 -.052991 
0.454350 -.051900 
0.492650 -.050413 
0.530990 -.048566 
0.569370 -.046410 
0.607780 -.043982 
0.645940 -.041285 
0.683590 -.038292 
0.720430 -.035020 
0.756160 -.031565 
0.790480 -.028055 
0.823090 -.024610 
0.853700 -.021308 
0.882020 -.018186 
0.907750 -.015284 
0.930640 -.012699 
0.950440 -.010626 
0.966980 -.009205 
0.980370 -.007986 
0.990700 -.005860 
0.997540 -.003005 
1.000000 -.001550
::::::::::::::
goe417a.dap
::::::::::::::
  Gottingen 417a (curved plate)
    1.000000   -0.000213
    0.999063    0.000695
    0.995761    0.001470
    0.991371    0.002297
    0.986279    0.003399
    0.981483    0.004372
    0.976082    0.005670
    0.970528    0.006790
    0.961641    0.008540
    0.954436    0.010015
    0.946765    0.011619
    0.938724    0.013332
    0.929339    0.015443
    0.920826    0.017080
    0.913899    0.018667
    0.902864    0.021041
    0.892535    0.023164
    0.879268    0.025825
    0.864752    0.028741
    0.850527    0.031405
    0.827300    0.035532
    0.800235    0.040114
    0.768843    0.044899
    0.725733    0.050572
    0.685433    0.055261
    0.652872    0.058666
    0.614062    0.062383
    0.564146    0.066256
    0.518866    0.069049
    0.476552    0.071143
    0.424742    0.072872
    0.382444    0.073078
    0.339215    0.072450
    0.273526    0.069516
    0.220923    0.065203
    0.180058    0.060436
    0.146348    0.055748
    0.134792    0.053930
    0.108074    0.049115
    0.083810    0.043511
    0.064953    0.038242
    0.043344    0.030827
    0.022460    0.021726
    0.007976    0.012498
    0.000017   -0.000563
    0.000628   -0.003498
    0.001224   -0.005273
    0.002524   -0.007914
    0.005937   -0.011490
    0.008747   -0.013121
    0.011168   -0.013800
    0.015772   -0.013668
    0.020461   -0.012326
    0.026686   -0.009846
    0.033550   -0.007010
    0.040394   -0.004340
    0.046983   -0.001774
    0.053590    0.000824
    0.060369    0.003354
    0.074884    0.008563
    0.085878    0.012190
    0.099598    0.016183
    0.114250    0.019732
    0.130535    0.022909
    0.147674    0.025650
    0.163765    0.027977
    0.177883    0.029934
    0.199105    0.032620
    0.220283    0.034869
    0.248890    0.037272
    0.291115    0.040550
    0.310956    0.041383
    0.356348    0.042692
    0.413597    0.042586
    0.461973    0.041085
    0.521503    0.038207
    0.576363    0.034612
    0.626463    0.030634
    0.665265    0.027285
    0.701599    0.023483
    0.724013    0.020735
    0.750925    0.017445
    0.780725    0.013838
    0.854088    0.004285
    0.893535    0.000611
    0.914390   -0.000049
    0.927918   -0.000363
    0.948026   -0.000382
    0.965660   -0.000455
    0.974950   -0.000549
    0.987446   -0.000658
    0.995657   -0.000696
    1.000000   -0.000213
::::::::::::::
goe417a.dat
::::::::::::::
GOE 417A (GEW. PLATTE) AIRFOIL
 1.0000000 0.0000000
 0.9000000 0.0240000
 0.8000000 0.0425000
 0.7000000 0.0545000
 0.6000000 0.0640000
 0.5000000 0.0700000
 0.4000000 0.0735000
 0.3000000 0.0715000
 0.2000000 0.0630000
 0.1500000 0.0570000
 0.1000000 0.0485000
 0.0750000 0.0415000
 0.0500000 0.0325000
 0.0250000 0.0220000
 0.0125000 0.0155000
 0.0000000 0.0000000
 0.0125000 -.0140000
 0.0250000 -.0100000
 0.0500000 0.0010000
 0.0750000 0.0105000
 0.1000000 0.0185000
 0.1500000 0.0275000
 0.2000000 0.0340000
 0.3000000 0.0425000
 0.4000000 0.0445000
 0.5000000 0.0410000
 0.6000000 0.0350000
 0.7000000 0.0255000
 0.8000000 0.0135000
 0.9000000 -.0015000
 1.0000000 0.0000000
::::::::::::::
lrn1007.dat
::::::::::::::
lrn1007
    1.00000       0.000000    
   0.960500       0.780000E-02
   0.920500       0.162000E-01
   0.880500       0.250900E-01
   0.840500       0.346700E-01
   0.800500       0.449800E-01
   0.760500       0.558500E-01
   0.720500       0.667900E-01
   0.680500       0.760800E-01
   0.636860       0.828000E-01
   0.589750       0.883700E-01
   0.541950       0.920300E-01
   0.493840       0.943300E-01
   0.445770       0.952700E-01
   0.398180       0.949100E-01
   0.351520       0.933400E-01
   0.306280       0.905600E-01
   0.262880       0.866600E-01
   0.221760       0.816700E-01
   0.183300       0.757000E-01
   0.147860       0.688100E-01
   0.115730       0.611300E-01
   0.872200E-01   0.528100E-01
   0.625200E-01   0.440000E-01
   0.418300E-01   0.349200E-01
   0.262600E-01   0.263500E-01
   0.128800E-01   0.169000E-01
   0.471000E-02   0.864000E-02
   0.500000E-03   0.240000E-02
   0.500000E-03   0.500000E-04
   0.471000E-02   0.100000E-02
   0.128800E-01   0.322000E-02
   0.262600E-01   0.646000E-02
   0.418300E-01   0.922000E-02
   0.625200E-01   0.122500E-01
   0.872200E-01   0.149900E-01
   0.115730       0.170300E-01
   0.147860       0.186300E-01
   0.183300       0.194800E-01
   0.221760       0.200900E-01
   0.262880       0.205200E-01
   0.306280       0.208100E-01
   0.351520       0.215100E-01
   0.398180       0.221700E-01
   0.445770       0.227700E-01
   0.493840       0.231000E-01
   0.541950       0.235400E-01
   0.589750       0.237800E-01
   0.636960       0.235300E-01
   0.680500       0.224200E-01
   0.720500       0.206700E-01
   0.760500       0.183900E-01
   0.800500       0.159500E-01
   0.840500       0.128600E-01
   0.880500       0.972000E-02
   0.920500       0.649000E-02
   0.960500       0.320000E-02
    1.00000       0.000000    
::::::::::::::
lrn1007b.dap
::::::::::::::
  LRN1007 (B)         
    1.000000   -0.000049
    0.996758    0.002065
    0.992175    0.002984
    0.988184    0.003771
    0.983523    0.004741
    0.979923    0.005470
    0.972033    0.007054
    0.964276    0.008693
    0.955525    0.010538
    0.944992    0.012917
    0.936134    0.014875
    0.922493    0.017946
    0.909407    0.020910
    0.896479    0.023908
    0.875617    0.028895
    0.852827    0.034539
    0.827246    0.041105
    0.799761    0.048520
    0.755915    0.060529
    0.700798    0.074317
    0.644144    0.084134
    0.554529    0.093325
    0.478222    0.096885
    0.398693    0.097087
    0.363435    0.096061
    0.324241    0.093879
    0.283254    0.090380
    0.237952    0.085239
    0.216738    0.082359
    0.204326    0.080500
    0.191163    0.078379
    0.177073    0.075916
    0.161030    0.072833
    0.145011    0.069420
    0.134410    0.066949
    0.117774    0.062678
    0.107449    0.059754
    0.095904    0.056196
    0.087648    0.053437
    0.063084    0.044066
    0.049908    0.038183
    0.028433    0.026690
    0.014502    0.003121
    0.018342    0.003952
    0.024752    0.005244
    0.029764    0.006211
    0.035012    0.007220
    0.039037    0.007966
    0.044777    0.008937
    0.052222    0.010082
    0.058439    0.010952
    0.063673    0.011631
    0.068942    0.012258
    0.075736    0.013013
    0.084061    0.013799
    0.094587    0.014692
    0.110090    0.015791
    0.128701    0.016765
    0.153192    0.017631
    0.170860    0.018062
    0.190824    0.018438
    0.210415    0.018748
    0.225820    0.018957
    0.247094    0.019234
    0.269161    0.019497
    0.304362    0.019880
    0.460881    0.021733
    0.577640    0.022467
    0.668008    0.021678
    0.709238    0.020128
    0.789890    0.015331
    0.874460    0.008583
    0.921900    0.004698
    0.955113    0.001952
    0.974240    0.000355
    0.997024   -0.001406
    1.000000   -0.000049
::::::::::::::
pt40.dat
::::::::::::::
   PT40
 1.000000       0.001356
 0.997540       0.001963
 0.990700       0.003687
 0.980370       0.006189
 0.966980       0.009283
 0.950440       0.012906
 0.930640       0.016996
 0.907750       0.021447
 0.882020       0.026182
 0.853700       0.031153
 0.823090       0.036316
 0.790480       0.041628
 0.756160       0.047029
 0.720430       0.052435
 0.683590       0.057749
 0.645940       0.062857
 0.607780       0.067611
 0.569370       0.071880
 0.530990       0.075601
 0.492650       0.078789
 0.454350       0.081431
 0.416380       0.083445
 0.378870       0.084740
 0.342040       0.085252
 0.306090       0.084987
 0.271200       0.084026
 0.237600       0.082474
 0.205490       0.080395
 0.175040       0.077784
 0.146480       0.074578
 0.119990       0.070658
 0.095760       0.065886
 0.073950       0.060130
 0.054680       0.053385
 0.038110       0.046061
 0.024330       0.038699
 0.013380       0.030716
 0.005480       0.020620
 0.000980       0.008495
 0.000000      -0.000736
 0.000980      -0.009818
 0.005480      -0.021336
 0.013380      -0.030819
 0.024330      -0.037450
 0.038110      -0.040671
 0.054680      -0.041138
 0.073950      -0.040299
 0.095760      -0.039114
 0.119990      -0.037979
 0.146480      -0.036898
 0.175040      -0.035785
 0.205490      -0.034591
 0.237600      -0.033303
 0.271200      -0.031924
 0.306090      -0.030468
 0.342040      -0.028957
 0.378870      -0.027409
 0.416380      -0.025838
 0.454350      -0.024252
 0.492650      -0.022652
 0.530990      -0.021046
 0.569370      -0.019428
 0.607780      -0.017799
 0.645940      -0.016172
 0.683590      -0.014562
 0.720430      -0.012988
 0.756160      -0.011467
 0.790480      -0.010016
 0.823090      -0.008651
 0.853700      -0.007383
 0.882020      -0.006223
 0.907750      -0.005176
 0.930640      -0.004246
 0.950440      -0.003437
 0.966980      -0.002751
 0.980370      -0.002186
 0.990700      -0.001745
 0.997540      -0.001453
 1.000000      -0.001348
::::::::::::::
pt40a.dap
::::::::::::::
  PT40 (A)            
    1.000000    0.000259
    0.994097    0.004328
    0.987744    0.005741
    0.976478    0.008179
    0.962812    0.010969
    0.952026    0.013149
    0.939319    0.015882
    0.924362    0.018887
    0.908038    0.022014
    0.890537    0.025270
    0.871110    0.028649
    0.851230    0.032260
    0.830901    0.035812
    0.812323    0.038934
    0.781706    0.044072
    0.749953    0.049108
    0.712941    0.054577
    0.668884    0.060560
    0.624649    0.065979
    0.575339    0.071534
    0.526415    0.076210
    0.474071    0.080137
    0.407791    0.083448
    0.370666    0.084232
    0.331090    0.084399
    0.306326    0.084420
    0.281603    0.084182
    0.256312    0.083554
    0.242899    0.082987
    0.226373    0.082173
    0.209341    0.081148
    0.196012    0.080195
    0.182282    0.079086
    0.167869    0.077706
    0.157155    0.076428
    0.145667    0.074769
    0.139394    0.073800
    0.131216    0.072444
    0.120469    0.070491
    0.095168    0.065109
    0.067968    0.057725
    0.044418    0.049208
    0.026283    0.040430
    0.007651    0.024058
    0.005380    0.020271
    0.002800    0.014824
    0.001298    0.010109
    0.000484    0.006399
    0.000278   -0.004526
    0.001297   -0.009985
    0.003637   -0.016559
    0.006677   -0.022042
    0.008458   -0.024479
    0.010460   -0.026827
    0.012419   -0.028846
    0.017514   -0.033191
    0.022515   -0.036275
    0.027152   -0.037993
    0.033328   -0.038828
    0.037647   -0.038964
    0.044184   -0.039043
    0.054335   -0.038994
    0.065886   -0.038995
    0.080600   -0.038814
    0.105474   -0.038261
    0.138698   -0.037326
    0.180275   -0.036009
    0.253734   -0.033284
    0.332541   -0.029989
    0.409462   -0.026871
    0.492291   -0.023729
    0.554756   -0.021419
    0.619810   -0.018893
    0.671948   -0.016805
    0.724955   -0.014762
    0.772995   -0.012844
    0.819864   -0.010901
    0.852700   -0.009489
    0.878161   -0.008407
    0.898217   -0.007493
    0.919532   -0.006586
    0.968760   -0.004288
    1.000000    0.000259
::::::::::::::
pt40b.dap
::::::::::::::
  PT40 (B)            
    1.000000   -0.000532
    0.999421    0.001133
    0.996410    0.001798
    0.993532    0.002273
    0.990644    0.002964
    0.987778    0.003562
    0.985500    0.004015
    0.981512    0.004855
    0.978049    0.005488
    0.971745    0.006765
    0.964499    0.008383
    0.956392    0.010014
    0.946036    0.012118
    0.933939    0.014681
    0.921630    0.017332
    0.909812    0.019886
    0.894992    0.023090
    0.884645    0.025133
    0.871710    0.028004
    0.856642    0.031083
    0.823586    0.036910
    0.775932    0.044755
    0.743509    0.049924
    0.698951    0.056662
    0.658950    0.062291
    0.614522    0.067877
    0.556547    0.074251
    0.486889    0.080485
    0.424967    0.084320
    0.376544    0.085799
    0.336973    0.086436
    0.297860    0.085591
    0.274656    0.085326
    0.261507    0.084956
    0.249120    0.084499
    0.230032    0.083679
    0.212624    0.082611
    0.198797    0.081723
    0.166972    0.078661
    0.142157    0.076130
    0.117714    0.073031
    0.097835    0.067463
    0.069516    0.058945
    0.063576    0.057102
    0.057775    0.055304
    0.051868    0.053411
    0.038875    0.048105
    0.032688    0.045021
    0.021476    0.038041
    0.010399    0.028028
    0.007018    0.023683
    0.002790    0.014634
    0.000000    0.000141
    0.000007   -0.000739
    0.000150   -0.004242
    0.000682   -0.007732
    0.001123   -0.009557
    0.002140   -0.012737
    0.003572   -0.015867
    0.006127   -0.020175
    0.008888   -0.023652
    0.011110   -0.025809
    0.015183   -0.029101
    0.019933   -0.032358
    0.024492   -0.034476
    0.032044   -0.037396
    0.040126   -0.038874
    0.045281   -0.039364
    0.047889   -0.039419
    0.058056   -0.039316
    0.057950   -0.039318
    0.086553   -0.038099
    0.112141   -0.036925
    0.132189   -0.036020
    0.167783   -0.034660
    0.201032   -0.033360
    0.245268   -0.031721
    0.277462   -0.030115
    0.295653   -0.029717
    0.316460   -0.028959
    0.335222   -0.028196
    0.369025   -0.026767
    0.414244   -0.024950
    0.462487   -0.023079
    0.509149   -0.021173
    0.560190   -0.019052
    0.613930   -0.016851
    0.719842   -0.012414
    0.845315   -0.007321
    0.899026   -0.005049
    0.934484   -0.003800
    0.968776   -0.002529
    0.987031   -0.001746
    0.999047   -0.001134
    1.000000   -0.000532
::::::::::::::
rg14.dap
::::::::::::::
  RG14                
    1.000000   -0.000370
    0.999712    0.000080
    0.995949    0.000537
    0.991713    0.001118
    0.984573    0.001967
    0.976307    0.003212
    0.968929    0.004252
    0.960067    0.005600
    0.948381    0.007452
    0.937198    0.009287
    0.924537    0.011220
    0.912423    0.013105
    0.898471    0.015141
    0.879586    0.017720
    0.855763    0.020856
    0.824368    0.024579
    0.785932    0.028971
    0.737860    0.033952
    0.676885    0.039750
    0.605365    0.045260
    0.528811    0.050568
    0.445105    0.054555
    0.392147    0.056405
    0.356599    0.057273
    0.328586    0.057579
    0.297315    0.057627
    0.266639    0.057170
    0.239089    0.056290
    0.220365    0.055441
    0.196325    0.054028
    0.178000    0.052684
    0.154916    0.050592
    0.141120    0.049114
    0.126681    0.047326
    0.111168    0.045081
    0.095620    0.042477
    0.081895    0.039837
    0.070380    0.037319
    0.059182    0.034480
    0.040268    0.028448
    0.022471    0.020811
    0.008478    0.012379
    0.001926    0.005355
    0.000315    0.002142
    0.000010   -0.000387
    0.000594   -0.002934
    0.004218   -0.006913
    0.010115   -0.009706
    0.018149   -0.012331
    0.025006   -0.014111
    0.030933   -0.015476
    0.039067   -0.017078
    0.045907   -0.018223
    0.054880   -0.019490
    0.061930   -0.020315
    0.069724   -0.021150
    0.075647   -0.021698
    0.087106   -0.022615
    0.095570   -0.023192
    0.104064   -0.023745
    0.112559   -0.024298
    0.119563   -0.024723
    0.127032   -0.025149
    0.138201   -0.025643
    0.145918   -0.025886
    0.158975   -0.026088
    0.174138   -0.026156
    0.194350   -0.026315
    0.206077   -0.026462
    0.224022   -0.026747
    0.246543   -0.027035
    0.273234   -0.027031
    0.293377   -0.026849
    0.314616   -0.026585
    0.331592   -0.026404
    0.392952   -0.025713
    0.505440   -0.022980
    0.555910   -0.020771
    0.595932   -0.018664
    0.720282   -0.012499
    0.779628   -0.008843
    0.834939   -0.005824
    0.861481   -0.004537
    0.910639   -0.002338
    0.944880   -0.001354
    0.970900   -0.000524
    0.985214   -0.000169
    0.995183   -0.000078
    1.000000   -0.000370
::::::::::::::
rg14.dat
::::::::::::::
RG14
 1.0000000 0.0000000
 0.9966700 0.0004500
 0.9870700 0.0019500
 0.9719400 0.0044600
 0.9516900 0.0076000
 0.9264500 0.0111200
 0.8964700 0.0150600
 0.8621800 0.0193700
 0.8240500 0.0239400
 0.7825500 0.0286700
 0.7381700 0.0334400
 0.6914499 0.0381100
 0.6429200 0.0425600
 0.5931000 0.0466600
 0.5425400 0.0502900
 0.4917800 0.0533400
 0.4413300 0.0557000
 0.3917200 0.0572700
 0.3434300 0.0580000
 0.2969200 0.0578000
 0.2526200 0.0566600
 0.2109500 0.0545600
 0.1722600 0.0515100
 0.1368900 0.0475500
 0.1051300 0.0427500
 0.0772500 0.0372100
 0.0534400 0.0310400
 0.0338800 0.0243900
 0.0186700 0.0174400
 0.0078600 0.0104800
 0.0015000 0.0039000
 0.0000000 0.0000000
 0.0002200 -.0013900
 0.0046500 -.0059500
 0.0144700 -.0105500
 0.0293800 -.0146800
 0.0493100 -.0182400
 0.0741200 -.0211600
 0.1036300 -.0234600
 0.1375600 -.0251500
 0.1755900 -.0262900
 0.2173000 -.0269000
 0.2622700 -.0270500
 0.3099800 -.0268000
 0.3598900 -.0261900
 0.4114400 -.0252700
 0.4640100 -.0240900
 0.5170100 -.0226700
 0.5697900 -.0210500
 0.6217500 -.0192100
 0.6722700 -.0171800
 0.7207300 -.0148000
 0.7668900 -.0119400
 0.8105700 -.0089000
 0.8512100 -.0061200
 0.8881100 -.0038200
 0.9206300 -.0020900
 0.9481700 -.0009100
 0.9702600 -.0001900
 0.9865400 0.0001200
 0.9965900 0.0000800
 1.0000000 0.0000000
::::::::::::::
rg15.dat
::::::::::::::
RG15
  1.00000  0.0
  0.99671  0.00054
  0.98726  0.00229
  0.97237  0.00514
  0.95248  0.00865
  0.92764  0.01254
  0.89810  0.01685
  0.86427  0.02152
  0.82660  0.02644
  0.78557  0.03149
  0.74165  0.03654
  0.69537  0.04146
  0.64723  0.04612
  0.59778  0.05039
  0.54753  0.05414
  0.49702  0.05727
  0.44676  0.05966
  0.39727  0.06123
  0.34902  0.06190
  0.30248  0.06162
  0.25809  0.06036
  0.21624  0.05810
  0.17730  0.05486
  0.14161  0.05068
  0.10945  0.04564
  0.08108  0.03985
  0.05673  0.03343
  0.03658  0.02654
  0.02076  0.01935
  0.00932  0.01214
  0.00235  0.00526
  0.0      0.0
  0.00002 -0.00048
  0.00336 -0.00534
  0.01247 -0.01006
  0.02670 -0.01436
  0.04596 -0.01811
  0.07010 -0.02123
  0.09896 -0.02372
  0.13224 -0.02559
  0.16963 -0.02688
  0.21073 -0.02762
  0.25509 -0.02785
  0.30221 -0.02762
  0.35156 -0.02696
  0.40257 -0.02590
  0.45463 -0.02446
  0.50713 -0.02262
  0.55944 -0.02025
  0.61128 -0.01717
  0.66244 -0.01366
  0.71237 -0.01015
  0.76037 -0.00691
  0.80575 -0.00413
  0.84779 -0.00192
  0.88583 -0.00034
  0.91925  0.00062
  0.94748  0.00101
  0.97003  0.00097
  0.98652  0.00064
  0.99660  0.00021
  1.00000  0.0
::::::::::::::
rg15c.dap
::::::::::::::
RG15 (C)     
    1.000000   -0.000239
    0.996475    0.000940
    0.994329    0.002044
    0.987007    0.003119
    0.980638    0.004152
    0.972952    0.005247
    0.962639    0.006832
    0.952328    0.008440
    0.940596    0.010296
    0.929448    0.011923
    0.910472    0.014986
    0.895990    0.017173
    0.876307    0.020238
    0.863241    0.022198
    0.838970    0.026117
    0.828328    0.027653
    0.816698    0.029205
    0.804124    0.030370
    0.763644    0.035446
    0.702939    0.042502
    0.640301    0.048988
    0.579003    0.053829
    0.518097    0.057752
    0.460343    0.060754
    0.396159    0.062792
    0.331664    0.063100
    0.270134    0.061659
    0.202952    0.057765
    0.166782    0.054400
    0.138805    0.051026
    0.106590    0.045986
    0.089996    0.042627
    0.079345    0.040109
    0.068587    0.037330
    0.057909    0.034213
    0.046258    0.030355
    0.032589    0.024652
    0.026891    0.021685
    0.020929    0.018414
    0.015079    0.014710
    0.009208    0.010790
    0.000071   -0.000939
    0.003824   -0.006934
    0.012557   -0.010648
    0.025711   -0.014410
    0.033951   -0.016178
    0.042334   -0.017625
    0.052427   -0.019044
    0.060808   -0.020102
    0.075311   -0.021614
    0.091472   -0.022986
    0.106101   -0.023982
    0.124710   -0.024915
    0.148998   -0.025721
    0.177701   -0.026288
    0.211232   -0.026565
    0.270855   -0.026244
    0.336791   -0.025178
    0.396994   -0.023599
    0.462038   -0.021608
    0.527661   -0.019223
    0.586217   -0.016317
    0.650520   -0.012115
    0.713103   -0.007730
    0.778263   -0.003574
    0.822418   -0.001140
    0.837218   -0.000766
    0.862074   -0.000379
    0.880931   -0.000372
    0.901154   -0.000461
    0.919522   -0.000641
    0.934168   -0.000874
    0.948130   -0.000942
    0.957462   -0.000952
    0.964310   -0.000845
    0.972025   -0.000973
    0.978736   -0.001092
    0.985050   -0.001188
    0.993432   -0.000940
    1.000000   -0.000239
::::::::::::::
s6063.dap
::::::::::::::
  S6063               
    1.000000    0.000754
    0.999834    0.000315
    0.997957    0.000613
    0.995295    0.000730
    0.992812    0.000808
    0.990586    0.001030
    0.988411    0.001147
    0.984222    0.001329
    0.981919    0.001476
    0.978702    0.001628
    0.971565    0.002100
    0.967293    0.002315
    0.961866    0.002740
    0.954312    0.003286
    0.946921    0.003809
    0.937927    0.004498
    0.928912    0.005206
    0.916645    0.006163
    0.904910    0.007116
    0.890254    0.008415
    0.874674    0.009763
    0.854147    0.011496
    0.825371    0.014042
    0.795305    0.016734
    0.761775    0.019725
    0.726104    0.022885
    0.693358    0.025754
    0.662587    0.028411
    0.561693    0.036185
    0.517088    0.038971
    0.445418    0.042560
    0.410595    0.043774
    0.367947    0.044905
    0.301498    0.045397
    0.282168    0.045196
    0.237954    0.044227
    0.191743    0.042515
    0.156393    0.040447
    0.121900    0.037188
    0.106656    0.035278
    0.087981    0.032469
    0.081725    0.031374
    0.068452    0.028818
    0.051876    0.024940
    0.030401    0.018218
    0.023214    0.015471
    0.014846    0.011884
    0.002168    0.004908
    0.000390    0.002432
    0.000038    0.000755
    0.000396   -0.002462
    0.001187   -0.004320
    0.003376   -0.007362
    0.007305   -0.010345
    0.012132   -0.012548
    0.016362   -0.013983
    0.018607   -0.014605
    0.025781   -0.016322
    0.033202   -0.017807
    0.041647   -0.019109
    0.051004   -0.020311
    0.067196   -0.021829
    0.084081   -0.022954
    0.102417   -0.023851
    0.130958   -0.024760
    0.158536   -0.025321
    0.185908   -0.025714
    0.217453   -0.025920
    0.253720   -0.026001
    0.305359   -0.025815
    0.360746   -0.025082
    0.431805   -0.023689
    0.498015   -0.022229
    0.571948   -0.020304
    0.615416   -0.018978
    0.674690   -0.017092
    0.728403   -0.015244
    0.785728   -0.013097
    0.803995   -0.012342
    0.825647   -0.011433
    0.839491   -0.010869
    0.850347   -0.010382
    0.858328   -0.010016
    0.867314   -0.009606
    0.880615   -0.008905
    0.887414   -0.008619
    0.895114   -0.008240
    0.903031   -0.007852
    0.907948   -0.007587
    0.913025   -0.007336
    0.916973   -0.007120
    0.918497   -0.007027
    0.925409   -0.006681
    0.933088   -0.006224
    0.935585   -0.006076
    0.941680   -0.005709
    0.948170   -0.005309
    0.954303   -0.004840
    0.957234   -0.004626
    0.963375   -0.004159
    0.973147   -0.003272
    0.984025   -0.002104
    0.994023   -0.000831
    0.997257   -0.000316
    1.000000    0.000754
::::::::::::::
s6063.dat
::::::::::::::
S6063 7.05%
     1.00000   0.00000
     0.99687   0.00017
     0.98758   0.00078
     0.97238   0.00197
     0.95160   0.00383
     0.92565   0.00638
     0.89500   0.00956
     0.86012   0.01328
     0.82151   0.01739
     0.77969   0.02175
     0.73513   0.02617
     0.68835   0.03050
     0.63984   0.03457
     0.59007   0.03827
     0.53954   0.04152
     0.48881   0.04424
     0.43838   0.04633
     0.38877   0.04774
     0.34047   0.04838
     0.29396   0.04823
     0.24968   0.04725
     0.20803   0.04544
     0.16941   0.04280
     0.13413   0.03938
     0.10252   0.03523
     0.07481   0.03044
     0.05123   0.02513
     0.03194   0.01943
     0.01708   0.01355
     0.00671   0.00772
     0.00088   0.00242
     0.00058  -0.00190
     0.00605  -0.00588
     0.01660  -0.00982
     0.03215  -0.01333
     0.05261  -0.01630
     0.07786  -0.01867
     0.10771  -0.02042
     0.14190  -0.02156
     0.18013  -0.02215
     0.22201  -0.02222
     0.26710  -0.02184
     0.31491  -0.02109
     0.36490  -0.02001
     0.41652  -0.01865
     0.46919  -0.01706
     0.52232  -0.01530
     0.57532  -0.01342
     0.62759  -0.01147
     0.67854  -0.00952
     0.72758  -0.00761
     0.77415  -0.00581
     0.81769  -0.00418
     0.85768  -0.00278
     0.89359  -0.00164
     0.92495  -0.00081
     0.95132  -0.00026
     0.97231   0.00002
     0.98758   0.00009
     0.99688   0.00004
     1.00000   0.00000
::::::::::::::
s7012.dat
::::::::::::::
S7012 
       1.00000     0.00000
       0.99819     0.00024
       0.99294     0.00104
       0.98451     0.00231
       0.97296     0.00392
       0.95833     0.00586
       0.94077     0.00817
       0.92044     0.01080
       0.89749     0.01372
       0.87210     0.01689
       0.84445     0.02029
       0.81474     0.02386
       0.78318     0.02757
       0.74999     0.03138
       0.71540     0.03524
       0.67965     0.03909
       0.64298     0.04287
       0.60563     0.04654
       0.56785     0.05002
       0.52988     0.05324
       0.49193     0.05615
       0.45426     0.05870
       0.41710     0.06081
       0.38070     0.06241
       0.34520     0.06335
       0.31071     0.06360
       0.27741     0.06319
       0.24543     0.06209
       0.21486     0.06033
       0.18590     0.05795
       0.15865     0.05496
       0.13326     0.05143
       0.10983     0.04738
       0.08846     0.04287
       0.06926     0.03798
       0.05229     0.03274
       0.03759     0.02728
       0.02525     0.02167
       0.01528     0.01605
       0.00773     0.01058
       0.00266     0.00542
       0.00007     0.00087
       0.00069    -0.00278
       0.00486    -0.00600
       0.01208    -0.00918
       0.02223    -0.01220
       0.03523    -0.01495
       0.05102    -0.01739
       0.06952    -0.01950
       0.09065    -0.02126
       0.11428    -0.02265
       0.14032    -0.02368
       0.16861    -0.02436
       0.19900    -0.02471
       0.23131    -0.02474
       0.26535    -0.02448
       0.30091    -0.02396
       0.33778    -0.02318
       0.37572    -0.02220
       0.41449    -0.02101
       0.45383    -0.01965
       0.49348    -0.01813
       0.53316    -0.01644
       0.57261    -0.01453
       0.61171    -0.01227
       0.65044    -0.00978
       0.68859    -0.00732
       0.72582    -0.00504
       0.76182    -0.00300
       0.79628    -0.00128
       0.82889     0.00010
       0.85936     0.00112
       0.88743     0.00178
       0.91283     0.00211
       0.93533     0.00214
       0.95473     0.00192
       0.97084     0.00153
       0.98352     0.00105
       0.99266     0.00055
       0.99816     0.00016
       1.00000     0.00000
::::::::::::::
s7012b.dap
::::::::::::::
S7012 (B)    
    1.000000    0.000449
    0.999597    0.000006
    0.996687    0.000366
    0.992941    0.000790
    0.988419    0.001296
    0.983752    0.001627
    0.980211    0.001787
    0.974536    0.002220
    0.965818    0.003236
    0.953788    0.004468
    0.942892    0.005862
    0.923173    0.008102
    0.899685    0.010797
    0.859328    0.015468
    0.818851    0.020274
    0.724296    0.031650
    0.650621    0.039409
    0.567921    0.047624
    0.482181    0.054820
    0.400162    0.059866
    0.356770    0.061581
    0.318061    0.062232
    0.276068    0.061934
    0.235729    0.060663
    0.215765    0.059499
    0.195466    0.057951
    0.172123    0.055769
    0.156115    0.053992
    0.140860    0.052037
    0.128424    0.050185
    0.113449    0.047642
    0.099704    0.044970
    0.084882    0.041714
    0.071857    0.038507
    0.059368    0.034993
    0.053027    0.032978
    0.041602    0.028965
    0.035160    0.026402
    0.029003    0.023689
    0.022769    0.020653
    0.018030    0.018072
    0.013716    0.015445
    0.010361    0.013132
    0.006910    0.010393
    0.003955    0.007463
    0.001105    0.003146
    0.000652    0.001846
    0.000309    0.001270
    0.002043   -0.003279
    0.004985   -0.005754
    0.007724   -0.007481
    0.012622   -0.009805
    0.017559   -0.011597
    0.026816   -0.014227
    0.030256   -0.015058
    0.035355   -0.016177
    0.046333   -0.018157
    0.068091   -0.020819
    0.089950   -0.022629
    0.122488   -0.024496
    0.150330   -0.025554
    0.183732   -0.026269
    0.224893   -0.026287
    0.264790   -0.025783
    0.330640   -0.024586
    0.387600   -0.023110
    0.451964   -0.021105
    0.540597   -0.017474
    0.626089   -0.012643
    0.703494   -0.007760
    0.756713   -0.004640
    0.827167   -0.001535
    0.871278   -0.000032
    0.911423    0.000834
    0.953963    0.001229
    0.965380    0.000845
    0.977719    0.000508
    0.987395    0.000163
    0.993282   -0.000105
    0.999388   -0.000006
    1.000000    0.000449
::::::::::::::
s7075.dat
::::::::::::::
S7075 
       1.00000     0.00000
       0.99811     0.00030
       0.99262     0.00130
       0.98384     0.00301
       0.97189     0.00532
       0.95689     0.00825
       0.93906     0.01183
       0.91865     0.01599
       0.89590     0.02064
       0.87105     0.02565
       0.84435     0.03084
       0.81590     0.03603
       0.78585     0.04114
       0.75438     0.04596
       0.72152     0.05039
       0.68736     0.05452
       0.65213     0.05833
       0.61605     0.06181
       0.57936     0.06492
       0.54228     0.06762
       0.50502     0.06988
       0.46782     0.07165
       0.43086     0.07290
       0.39436     0.07362
       0.35853     0.07377
       0.32355     0.07334
       0.28961     0.07232
       0.25690     0.07072
       0.22556     0.06854
       0.19578     0.06579
       0.16769     0.06249
       0.14143     0.05868
       0.11714     0.05438
       0.09490     0.04963
       0.07485     0.04451
       0.05704     0.03906
       0.04155     0.03336
       0.02846     0.02751
       0.01783     0.02158
       0.00974     0.01572
       0.00426     0.00983
       0.00112     0.00396
       0.00012    -0.00127
       0.00205    -0.00532
       0.00740    -0.00861
       0.01586    -0.01154
       0.02736    -0.01403
       0.04182    -0.01616
       0.05915    -0.01785
       0.07927    -0.01912
       0.10208    -0.01997
       0.12746    -0.02041
       0.15527    -0.02049
       0.18536    -0.02022
       0.21756    -0.01965
       0.25167    -0.01880
       0.28749    -0.01774
       0.32478    -0.01649
       0.36331    -0.01510
       0.40283    -0.01360
       0.44306    -0.01205
       0.48375    -0.01047
       0.52460    -0.00889
       0.56534    -0.00734
       0.60568    -0.00584
       0.64532    -0.00438
       0.68397    -0.00291
       0.72149    -0.00140
       0.75769     0.00009
       0.79235     0.00160
       0.82543     0.00301
       0.85679     0.00399
       0.88582     0.00420
       0.91190     0.00378
       0.93478     0.00312
       0.95435     0.00237
       0.97053     0.00163
       0.98322     0.00099
       0.99243     0.00051
       0.99808     0.00016
       1.00000     0.00000
::::::::::::::
s7075a.dap
::::::::::::::
S7075 (A)    
    1.000000   -0.000937
    0.998799   -0.000180
    0.995726    0.000715
    0.990029    0.001826
    0.983608    0.003064
    0.978922    0.004067
    0.972113    0.005459
    0.962591    0.007585
    0.947615    0.010583
    0.933801    0.013334
    0.917943    0.016500
    0.902523    0.019533
    0.889669    0.022005
    0.852234    0.029100
    0.812623    0.036117
    0.723162    0.049302
    0.646507    0.058073
    0.563528    0.065415
    0.480202    0.070342
    0.395739    0.072576
    0.357003    0.072721
    0.315275    0.072107
    0.271025    0.070511
    0.232011    0.068012
    0.210116    0.066175
    0.193755    0.064570
    0.171232    0.062013
    0.145051    0.058399
    0.130578    0.056017
    0.119978    0.054105
    0.104888    0.051046
    0.090758    0.047805
    0.076600    0.044111
    0.063082    0.040081
    0.051967    0.036340
    0.044083    0.033376
    0.036475    0.030250
    0.030246    0.027437
    0.019638    0.021847
    0.012729    0.017334
    0.005415    0.010992
    0.001458    0.005383
    0.000208    0.002020
    0.000742   -0.003879
    0.004429   -0.007857
    0.007217   -0.009377
    0.012416   -0.011324
    0.020489   -0.013378
    0.028700   -0.014958
    0.035397   -0.015964
    0.041837   -0.016835
    0.052879   -0.018019
    0.061877   -0.018795
    0.072650   -0.019559
    0.083908   -0.020178
    0.113600   -0.021155
    0.143185   -0.021450
    0.176758   -0.021284
    0.213664   -0.020717
    0.262631   -0.019568
    0.317070   -0.017951
    0.400096   -0.015215
    0.484859   -0.012114
    0.569084   -0.008954
    0.652670   -0.005774
    0.734686   -0.002536
    0.820168    0.000971
    0.864674    0.002488
    0.904015    0.002816
    0.935825    0.002409
    0.966116    0.001520
    0.978250    0.000998
    0.990948    0.000455
    0.999500    0.000180
    1.000000   -0.000937
::::::::::::::
s7075b.dap
::::::::::::::
S7075 (B)    
    1.000000    0.000185
    0.998237    0.000404
    0.997372    0.000907
    0.991291    0.001505
    0.984500    0.002476
    0.973708    0.003916
    0.961111    0.005982
    0.946567    0.008215
    0.931512    0.010508
    0.918470    0.012503
    0.903833    0.014804
    0.890288    0.016984
    0.854397    0.022649
    0.804164    0.029907
    0.715460    0.043553
    0.648052    0.052116
    0.564234    0.060273
    0.483399    0.065970
    0.396364    0.069260
    0.313891    0.069610
    0.273356    0.068440
    0.234333    0.066338
    0.214560    0.064802
    0.190551    0.062528
    0.173202    0.060520
    0.155117    0.058096
    0.139580    0.055738
    0.127588    0.053734
    0.114613    0.051390
    0.096675    0.047831
    0.081515    0.044249
    0.067848    0.040569
    0.057659    0.037495
    0.045155    0.033184
    0.037593    0.030223
    0.028958    0.026403
    0.021601    0.022530
    0.017093    0.019677
    0.012063    0.015837
    0.008737    0.012869
    0.003648    0.007517
    0.001739    0.005182
    0.004731   -0.008695
    0.007032   -0.011064
    0.010914   -0.013377
    0.016181   -0.014908
    0.021142   -0.016132
    0.025321   -0.017042
    0.032194   -0.018285
    0.040919   -0.019475
    0.057300   -0.021004
    0.079053   -0.022393
    0.105315   -0.023537
    0.134101   -0.024211
    0.163152   -0.024265
    0.205497   -0.023713
    0.243147   -0.022660
    0.327919   -0.019921
    0.409325   -0.017210
    0.493069   -0.014349
    0.577038   -0.011645
    0.658758   -0.008916
    0.739549   -0.006285
    0.824309   -0.002377
    0.864546   -0.000793
    0.905093    0.000128
    0.935272    0.000525
    0.949520    0.000605
    0.964769    0.000149
    0.978515    0.000155
    0.990122   -0.000212
    0.998421   -0.000404
    1.000000    0.000185
::::::::::::::
s8036.dap
::::::::::::::
  S8036               
    1.000000   -0.000256
    0.998971    0.003038
    0.992907    0.004292
    0.985648    0.005927
    0.978675    0.007258
    0.972661    0.008511
    0.966110    0.009907
    0.959159    0.011363
    0.949574    0.013236
    0.936024    0.015942
    0.924908    0.018096
    0.906882    0.021598
    0.881401    0.026675
    0.843038    0.034026
    0.805018    0.041310
    0.715650    0.057886
    0.635113    0.071745
    0.553779    0.084267
    0.465055    0.094234
    0.383893    0.098576
    0.338190    0.098427
    0.299079    0.097369
    0.258595    0.094868
    0.217320    0.090569
    0.196283    0.087819
    0.178296    0.085197
    0.159078    0.082216
    0.139365    0.078719
    0.124854    0.075582
    0.113014    0.072730
    0.101134    0.069516
    0.087949    0.065499
    0.076250    0.061502
    0.063962    0.056800
    0.053196    0.051998
    0.047196    0.049147
    0.041808    0.046481
    0.033641    0.042276
    0.028946    0.039404
    0.025275    0.036907
    0.019757    0.032380
    0.014279    0.027012
    0.010480    0.022512
    0.006145    0.016356
    0.003023    0.009827
    0.000637    0.002165
    0.000390    0.001799
    0.001380   -0.003410
    0.005084   -0.008094
    0.009364   -0.012127
    0.016267   -0.016902
    0.024178   -0.021070
    0.029658   -0.023541
    0.039155   -0.026872
    0.046436   -0.029097
    0.063480   -0.033705
    0.081790   -0.037903
    0.111192   -0.043444
    0.134572   -0.046692
    0.164620   -0.050014
    0.202932   -0.053514
    0.242143   -0.056468
    0.289593   -0.058938
    0.365778   -0.060626
    0.443944   -0.059733
    0.533001   -0.054934
    0.618396   -0.047027
    0.703954   -0.037574
    0.785467   -0.028054
    0.824449   -0.023526
    0.863791   -0.018973
    0.907680   -0.013824
    0.929085   -0.011371
    0.947708   -0.009143
    0.959991   -0.007568
    0.968837   -0.006636
    0.978990   -0.005417
    0.986365   -0.004550
    0.998900   -0.003039
    1.000000   -0.000256
::::::::::::::
s8036.dat
::::::::::::::
S8036 (16%)
       1.00000     0.00000
       0.99759     0.00046
       0.99095     0.00217
       0.98105     0.00501
       0.96827     0.00843
       0.95247     0.01204
       0.93354     0.01594
       0.91163     0.02027
       0.88697     0.02505
       0.85984     0.03027
       0.83047     0.03590
       0.79916     0.04189
       0.76618     0.04816
       0.73183     0.05463
       0.69641     0.06119
       0.66022     0.06771
       0.62357     0.07402
       0.58668     0.07986
       0.54969     0.08509
       0.51279     0.08963
       0.47611     0.09328
       0.43972     0.09598
       0.40381     0.09776
       0.36848     0.09853
       0.33380     0.09838
       0.29999     0.09735
       0.26722     0.09547
       0.23564     0.09280
       0.20545     0.08939
       0.17681     0.08528
       0.14988     0.08053
       0.12484     0.07520
       0.10184     0.06934
       0.08104     0.06296
       0.06251     0.05610
       0.04638     0.04885
       0.03271     0.04115
       0.02141     0.03305
       0.01256     0.02483
       0.00612     0.01649
       0.00193     0.00823
       0.00001     0.00054
       0.00098    -0.00588
       0.00548    -0.01153
       0.01338    -0.01720
       0.02433    -0.02273
       0.03811    -0.02804
       0.05468    -0.03304
       0.07395    -0.03773
       0.09576    -0.04208
       0.11999    -0.04605
       0.14648    -0.04964
       0.17504    -0.05283
       0.20549    -0.05558
       0.23760    -0.05786
       0.27120    -0.05962
       0.30609    -0.06084
       0.34204    -0.06146
       0.37887    -0.06147
       0.41638    -0.06087
       0.45435    -0.05959
       0.49265    -0.05765
       0.53099    -0.05502
       0.56937    -0.05165
       0.60778    -0.04772
       0.64594    -0.04348
       0.68359    -0.03907
       0.72043    -0.03464
       0.75616    -0.03028
       0.79048    -0.02609
       0.82309    -0.02215
       0.85370    -0.01852
       0.88202    -0.01523
       0.90775    -0.01230
       0.93064    -0.00970
       0.95044    -0.00739
       0.96698    -0.00519
       0.98037    -0.00302
       0.99070    -0.00120
       0.99754    -0.00020
       1.00000     0.00000
::::::::::::::
s8037.dap
::::::::::::::
  S8037               
    1.000000    0.000372
    0.999465    0.001845
    0.996535    0.002773
    0.994334    0.003224
    0.992349    0.003709
    0.989635    0.004228
    0.985999    0.004973
    0.982295    0.005902
    0.978158    0.006629
    0.974581    0.007495
    0.970652    0.008307
    0.965427    0.009324
    0.956543    0.011126
    0.948300    0.012967
    0.936927    0.015236
    0.923826    0.018205
    0.909088    0.021397
    0.894270    0.024341
    0.874980    0.028503
    0.859924    0.031772
    0.841589    0.035594
    0.821305    0.039805
    0.801340    0.043860
    0.780496    0.048029
    0.762411    0.051746
    0.742179    0.055660
    0.716326    0.060879
    0.693926    0.065083
    0.667361    0.070262
    0.620171    0.079032
    0.547218    0.091112
    0.461138    0.100828
    0.395780    0.104482
    0.347169    0.105426
    0.304252    0.104636
    0.247002    0.100729
    0.218646    0.097686
    0.181908    0.092636
    0.146764    0.086002
    0.122862    0.080053
    0.099251    0.072877
    0.082573    0.066828
    0.077427    0.064697
    0.066911    0.060087
    0.042275    0.047257
    0.036779    0.043830
    0.032655    0.041082
    0.026840    0.036931
    0.018532    0.029900
    0.012506    0.023663
    0.003376    0.010818
    0.000772    0.004912
    0.000001   -0.000201
    0.000306   -0.003088
    0.001524   -0.006681
    0.003746   -0.009834
    0.005183   -0.011250
    0.007443   -0.013008
    0.010932   -0.015137
    0.014430   -0.016913
    0.018041   -0.018469
    0.022167   -0.020205
    0.026186   -0.021759
    0.030821   -0.023368
    0.035624   -0.024913
    0.041062   -0.026483
    0.047240   -0.028159
    0.058792   -0.030851
    0.073042   -0.033638
    0.082009   -0.035162
    0.094684   -0.037216
    0.110283   -0.039424
    0.129129   -0.041746
    0.160875   -0.045277
    0.181187   -0.047327
    0.200530   -0.049094
    0.223653   -0.051148
    0.248864   -0.053056
    0.281202   -0.055001
    0.323955   -0.056092
    0.358028   -0.056195
    0.392160   -0.055939
    0.438113   -0.054733
    0.480345   -0.052903
    0.532706   -0.049707
    0.621996   -0.041979
    0.746865   -0.029593
    0.798075   -0.024265
    0.834190   -0.020519
    0.867902   -0.016989
    0.895898   -0.013900
    0.918188   -0.011612
    0.935868   -0.009580
    0.966218   -0.006295
    0.987717   -0.003731
    0.994098   -0.002787
    0.999676   -0.001845
    1.000000    0.000372
::::::::::::::
s8037.dat
::::::::::::::
S8037 (16%)
       1.00000     0.00000
       0.99758     0.00043
       0.99089     0.00205
       0.98084     0.00478
       0.96782     0.00814
       0.95171     0.01178
       0.93244     0.01580
       0.91019     0.02034
       0.88520     0.02543
       0.85776     0.03105
       0.82813     0.03716
       0.79662     0.04370
       0.76352     0.05059
       0.72913     0.05772
       0.69378     0.06496
       0.65776     0.07216
       0.62140     0.07911
       0.58488     0.08550
       0.54828     0.09116
       0.51175     0.09607
       0.47544     0.10007
       0.43941     0.10309
       0.40389     0.10515
       0.36897     0.10618
       0.33473     0.10623
       0.30138     0.10533
       0.26907     0.10349
       0.23795     0.10079
       0.20820     0.09726
       0.17997     0.09295
       0.15344     0.08790
       0.12873     0.08214
       0.10594     0.07574
       0.08522     0.06875
       0.06662     0.06121
       0.05020     0.05327
       0.03605     0.04497
       0.02418     0.03644
       0.01470     0.02787
       0.00761     0.01929
       0.00277     0.01090
       0.00023     0.00310
       0.00026    -0.00341
       0.00381    -0.00893
       0.01113    -0.01425
       0.02158    -0.01941
       0.03494    -0.02434
       0.05116    -0.02893
       0.07018    -0.03319
       0.09182    -0.03711
       0.11596    -0.04064
       0.14245    -0.04381
       0.17109    -0.04659
       0.20169    -0.04897
       0.23403    -0.05091
       0.26794    -0.05237
       0.30320    -0.05334
       0.33959    -0.05378
       0.37693    -0.05366
       0.41501    -0.05301
       0.45362    -0.05177
       0.49262    -0.04997
       0.53173    -0.04765
       0.57084    -0.04480
       0.60985    -0.04155
       0.64846    -0.03809
       0.68640    -0.03450
       0.72339    -0.03089
       0.75914    -0.02733
       0.79336    -0.02390
       0.82577    -0.02064
       0.85609    -0.01759
       0.88405    -0.01478
       0.90939    -0.01222
       0.93188    -0.00987
       0.95129    -0.00769
       0.96747    -0.00552
       0.98059    -0.00327
       0.99076    -0.00134
       0.99755    -0.00023
       1.00000     0.00000
::::::::::::::
s8052.dap
::::::::::::::
  S8052               
    1.000000   -0.000261
    0.999607    0.000829
    0.996100    0.001116
    0.990556    0.001422
    0.984044    0.002040
    0.977175    0.002451
    0.970557    0.003171
    0.962812    0.003906
    0.951387    0.005189
    0.942933    0.006301
    0.934164    0.007383
    0.923077    0.008587
    0.909537    0.010399
    0.897052    0.012072
    0.884821    0.013919
    0.868975    0.016203
    0.854536    0.018317
    0.836269    0.021070
    0.819109    0.023769
    0.790812    0.028334
    0.759116    0.033442
    0.701919    0.042566
    0.616002    0.055137
    0.528310    0.064783
    0.467411    0.069342
    0.406896    0.072380
    0.372390    0.073247
    0.331888    0.073473
    0.281602    0.072676
    0.239892    0.071105
    0.215314    0.069627
    0.198981    0.068365
    0.180827    0.066658
    0.160789    0.064371
    0.130914    0.060068
    0.101266    0.054277
    0.085809    0.050556
    0.055235    0.041160
    0.037900    0.034243
    0.024174    0.027155
    0.011125    0.017292
    0.001689    0.005758
    0.000221    0.002072
    0.000293   -0.002430
    0.001591   -0.005363
    0.004494   -0.008584
    0.009447   -0.012206
    0.014270   -0.014771
    0.020169   -0.017242
    0.025954   -0.019294
    0.032087   -0.021307
    0.041179   -0.023932
    0.053058   -0.026867
    0.061407   -0.028690
    0.069364   -0.030254
    0.082951   -0.032551
    0.098288   -0.034684
    0.112019   -0.036264
    0.128420   -0.037861
    0.140146   -0.038847
    0.161067   -0.040439
    0.178417   -0.041577
    0.200208   -0.042740
    0.215231   -0.043442
    0.236769   -0.044275
    0.273604   -0.045205
    0.315648   -0.045611
    0.353475   -0.045496
    0.400726   -0.044813
    0.486302   -0.041566
    0.563882   -0.036864
    0.652398   -0.029271
    0.732460   -0.021337
    0.823726   -0.012366
    0.866438   -0.008560
    0.910064   -0.005295
    0.926874   -0.004122
    0.941138   -0.003022
    0.970093   -0.001613
    0.993537   -0.000827
    1.000000   -0.000261
::::::::::::::
s8052.dat
::::::::::::::
S8052 (11.88%)
       1.00000     0.00000
       0.99803     0.00018
       0.99231     0.00079
       0.98301     0.00181
       0.97022     0.00330
       0.95412     0.00533
       0.93491     0.00790
       0.91280     0.01104
       0.88804     0.01472
       0.86087     0.01891
       0.83155     0.02357
       0.80036     0.02863
       0.76759     0.03400
       0.73351     0.03957
       0.69841     0.04524
       0.66259     0.05083
       0.62635     0.05617
       0.58984     0.06088
       0.55299     0.06482
       0.51588     0.06814
       0.47873     0.07081
       0.44169     0.07283
       0.40501     0.07423
       0.36887     0.07498
       0.33344     0.07511
       0.29896     0.07461
       0.26560     0.07351
       0.23357     0.07182
       0.20304     0.06957
       0.17422     0.06676
       0.14727     0.06341
       0.12234     0.05951
       0.09956     0.05510
       0.07907     0.05012
       0.06085     0.04458
       0.04493     0.03864
       0.03140     0.03234
       0.02025     0.02579
       0.01165     0.01916
       0.00552     0.01240
       0.00163     0.00569
       0.00001    -0.00037
       0.00147    -0.00540
       0.00651    -0.00985
       0.01471    -0.01427
       0.02583    -0.01860
       0.03977    -0.02271
       0.05642    -0.02654
       0.07569    -0.03003
       0.09749    -0.03316
       0.12169    -0.03590
       0.14818    -0.03824
       0.17678    -0.04018
       0.20735    -0.04171
       0.23970    -0.04283
       0.27364    -0.04354
       0.30896    -0.04385
       0.34545    -0.04377
       0.38288    -0.04331
       0.42100    -0.04248
       0.45957    -0.04127
       0.49834    -0.03967
       0.53702    -0.03758
       0.57556    -0.03494
       0.61389    -0.03185
       0.65181    -0.02843
       0.68916    -0.02481
       0.72568    -0.02116
       0.76113    -0.01762
       0.79518    -0.01433
       0.82751    -0.01136
       0.85782    -0.00876
       0.88581    -0.00656
       0.91121    -0.00475
       0.93377    -0.00330
       0.95325    -0.00218
       0.96950    -0.00128
       0.98246    -0.00056
       0.99204    -0.00011
       0.99798     0.00002
       1.00000     0.00000
::::::::::::::
sa7035.dap
::::::::::::::
  SA7035              
    1.000000     .000631
     .996611     .001614
     .993158     .002078
     .987154     .002945
     .983102     .003596
     .977096     .004502
     .970288     .005506
     .960894     .006884
     .957935     .007351
     .951184     .008273
     .942526     .009702
     .932228     .011345
     .919976     .013215
     .904210     .015746
     .892523     .017594
     .873341     .020593
     .857043     .023147
     .839325     .025908
     .819962     .028925
     .802794     .031541
     .781752     .034597
     .769219     .036448
     .750365     .039056
     .729753     .041766
     .714177     .043754
     .697268     .045814
     .677361     .048184
     .657843     .050400
     .638569     .052508
     .622083     .054235
     .602517     .056200
     .583718     .058011
     .567172     .059529
     .537449     .062051
     .474628     .066457
     .457324     .067471
     .436888     .068512
     .409432     .069683
     .387100     .070441
     .349298     .071246
     .313121     .071386
     .276344     .070828
     .238369     .069370
     .168968     .063618
     .148915     .061027
     .121566     .056631
     .101316     .052563
     .092937     .050662
     .075912     .046213
     .056388     .040048
     .050369     .037863
     .039957     .033621
     .023061     .025096
     .018758     .022465
     .008755     .014922
     .005408     .011582
     .000458     .003717
     .000130     .001964
     .000346     .003226
     .000142     .001363
     .000183     .000736
     .000354    -.000183
     .001075    -.001658
     .001813    -.002561
     .003633    -.004065
     .005223    -.005014
     .006355    -.005603
     .009070    -.006781
     .011451    -.007674
     .014341    -.008639
     .017669    -.009651
     .021600    -.010734
     .027061    -.012044
     .032462    -.013168
     .039479    -.014448
     .049076    -.015862
     .058802    -.017024
     .069333    -.018076
     .079652    -.018934
     .088255    -.019523
     .097050    -.020039
     .104599    -.020407
     .113197    -.020780
     .123358    -.021138
     .133108    -.021421
     .142315    -.021644
     .148742    -.021777
     .181519    -.022187
     .212552    -.022281
     .248624    -.022038
     .307884    -.020971
     .361841    -.019549
     .430210    -.017338
     .503065    -.014507
     .581254    -.011134
     .655000    -.007939
     .691172    -.006471
     .708685    -.005794
     .753732    -.004147
     .792938    -.002869
     .829840    -.001816
     .871561    -.000779
     .926425     .000107
     .946609     .000252
     .955485     .000245
     .967687     .000145
     .981363    -.000259
     .991102    -.000603
     .999116    -.000680
    1.000000     .000631
::::::::::::::
sa7035.dat
::::::::::::::
SA7035
 1.00000      .00000
  .99815      .00017
  .99265      .00079
  .98367      .00197
  .97138      .00375
  .95600      .00615
  .93777      .00913
  .91689      .01264
  .89359      .01657
  .86806      .02082
  .84049      .02528
  .81106      .02984
  .77993      .03442
  .74727      .03894
  .71326      .04334
  .67810      .04760
  .64203      .05168
  .60526      .05549
  .56801      .05899
  .53053      .06214
  .49301      .06485
  .45566      .06712
  .41872      .06887
  .38237      .07007
  .34681      .07071
  .31224      .07073
  .27881      .07012
  .24673      .06888
  .21613      .06699
  .18713      .06448
  .15991      .06134
  .13456      .05759
  .11118      .05331
  .08989      .04850
  .07072      .04323
  .05378      .03760
  .03911      .03165
  .02670      .02552
  .01662      .01937
  .00895      .01331
  .00365      .00752
  .00075      .00224
  .00000      .00000  <--- added this point
  .00371     -.00497
  .01052     -.00821
  .02026     -.01131
  .03286     -.01407
  .04832     -.01642
  .06658     -.01840
  .08751     -.02002
  .11103     -.02126
  .13700     -.02212
  .16529     -.02262
  .19574     -.02278
  .22816     -.02262
  .26238     -.02216
  .29819     -.02144
  .33536     -.02048
  .37368     -.01932
  .41289     -.01800
  .45274     -.01655
  .49296     -.01498
  .53331     -.01329
  .57358     -.01151
  .61352     -.00973
  .65286     -.00799
  .69133     -.00635
  .72863     -.00485
  .76451     -.00351
  .79869     -.00236
  .83091     -.00140
  .86091     -.00064
  .88847     -.00005
  .91340      .00039
  .93553      .00069
  .95469      .00082
  .97069      .00079
  .98337      .00062
  .99256      .00037
  .99813      .00012
 1.00000      .00000
::::::::::::::
sa7036.dat
::::::::::::::
SA7036
       1.00000      .00000
        .99815      .00019
        .99266      .00085
        .98368      .00210
        .97142      .00398
        .95608      .00650
        .93789      .00963
        .91709      .01330
        .89388      .01740
        .86847      .02182
        .84103      .02644
        .81174      .03115
        .78075      .03588
        .74825      .04054
        .71441      .04506
        .67941      .04942
        .64348      .05358
        .60686      .05747
        .56974      .06103
        .53237      .06422
        .49495      .06698
        .45769      .06926
        .42082      .07103
        .38453      .07222
        .34900      .07285
        .31444      .07285
        .28101      .07221
        .24891      .07094
        .21826      .06902
        .18921      .06645
        .16193      .06326
        .13650      .05945
        .11301      .05510
        .09161      .05022
        .07232      .04485
        .05524      .03913
        .04041      .03309
        .02784      .02684
        .01758      .02054
        .00969      .01434
        .00415      .00839
        .00101      .00291
        .00000      .00000  <-- added this point
        .00029     -.00154
        .00297     -.00497
        .00936     -.00810
        .01873     -.01110
        .03099     -.01375
        .04613     -.01596
        .06411     -.01779
        .08481     -.01924
        .10813     -.02030
        .13395     -.02097
        .16213     -.02129
        .19250     -.02127
        .22490     -.02094
        .25913     -.02032
        .29498     -.01945
        .33225     -.01836
        .37069     -.01709
        .41006     -.01569
        .45010     -.01418
        .49055     -.01259
        .53113     -.01093
        .57163     -.00922
        .61180     -.00754
        .65136     -.00592
        .69004     -.00442
        .72754     -.00308
        .76360     -.00190
        .79795     -.00093
        .83033     -.00015
        .86048      .00043
        .88816      .00084
        .91320      .00111
        .93542      .00123
        .95463      .00120
        .97067      .00103
        .98337      .00075
        .99256      .00042
        .99813      .00013
       1.00000      .00000
::::::::::::::
sa7036a.dap
::::::::::::::
  SA7036 (A)          
    1.000000    -.000710
     .998859     .000165
     .996958     .001149
     .989889     .002537
     .977443     .004427
     .965457     .006419
     .950450     .008973
     .934291     .011731
     .914268     .015236
     .894991     .018567
     .875032     .021843
     .834823     .028426
     .784534     .036050
     .745882     .041585
     .708871     .046497
     .665595     .051718
     .631117     .055641
     .583715     .060179
     .541693     .063926
     .501624     .066925
     .462947     .069240
     .420059     .071109
     .378201     .072197
     .336762     .072742
     .315228     .072707
     .294048     .072319
     .272466     .071756
     .254819     .071025
     .234853     .069945
     .215350     .068637
     .194493     .066903
     .173369     .064743
     .147752     .061317
     .127894     .057965
     .112417     .054868
     .092932     .050326
     .076186     .045733
     .060819     .040790
     .051100     .037217
     .044286     .034376
     .038075     .031512
     .029814     .027116
     .025120     .024284
     .020360     .021139
     .014662     .016977
     .010047     .013304
     .005135     .008812
     .002319     .005401
     .000083     .001016
     .000714    -.003010
     .003241    -.005284
     .010709    -.008710
     .014140    -.010018
     .019483    -.011504
     .026031    -.013099
     .031114    -.014153
     .036509    -.015130
     .039694    -.015632
     .047107    -.016507
     .058725    -.017855
     .068249    -.018764
     .077856    -.019511
     .098920    -.020819
     .119331    -.021735
     .140662    -.022221
     .163706    -.022398
     .206557    -.022412
     .247141    -.021862
     .290163    -.020964
     .330792    -.019755
     .374928    -.018326
     .414846    -.016774
     .453180    -.015176
     .496043    -.013349
     .537365    -.011601
     .578169    -.009920
     .622651    -.008013
     .661076    -.006366
     .709594    -.004718
     .750461    -.002901
     .784598    -.001890
     .807126    -.001233
     .827290    -.000704
     .848763    -.000158
     .872040     .000319
     .887475     .000448
     .901925     .000669
     .923485     .000901
     .941654     .000909
     .958707     .000842
     .972378     .000541
     .982777     .000178
     .989295    -.000192
     .999113    -.000163
    1.000000    -.000710
::::::::::::::
sa7036b.dap
::::::::::::::
  SA7036 (B)          
    1.000000     .000041
     .998284     .000922
     .992086     .001706
     .987545     .002359
     .985152     .002708
     .982127     .003255
     .978480     .004002
     .974745     .004742
     .971352     .005298
     .967782     .005918
     .963851     .006575
     .959651     .007267
     .956744     .007746
     .951929     .008555
     .947118     .009470
     .941217     .010607
     .935291     .011721
     .927677     .013221
     .918732     .014882
     .908313     .016878
     .899137     .018657
     .885880     .021144
     .875662     .023054
     .864913     .025072
     .854153     .026997
     .849204     .027943
     .836157     .030475
     .826691     .032004
     .816636     .033813
     .802394     .036210
     .788578     .038402
     .769542     .041457
     .749900     .044269
     .731861     .046908
     .709312     .050073
     .692367     .051940
     .673307     .054100
     .654694     .056203
     .635893     .058220
     .618707     .060076
     .599667     .061875
     .580452     .063629
     .564029     .065028
     .544023     .066523
     .529822     .067543
     .511468     .068840
     .492776     .070118
     .471283     .071376
     .442369     .072990
     .423462     .073902
     .402198     .074741
     .380444     .075444
     .364272     .075782
     .338485     .075950
     .327041     .075928
     .312168     .075790
     .294915     .075457
     .274608     .074886
     .257757     .074289
     .238711     .073315
     .221103     .072049
     .204644     .070648
     .185148     .068734
     .166348     .066553
     .150580     .064540
     .128576     .061081
     .122541     .060004
     .112803     .058110
     .103369     .056116
     .094553     .054061
     .086250     .051933
     .078507     .049837
     .070852     .047621
     .063179     .045268
     .052341     .041703
     .045902     .039259
     .034642     .034291
     .023664     .028341
     .019407     .025579
     .014184     .021661
     .011712     .019544
     .008671     .016539
     .006111     .013327
     .003811     .009875
     .001416     .005529
     .000546     .003196
     .000103     .001233
     .000057     .000643
     .000000    -.000021
     .001873    -.003689
     .001518    -.003187
     .002914    -.004244
     .004783    -.005258
     .007952    -.006445
     .010886    -.007493
     .013102    -.008273
     .016772    -.009467
     .020516    -.010614
     .025773    -.012035
     .030576    -.013115
     .037793    -.014449
     .047003    -.015791
     .055489    -.016607
     .064994    -.017257
     .075896    -.017836
     .083977    -.018147
     .093637    -.018396
     .102775    -.018651
     .111903    -.018848
     .124613    -.019150
     .130426    -.019274
     .136798    -.019365
     .153974    -.019513
     .168693    -.019420
     .180917    -.019327
     .189624    -.019121
     .202393    -.018930
     .224601    -.018459
     .242975    -.018053
     .255734    -.017797
     .273452    -.017168
     .291633    -.016597
     .313787    -.015846
     .335158    -.015033
     .365622    -.014002
     .395112    -.012829
     .428097    -.011444
     .463653    -.010163
     .503284    -.008321
     .536654    -.006879
     .575053    -.004901
     .609744    -.003280
     .648534    -.001558
     .684915    -.000158
     .651668    -.001393
     .686903    -.000052
     .722479     .001024
     .759114     .001701
     .797925     .002235
     .831573     .002516
     .868660     .002788
     .880833     .002893
     .889854     .002948
     .909588     .002177
     .920245     .001960
     .928956     .001655
     .939299     .001159
     .947894     .000749
     .957442     .000242
     .968882    -.000272
     .979227    -.000587
     .983218    -.000596
     .989081    -.000786
     .993572    -.001037
     .996152    -.001119
     .998650    -.000921
    1.000000     .000041
::::::::::::::
sa7038.dap
::::::::::::::
  SA7038              
    1.000000    -.000604
     .998875     .000783
     .994249     .001482
     .988219     .002195
     .968400     .005396
     .952739     .008127
     .935672     .011422
     .917403     .014946
     .901544     .017906
     .880923     .021734
     .859684     .025683
     .838501     .029505
     .813975     .033815
     .793635     .037180
     .755825     .043100
     .715224     .048892
     .673128     .054306
     .635322     .058682
     .591176     .063202
     .550320     .067095
     .510345     .070274
     .462596     .073487
     .420363     .075540
     .383465     .076852
     .342336     .077647
     .320888     .077663
     .299992     .077492
     .273789     .076890
     .255297     .076033
     .237469     .075012
     .219152     .073886
     .196047     .071957
     .178165     .070043
     .159805     .067727
     .136634     .063970
     .120554     .060879
     .099407     .055994
     .083781     .051724
     .069561     .047191
     .062372     .044646
     .053939     .041400
     .046654     .038259
     .040526     .035430
     .033407     .031738
     .026909     .027776
     .019720     .022773
     .015387     .019375
     .012090     .016491
     .007063     .011323
     .005540     .009454
     .003154     .004965
     .002334     .004271
     .008571    -.008290
     .011868    -.009169
     .017060    -.010735
     .023561    -.012235
     .030051    -.013441
     .039711    -.014838
     .062176    -.016631
     .082077    -.017464
     .115099    -.017892
     .144403    -.017737
     .180298    -.017260
     .223446    -.016486
     .252216    -.015795
     .315794    -.013947
     .380390    -.011553
     .435035    -.009514
     .499566    -.007193
     .562411    -.004728
     .622566    -.002423
     .677185    -.000541
     .729070     .000876
     .773768     .001798
     .822350     .002484
     .859278     .002706
     .880772     .002685
     .903136     .002471
     .923830     .002266
     .941870     .001794
     .962991     .001083
     .991033    -.000380
     .999688    -.000779
    1.000000    -.000604
::::::::::::::
sa7038.dat
::::::::::::::
SA7038
       1.00000      .00000
        .99815      .00022
        .99266      .00097
        .98370      .00235
        .97147      .00443
        .95619      .00720
        .93810      .01061
        .91744      .01458
        .89440      .01901
        .86920      .02375
        .84201      .02869
        .81298      .03371
        .78227      .03873
        .75007      .04367
        .71655      .04844
        .68186      .05300
        .64622      .05732
        .60986      .06135
        .57300      .06502
        .53584      .06830
        .49861      .07112
        .46151      .07343
        .42477      .07522
        .38857      .07641
        .35310      .07700
        .31858      .07696
        .28515      .07625
        .25298      .07490
        .22226      .07288
        .19310      .07020
        .16566      .06690
        .14006      .06298
        .11638      .05847
        .09475      .05344
        .07523      .04791
        .05786      .04199
        .04274      .03574
        .02987      .02924
        .01925      .02268
        .01095      .01619
        .00499      .00990
        .00138      .00405
        .00008     -.00099
        .00190     -.00474
        .00735     -.00774
        .01597     -.01059
        .02753     -.01306
        .04202     -.01505
        .05943     -.01661
        .07964     -.01777
        .10255     -.01851
        .12803     -.01885
        .15596     -.01882
        .18616     -.01846
        .21847     -.01779
        .25269     -.01685
        .28862     -.01568
        .32603     -.01433
        .36470     -.01283
        .40436     -.01125
        .44476     -.00961
        .48563     -.00796
        .52669     -.00632
        .56767     -.00473
        .60831     -.00322
        .64832     -.00184
        .68742     -.00061
        .72533      .00044
        .76177      .00129
        .79647      .00193
        .82917      .00236
        .85961      .00259
        .88756      .00264
        .91282      .00254
        .93520      .00231
        .95454      .00196
        .97065      .00152
        .98337      .00102
        .99257      .00054
        .99814      .00016
       1.00000      .00000
::::::::::::::
sd7032.dat
::::::::::::::
  SD7032
  1.00000  0.00000
  0.99674  0.00048
  0.98712  0.00204
  0.97155  0.00485
  0.95054  0.00894
  0.92464  0.01420
  0.89436  0.02041
  0.86021  0.02731
  0.82264  0.03460
  0.78208  0.04199
  0.73892  0.04925
  0.69356  0.05620
  0.64646  0.06270
  0.59812  0.06861
  0.54902  0.07381
  0.49967  0.07816
  0.45058  0.08154
  0.40222  0.08385
  0.35506  0.08500
  0.30953  0.08493
  0.26604  0.08359
  0.22499  0.08096
  0.18671  0.07703
  0.15146  0.07182
  0.11948  0.06548
  0.09105  0.05809
  0.06627  0.04976
  0.04524  0.04078
  0.02812  0.03145
  0.01502  0.02206
  0.00606  0.01293
  0.00115  0.00448
  0.00038 -0.00223
  0.00532 -0.00701
  0.01649 -0.01088
  0.03308 -0.01403
  0.05491 -0.01635
  0.08180 -0.01787
  0.11351 -0.01862
  0.14974 -0.01867
  0.19010 -0.01810
  0.23420 -0.01699
  0.28153 -0.01547
  0.33154 -0.01363
  0.38364 -0.01152
  0.43724 -0.00922
  0.49176 -0.00678
  0.54659 -0.00430
  0.60112 -0.00190
  0.65469  0.00030
  0.70664  0.00224
  0.75634  0.00379
  0.80313  0.00485
  0.84635  0.00535
  0.88534  0.00526
  0.91942  0.00458
  0.94797  0.00350
  0.97054  0.00226
  0.98684  0.00113
  0.99670  0.00030
  1.00000  0.00000
::::::::::::::
sd7032d.dap
::::::::::::::
  SD7032 (D)          
  1.00000 -0.00035
  0.99864  0.00040
  0.99665  0.00110
  0.99353  0.00185
  0.98888  0.00276
  0.98259  0.00379
  0.97541  0.00481
  0.96809  0.00616
  0.96252  0.00712
  0.94859  0.00980
  0.93704  0.01181
  0.92652  0.01367
  0.91821  0.01508
  0.90582  0.01711
  0.89075  0.01972
  0.85677  0.02607
  0.82499  0.03159
  0.79355  0.03686
  0.75266  0.04431
  0.71060  0.05136
  0.66862  0.05770
  0.62429  0.06346
  0.56871  0.06980
  0.51073  0.07533
  0.45314  0.07952
  0.39660  0.08205
  0.34046  0.08289
  0.28613  0.08208
  0.24396  0.07994
  0.19704  0.07609
  0.17147  0.07271
  0.14238  0.06773
  0.11459  0.06170
  0.09965  0.05761
  0.08841  0.05421
  0.07620  0.05025
  0.06239  0.04531
  0.04837  0.03948
  0.03818  0.03453
  0.02912  0.02965
  0.01986  0.02401
  0.01227  0.01814
  0.00787  0.01368
  0.00240  0.00633
  0.00023 -0.00192
  0.00280 -0.00679
  0.00928 -0.01148
  0.01264 -0.01250
  0.01846 -0.01399
  0.02881 -0.01573
  0.04723 -0.01785
  0.06062 -0.01903
  0.07656 -0.02001
  0.09187 -0.02064
  0.10349 -0.02099
  0.12003 -0.02144
  0.14868 -0.02176
  0.17685 -0.02145
  0.20472 -0.02073
  0.24431 -0.01943
  0.28925 -0.01764
  0.33962 -0.01591
  0.40103 -0.01330
  0.45698 -0.01036
  0.51631 -0.00740
  0.57476 -0.00438
  0.62875 -0.00132
  0.67810  0.00055
  0.71802  0.00157
  0.75935  0.00282
  0.80501  0.00420
  0.83600  0.00481
  0.86820  0.00511
  0.89605  0.00491
  0.90948  0.00457
  0.92313  0.00380
  0.94075  0.00277
  0.95357  0.00173
  0.96655  0.00116
  0.97922  0.00045
  0.99036 -0.00013
  0.99484 -0.00029
  0.99844 -0.00040
  1.00000 -0.00035
::::::::::::::
sd7037.dat
::::::::::::::
  SD7037-092-88
  1.00000  0.0
  0.99672  0.00042
  0.98707  0.00180
  0.97146  0.00436
  0.95041  0.00811
  0.92450  0.01295
  0.89425  0.01865
  0.86015  0.02490
  0.82261  0.03141
  0.78201  0.03788
  0.73865  0.04413
  0.69294  0.05011
  0.64539  0.05572
  0.59655  0.06085
  0.54693  0.06538
  0.49706  0.06917
  0.44745  0.07211
  0.39862  0.07410
  0.35101  0.07504
  0.30508  0.07488
  0.26125  0.07358
  0.21989  0.07113
  0.18137  0.06754
  0.14601  0.06286
  0.11410  0.05715
  0.08586  0.05049
  0.06146  0.04300
  0.04102  0.03486
  0.02462  0.02632
  0.01232  0.01770
  0.00418  0.00936
  0.00021  0.00185
  0.00127 -0.00393
  0.00806 -0.00839
  0.02038 -0.01227
  0.03800 -0.01541
  0.06074 -0.01777
  0.08844 -0.01934
  0.12084 -0.02017
  0.15765 -0.02032
  0.19850 -0.01987
  0.24296 -0.01891
  0.29055 -0.01754
  0.34071 -0.01586
  0.39288 -0.01396
  0.44643 -0.01190
  0.50074 -0.00976
  0.55519 -0.00760
  0.60914 -0.00549
  0.66197 -0.00349
  0.71305 -0.00168
  0.76178 -0.00014
  0.80752  0.00104
  0.84964  0.00182
  0.88756  0.00220
  0.92071  0.00218
  0.94859  0.00185
  0.97077  0.00132
  0.98690  0.00071
  0.99671  0.00021
  1.00000  0.00000
::::::::::::::
sd7037d.dap
::::::::::::::
  SD7037 (D)          
    1.000000    0.000531
    0.999787   -0.000455
    0.997242    0.000384
    0.993842    0.000986
    0.988004    0.001842
    0.983810    0.002563
    0.974492    0.003975
    0.962218    0.005994
    0.951441    0.008011
    0.930687    0.011858
    0.908477    0.016176
    0.867055    0.023909
    0.826306    0.030771
    0.741657    0.043368
    0.655051    0.053766
    0.572086    0.061963
    0.486731    0.068293
    0.403007    0.072128
    0.358793    0.072950
    0.318373    0.072973
    0.277300    0.072409
    0.235306    0.070449
    0.211657    0.068751
    0.193808    0.067136
    0.172972    0.064870
    0.153702    0.062349
    0.139321    0.060143
    0.124416    0.057585
    0.112015    0.055103
    0.098447    0.052081
    0.083775    0.048338
    0.066637    0.043183
    0.058553    0.040438
    0.049253    0.036938
    0.039487    0.032809
    0.031363    0.028933
    0.024247    0.024878
    0.019042    0.021545
    0.012718    0.017075
    0.008913    0.013865
    0.005882    0.010877
    0.003001    0.007485
    0.000417    0.002774
    0.000801   -0.003914
    0.000566   -0.002958
    0.001736   -0.005161
    0.004633   -0.008195
    0.008636   -0.010262
    0.012710   -0.011774
    0.018737   -0.013512
    0.023656   -0.014727
    0.030407   -0.016087
    0.046046   -0.018476
    0.067529   -0.020547
    0.092285   -0.021827
    0.120318   -0.022627
    0.150586   -0.022882
    0.184329   -0.022879
    0.225467   -0.022397
    0.290855   -0.020547
    0.373813   -0.017506
    0.450585   -0.014286
    0.542481   -0.010129
    0.632898   -0.006254
    0.713813   -0.002705
    0.796616    0.000182
    0.841232    0.001342
    0.883378    0.002137
    0.906677    0.002256
    0.926704    0.002190
    0.949140    0.002082
    0.967585    0.001949
    0.980501    0.001595
    0.987536    0.001004
    0.993215    0.000838
    0.999754    0.000456
    1.000000    0.000531
::::::::::::::
sd7037e.dap
::::::::::::::
  SD7037 (E)          
    1.000000    0.000042
    0.999996   -0.000688
    0.996065    0.000105
    0.992011    0.000953
    0.988590    0.001536
    0.983657    0.002665
    0.977749    0.003776
    0.969384    0.005405
    0.961102    0.006994
    0.952161    0.008682
    0.942885    0.010377
    0.931188    0.012455
    0.920963    0.014311
    0.909389    0.016201
    0.901178    0.017785
    0.890252    0.019694
    0.881214    0.021271
    0.869803    0.023268
    0.854808    0.025710
    0.839587    0.028264
    0.827197    0.030313
    0.813882    0.032401
    0.802397    0.034163
    0.790073    0.036120
    0.778749    0.037792
    0.770315    0.039100
    0.718954    0.046488
    0.706117    0.048204
    0.680383    0.051492
    0.650192    0.055092
    0.613435    0.059199
    0.568818    0.063684
    0.522103    0.067697
    0.489009    0.070154
    0.449891    0.072553
    0.395148    0.074910
    0.344724    0.075937
    0.315172    0.075905
    0.300418    0.075720
    0.283731    0.075352
    0.257685    0.074444
    0.219063    0.072235
    0.182457    0.068940
    0.143768    0.063994
    0.135187    0.062572
    0.112626    0.058239
    0.090238    0.052905
    0.068352    0.046405
    0.044055    0.036967
    0.040052    0.035131
    0.023258    0.026399
    0.006333    0.012737
    0.002744    0.007462
    0.000933    0.003437
    0.000300   -0.001929
    0.000936   -0.003416
    0.001910   -0.004861
    0.002971   -0.006005
    0.005802   -0.008102
    0.007418   -0.008948
    0.013273   -0.011047
    0.017217   -0.012078
    0.019541   -0.012659
    0.022587   -0.013321
    0.024378   -0.013677
    0.028166   -0.014387
    0.033795   -0.015308
    0.038771   -0.015990
    0.047650   -0.017019
    0.052412   -0.017485
    0.060955   -0.018207
    0.067981   -0.018711
    0.078645   -0.019335
    0.084491   -0.019643
    0.099020   -0.020217
    0.104888   -0.020408
    0.171501   -0.021073
    0.179543   -0.021021
    0.192394   -0.020923
    0.199817   -0.020843
    0.214129   -0.020660
    0.295433   -0.018852
    0.369757   -0.016418
    0.424211   -0.014361
    0.449806   -0.013364
    0.543344   -0.009644
    0.586923   -0.007948
    0.696605   -0.003917
    0.726840   -0.002875
    0.778432   -0.001053
    0.801177   -0.000579
    0.819277   -0.000309
    0.836590    0.000003
    0.852414    0.000245
    0.872092    0.000403
    0.888099    0.000480
    0.908035    0.000835
    0.921219    0.000595
    0.939985    0.000739
    0.949454    0.000600
    0.956095    0.000564
    0.962524    0.000499
    0.969538    0.000430
    0.977614    0.000380
    0.980855    0.000394
    0.987097    0.000336
    0.989259    0.000242
    0.993064    0.000367
    0.995845    0.000349
    0.998116    0.000408
    0.999775    0.000688
    1.000000    0.000042
::::::::::::::
sd7062.dat
::::::::::::::
  SD7062 (14%)
  1.00000  0.0
  0.99652  0.00057
  0.98634  0.00242
  0.97004  0.00571
  0.94818  0.01036
  0.92127  0.01615
  0.88967  0.02289
  0.85381  0.03049
  0.81427  0.03885
  0.77166  0.04778
  0.72662  0.05702
  0.67973  0.06626
  0.63154  0.07517
  0.58254  0.08347
  0.53322  0.09089
  0.48402  0.09723
  0.43540  0.10229
  0.38779  0.10592
  0.34159  0.10801
  0.29720  0.10846
  0.25496  0.10722
  0.21521  0.10428
  0.17825  0.09965
  0.14432  0.09340
  0.11363  0.08562
  0.08637  0.07647
  0.06269  0.06616
  0.04272  0.05491
  0.02650  0.04300
  0.01410  0.03081
  0.00562  0.01871
  0.00103  0.00711
  0.00027 -0.00327
  0.00425 -0.01115
  0.01414 -0.01701
  0.02991 -0.02205
  0.05099 -0.02623
  0.07710 -0.02948
  0.10798 -0.03179
  0.14328 -0.03319
  0.18265 -0.03367
  0.22570 -0.03327
  0.27199 -0.03206
  0.32105 -0.03010
  0.37238 -0.02747
  0.42547 -0.02426
  0.47979 -0.02064
  0.53477 -0.01680
  0.58975 -0.01295
  0.64403 -0.00927
  0.69692 -0.00593
  0.74768 -0.00307
  0.79557 -0.00079
  0.83990  0.00087
  0.87998  0.00189
  0.91518  0.00230
  0.94491  0.00216
  0.96864  0.00163
  0.98593  0.00092
  0.99646  0.00027
  1.00000  0.00000
::::::::::::::
sd7062b.dap
::::::::::::::
  SD7062 (B)          
    1.000000    -.000507
     .997073     .001029
     .994900     .001633
     .990926     .002190
     .988446     .002702
     .985751     .003361
     .982300     .004208
     .977145     .005414
     .971938     .006635
     .965516     .008125
     .961474     .009036
     .953931     .010797
     .948413     .012055
     .941835     .013519
     .935319     .014966
     .928891     .016376
     .922034     .017885
     .912744     .019854
     .903462     .021864
     .892916     .024146
     .882195     .026433
     .872321     .028552
     .862514     .030637
     .850939     .033140
     .840338     .035391
     .829013     .037828
     .819344     .039886
     .809687     .041957
     .796468     .044751
     .784224     .047298
     .771394     .049966
     .759376     .052453
     .739066     .056607
     .721976     .060084
     .705180     .063472
     .686295     .067217
     .667370     .070865
     .650614     .074012
     .630090     .077698
     .613895     .080489
     .596511     .083370
     .575610     .086624
     .559342     .089052
     .542958     .091397
     .524957     .093794
     .506262     .096106
     .488981     .098116
     .468451     .100295
     .452712     .101828
     .434446     .103406
     .406876     .105398
     .391541     .106296
     .373400     .107204
     .350761     .108034
     .335804     .108435
     .324574     .108613
     .305451     .108714
     .291034     .108562
     .279973     .108303
     .270700     .107992
     .259461     .107474
     .251344     .107021
     .241943     .106373
     .235057     .105823
     .224277     .104873
     .215111     .103916
     .196992     .101722
     .176692     .098750
     .168184     .097308
     .150240     .093849
     .141849     .092012
     .125653     .088068
     .106391     .082566
     .095123     .078855
     .082887     .074340
     .076453     .071725
     .071474     .069561
     .064807     .066460
     .059693     .063929
     .049761     .058489
     .041382     .053250
     .032308     .046722
     .027498     .042864
     .024410     .040183
     .017080     .032969
     .011548     .026286
     .007730     .020858
     .004986     .016241
     .002827     .011712
     .001253     .007256
     .000231     .003080
     .000726    -.005647
     .003944    -.010735
     .005187    -.011992
     .007735    -.014023
     .011350    -.016203
     .014405    -.017621
     .018278    -.019100
     .023068    -.020631
     .025559    -.021322
     .030396    -.022588
     .034524    -.023537
     .038920    -.024460
     .043660    -.025327
     .047936    -.026105
     .052927    -.026905
     .057911    -.027620
     .061785    -.028138
     .067068    -.028789
     .072929    -.029442
     .079175    -.030066
     .084841    -.030561
     .093684    -.031258
     .101526    -.031814
     .109703    -.032310
     .121191    -.032883
     .131214    -.033305
     .142138    -.033665
     .155970    -.033974
     .163165    -.034083
     .178663    -.034219
     .193898    -.034244
     .214568    -.034088
     .233594    -.033789
     .248235    -.033465
     .268892    -.032904
     .286968    -.032311
     .302933    -.031689
     .352114    -.029240
     .427466    -.024441
     .464810    -.021776
     .509009    -.018484
     .553293    -.015133
     .583971    -.012808
     .624633    -.009753
     .653783    -.007627
     .673644    -.006187
     .698167    -.004457
     .732663    -.002221
     .761778    -.000499
     .787025     .000791
     .808614     .001671
     .845139     .002892
     .859208     .003208
     .881444     .003530
     .900032     .003586
     .928955     .003194
     .943584     .002733
     .953696     .002196
     .974717     .000594
     .981358    -.000182
     .992170    -.001471
     .995091    -.001603
    1.000000    -.000507
::::::::::::::
sd7080.dap
::::::::::::::
  SD7080              
    1.000000     .000440
     .999676     .000109
     .997439     .000549
     .993737     .001096
     .988485     .001790
     .983890     .002240
     .977742     .003081
     .974859     .003472
     .970508     .004063
     .967344     .004460
     .961542     .005202
     .957397     .005887
     .951732     .006809
     .946151     .007647
     .939517     .008713
     .934042     .009533
     .927169     .010554
     .920274     .011644
     .911421     .012971
     .904798     .014087
     .895582     .015041
     .885993     .016915
     .879624     .018032
     .865986     .020279
     .854579     .022031
     .843206     .023835
     .830718     .026071
     .817942     .028090
     .806337     .029918
     .792849     .031939
     .774782     .034516
     .758645     .036992
     .740822     .039422
     .722953     .041914
     .706953     .044184
     .696873     .045986
     .687066     .047542
     .677880     .048479
     .670283     .049190
     .654876     .050105
     .636631     .052098
     .603287     .055953
     .567279     .058873
     .532377     .061141
     .495219     .063385
     .460185     .065625
     .425435     .067585
     .390867     .068708
     .350782     .069624
     .313753     .069464
     .296744     .069349
     .278026     .069125
     .260679     .068737
     .221950     .067295
     .204252     .066352
     .166441     .062677
     .157424     .061564
     .148863     .060334
     .139125     .058939
     .119433     .055654
     .098710     .051492
     .079730     .046783
     .066928     .042463
     .052801     .037283
     .042266     .032777
     .032474     .028153
     .023440     .023418
     .014944     .018359
     .010593     .015403
     .003478     .009318
     .000079     .001418
     .000781    -.002132
     .003697    -.006286
     .009563    -.009493
     .011669    -.010172
     .018385    -.012061
     .023793    -.013250
     .028831    -.014175
     .033645    -.014917
     .040165    -.015851
     .043392    -.016258
     .049077    -.017049
     .054225    -.017702
     .060326    -.018505
     .068775    -.019545
     .077905    -.020570
     .083702    -.021168
     .093872    -.022073
     .104860    -.022940
     .113112    -.023496
     .123213    -.024074
     .131525    -.024499
     .141003    -.024915
     .148536    -.025173
     .157923    -.025483
     .166990    -.025720
     .176515    -.025992
     .187656    -.026251
     .195513    -.026422
     .207052    -.026593
     .214229    -.026753
     .236043    -.026996
     .248884    -.026990
     .289031    -.026264
     .322315    -.025366
     .393450    -.023247
     .419592    -.022363
     .481641    -.020027
     .541914    -.017458
     .561660    -.016662
     .604511    -.014868
     .659081    -.012360
     .708537    -.010423
     .782562    -.007585
     .806810    -.006715
     .847734    -.005376
     .882804    -.004150
     .913622    -.003345
     .949746    -.002129
     .970702    -.001527
     .987566    -.000671
     .998633    -.000106
    1.000000     .000440
::::::::::::::
sd7080.dat
::::::::::::::
  SD7080 (9.2%)
  1.00000  0.0
  0.99671  0.00037
  0.98701  0.00162
  0.97133  0.00395
  0.95018  0.00743
  0.92413  0.01195
  0.89372  0.01728
  0.85943  0.02313
  0.82169  0.02919
  0.78084  0.03519
  0.73720  0.04097
  0.69117  0.04647
  0.64326  0.05163
  0.59402  0.05635
  0.54399  0.06052
  0.49371  0.06404
  0.44370  0.06680
  0.39448  0.06871
  0.34656  0.06969
  0.30040  0.06966
  0.25644  0.06858
  0.21509  0.06641
  0.17670  0.06312
  0.14157  0.05875
  0.10996  0.05334
  0.08210  0.04699
  0.05814  0.03983
  0.03821  0.03203
  0.02237  0.02383
  0.01068  0.01558
  0.00322  0.00763
  0.00003  0.00061
  0.00216 -0.00492
  0.01016 -0.00948
  0.02347 -0.01354
  0.04198 -0.01694
  0.06549 -0.01962
  0.09383 -0.02156
  0.12676 -0.02279
  0.16397 -0.02337
  0.20508 -0.02338
  0.24962 -0.02289
  0.29710 -0.02194
  0.34700 -0.02059
  0.39877 -0.01891
  0.45183 -0.01696
  0.50559 -0.01480
  0.55945 -0.01250
  0.61281 -0.01015
  0.66505 -0.00783
  0.71557 -0.00564
  0.76376 -0.00366
  0.80900 -0.00201
  0.85068 -0.00072
  0.88820  0.00017
  0.92104  0.00069
  0.94871  0.00087
  0.97079  0.00076
  0.98689  0.00047
  0.99671  0.00015
  1.00000 -0.00000
::::::::::::::
sg6040.dap
::::::::::::::
  SG6040              
    1.000000     .000006
     .990257     .003428
     .978254     .006663
     .967704     .009421
     .953015     .013125
     .937041     .017163
     .916933     .022128
     .898505     .026619
     .877553     .031598
     .858089     .036131
     .837214     .040903
     .813155     .046224
     .789662     .051283
     .754349     .058615
     .716212     .066183
     .672650     .074113
     .636282     .080206
     .590260     .087114
     .547813     .092567
     .507345     .096920
     .466149     .100440
     .424774     .102952
     .383185     .104211
     .342633     .104183
     .320226     .103622
     .302277     .102869
     .276712     .101267
     .256304     .099512
     .237569     .097508
     .217624     .094921
     .195055     .091444
     .175745     .087983
     .153080     .083330
     .133154     .078650
     .116568     .074260
     .095289     .067829
     .080136     .062573
     .071301     .059201
     .060314     .054663
     .049575     .049735
     .042052     .045920
     .035652     .042351
     .027242     .037036
     .017508     .029418
     .013300     .025331
     .009096     .020461
     .006482     .016829
     .003297     .011260
     .000877     .005103
     .000408    -.003392
     .002736    -.008860
     .004663    -.011362
     .009326    -.015741
     .015088    -.019668
     .023373    -.023877
     .028259    -.025969
     .037461    -.029435
     .051089    -.033608
     .069131    -.037952
     .089311    -.041774
     .105667    -.044335
     .121055    -.046383
     .147057    -.049274
     .166821    -.051086
     .191510    -.052963
     .221961    -.054778
     .257496    -.056248
     .299784    -.057153
     .331384    -.057317
     .369200    -.057019
     .407808    -.055939
     .446224    -.053990
     .493402    -.050372
     .532870    -.046107
     .572141    -.040973
     .618001    -.034613
     .654619    -.029495
     .697234    -.023583
     .735663    -.018443
     .765699    -.014618
     .787801    -.011999
     .823662    -.008215
     .842940    -.006318
     .864630    -.004411
     .883358    -.003024
     .902438    -.001874
     .919101    -.001062
     .938192    -.000360
     .951900    -.000020
     .967799     .000108
     .979248    -.000064
     .991689    -.000519
    1.000000     .000006
::::::::::::::
sg6040.dat
::::::::::::::
SG6040
       1.00000      .00000
        .99788      .00048
        .99183      .00207
        .98233      .00477
        .96977      .00845
        .95442      .01283
        .93637      .01766
        .91559      .02285
        .89221      .02845
        .86647      .03446
        .83861      .04080
        .80887      .04739
        .77752      .05415
        .74482      .06094
        .71104      .06759
        .67632      .07394
        .64081      .07992
        .60477      .08541
        .56837      .09032
        .53180      .09461
        .49526      .09815
        .45891      .10089
        .42297      .10279
        .38758      .10378
        .35286      .10386
        .31903      .10299
        .28619      .10116
        .25449      .09843
        .22405      .09479
        .19496      .09028
        .16734      .08506
        .14137      .07921
        .11719      .07283
        .09496      .06598
        .07481      .05875
        .05686      .05123
        .04123      .04347
        .02798      .03559
        .01725      .02771
        .00913      .01987
        .00362      .01212
        .00072      .00449
        .00027     -.00268
        .00289     -.00884
        .00906     -.01450
        .01829     -.02023
        .03027     -.02580
        .04483     -.03103
        .06202     -.03566
        .08193     -.03971
        .10446     -.04336
        .12939     -.04657
        .15655     -.04937
        .18574     -.05172
        .21677     -.05361
        .24943     -.05503
        .28349     -.05594
        .31873     -.05632
        .35490     -.05613
        .39177     -.05528
        .42916     -.05371
        .46691     -.05132
        .50479     -.04801
        .54298     -.04368
        .58164     -.03863
        .62049     -.03323
        .65925     -.02772
        .69762     -.02231
        .73526     -.01718
        .77181     -.01250
        .80690     -.00840
        .84016     -.00497
        .87120     -.00228
        .89963     -.00033
        .92511      .00090
        .94728      .00148
        .96587      .00154
        .98063      .00122
        .99132      .00070
        .99782      .00022
       1.00000      .00000
::::::::::::::
sg6041.dap
::::::::::::::
  SG6041              
    1.000000    -.000051
     .999026     .001377
     .992805     .002673
     .980580     .005145
     .967638     .007700
     .954365     .010254
     .937734     .013440
     .919961     .016780
     .898689     .020670
     .877220     .024526
     .857369     .028032
     .839575     .031067
     .815503     .035072
     .795106     .038323
     .758328     .043667
     .715657     .049248
     .671824     .054385
     .633162     .058424
     .590230     .062244
     .546554     .065330
     .504458     .067699
     .460481     .069516
     .419001     .070526
     .384849     .070844
     .338242     .070658
     .318703     .070328
     .299172     .069815
     .272457     .068834
     .255117     .068012
     .237450     .067002
     .219416     .065786
     .196070     .063901
     .175947     .061948
     .158545     .059958
     .129656     .055878
     .111115     .052693
     .092814     .049022
     .077046     .045316
     .068381     .043027
     .056424     .039460
     .048272     .036734
     .037872     .032729
     .031427     .029873
     .025442     .026862
     .018514     .022802
     .013200     .019062
     .009625     .016108
     .006936     .013430
     .003250     .008678
     .001171     .004868
     .000090    -.001334
     .001249    -.004997
     .004718    -.008559
     .008458    -.010567
     .015092    -.012973
     .026036    -.015875
     .034203    -.017550
     .041634    -.018793
     .049593    -.019911
     .069334    -.022119
     .080636    -.023148
     .099120    -.024550
     .124936    -.025962
     .143609    -.026761
     .159833    -.027360
     .180246    -.028018
     .204505    -.028618
     .230939    -.029084
     .250739    -.029359
     .270006    -.029580
     .294076    -.029783
     .307303    -.029885
     .324588    -.029957
     .371017    -.029914
     .414292    -.029510
     .456690    -.028826
     .498541    -.027789
     .541578    -.026228
     .581343    -.024385
     .626748    -.021749
     .667176    -.019015
     .707135    -.016055
     .744035    -.013281
     .775580    -.010948
     .826857    -.007419
     .848748    -.006071
     .890866    -.003682
     .929442    -.001987
     .987541    -.001293
     .999440    -.001377
    1.000000    -.000051
::::::::::::::
sg6041.dat
::::::::::::::
SG6041
    1.000000000000000000   .000000000000000000
     .998013151154335890   .000294877939375537
     .992266406104953980   .001317336157412908
     .983111970105127670   .003104007061708763
     .970838816837376580   .005600366508986169
     .955679134512949350   .008674440954868171
     .937783648263115670   .012165659388984571
     .917218029285922400   .015996894595942949
     .894118078181877960   .020180227779061997
     .868722424569570960   .024690357640454237
     .841269068341543400   .029455689871205708
     .812004794871965530   .034380312285656709
     .781187091823509940   .039334594425538603
     .749007122399168070   .044077361203045227
     .715523507952486340   .048491743224638775
     .680874291771619950   .052607218030093028
     .645260457893811970   .056345397446964363
     .608844730892171170   .059672153203668685
     .571855652403984220   .062578836436077427
     .534483285860036970   .065018838618178423
     .496916626250668700   .066989044319880957
     .459392578361294660   .068467753596525505
     .422113347179591970   .069439581755868005
     .385293583524560560   .069910637044239081
     .349150800391535920   .069866248504299913
     .313885323609958890   .069308736097055066
     .279714044650362670   .068241929883411547
     .246825684052910610   .066661402013398003
     .215399827803754110   .064584368859440566
     .185630207472789690   .062013856548397879
     .157673982947960650   .058960921873552197
     .131692770490870030   .055456733527722104
     .107826690279669730   .051493935283042882
     .086178760706286610   .047100389794618778
     .066899461715131388   .042309407278227598
     .050021909732710697   .037108608009660360
     .035549988813218691   .031590093100142247
     .023605299088214182   .025776327160912778
     .014111176480769649   .019712968088657385
     .007021078317521190   .013658360782571508
     .002412045130380958   .007674401879497518
     .000156664335235424   .001939105267864265
     .000290753891695972  -.002698910514083450
     .003777034129707757  -.006447502675673688
     .010801900911871165  -.010098697869606872
     .020731638952609099  -.013459520322852918
     .033610122789289210  -.016372340504495979
     .049479193868782634  -.018876117728692527
     .068286267105147953  -.021039123986368731
     .089895840152611868  -.022942019525760542
     .114129858998927800  -.024610424437308422
     .140813654452754840  -.026052731230198001
     .169759491497190940  -.027275687416722825
     .200768359419082330  -.028281105644289596
     .233630036080701850  -.029069102247321567
     .268124285600894830  -.029637184509347074
     .304021424099929490  -.029981665702678310
     .341083854852015200  -.030095948349513515
     .379067202809615280  -.029971317896732996
     .417722009533321260  -.029594157166049211
     .456793263774278290  -.028944760747856746
     .496038464941422760  -.027970626828587033
     .535244703783320560  -.026632001693859255
     .574233255018523360  -.024927004375301718
     .612837068514914480  -.022846059567864581
     .650899524055040240  -.020373678338197738
     .688322341062753560  -.017629608252144009
     .724924753401498910  -.014824489172673577
     .760407909549533480  -.012101446362454265
     .794475663048244220  -.009562225442285030
     .826830943650877790  -.007283829463725090
     .857179805953581390  -.005319241738361558
     .885236080054559340  -.003698630447903792
     .910725961747908030  -.002427972229349678
     .933393040180529180  -.001488978247381932
     .952999341903696970  -.000832196426132098
     .969380574859922820  -.000364782753208917
     .982441077571538560  -.000048911700017964
     .992039899846065330   .000084164448909352
     .997977089188373690   .000063810429409369
     .999999999999999820   .000000000000000036
::::::::::::::
sg6042.dap
::::::::::::::
  SG6042              
    1.000000    -.000650
     .998202     .001168
     .995619     .001917
     .992818     .002687
     .987484     .004083
     .983981     .005022
     .980195     .006007
     .975572     .007210
     .971117     .008371
     .966728     .009509
     .961749     .010777
     .957130     .011952
     .950621     .013582
     .940805     .015995
     .935847     .017207
     .928971     .018927
     .923289     .020282
     .915597     .022127
     .908568     .023788
     .900495     .025686
     .893358     .027329
     .886144     .028989
     .876038     .031223
     .867869     .033032
     .860087     .034722
     .850658     .036728
     .839787     .039009
     .827945     .041430
     .814233     .044172
     .797417     .047413
     .779451     .050767
     .762788     .053743
     .741910     .057396
     .724736     .060229
     .707078     .062965
     .689592     .065554
     .668328     .068332
     .650260     .070594
     .632070     .072682
     .615191     .074496
     .596808     .076342
     .579459     .077983
     .561495     .079434
     .543480     .080798
     .526491     .081948
     .507959     .083050
     .488292     .084020
     .471371     .084748
     .451859     .085467
     .432984     .085941
     .417409     .086188
     .401690     .086379
     .380850     .086383
     .358127     .086162
     .344421     .085889
     .321858     .085185
     .308050     .084609
     .298355     .084150
     .290285     .083742
     .279271     .083125
     .272108     .082683
     .261714     .081999
     .254527     .081477
     .243672     .080616
     .225204     .078956
     .217254     .078167
     .198488     .076051
     .180312     .073677
     .160608     .070744
     .143979     .067944
     .123920     .064100
     .116253     .062479
     .097605     .058099
     .092467     .056775
     .074850     .051735
     .070645     .050400
     .061173     .047163
     .054385     .044640
     .038960     .038006
     .030253     .033520
     .026566     .031396
     .018839     .026321
     .012584     .021328
     .007601     .016272
     .002675     .009063
     .000737     .004387
     .000398     .003050
     .000040     .000953
     .000286    -.002606
     .002548    -.006194
     .004175    -.007383
     .006575    -.008628
     .009510    -.009771
     .012790    -.010852
     .016643    -.011914
     .020745    -.012902
     .025870    -.013939
     .030151    -.014653
     .035833    -.015417
     .038993    -.015791
     .046084    -.016451
     .054887    -.017083
     .057901    -.017253
     .067341    -.017683
     .077548    -.018020
     .086022    -.018209
     .094345    -.018350
     .104059    -.018429
     .115208    -.018479
     .125563    -.018479
     .133551    -.018455
     .143402    -.018409
     .161557    -.018306
     .177881    -.018151
     .195469    -.017955
     .233146    -.017334
     .250515    -.017002
     .268032    -.016624
     .287990    -.016193
     .305126    -.015811
     .321892    -.015399
     .355891    -.014523
     .393870    -.013487
     .431270    -.012283
     .465635    -.011036
     .497767    -.009759
     .538861    -.007959
     .574781    -.006268
     .609969    -.004596
     .648623    -.002748
     .684690    -.001050
     .721340     .000571
     .738338     .001245
     .755296     .001877
     .773671     .002479
     .791691     .002954
     .828982     .003754
     .865301     .004091
     .883293     .004064
     .920521     .003464
     .952986     .002246
     .968782     .001241
     .978383     .000474
     .998210    -.001166
    1.000000    -.000650
::::::::::::::
sg6042.dat
::::::::::::::
SG6042
       1.00000      .00000
        .99806      .00048
        .99249      .00203
        .98372      .00463
        .97210      .00811
        .95784      .01223
        .94102      .01672
        .92161      .02148
        .89968      .02657
        .87546      .03195
        .84915      .03756
        .82098      .04333
        .79117      .04914
        .75995      .05489
        .72757      .06038
        .69410      .06544
        .65962      .07006
        .62435      .07417
        .58844      .07772
        .55208      .08071
        .51546      .08310
        .47877      .08486
        .44221      .08600
        .40597      .08648
        .37024      .08634
        .33522      .08556
        .30110      .08415
        .26808      .08215
        .23633      .07956
        .20603      .07639
        .17735      .07269
        .15044      .06847
        .12544      .06379
        .10249      .05866
        .08169      .05313
        .06316      .04726
        .04698      .04105
        .03315      .03458
        .02179      .02795
        .01284      .02119
        .00619      .01446
        .00197      .00797
        .00011      .00182
        .00035     -.00341
        .00371     -.00730
        .01068     -.01042
        .02068     -.01311
        .03369     -.01516
        .04982     -.01659
        .06901     -.01751
        .09117     -.01805
        .11611     -.01826
        .14365     -.01821
        .17358     -.01792
        .20570     -.01744
        .23979     -.01679
        .27559     -.01599
        .31286     -.01506
        .35135     -.01401
        .39078     -.01286
        .43089     -.01159
        .47140     -.01016
        .51208     -.00853
        .55277     -.00671
        .59330     -.00475
        .63345     -.00273
        .67298     -.00077
        .71161      .00102
        .74904      .00255
        .78494      .00377
        .81900      .00462
        .85093      .00510
        .88041      .00521
        .90718      .00496
        .93097      .00442
        .95153      .00364
        .96868      .00273
        .98224      .00178
        .99204      .00090
        .99800      .00026
       1.00000      .00000



::::::::::::::
sg6043.dap
::::::::::::::
SG6043
    1.000000    -.000603
     .994606     .002928
     .990689     .004456
     .979484     .008633
     .967935     .012765
     .955334     .017117
     .939423     .022411
     .922348     .027735
     .903451     .033213
     .884850     .038313
     .861858     .044349
     .841114     .049561
     .819573     .054756
     .793549     .060782
     .757334     .068541
     .718159     .076081
     .679082     .082645
     .637075     .088625
     .592620     .093843
     .549886     .097806
     .509859     .100523
     .465124     .102496
     .427166     .103401
     .385877     .103477
     .344829     .102377
     .328380     .101592
     .301691     .099954
     .280604     .098326
     .262050     .096627
     .242337     .094514
     .222091     .091947
     .200136     .088707
     .179314     .085153
     .160746     .081619
     .136178     .076310
     .118221     .071816
     .097613     .065835
     .084085     .061425
     .070085     .056369
     .061230     .052851
     .055757     .050506
     .048958     .047379
     .039451     .042533
     .032054     .038253
     .026169     .034409
     .019728     .029647
     .014747     .025399
     .010473     .021163
     .004154     .012705
     .000636     .004917
     .000649    -.005171
     .002670    -.007347
     .006327    -.009502
     .015762    -.012256
     .023207    -.013403
     .032242    -.014219
     .039442    -.014563
     .047438    -.014725
     .055287    -.014716
     .068343    -.014423
     .089013    -.013601
     .113692    -.012387
     .136852    -.011130
     .156116    -.010035
     .176201    -.008883
     .198766    -.007569
     .219436    -.006359
     .245610    -.004806
     .259814    -.003986
     .290061    -.002224
     .322649    -.000367
     .367286     .002131
     .409115     .004433
     .450713     .006658
     .495368     .009025
     .535866     .011078
     .571233     .012820
     .626597     .015185
     .662077     .016308
     .703788     .017168
     .719680     .017319
     .745125     .017375
     .780903     .017133
     .807263     .016788
     .831453     .016168
     .852584     .015292
     .875426     .014114
     .894600     .012891
     .912014     .011739
     .931159     .010207
     .950120     .008187
     .961189     .006663
     .976884     .004074
     .988165     .001647
     .999866    -.000710
    1.000000    -.000603
::::::::::::::
sg6043.dat
::::::::::::::
SG6043
    1.000000000000000000   .000000000000000000
     .998105339845262310   .000656862739597006
     .992735199075479710   .002712859462363678
     .984387293600235760   .006072096145562790
     .973434229283543930   .010465255620465557
     .960071878120812630   .015523926150920559
     .944288154319668570   .020916281954372780
     .925966698664775120   .026547504071470223
     .905161387979402040   .032475777744454430
     .882072183206081210   .038683159205771265
     .856884195440576410   .045099148824880517
     .829794533653582530   .051648762682931659
     .801008645451188530   .058240948368295058
     .770741593541770160   .064777002525935101
     .739215025070528320   .071138939830504944
     .706663483863616370   .077173768817990451
     .673195663851019080   .082684129269782360
     .638892929631063740   .087606576263550036
     .603962552164780500   .091903809650593686
     .568537298746828770   .095505674216381333
     .532761986752801420   .098415872740482158
     .496847333072218960   .100592316298665470
     .460955020863372060   .102010787691651770
     .425276725444095320   .102690116221193660
     .389995814566865830   .102599861102647830
     .355272374842059070   .101752573373779900
     .321306375213769170   .100174897065616040
     .288269643331297680   .097880053431930634
     .256330445857930080   .094905203127262681
     .225671393635180980   .091274836807787469
     .196447699096541480   .087021235296660713
     .168817434803355760   .082199608440203935
     .142926767503770320   .076839363597222041
     .118895692416910120   .070995896352607515
     .096866342760330344   .064730921599871856
     .076936309929601876   .058094424466832750
     .059198068187306667   .051170011496704007
     .043757105338189106   .043981699659353115
     .030622095718040643   .036590761354106056
     .019828496884603197   .029159485494119931
     .011416815851691520   .021706438721433639
     .005277242313972086   .014355128571504149
     .001496636731574297   .007410405832434996
     .000024997589753384   .000942881824972261
     .000588835267318899  -.004677907663538733
     .003930641417808412  -.008595071986264918
     .010772229818269863  -.011195072927667737
     .020868186692054258  -.013164288161722351
     .034086445932292153  -.014302992444232014
     .050504936028241794  -.014598800524889832
     .070145397478925009  -.014215755910441032
     .092915329813700875  -.013293532660687652
     .118637438248398670  -.011970500171508849
     .147117958730227920  -.010343524710695087
     .178147023855872890  -.008477739403324032
     .211498785392193910  -.006446023683737825
     .246927172914967490  -.004303866958867367
     .284172119996335620  -.002104281240001811
     .322960810847956250   .000114921757970120
     .363008056238115050   .002319234604808537
     .404014539441310380   .004498969214037248
     .445705579460427970   .006689842434667424
     .487849391387112250   .008933668559868719
     .530290345598545090   .011167557231376275
     .572862809453526370   .013270162257286620
     .615252076638682150   .015037887132639158
     .657041807958119420   .016351606797059615
     .697849984512411670   .017212369265639335
     .737347331124687600   .017604627183751527
     .775201991002807760   .017514129306736502
     .811085512985906480   .016945663831366171
     .844678036756860880   .015916531634635954
     .875671114156256710   .014467258451659022
     .903773048768541360   .012654358945563475
     .928712141755983470   .010558794016424669
     .950241862761666310   .008276024838036365
     .968141971462296170   .005908002949703175
     .982146370959062590   .003613515741848336
     .992088534670918600   .001700825822257189
     .998026337257349280   .000453293782597992
     .999999999999999640   .000000000000000053
::::::::::::::
trainer60.dat
::::::::::::::
  TRAINER60
 1.000000       0.003185
 0.997540       0.005714
 0.990700       0.010009
 0.980370       0.011484
 0.966980       0.010387
 0.950440       0.010252
 0.930640       0.010684
 0.907750       0.012469
 0.882020       0.016609
 0.853700       0.021789
 0.823090       0.027109
 0.790480       0.032331
 0.756160       0.037557
 0.720430       0.042964
 0.683590       0.048611
 0.645940       0.054465
 0.607780       0.060510
 0.569370       0.066568
 0.530990       0.072239
 0.492650       0.077322
 0.454350       0.081829
 0.416380       0.085729
 0.378870       0.088950
 0.342040       0.091378
 0.306090       0.092819
 0.271200       0.093034
 0.237600       0.091969
 0.205490       0.089867
 0.175040       0.086976
 0.146480       0.083240
 0.119990       0.078439
 0.095760       0.072371
 0.073950       0.065050
 0.054680       0.056881
 0.038110       0.048398
 0.024330       0.039859
 0.013380       0.031019
 0.005480       0.021182
 0.000980       0.009788
 0.000000       0.001166
 0.000980      -0.007076
 0.005480      -0.017397
 0.013380      -0.026742
 0.024330      -0.035600
 0.038110      -0.044257
 0.054680      -0.052773
 0.073950      -0.060946
 0.095760      -0.068412
 0.119990      -0.074764
 0.146480      -0.079792
 0.175040      -0.083671
 0.205490      -0.086674
 0.237600      -0.088864
 0.271200      -0.090048
 0.306090      -0.090043
 0.342040      -0.088848
 0.378870      -0.086658
 0.416380      -0.083707
 0.454350      -0.080022
 0.492650      -0.075530
 0.530990      -0.070300
 0.569370      -0.064622
 0.607780      -0.058941
 0.645940      -0.053447
 0.683590      -0.048006
 0.720430      -0.042495
 0.756160      -0.037036
 0.790480      -0.031861
 0.823090      -0.026990
 0.853700      -0.022223
 0.882020      -0.017468
 0.907750      -0.013184
 0.930640      -0.010637
 0.950440      -0.011123
 0.966980      -0.013591
 0.980370      -0.014815
 0.990700      -0.012156
 0.997540      -0.006587
 0.999997      -0.003499
::::::::::::::
trnr60.dap
::::::::::::::
  Trainer 60          
    1.000000   -0.002252
    0.999180    0.004936
    0.998472    0.007778
    0.997293    0.008574
    0.996356    0.009072
    0.993023    0.010306
    0.989848    0.010755
    0.985984    0.010663
    0.980215    0.010924
    0.976303    0.010941
    0.970544    0.010755
    0.964440    0.010896
    0.957958    0.010796
    0.952449    0.010853
    0.946586    0.010889
    0.941023    0.010934
    0.933333    0.011285
    0.925677    0.011749
    0.917273    0.012664
    0.907578    0.013922
    0.898655    0.015097
    0.888313    0.016803
    0.873183    0.019033
    0.857067    0.021564
    0.835681    0.024848
    0.809258    0.028759
    0.764008    0.035783
    0.709023    0.043857
    0.659556    0.051015
    0.610397    0.058076
    0.559710    0.065444
    0.491912    0.074745
    0.424009    0.082478
    0.358419    0.087493
    0.316586    0.089199
    0.276825    0.089532
    0.240984    0.088447
    0.199072    0.085962
    0.174799    0.083517
    0.139029    0.078705
    0.124074    0.075984
    0.106489    0.071899
    0.089037    0.066820
    0.077005    0.062626
    0.069213    0.059571
    0.064402    0.057580
    0.054308    0.052972
    0.043441    0.047263
    0.027800    0.037086
    0.014659    0.025956
    0.014940    0.026219
    0.008896    0.020193
    0.003704    0.013808
    0.001774    0.009732
    0.001084    0.007826
    0.000017    0.000947
    0.000884   -0.007120
    0.001772   -0.009944
    0.003646   -0.014293
    0.004379   -0.015775
    0.006085   -0.018884
    0.009014   -0.023239
    0.013954   -0.028991
    0.025487   -0.039173
    0.030188   -0.042754
    0.036238   -0.046872
    0.048183   -0.053764
    0.054208   -0.056743
    0.061706   -0.060093
    0.069980   -0.063484
    0.081047   -0.067559
    0.089570   -0.070386
    0.098978   -0.073199
    0.104585   -0.074714
    0.113255   -0.076864
    0.131500   -0.080533
    0.146414   -0.082850
    0.158373   -0.084424
    0.176354   -0.086436
    0.188575   -0.087603
    0.205864   -0.088932
    0.221879   -0.089772
    0.232331   -0.090119
    0.249381   -0.090478
    0.282165   -0.090725
    0.322607   -0.089947
    0.370466   -0.087490
    0.421961   -0.083435
    0.536757   -0.069357
    0.628547   -0.056215
    0.779870   -0.033445
    0.854931   -0.021709
    0.892228   -0.015381
    0.919718   -0.010993
    0.942379   -0.008961
    0.983436   -0.007230
    0.994514   -0.004926
    1.000000   -0.002252
::::::::::::::
ultimate.dap
::::::::::::::
  Ultimate            
    1.000000   -0.000671
    0.999787    0.004216
    0.997634    0.004773
    0.994516    0.005195
    0.991459    0.005728
    0.987310    0.006362
    0.982864    0.007129
    0.977348    0.007847
    0.971549    0.008786
    0.966562    0.009565
    0.959948    0.010585
    0.952694    0.011676
    0.945303    0.012627
    0.937254    0.013825
    0.928319    0.014977
    0.916796    0.016591
    0.907050    0.017977
    0.885953    0.020720
    0.863565    0.023732
    0.837995    0.027031
    0.796910    0.032191
    0.761360    0.036326
    0.707649    0.041982
    0.655746    0.047087
    0.612387    0.051027
    0.557737    0.055432
    0.499040    0.059450
    0.425920    0.063310
    0.371540    0.064968
    0.313127    0.065220
    0.283401    0.064501
    0.264751    0.063737
    0.244206    0.062577
    0.230501    0.061621
    0.212561    0.060183
    0.204208    0.059447
    0.198067    0.058854
    0.191660    0.058222
    0.184249    0.057427
    0.175560    0.056453
    0.161932    0.054795
    0.151767    0.053443
    0.144635    0.052429
    0.136525    0.051212
    0.128559    0.049925
    0.122651    0.048909
    0.113466    0.047229
    0.104664    0.045474
    0.097818    0.044017
    0.087229    0.041603
    0.076976    0.039134
    0.067851    0.036859
    0.060197    0.034864
    0.051074    0.032204
    0.043351    0.029746
    0.036359    0.027298
    0.023759    0.022082
    0.020267    0.020366
    0.011868    0.015744
    0.010355    0.014797
    0.005561    0.011129
    0.004101    0.009659
    0.002780    0.008030
    0.001562    0.006047
    0.000507    0.003489
    0.000152   -0.001873
    0.001604   -0.006138
    0.005252   -0.010767
    0.009494   -0.014114
    0.015473   -0.017825
    0.017474   -0.018974
    0.025682   -0.023087
    0.031764   -0.025611
    0.042622   -0.029607
    0.051830   -0.032581
    0.063251   -0.035870
    0.074563   -0.038917
    0.080627   -0.040446
    0.091143   -0.042849
    0.100263   -0.044816
    0.113198   -0.047418
    0.120157   -0.048724
    0.133729   -0.051066
    0.145440   -0.052899
    0.161251   -0.055143
    0.190443   -0.058509
    0.280349   -0.064679
    0.343645   -0.065582
    0.400417   -0.064325
    0.462580   -0.061502
    0.526315   -0.057320
    0.608494   -0.050695
    0.668928   -0.044864
    0.724412   -0.038859
    0.768456   -0.033725
    0.806378   -0.029011
    0.835405   -0.025477
    0.869300   -0.021091
    0.886811   -0.018989
    0.903084   -0.016934
    0.913791   -0.015558
    0.923619   -0.014316
    0.932737   -0.013138
    0.940729   -0.012088
    0.948923   -0.011056
    0.958791   -0.009752
    0.962434   -0.009185
    0.964812   -0.008998
    0.968659   -0.008405
    0.975551   -0.007581
    0.978194   -0.007176
    0.986857   -0.006136
    0.989074   -0.005838
    0.995027   -0.004952
    0.998935   -0.004515
    0.999312   -0.004216
    1.000000   -0.000671
::::::::::::::
ultimate.dat
::::::::::::::
  ULTIMATE
 1.000000       0.002886
 0.997540       0.002863
 0.990700       0.003094
 0.980370       0.004027
 0.966980       0.005805
 0.950440       0.008274
 0.930640       0.011103
 0.907750       0.013982
 0.882020       0.016972
 0.853700       0.020447
 0.823090       0.024581
 0.790480       0.029046
 0.756160       0.033444
 0.720430       0.037602
 0.683590       0.041508
 0.645940       0.045227
 0.607780       0.048794
 0.569370       0.052159
 0.530990       0.055209
 0.492650       0.057869
 0.454350       0.060114
 0.416380       0.061916
 0.378870       0.063171
 0.342040       0.063718
 0.306090       0.063459
 0.271200       0.062388
 0.237600       0.060562
 0.205490       0.058079
 0.175040       0.055033
 0.146480       0.051474
 0.119990       0.047391
 0.095760       0.042768
 0.073950       0.037669
 0.054680       0.032282
 0.038110       0.026863
 0.024330       0.021542
 0.013380       0.016225
 0.005480       0.010723
 0.000980       0.004912
 0.000000       0.000533
 0.000980      -0.003898
 0.005480      -0.009945
 0.013380      -0.015812
 0.024330      -0.021543
 0.038110      -0.027258
 0.054680      -0.032984
 0.073950      -0.038571
 0.095760      -0.043818
 0.119990      -0.048597
 0.146480      -0.052838
 0.175040      -0.056512
 0.205490      -0.059595
 0.237600      -0.062030
 0.271200      -0.063725
 0.306090      -0.064621
 0.342040      -0.064754
 0.378870      -0.064245
 0.416380      -0.063248
 0.454350      -0.061870
 0.492650      -0.060119
 0.530990      -0.057952
 0.569370      -0.055317
 0.607780      -0.052206
 0.645940      -0.048690
 0.683590      -0.044885
 0.720430      -0.040929
 0.756160      -0.036957
 0.790480      -0.033065
 0.823090      -0.029257
 0.853700      -0.025505
 0.882020      -0.021977
 0.907750      -0.018951
 0.930640      -0.016575
 0.950440      -0.014660
 0.966980      -0.012681
 0.980370      -0.010169
 0.990700      -0.007092
 0.997540      -0.004180
 0.999983      -0.002918
::::::::::::::
us1000.dap
::::::::::::::
  US1000              
    1.000000   -0.000274
    0.998220    0.001123
    0.994764    0.002207
    0.991274    0.003176
    0.986129    0.003840
    0.978733    0.004618
    0.971869    0.005563
    0.963964    0.006577
    0.952293    0.008045
    0.940624    0.009701
    0.928212    0.011318
    0.913450    0.013386
    0.894955    0.015892
    0.876694    0.018402
    0.849379    0.022474
    0.820725    0.026993
    0.789764    0.032246
    0.747249    0.039553
    0.700390    0.047435
    0.627679    0.058600
    0.543543    0.069797
    0.451794    0.079988
    0.379999    0.086135
    0.341322    0.088372
    0.311774    0.089419
    0.290121    0.089746
    0.270748    0.089740
    0.253544    0.089457
    0.239600    0.089010
    0.223978    0.088230
    0.210801    0.087296
    0.195402    0.085889
    0.184071    0.084602
    0.173243    0.083152
    0.159285    0.080979
    0.145739    0.078476
    0.133135    0.075744
    0.123705    0.073424
    0.118318    0.071981
    0.111470    0.070004
    0.101493    0.066873
    0.097034    0.065359
    0.091909    0.063551
    0.086602    0.061596
    0.081165    0.059499
    0.076334    0.057565
    0.056248    0.048444
    0.038937    0.038412
    0.031560    0.033152
    0.025551    0.028408
    0.016208    0.020274
    0.008024    0.012229
    0.002675    0.005609
    0.000380    0.002107
    0.002490   -0.005447
    0.004294   -0.008278
    0.010048   -0.015255
    0.013888   -0.019440
    0.017594   -0.023142
    0.022346   -0.027508
    0.027017   -0.031430
    0.032106   -0.035408
    0.038952   -0.040162
    0.052425   -0.048209
    0.064349   -0.054409
    0.073323   -0.058597
    0.087355   -0.064322
    0.102317   -0.069498
    0.121452   -0.074866
    0.138880   -0.078794
    0.163618   -0.083141
    0.189792   -0.086353
    0.226487   -0.088828
    0.268172   -0.089743
    0.308712   -0.089163
    0.357261   -0.086919
    0.406044   -0.083329
    0.458164   -0.078326
    0.512833   -0.072330
    0.574258   -0.064688
    0.619785   -0.058477
    0.660707   -0.052502
    0.698437   -0.046586
    0.750943   -0.037757
    0.801134   -0.029284
    0.837648   -0.023430
    0.876655   -0.017717
    0.894723   -0.014964
    0.906669   -0.013211
    0.920534   -0.011284
    0.930307   -0.009898
    0.940001   -0.008642
    0.947781   -0.007598
    0.955895   -0.006493
    0.973949   -0.004408
    0.989711   -0.003350
    0.999878   -0.001123
    1.000000   -0.000274
::::::::::::::
us1000root.dat
::::::::::::::
  US1000ROOT
 1.000000       0.000048
 0.997540       0.000934
 0.990700       0.003091
 0.980370       0.005675
 0.966980       0.008199
 0.950440       0.010556
 0.930640       0.012925
 0.907750       0.015624
 0.882020       0.018977
 0.853700       0.023180
 0.823090       0.028227
 0.790480       0.033917
 0.756160       0.039949
 0.720430       0.046051
 0.683590       0.052050
 0.645940       0.057871
 0.607780       0.063459
 0.569370       0.068740
 0.530990       0.073629
 0.492650       0.078104
 0.454350       0.082158
 0.416380       0.085731
 0.378870       0.088728
 0.342040       0.090998
 0.306090       0.092399
 0.271200       0.092834
 0.237600       0.092209
 0.205490       0.090384
 0.175040       0.087120
 0.146480       0.082245
 0.119990       0.075919
 0.095760       0.068432
 0.073950       0.059904
 0.054680       0.050077
 0.038110       0.039234
 0.024330       0.028729
 0.013380       0.019477
 0.005480       0.010894
 0.000980       0.003382
 0.000000       0.001306
 0.000980       -.003382
 0.005480       -.010894
 0.013380       -.019477
 0.024330       -.028729
 0.038110       -.039234
 0.054680       -.050077
 0.073950       -.059904
 0.095760       -.068432
 0.119990       -.075919
 0.146480       -.082245
 0.175040       -.087120
 0.205490       -.090384
 0.237600       -.092209
 0.271200       -.092834
 0.306090       -.092399
 0.342040       -.090998
 0.378870       -.088728
 0.416380       -.085731
 0.454350       -.082158
 0.492650       -.078104
 0.530990       -.073629
 0.569370       -.068740
 0.607780       -.063459
 0.645940       -.057871
 0.683590       -.052050
 0.720430       -.046051
 0.756160       -.039949
 0.790480       -.033917
 0.823090       -.028227
 0.853700       -.023180
 0.882020       -.018977
 0.907750       -.015624
 0.930640       -.012925
 0.950440       -.010556
 0.966980       -.008199
 0.980370       -.005675
 0.990700       -.003091
 0.997540       -.000934
 1.000000       -.000048
::::::::::::::
usnps4.dap
::::::::::::::
  USNPS4
    1.000000    0.000540
    0.999842    0.001742
    0.996294    0.003226
    0.992804    0.004567
    0.989571    0.005956
    0.984996    0.007721
    0.980131    0.009594
    0.974848    0.011583
    0.971010    0.013002
    0.962945    0.015890
    0.955752    0.018506
    0.945915    0.021949
    0.932470    0.026485
    0.917822    0.031202
    0.902978    0.035724
    0.880700    0.041972
    0.853941    0.048759
    0.833808    0.053414
    0.803165    0.060188
    0.767124    0.067488
    0.722471    0.075854
    0.657531    0.086354
    0.606569    0.093308
    0.542596    0.100163
    0.461316    0.105560
    0.358220    0.107377
    0.291202    0.106098
    0.253068    0.104300
    0.233265    0.102915
    0.209073    0.100728
    0.186606    0.098054
    0.170587    0.095743
    0.155134    0.093115
    0.140788    0.090321
    0.124745    0.086752
    0.096615    0.078890
    0.088426    0.076066
    0.070037    0.068368
    0.052787    0.059236
    0.042562    0.052762
    0.033409    0.045985
    0.028896    0.042162
    0.025001    0.038624
    0.021064    0.034692
    0.014810    0.027844
    0.013493    0.026279
    0.010292    0.022311
    0.005332    0.015257
    0.002746    0.010604
    0.000106    0.002054
    0.000123   -0.002294
    0.000356   -0.003742
    0.001396   -0.006849
    0.002691   -0.008905
    0.005025   -0.010926
    0.009283   -0.012533
    0.012629   -0.013238
    0.017547   -0.013934
    0.025736   -0.014713
    0.042831   -0.015215
    0.061433   -0.015039
    0.078318   -0.014762
    0.103516   -0.014310
    0.137447   -0.013692
    0.121814   -0.014010
    0.173473   -0.012845
    0.230799   -0.011677
    0.287419   -0.010578
    0.346423   -0.009687
    0.421947   -0.008617
    0.513879   -0.007245
    0.612602   -0.005909
    0.694631   -0.004935
    0.775944   -0.004334
    0.856817   -0.003831
    0.908655   -0.003503
    0.936214   -0.003350
    0.944974   -0.003262
    0.950773   -0.003211
    0.955536   -0.003161
    0.964229   -0.003144
    0.969601   -0.003045
    0.974629   -0.002909
    0.977217   -0.002832
    0.978577   -0.002798
    0.980087   -0.002711
    0.982982   -0.002621
    0.985412   -0.002540
    0.986898   -0.002463
    0.991331   -0.002308
    0.994195   -0.002178
    0.996805   -0.002066
    0.999253   -0.001743
    1.000000    0.000540
::::::::::::::
usnps4.dat
::::::::::::::
USNPS4 (smoothed)
1.000000       0.003907
0.997540       0.005014
0.990700       0.008068
0.980370       0.012414
0.966980       0.017639
0.950440       0.023567
0.930640       0.030051
0.907750       0.036881
0.882020       0.043880
0.853700       0.050907
0.823090       0.057840
0.790480       0.064595
0.756160       0.071104
0.720430       0.077285
0.683590       0.083074
0.645940       0.088414
0.607780       0.093242
0.569370       0.097513
0.530990       0.101190
0.492650       0.104261
0.454350       0.106704
0.416380       0.108480
0.378870       0.109559
0.342040       0.109899
0.306090       0.109455
0.271200       0.108174
0.237600       0.105991
0.205490       0.102829
0.175040       0.098605
0.146480       0.093236
0.119990       0.086635
0.095760       0.078740
0.073950       0.069526
0.054680       0.059112
0.038110       0.047936
0.024330       0.036543
0.013380       0.025420
0.005480       0.015034
0.000980       0.005837
0.000000       0.000174
0.000980      -0.004494
0.005480      -0.009308
0.013380      -0.012372
0.024330      -0.013940
0.038110      -0.014396
0.054680      -0.014139
0.073950      -0.013527
0.095760      -0.012851
0.119990      -0.012231
0.146480      -0.011689
0.175040      -0.011223
0.205490      -0.010819
0.237600      -0.010462
0.271200      -0.010135
0.306090      -0.009825
0.342040      -0.009519
0.378870      -0.009211
0.416380      -0.008896
0.454350      -0.008572
0.492650      -0.008238
0.530990      -0.007899
0.569370      -0.007554
0.607780      -0.007207
0.645940      -0.006862
0.683590      -0.006522
0.720430      -0.006191
0.756160      -0.005873
0.790480      -0.005571
0.823090      -0.005288
0.853700      -0.005028
0.882020      -0.004791
0.907750      -0.004581
0.930640      -0.004397
0.950440      -0.004241
0.966980      -0.004112
0.980370      -0.004007
0.990700      -0.003925
0.997540      -0.003869
1.000000      -0.003849

