(0 "ANSYS Fluent 2D Mesh from Gmsh")
(0 "Dimension:")
(2 2)
(10 (0 1 1bbe 0 2))
(10 (1 1 1bbe 1 2)(
  2.000000000000e-01 3.000000000000e-04
  1.999804808288e-01 3.078546603999e-04
  1.999219309354e-01 3.314003515545e-04
  1.998243731764e-01 3.705823230244e-04
  1.996878456370e-01 4.253097220180e-04
  1.995124016152e-01 4.954561866555e-04
  1.992981096014e-01 5.808606692773e-04
  1.990450532516e-01 6.813284826131e-04
  1.987533313550e-01 7.966325596876e-04
  1.984230577948e-01 9.265149164777e-04
  1.980543615044e-01 1.070688304573e-03
  1.976473864167e-01 1.228838039449e-03
  1.972022914080e-01 1.400623988432e-03
  1.967192502362e-01 1.585682701074e-03
  1.961984514723e-01 1.783629663417e-03
  1.956400984277e-01 1.994061656581e-03
  1.950444090740e-01 2.216559199218e-03
  1.944116159586e-01 2.450689052692e-03
  1.937419661134e-01 2.696006767303e-03
  1.930357209586e-01 2.952059247590e-03
  1.922931562006e-01 3.218387314603e-03
  1.915145617243e-01 3.494528243114e-03
  1.907002414802e-01 3.780018252018e-03
  1.898505133653e-01 4.074394926621e-03
  1.889657090995e-01 4.377199552179e-03
  1.880461740956e-01 4.687979338898e-03
  1.870922673249e-01 5.006289519583e-03
  1.861043611767e-01 5.331695302347e-03
  1.850828413133e-01 5.663773662092e-03
  1.840281065191e-01 6.002114955972e-03
  1.829405685450e-01 6.346324349645e-03
  1.818206519479e-01 6.696023042855e-03
  1.806687939246e-01 7.050849284705e-03
  1.794854441413e-01 7.410459170894e-03
  1.782710645583e-01 7.774527217168e-03
  1.770261292493e-01 8.142746705261e-03
  1.757511242162e-01 8.514829799653e-03
  1.744465471999e-01 8.890507435556e-03
  1.731129074857e-01 9.269528980596e-03
  1.717507257044e-01 9.651661674691e-03
  1.703605336292e-01 1.003668985465e-02
  1.689428739681e-01 1.042441397195e-02
  1.674983001518e-01 1.081464941393e-02
  1.660273761181e-01 1.120722514069e-02
  1.645306760912e-01 1.160198215111e-02
  1.630087843582e-01 1.199877179367e-02
  1.614622950402e-01 1.239745393847e-02
  1.598918118611e-01 1.279789502851e-02
  1.582979479114e-01 1.319996602929e-02
  1.566813254094e-01 1.360354029676e-02
  1.550425754574e-01 1.400849138417e-02
  1.533823377965e-01 1.441469080934e-02
  1.517012605558e-01 1.482200580392e-02
  1.500000000000e-01 1.523029706653e-02
  1.482792202731e-01 1.563941654175e-02
  1.465395931389e-01 1.604920524651e-02
  1.447817977190e-01 1.645949116541e-02
  1.430065202277e-01 1.687008723553e-02
  1.412144537037e-01 1.728078944099e-02
  1.394062977403e-01 1.769137503610e-02
  1.375827582114e-01 1.810160091550e-02
  1.357445469968e-01 1.851120214772e-02
  1.338923817035e-01 1.891989068801e-02
  1.320269853863e-01 1.932735428403e-02
  1.301490862649e-01 1.973325558701e-02
  1.282594174399e-01 2.013723147884e-02
  1.263587166069e-01 2.053889262394e-02
  1.244477257679e-01 2.093782325288e-02
  1.225271909419e-01 2.133358118265e-02
  1.205978618741e-01 2.172569807669e-02
  1.186604917425e-01 2.211367994568e-02
  1.167158368642e-01 2.249700788811e-02
  1.147646564002e-01 2.287513906762e-02
  1.128077120592e-01 2.324750792234e-02
  1.108457677997e-01 2.361352759922e-02
  1.088795895323e-01 2.397259160484e-02
  1.069099448203e-01 2.432407566213e-02
  1.049376025804e-01 2.466733976088e-02
  1.029633327823e-01 2.500173038848e-02
  1.009879061481e-01 2.532658292543e-02
  9.901209385185e-02 2.564122418942e-02
  9.703666721774e-02 2.594497511012e-02
  9.506239741963e-02 2.623715351589e-02
  9.309005517971e-02 2.651707701301e-02
  9.112041046771e-02 2.678406593676e-02
  8.915423220026e-02 2.703744635371e-02
  8.719228794077e-02 2.727655309373e-02
  8.523534359975e-02 2.750073279028e-02
  8.328416313584e-02 2.770934690733e-02
  8.133950825755e-02 2.790177473154e-02
  7.940213812589e-02 2.807741630846e-02
  7.747280905806e-02 2.823569530208e-02
  7.555227423214e-02 2.837606175764e-02
  7.364128339309e-02 2.849799474834e-02
  7.174058256006e-02 2.860100488766e-02
  6.985091373514e-02 2.868463668975e-02
  6.797301461372e-02 2.874847076190e-02
  6.610761829648e-02 2.879212581408e-02
  6.425545300322e-02 2.881526047222e-02
  6.241724178858e-02 2.881757488307e-02
  6.059370225973e-02 2.879881210037e-02
  5.878554629628e-02 2.875875924353e-02
  5.699347977235e-02 2.869724842171e-02
  5.521820228099e-02 2.861415741803e-02
  5.346040686112e-02 2.850941013029e-02
  5.172077972693e-02 2.838297676638e-02
  5.000000000000e-02 2.823487379436e-02
  4.829873944423e-02 2.806516364899e-02
  4.661766220352e-02 2.787395419802e-02
  4.495742454257e-02 2.766139797343e-02
  4.331867459065e-02 2.742769117444e-02
  4.170205208855e-02 2.717307245037e-02
  4.010818813892e-02 2.689782147350e-02
  3.853770495981e-02 2.660225731269e-02
  3.699121564183e-02 2.628673662064e-02
  3.546932390876e-02 2.595165164826e-02
  3.397262388192e-02 2.559742810093e-02
  3.250169984818e-02 2.522452285250e-02
  3.105712603190e-02 2.483342153347e-02
  2.963946637075e-02 2.442463601078e-02
  2.824927429557e-02 2.399870177696e-02
  2.688709251429e-02 2.355617526704e-02
  2.555345280010e-02 2.309763112181e-02
  2.424887578384e-02 2.262365941624e-02
  2.297387075075e-02 2.213486287197e-02
  2.172893544165e-02 2.163185407249e-02
  2.051455585866e-02 2.111525269968e-02
  1.933120607544e-02 2.058568280979e-02
  1.817934805212e-02 2.004377016661e-02
  1.705943145498e-02 1.949013964890e-02
  1.597189348090e-02 1.892541274856e-02
  1.491715868666e-02 1.835020517503e-02
  1.389563882326e-02 1.776512458066e-02
  1.290773267512e-02 1.717076842078e-02
  1.195382590441e-02 1.656772196091e-02
  1.103429090053e-02 1.595655644278e-02
  1.014948663469e-02 1.533782741915e-02
  9.299758519826e-03 1.471207326649e-02
  8.485438275698e-03 1.407981388313e-02
  7.706843799432e-03 1.344154957905e-02
  6.964279041405e-03 1.279776016218e-02
  6.258033886588e-03 1.214890422468e-02
  5.588384041383e-03 1.149541863112e-02
  4.955590925989e-03 1.083771820921e-02
  4.359901572348e-03 1.017619564219e-02
  3.801548527709e-03 9.511221560656e-03
  3.280749763844e-03 8.843144830168e-03
  2.797708591959e-03 8.172293029767e-03
  2.352613583319e-03 7.498973115038e-03
  1.945638495637e-03 6.823472258286e-03
  1.576942205240e-03 6.146058857108e-03
  1.246668645050e-03 5.466983701533e-03
  9.549467483884e-04 4.786481288871e-03
  7.018903986483e-04 4.104771274398e-03
  4.875983848336e-04 3.422060045129e-03
  3.121543629942e-04 2.738542403125e-03
  1.756268235679e-04 2.054403344043e-03
  7.806906464282e-05 1.369819916021e-03
  1.951917115092e-05 6.849631434839e-04
  0.000000000000e+00 0.000000000000e+00
  1.951917115092e-05 -1.486100390976e-04
  7.806906464282e-05 -2.963181284987e-04
  1.756268235679e-04 -4.421693664944e-04
  3.121543629942e-04 -5.852200415643e-04
  4.875983848336e-04 -7.245431301249e-04
  7.018903986483e-04 -8.592336649058e-04
  9.549467483884e-04 -9.884139327544e-04
  1.246668645050e-03 -1.111238462298e-03
  1.576942205240e-03 -1.226898763884e-03
  1.945638495637e-03 -1.334627786588e-03
  2.352613583319e-03 -1.433704059716e-03
  2.797708591959e-03 -1.523455489258e-03
  3.280749763844e-03 -1.603262782918e-03
  3.801548527709e-03 -1.672562480879e-03
  4.359901572348e-03 -1.730849573059e-03
  4.955590925989e-03 -1.777679687480e-03
  5.588384041383e-03 -1.812670838250e-03
  6.258033886588e-03 -1.835504725686e-03
  6.964279041405e-03 -1.845927585126e-03
  7.706843799432e-03 -1.843750584967e-03
  8.485438275698e-03 -1.828849778457e-03
  9.299758519826e-03 -1.801165617624e-03
  1.014948663469e-02 -1.760702041430e-03
  1.103429090053e-02 -1.707525153848e-03
  1.195382590441e-02 -1.641761510872e-03
  1.290773267512e-02 -1.563596038610e-03
  1.389563882326e-02 -1.473269607454e-03
  1.491715868666e-02 -1.371076289898e-03
  1.597189348090e-02 -1.257360331780e-03
  1.705943145498e-02 -1.132512868694e-03
  1.817934805212e-02 -9.969684208204e-04
  1.933120607544e-02 -8.512012006751e-04
  2.051455585866e-02 -6.957212691040e-04
  2.172893544165e-02 -5.310705753122e-04
  2.297387075075e-02 -3.578189168479e-04
  2.424887578384e-02 -1.765598551977e-04
  2.555345280010e-02 1.209337794054e-05
  2.688709251429e-02 2.075119495784e-04
  2.824927429557e-02 4.090554366713e-04
  2.963946637075e-02 6.160757483369e-04
  3.105712603190e-02 8.279209295543e-04
  3.250169984818e-02 1.043938818911e-03
  3.397262388192e-02 1.263480535264e-03
  3.546932390876e-02 1.485903770655e-03
  3.699121564183e-02 1.710575869495e-03
  3.853770495981e-02 1.936876676749e-03
  4.010818813892e-02 2.164201140794e-03
  4.170205208855e-02 2.391961659466e-03
  4.331867459065e-02 2.619590160839e-03
  4.495742454257e-02 2.846539913165e-03
  4.661766220352e-02 3.072287061357e-03
  4.829873944423e-02 3.296331890204e-03
  5.000000000000e-02 3.518199817260e-03
  5.172077972693e-02 3.737442120979e-03
  5.346040686112e-02 3.953636412095e-03
  5.521820228099e-02 4.166386858580e-03
  5.699347977235e-02 4.375324176584e-03
  5.878554629628e-02 4.580105401663e-03
  6.059370225973e-02 4.780413456245e-03
  6.241724178858e-02 4.975956530755e-03
  6.425545300322e-02 5.166467296948e-03
  6.610761829648e-02 5.351701972978e-03
  6.797301461372e-02 5.531439260403e-03
  6.985091373514e-02 5.705479173743e-03
  7.174058256006e-02 5.873641783435e-03
  7.364128339309e-02 6.035765892928e-03
  7.555227423214e-02 6.191707670431e-03
  7.747280905806e-02 6.341339255294e-03
  7.940213812589e-02 6.484547358308e-03
  8.133950825755e-02 6.621231874319e-03
  8.328416313584e-02 6.751304524495e-03
  8.523534359975e-02 6.874687544347e-03
  8.719228794077e-02 6.991312432282e-03
  8.915423220026e-02 7.101118771982e-03
  9.112041046771e-02 7.204053140376e-03
  9.309005517971e-02 7.300068111333e-03
  9.506239741963e-02 7.389121363536e-03
  9.703666721774e-02 7.471174899334e-03
  9.901209385185e-02 7.546194379629e-03
  1.009879061481e-01 7.614148578207e-03
  1.029633327823e-01 7.675008957255e-03
  1.049376025804e-01 7.728749364217e-03
  1.069099448203e-01 7.775345848610e-03
  1.088795895323e-01 7.814776595975e-03
  1.108457677997e-01 7.847021974797e-03
  1.128077120592e-01 7.872064690972e-03
  1.147646564002e-01 7.889890043286e-03
  1.167158368642e-01 7.900486272377e-03
  1.186604917425e-01 7.903844994762e-03
  1.205978618741e-01 7.899961712805e-03
  1.225271909419e-01 7.888836390885e-03
  1.244477257679e-01 7.870474087582e-03
  1.263587166069e-01 7.844885633367e-03
  1.282594174399e-01 7.812088343096e-03
  1.301490862649e-01 7.772106752550e-03
  1.320269853863e-01 7.724973368339e-03
  1.338923817035e-01 7.670729420642e-03
  1.357445469968e-01 7.609425608570e-03
  1.375827582114e-01 7.541122828322e-03
  1.394062977403e-01 7.465892874758e-03
  1.412144537037e-01 7.383819107611e-03
  1.430065202277e-01 7.294997074144e-03
  1.447817977190e-01 7.199535080771e-03
  1.465395931389e-01 7.097554706881e-03
  1.482792202731e-01 6.989191254854e-03
  1.500000000000e-01 6.874594131082e-03
  1.517012605558e-01 6.753927153574e-03
  1.533823377965e-01 6.627368782574e-03
  1.550425754574e-01 6.495112271391e-03
  1.566813254094e-01 6.357365735455e-03
  1.582979479114e-01 6.214352138377e-03
  1.598918118611e-01 6.066309194537e-03
  1.614622950402e-01 5.913489188427e-03
  1.630087843582e-01 5.756158711653e-03
  1.645306760912e-01 5.594598319127e-03
  1.660273761181e-01 5.429102106534e-03
  1.674983001518e-01 5.259977211731e-03
  1.689428739681e-01 5.087543243157e-03
  1.703605336292e-01 4.912131638793e-03
  1.717507257044e-01 4.734084959562e-03
  1.731129074857e-01 4.553756121368e-03
  1.744465471999e-01 4.371507570251e-03
  1.757511242162e-01 4.187710405322e-03
  1.770261292493e-01 4.002743454332e-03
  1.782710645583e-01 3.816992306816e-03
  1.794854441413e-01 3.630848309847e-03
  1.806687939246e-01 3.444707531465e-03
  1.818206519479e-01 3.258969696826e-03
  1.829405685450e-01 3.074037102105e-03
  1.840281065191e-01 2.890313511102e-03
  1.850828413133e-01 2.708203039410e-03
  1.861043611767e-01 2.528109030912e-03
  1.870922673249e-01 2.350432931199e-03
  1.880461740956e-01 2.175573162407e-03
  1.889657090995e-01 2.003924003752e-03
  1.898505133653e-01 1.835874481928e-03
  1.907002414802e-01 1.671807275304e-03
  1.915145617243e-01 1.512097635723e-03
  1.922931562006e-01 1.357112331465e-03
  1.930357209586e-01 1.207208614812e-03
  1.937419661134e-01 1.062733217411e-03
  1.944116159586e-01 9.240213764827e-04
  1.950444090740e-01 7.913958947253e-04
  1.956400984277e-01 6.651662365967e-04
  1.961984514723e-01 5.456276634680e-04
  1.967192502362e-01 4.330604099873e-04
  1.972022914080e-01 3.277289038162e-04
  1.976473864167e-01 2.298810307474e-04
  1.980543615044e-01 1.397474470482e-04
  1.984230577948e-01 5.754094072919e-05
  1.987533313550e-01 -1.654415671862e-05
  1.990450532516e-01 -8.233250671503e-05
  1.992981096014e-01 -1.396682468519e-04
  1.995124016152e-01 -1.884154199052e-04
  1.996878456370e-01 -2.284583476148e-04
  1.998243731764e-01 -2.597019483848e-04
  1.999219309354e-01 -2.820719981895e-04
  1.999804808288e-01 -2.955153341032e-04
  2.000000000000e-01 -3.000000000000e-04
  -3.000000000000e+00 -3.000000000000e+00
  4.000000000000e+00 -3.000000000000e+00
  4.000000000000e+00 3.000000000000e+00
  -3.000000000000e+00 3.000000000000e+00
  1.990716627791e-01 6.707860369355e-04
  1.981414065638e-01 1.036732467851e-03
  1.972092964911e-01 1.397930529370e-03
  1.962754019961e-01 1.754488991441e-03
  1.953397806129e-01 2.106491200211e-03
  1.944024974557e-01 2.454045503219e-03
  1.934636115481e-01 2.797246825764e-03
  1.925231852562e-01 3.136202928762e-03
  1.915812684079e-01 3.470996174263e-03
  1.906379176860e-01 3.801727300250e-03
  1.896931900241e-01 4.128504581698e-03
  1.887471361512e-01 4.451423168721e-03
  1.877998063030e-01 4.770578516334e-03
  1.868512492305e-01 5.086066892270e-03
  1.859015114298e-01 5.397984678239e-03
  1.849506397852e-01 5.706427159144e-03
  1.839986778625e-01 6.011489597165e-03
  1.830456689184e-01 6.313263971755e-03
  1.820916522435e-01 6.611838343168e-03
  1.811366679625e-01 6.907303678068e-03
  1.801807553411e-01 7.199750652070e-03
  1.792239515026e-01 7.489269322572e-03
  1.782662928285e-01 7.775948015042e-03
  1.773078127153e-01 8.059866656987e-03
  1.763485424374e-01 8.341105285214e-03
  1.753885152490e-01 8.619749160156e-03
  1.744277621551e-01 8.895880667692e-03
  1.734663119251e-01 9.169573498015e-03
  1.725041911136e-01 9.440901520942e-03
  1.715414287876e-01 9.709942220333e-03
  1.705780498242e-01 9.976767899899e-03
  1.696140783208e-01 1.024144454525e-02
  1.686495384129e-01 1.050404281232e-02
  1.676844530826e-01 1.076462851992e-02
  1.667188430313e-01 1.102326365820e-02
  1.657527292198e-01 1.128001139734e-02
  1.647861315704e-01 1.153493000751e-02
  1.638190682871e-01 1.178807745301e-02
  1.628515575043e-01 1.203950893085e-02
  1.618836154895e-01 1.228927603333e-02
  1.609152592458e-01 1.253743165689e-02
  1.599465034305e-01 1.278402210988e-02
  1.589773621895e-01 1.302909498142e-02
  1.580078500174e-01 1.327269476002e-02
  1.570379784102e-01 1.351486105301e-02
  1.560677609023e-01 1.375563668374e-02
  1.550972078623e-01 1.399505624520e-02
  1.541263303019e-01 1.423315668183e-02
  1.531551381577e-01 1.446997070740e-02
  1.521836403597e-01 1.470552801483e-02
  1.512118460199e-01 1.493985897430e-02
  1.502397627411e-01 1.517298816921e-02
  1.492673983297e-01 1.540494125444e-02
  1.482947589165e-01 1.563573915588e-02
  1.473218508756e-01 1.586540275759e-02
  1.463486797397e-01 1.609394830510e-02
  1.453752509384e-01 1.632139350255e-02
  1.444015680565e-01 1.654774863379e-02
  1.434276358294e-01 1.677302918558e-02
  1.424534566154e-01 1.699723918581e-02
  1.414790346145e-01 1.722039133314e-02
  1.405043707798e-01 1.744248484028e-02
  1.395294682920e-01 1.766352784320e-02
  1.385543272958e-01 1.788351717488e-02
  1.375789493643e-01 1.810245366775e-02
  1.366033352695e-01 1.832033482572e-02
  1.356274840280e-01 1.853715146304e-02
  1.346513969215e-01 1.875290390728e-02
  1.336750708537e-01 1.896757190615e-02
  1.326985075678e-01 1.918115860414e-02
  1.317217017040e-01 1.939363350074e-02
  1.307446558673e-01 1.960500169350e-02
  1.297673626962e-01 1.981522338647e-02
  1.287898249252e-01 2.002430487462e-02
  1.278120337991e-01 2.023219800324e-02
  1.268339921304e-01 2.043890936571e-02
  1.258556897723e-01 2.064438345187e-02
  1.248771296530e-01 2.084862634364e-02
  1.238983004825e-01 2.105157597897e-02
  1.229192051011e-01 2.125323734018e-02
  1.219398313670e-01 2.145354241680e-02
  1.209601819239e-01 2.165249468063e-02
  1.199802438802e-01 2.185002061227e-02
  1.190000197675e-01 2.204612191797e-02
  1.180194960916e-01 2.224071981058e-02
  1.170386752194e-01 2.243381417520e-02
  1.160575431605e-01 2.262532104951e-02
  1.150761022213e-01 2.281523854270e-02
  1.140943379440e-01 2.300347751228e-02
  1.131122526862e-01 2.319003442117e-02
  1.121298316253e-01 2.337481486325e-02
  1.111470771764e-01 2.355781384169e-02
  1.101639742864e-01 2.373893158115e-02
  1.091805255496e-01 2.391816178133e-02
  1.081967157251e-01 2.409539923548e-02
  1.072125476682e-01 2.427063645745e-02
  1.062280060892e-01 2.444376278876e-02
  1.052430941788e-01 2.461476960206e-02
  1.042577967285e-01 2.478354085257e-02
  1.032721173233e-01 2.495006672653e-02
  1.022860410080e-01 2.511422594905e-02
  1.012995718125e-01 2.527600737462e-02
  1.003126952203e-01 2.543528475660e-02
  9.932541575350e-02 2.559204536968e-02
  9.833771954094e-02 2.574615835521e-02
  9.734961162773e-02 2.589760906148e-02
  9.636107902139e-02 2.604626247695e-02
  9.537212733599e-02 2.619210157556e-02
  9.438274468738e-02 2.633498775699e-02
  9.339293729254e-02 2.647490107387e-02
  9.240269467352e-02 2.661170000253e-02
  9.141202366500e-02 2.674536101974e-02
  9.042091543649e-02 2.687574047974e-02
  8.942937751934e-02 2.700281048863e-02
  8.843740304492e-02 2.712642622631e-02
  8.744500025940e-02 2.724655447754e-02
  8.645216449632e-02 2.736305040286e-02
  8.545890484056e-02 2.747587429036e-02
  8.446521919055e-02 2.758488267423e-02
  8.347111740987e-02 2.769002792335e-02
  8.247660031222e-02 2.779116965687e-02
  8.148167868343e-02 2.788825054372e-02
  8.048635654144e-02 2.798113539192e-02
  7.949064565593e-02 2.806975499808e-02
  7.849455358310e-02 2.815398190742e-02
  7.749809319365e-02 2.823373240799e-02
  7.650127586403e-02 2.830888983503e-02
  7.550411540576e-02 2.837935314191e-02
  7.450662822108e-02 2.844501910349e-02
  7.350882933755e-02 2.850576806753e-02
  7.251073815000e-02 2.856150967719e-02
  7.151237310557e-02 2.861210797125e-02
  7.051375714985e-02 2.865748244100e-02
  6.951491141910e-02 2.869748480122e-02
  6.851586255944e-02 2.873204011752e-02
  6.751663571530e-02 2.876099280547e-02
  6.651726053789e-02 2.878426823130e-02
  6.551776674511e-02 2.880170950429e-02
  6.451818700746e-02 2.881323623195e-02
  6.351855590710e-02 2.881869676728e-02
  6.251891023652e-02 2.881799861014e-02
  6.151928900081e-02 2.881100191245e-02
  6.051973295025e-02 2.879759642673e-02
  5.952028603083e-02 2.877765887216e-02
  5.852099431633e-02 2.875106050709e-02
  5.752190605249e-02 2.871768937106e-02
  5.652307233181e-02 2.867740716700e-02
  5.552454668930e-02 2.863010402294e-02
  5.452638619814e-02 2.857564107921e-02
  5.352864899896e-02 2.851390348066e-02
  5.253139812693e-02 2.844475693056e-02
  5.153469813506e-02 2.836807954567e-02
  5.053861725177e-02 2.828374032563e-02
  4.954322653246e-02 2.819161390507e-02
  4.854860053075e-02 2.809156826719e-02
  4.755481698956e-02 2.798347702280e-02
  4.656195679322e-02 2.786720940142e-02
  4.557010526291e-02 2.774263025794e-02
  4.457934958953e-02 2.760961787609e-02
  4.358978380899e-02 2.746802549941e-02
  4.260150178363e-02 2.731773480178e-02
  4.161460479216e-02 2.715860332946e-02
  4.062919834192e-02 2.699049026219e-02
  3.964538786584e-02 2.681327574564e-02
  3.866329088501e-02 2.662679927020e-02
  3.768302271536e-02 2.643093794861e-02
  3.670470651957e-02 2.622554888271e-02
  3.572847545618e-02 2.601046770539e-02
  3.475445811355e-02 2.578557573983e-02
  3.378279746008e-02 2.555070925904e-02
  3.281364471054e-02 2.530570158637e-02
  3.184714587444e-02 2.505042568290e-02
  3.088346737827e-02 2.478470199962e-02
  2.992278212360e-02 2.450835289158e-02
  2.896526001178e-02 2.422123730440e-02
  2.801109297756e-02 2.392316080328e-02
  2.706048495884e-02 2.361392317403e-02
  2.611363595540e-02 2.329336112599e-02
  2.517077052597e-02 2.296126547726e-02
  2.423213132280e-02 2.261740772496e-02
  2.329796630662e-02 2.226157512972e-02
  2.236853818109e-02 2.189354776066e-02
  2.144414021862e-02 2.151306328257e-02
  2.052508679043e-02 2.111984652295e-02
  1.961170610937e-02 2.071362784949e-02
  1.870435547729e-02 2.029411398150e-02
  1.780343114354e-02 1.986097333207e-02
  1.690936308342e-02 1.941385245889e-02
  1.602262121806e-02 1.895237484858e-02
  1.514371375855e-02 1.847614715643e-02
  1.427320773065e-02 1.798473273163e-02
  1.341173340069e-02 1.747765432505e-02
  1.255999115905e-02 1.695439616523e-02
  1.171876274595e-02 1.641439964521e-02
  1.088892547539e-02 1.585705945873e-02
  1.007146790029e-02 1.528171917659e-02
  9.267508710985e-03 1.468766732332e-02
  8.478319435277e-03 1.407413444134e-02
  7.705351769853e-03 1.344029200672e-02
  6.950268577058e-03 1.278525280998e-02
  6.214981161278e-03 1.210807557925e-02
  5.501691781372e-03 1.140777442076e-02
  4.812941459367e-03 1.068333527430e-02
  4.151665623313e-03 9.933746136431e-03
  3.521248772540e-03 9.158038504885e-03
  2.925582087544e-03 8.355354464234e-03
  2.369109468836e-03 7.525039284559e-03
  1.856848555032e-03 6.666764689453e-03
  1.394370102292e-03 5.780698226554e-03
  9.877050256619e-04 4.867696579681e-03
  6.431518801507e-04 3.929520081095e-03
  3.669494202805e-04 2.969026561763e-03
  1.648324857982e-04 1.990285955009e-03
  4.148401652202e-05 9.985552894197e-04
  5.621111720106e-04 -7.747938395395e-04
  1.465749406476e-03 -1.190275736821e-03
  2.427770346476e-03 -1.450094680011e-03
  3.409673363818e-03 -1.621902540383e-03
  4.400222578613e-03 -1.734486960875e-03
  5.394806803183e-03 -1.803447030792e-03
  6.391185753283e-03 -1.838479376656e-03
  7.388162784725e-03 -1.846218504939e-03
  8.385068319350e-03 -1.831438141821e-03
  9.381519805248e-03 -1.797762549725e-03
  1.037730245397e-02 -1.748031106513e-03
  1.137230345793e-02 -1.684524205035e-03
  1.236647534747e-02 -1.609115833456e-03
  1.335981034282e-02 -1.523371686774e-03
  1.435232776491e-02 -1.428618097204e-03
  1.534406241734e-02 -1.325992139250e-03
  1.633506053639e-02 -1.216478063183e-03
  1.732537415648e-02 -1.100934709770e-03
  1.831505857164e-02 -9.801160903674e-04
  1.930416953408e-02 -8.546875791481e-04
  2.029276462560e-02 -7.252537981417e-04
  2.128090009579e-02 -5.923557998270e-04
  2.226862909767e-02 -4.564705904465e-04
  2.325600264635e-02 -3.180232809722e-04
  2.424306761314e-02 -1.773927208825e-04
  2.522987230759e-02 -3.494948725451e-05
  2.621646390920e-02 1.089664676338e-04
  2.720288020111e-02 2.540763681679e-04
  2.818915702309e-02 4.001323374561e-04
  2.917533464521e-02 5.468572168530e-04
  3.016144726476e-02 6.940175415810e-04
  3.114752142743e-02 8.414351031630e-04
  3.213358594052e-02 9.889178660896e-04
  3.311967265262e-02 1.136252476779e-03
  3.410580002244e-02 1.283312457687e-03
  3.509198989413e-02 1.429956004352e-03
  3.607826793181e-02 1.576002718408e-03
  3.706464706507e-02 1.721366684546e-03
  3.805114400457e-02 1.865927285155e-03
  3.903777884399e-02 2.009545324064e-03
  4.002455771879e-02 2.152168962963e-03
  4.101149819195e-02 2.293672371944e-03
  4.199860963151e-02 2.433975796965e-03
  4.298589708853e-02 2.573034690283e-03
  4.397337580001e-02 2.710730005896e-03
  4.496104723671e-02 2.847037021015e-03
  4.594891914300e-02 2.981881247062e-03
  4.693699861348e-02 3.115198165235e-03
  4.792528494395e-02 3.246971619404e-03
  4.891378742602e-02 3.377113776736e-03
  4.990250328698e-02 3.505623318941e-03
  5.089143845953e-02 3.632436766984e-03
  5.188059249418e-02 3.757530094992e-03
  5.286996471585e-02 3.880884808209e-03
  5.385955880964e-02 4.002449105359e-03
  5.484937008739e-02 4.122231302780e-03
  5.583940169309e-02 4.240176670033e-03
  5.682964929653e-02 4.356297356340e-03
  5.782011365793e-02 4.470553116441e-03
  5.881079107561e-02 4.582945292629e-03
  5.980168027595e-02 4.693457336209e-03
  6.079277876820e-02 4.802074932693e-03
  6.178408273705e-02 4.908801350722e-03
  6.277559088740e-02 5.013613605057e-03
  6.376729798430e-02 5.116525294361e-03
  6.475920307083e-02 5.217512900634e-03
  6.575130036268e-02 5.316593156195e-03
  6.674358828578e-02 5.413746528325e-03
  6.773606142162e-02 5.508988827640e-03
  6.872871739073e-02 5.602306599196e-03
  6.972155116763e-02 5.693712732188e-03
  7.071455973371e-02 5.783200325244e-03
  7.170773846579e-02 5.870778736296e-03
  7.270108376047e-02 5.956447073494e-03
  7.369459150018e-02 6.040211448861e-03
  7.468825759217e-02 6.122075725942e-03
  7.568207799286e-02 6.202043720343e-03
  7.667604872125e-02 6.280122242208e-03
  7.767016587256e-02 6.356314134599e-03
  7.866442518858e-02 6.430627591249e-03
  7.965882288028e-02 6.503065258114e-03
  8.065335485175e-02 6.573635748797e-03
  8.164801735708e-02 6.642341870836e-03
  8.264280633100e-02 6.709192026361e-03
  8.363771809528e-02 6.774189290266e-03
  8.463274865544e-02 6.837341482235e-03
  8.562789441231e-02 6.898651891728e-03
  8.662315151706e-02 6.958127544323e-03
  8.761851636740e-02 7.015771798331e-03
  8.861398520674e-02 7.071590763456e-03
  8.960955461323e-02 7.125587695820e-03
  9.060522087185e-02 7.177767725744e-03
  9.160098054304e-02 7.228133802136e-03
  9.259683009388e-02 7.276690056534e-03
  9.359276613689e-02 7.323438945616e-03
  9.458878522530e-02 7.368383586914e-03
  9.558488401804e-02 7.411525771280e-03
  9.658105915807e-02 7.452867600407e-03
  9.757730734292e-02 7.492410046349e-03
  9.857362528329e-02 7.530154194131e-03
  9.957000971992e-02 7.566100067973e-03
  1.005664574081e-01 7.600247734190e-03
  1.015629651248e-01 7.632596164062e-03
  1.025595296444e-01 7.663144399869e-03
  1.035561477844e-01 7.691890279755e-03
  1.045528163347e-01 7.718831812677e-03
  1.055495321018e-01 7.743965645938e-03
  1.065462918956e-01 7.767288740715e-03
  1.075430925000e-01 7.788796520488e-03
  1.085399307038e-01 7.808484877373e-03
  1.095368032887e-01 7.826348000858e-03
  1.105337069923e-01 7.842380687788e-03
  1.115306385458e-01 7.856575902435e-03
  1.125275946527e-01 7.868927316959e-03
  1.135245719876e-01 7.879426697538e-03
  1.145215671434e-01 7.888066559273e-03
  1.155185767667e-01 7.894837510796e-03
  1.165155974235e-01 7.899730882413e-03
  1.175126254390e-01 7.902736169475e-03
  1.185096574997e-01 7.903843501352e-03
  1.195066897146e-01 7.903041301363e-03
  1.205037185762e-01 7.900318505868e-03
  1.215007403181e-01 7.895662480914e-03
  1.224977510646e-01 7.889061028230e-03
  1.234947469093e-01 7.880500418252e-03
  1.244917238868e-01 7.869967455827e-03
  1.254886779242e-01 7.857447188711e-03
  1.264856046449e-01 7.842925661333e-03
  1.274825000609e-01 7.826386507768e-03
  1.284793597659e-01 7.807815283152e-03
  1.294761789566e-01 7.787194026399e-03
  1.304729535246e-01 7.764508057826e-03
  1.314696782570e-01 7.739737683955e-03
  1.324663486781e-01 7.712868157545e-03
  1.334629597166e-01 7.683878085451e-03
  1.344595063294e-01 7.652752566431e-03
  1.354559831820e-01 7.619468913444e-03
  1.364523851788e-01 7.584011512410e-03
  1.374487063567e-01 7.546357383702e-03
  1.384449414309e-01 7.506488923649e-03
  1.394410845608e-01 7.464384723951e-03
  1.404371298169e-01 7.420022872693e-03
  1.414330709651e-01 7.373385813577e-03
  1.424289016151e-01 7.324446185146e-03
  1.434246158464e-01 7.273190347290e-03
  1.444202064417e-01 7.219586946021e-03
  1.454156669647e-01 7.163623699861e-03
  1.464109903817e-01 7.105269237125e-03
  1.474061696182e-01 7.044507284021e-03
  1.484011975626e-01 6.981313225717e-03
  1.493960661332e-01 6.915659294391e-03
  1.503907683042e-01 6.847532478018e-03
  1.513852953609e-01 6.776895571976e-03
  1.523796403325e-01 6.703739824858e-03
  1.533737942268e-01 6.628030465106e-03
  1.543677487860e-01 6.549747226603e-03
  1.553614958146e-01 6.468872088574e-03
  1.563550251764e-01 6.385366460027e-03
  1.573483292565e-01 6.299224972457e-03
  1.583413981565e-01 6.210410353502e-03
  1.593342221700e-01 6.118899582637e-03
  1.603267926274e-01 6.024680325375e-03
  1.613190983776e-01 5.927709506599e-03
  1.623111305007e-01 5.827980226760e-03
  1.633028786933e-01 5.725465536977e-03
  1.642943306412e-01 5.620126602859e-03
  1.652854787174e-01 5.511961652297e-03
  1.662763103489e-01 5.400937744848e-03
  1.672668133221e-01 5.287018812425e-03
  1.682569788962e-01 5.170204138179e-03
  1.692467944364e-01 5.050461600979e-03
  1.702362473668e-01 4.927754195154e-03
  1.712253271204e-01 4.802078897138e-03
  1.722140226092e-01 4.673411567985e-03
  1.732023191116e-01 4.541717303422e-03
  1.741902044870e-01 4.406974059119e-03
  1.751776687458e-01 4.269177379258e-03
  1.761646978679e-01 4.128297445911e-03
  1.771512777554e-01 3.984305202910e-03
  1.781373948135e-01 3.837177841342e-03
  1.791230383869e-01 3.686909398206e-03
  1.801081938792e-01 3.533476950728e-03
  1.810928480012e-01 3.376856360803e-03
  1.820769861822e-01 3.217025834601e-03
  1.830605941642e-01 3.053965546717e-03
  1.840436583526e-01 2.887657282777e-03
  1.850261645463e-01 2.718085197984e-03
  1.860080989080e-01 2.545233183953e-03
  1.869894475349e-01 2.369082740692e-03
  1.879701948385e-01 2.189616830043e-03
  1.889503267006e-01 2.006819630523e-03
  1.899298283638e-01 1.820675109960e-03
  1.909086841518e-01 1.631162674735e-03
  1.918868783578e-01 1.438265122498e-03
  1.928643964366e-01 1.241971656752e-03
  1.938412269603e-01 1.042282348391e-03
  1.948173483754e-01 8.391560022316e-04
  1.957927508476e-01 6.326059630361e-04
  1.967674155513e-01 4.226000740097e-04
  1.977413279529e-01 2.091352185201e-04
  1.987144722913e-01 -7.807465663859e-06
  1.996868358086e-01 -2.282275988078e-04
  -2.222222222223e+00 -3.000000000000e+00
  -1.444444444445e+00 -3.000000000000e+00
  -6.666666666678e-01 -3.000000000000e+00
  1.111111111096e-01 -3.000000000000e+00
  8.888888888895e-01 -3.000000000000e+00
  1.666666666668e+00 -3.000000000000e+00
  2.444444444445e+00 -3.000000000000e+00
  3.222222222223e+00 -3.000000000000e+00
  4.000000000000e+00 -2.250000000003e+00
  4.000000000000e+00 -1.500000000006e+00
  4.000000000000e+00 -7.500000000083e-01
  4.000000000000e+00 -1.100897151218e-11
  4.000000000000e+00 7.499999999917e-01
  4.000000000000e+00 1.499999999994e+00
  4.000000000000e+00 2.249999999997e+00
  3.222222222223e+00 3.000000000000e+00
  2.444444444445e+00 3.000000000000e+00
  1.666666666668e+00 3.000000000000e+00
  8.888888888904e-01 3.000000000000e+00
  1.111111111105e-01 3.000000000000e+00
  -6.666666666678e-01 3.000000000000e+00
  -1.444444444445e+00 3.000000000000e+00
  -2.222222222223e+00 3.000000000000e+00
  -3.000000000000e+00 2.250000000003e+00
  -3.000000000000e+00 1.500000000006e+00
  -3.000000000000e+00 7.500000000083e-01
  -3.000000000000e+00 1.100897151218e-11
  -3.000000000000e+00 -7.499999999917e-01
  -3.000000000000e+00 -1.499999999994e+00
  -3.000000000000e+00 -2.249999999997e+00
  4.161958230765e-02 1.530673006181e-03
  1.050727532979e-01 6.871759846755e-03
  1.547893779329e-01 5.602182862774e-03
  7.327060217386e-02 5.140928976206e-03
  1.942362630646e-01 1.617986270853e-04
  1.289596787531e-01 6.937547749829e-03
  1.745770914427e-01 3.479721849842e-03
  8.915872704223e-02 6.238461805324e-03
  5.741814887727e-02 3.562779645098e-03
  1.418919208970e-01 6.493227379035e-03
  1.170174722754e-01 7.039480397709e-03
  1.844582555140e-01 2.187132479668e-03
  1.646942834923e-01 4.729783819597e-03
  4.950436857013e-02 2.637360582547e-03
  9.711059513947e-02 6.613069705450e-03
  8.121000788207e-02 5.748241036052e-03
  6.534118755361e-02 4.409827763082e-03
  1.110463265838e-01 6.988363273609e-03
  1.488201336450e-01 6.005266477078e-03
  1.229827093891e-01 6.999774009329e-03
  1.359186767633e-01 6.738972486212e-03
  1.893849769316e-01 1.194916617033e-03
  1.794314859979e-01 2.759970993874e-03
  1.696491900840e-01 4.104639427346e-03
  1.597810847778e-01 5.219661782567e-03
  1.010938639107e-01 6.757877088766e-03
  4.555190657260e-02 2.146282491880e-03
  9.313531310813e-02 6.439734458300e-03
  8.518355456243e-02 6.011226707066e-03
  5.345844509549e-02 3.109923514374e-03
  7.723898686374e-02 5.459729308909e-03
  6.138071399436e-02 3.998579354332e-03
  6.930379413952e-02 4.789067286357e-03
  1.518001257075e-01 5.797965483551e-03
  1.458575591205e-01 6.275654281322e-03
  1.389000430864e-01 6.601707556779e-03
  1.329408517664e-01 6.844601003308e-03
  1.080580408275e-01 6.939107260514e-03
  1.259798900958e-01 6.987860966780e-03
  1.140301848839e-01 7.025425463386e-03
  1.199992177415e-01 7.030279755087e-03
  3.348346348168e+00 -3.506713635890e-01
  -2.377488874366e+00 -1.057398406581e+00
  -2.314064041637e+00 1.173998271359e+00
  1.232620846548e+00 -2.409843329494e+00
  1.376160400722e+00 2.413340924244e+00
  -3.769909577867e-01 -2.351944762900e+00
  -2.403055412854e-01 2.404985777119e+00
  1.874069932897e-01 1.477944173325e-03
  1.825073771207e-01 2.472958443970e-03
  1.775466652275e-01 3.076260969551e-03
  1.726289894053e-01 3.766602176981e-03
  1.676693625720e-01 4.384980233542e-03
  1.627251029256e-01 4.945584897342e-03
  1.577857136632e-01 5.400489798620e-03
  1.438720396368e-01 6.403108154424e-03
  1.030832685430e-01 6.818162778273e-03
  1.309505799928e-01 6.893010699380e-03
  9.910294754151e-02 6.685232896999e-03
  4.355352242135e-02 1.876657163100e-03
  9.512522274450e-02 6.528442679979e-03
  4.752775583928e-02 2.393961829526e-03
  9.114748640718e-02 6.342620374043e-03
  8.717109411229e-02 6.128457959924e-03
  5.147821765203e-02 2.875352535010e-03
  8.319554566474e-02 5.885439256373e-03
  5.543623502663e-02 3.338621952517e-03
  7.922363238212e-02 5.606903035334e-03
  7.525533491803e-02 5.302637018574e-03
  5.940087907753e-02 3.783167577330e-03
  7.128530375683e-02 4.978748809532e-03
  6.732201919214e-02 4.602511201048e-03
  6.336008753093e-02 4.207792666996e-03
  3.277742231560e+00 1.097300784486e+00
  2.883304179607e+00 -2.349518844822e+00
  -1.755085154474e+00 -2.330625027894e+00
  -1.965505311875e+00 2.355466391817e+00
  2.793215937386e+00 2.292720984925e+00
  1.881952538446e-01 1.368385904729e-03
  1.877051346480e-01 7.290327582599e-04
  1.869718169441e-01 7.843732560799e-04
  1.883930426473e-01 6.434693945223e-04
  1.866083532019e-01 1.412872538201e-03
  1.862462288410e-01 8.012948038857e-04
  1.858820535266e-01 1.395726721227e-03
  1.855172248820e-01 7.588164397537e-04
  3.571538829614e-01 2.415980976024e+00
  8.291042029347e-01 1.817628980323e+00
  3.882960245248e-02 1.939085889866e+00
  -4.690621240361e-01 1.886237109051e+00
  -1.491530219695e-01 1.437582576632e+00
  -6.214378037906e-01 1.406142846852e+00
  -3.419976394862e-01 1.083620509041e+00
  -3.370693287840e-02 1.063436713730e+00
  -1.378821161197e-01 7.966160004465e-01
  -4.091709336689e-01 7.616978071726e-01
  1.120639984313e-01 8.228774857135e-01
  -3.163673413274e-01 5.796433299112e-01
  -4.845764668218e-01 5.276081722217e-01
  -3.960744155542e-01 3.316322745584e-01
  -5.920243560795e-01 3.339272959452e-01
  -4.536997723456e-01 1.604689191688e-01
  -6.890165768660e-01 1.418804460920e-01
  -5.563079809266e-01 -2.361328875157e-02
  -7.876745896280e-01 -6.292646940954e-02
  -6.251804506575e-01 -2.494865235752e-01
  -8.528856866872e-01 3.229507588697e-01
  -1.773381586066e-01 3.731913674201e-01
  -8.868251815890e-01 -2.996286986357e-01
  -7.056259045832e-01 -5.201445427927e-01
  -4.196520407126e-01 -4.282187721552e-01
  -5.065757643392e-01 -7.338993547430e-01
  -2.271189748195e-01 -6.721414486480e-01
  -8.155425896054e-01 -8.202697575699e-01
  -1.621308325148e-01 -4.197825010962e-01
  1.359518674057e-02 -5.764118790458e-01
  -4.642384586674e-02 -8.439263593690e-01
  1.883577875296e-01 -7.629790600310e-01
  2.328731370848e-01 -5.344408938180e-01
  3.867540587037e-01 -6.799019426942e-01
  4.237605070722e-01 -4.499572848012e-01
  5.937161468619e-01 -6.144043648804e-01
  6.435038655088e-01 -4.008552007896e-01
  8.213759561555e-01 -5.512347186518e-01
  8.613243718166e-01 -3.016821921647e-01
  1.077790682758e+00 -4.553708717104e-01
  1.108322544307e+00 -1.706456040467e-01
  8.544378476192e-01 -2.112869774496e-02
  1.160633460425e+00 1.182271658807e-01
  1.384864309229e+00 -3.525097109006e-01
  3.688634557545e-01 -9.062044557991e-01
  -5.862475621656e-01 -1.076671150447e+00
  1.025920413794e+00 -7.374934625793e-01
  2.651672040750e-01 -3.471397829759e-01
  8.817282604006e-01 3.169411036475e-01
  1.224664902198e+00 4.637502443012e-01
  9.353212066713e-01 6.645760096559e-01
  1.273494706125e+00 8.610961417873e-01
  1.609817434096e+00 6.138978705466e-01
  1.670882057895e+00 1.068903729852e+00
  -3.670368547947e-01 8.968420626167e-03
  -1.063082833740e+00 -6.995906574348e-02
  -1.203867484356e+00 -3.584568616394e-01
  -1.417946967322e+00 -6.917435061092e-02
  2.564182915662e-01 1.046286634728e+00
  -9.769929142182e-01 -1.166443660444e+00
  5.528427486686e-01 2.127221033542e-01
  -7.193441842098e-01 7.119256969269e-01
  2.046623899321e+00 7.869408505237e-01
  1.946402597293e+00 2.954844516693e-01
  -1.590059406624e+00 -4.556470302962e-01
  2.431452017000e+00 4.719670370862e-01
  2.325291103473e+00 -1.252777614364e-01
  -1.842049439483e+00 -8.382347405553e-02
  -1.635433146187e+00 2.881289214807e-01
  2.103376341314e+00 1.290490051913e+00
  -9.847730746030e-01 1.782753683409e+00
  -1.071556194365e+00 1.236243509219e+00
  -6.764122580093e-01 -1.481099421707e+00
  -2.534696554766e-01 -1.341399174401e+00
  1.183026808267e-01 -3.885053926465e-01
  1.732583696428e-01 -2.862862699860e-01
  3.040093766968e-01 -2.317788436757e-01
  2.036548101363e-01 -1.721155038531e-01
  -2.015467793616e+00 2.778508334571e-01
  2.697084803583e-02 -3.002213964956e-01
  9.310663214339e-02 -1.921761199910e-01
  -3.160388139195e-02 -2.196372781916e-01
  1.768930575944e-02 -1.488243108966e-01
  2.990723454130e-02 -2.119580435106e-04
  3.698810694650e-01 7.986662012877e-01
  2.076920073887e-01 5.669266819880e-01
  4.408294230627e-01 5.590605335359e-01
  3.430322721052e-01 3.869433844935e-01
  8.323646212641e-02 4.148029085357e-01
  1.894940409315e-01 2.482074648075e-01
  5.561843565623e-01 1.043699180530e+00
  -1.129840042876e+00 -1.594100997506e+00
  -1.447662448812e+00 -1.262348212813e+00
  -2.785553656940e-01 -2.455632596051e-01
  3.779716244240e-01 -3.025524294314e-01
  3.952867704258e-01 -1.939344333635e-01
  -7.769428219207e-02 5.993947557091e-01
  -2.830581478129e-01 2.061466991520e-01
  4.252222194936e-01 1.302342138704e+00
  6.233011172296e-01 -2.973574914927e-02
  4.456912074598e-01 6.326083741520e-02
  1.696893119029e+00 1.559827493825e+00
  6.949267480112e-01 1.294242225489e+00
  -1.049688416044e+00 -2.436908014544e+00
  6.003582838211e-01 -2.409646027960e+00
  9.129042095920e-01 -1.887228300932e+00
  1.474264828699e+00 -1.853800251418e+00
  3.290080602616e-01 -1.849996014948e+00
  1.174097384795e+00 -1.410957647152e+00
  1.673182675708e+00 -1.331854474413e+00
  6.568997295832e-01 -1.394491573104e+00
  2.017363820664e+00 -1.774395291585e+00
  2.229324473617e+00 -1.262383920141e+00
  1.893345252149e+00 -8.911538574603e-01
  2.429149055721e+00 -7.172511806719e-01
  2.821766397741e+00 -1.192621184130e+00
  -1.387351337495e+00 1.606252357770e+00
  -1.632432611017e+00 1.201655262881e+00
  -1.320297840618e+00 8.533344042052e-01
  1.745078502296e+00 -1.642799524359e-01
  -2.066351156126e+00 -5.191471928464e-01
  1.833227324272e-01 2.272042495869e-03
  1.835950695936e-01 1.486930155601e-03
  1.933270256606e-01 3.478718485061e-04
  1.924459525275e-01 4.565269609501e-04
  1.915591945720e-01 4.402623606412e-04
  1.906111375092e-01 7.044715848976e-04
  2.846414007820e+00 1.451267796278e-01
  1.784983421575e-01 2.926982760363e-03
  1.851695349529e-01 1.385425648523e-03
  1.990114226333e+00 2.364207254989e+00
  1.736264565598e-01 3.626769872493e-03
  1.730623183918e-01 2.858218638424e-03
  1.720594138759e-01 2.961872551413e-03
  1.724883147745e-01 2.065595126419e-03
  1.787810094822e-01 2.003736332484e-03
  1.796839374817e-01 1.801377470742e-03
  1.734760743356e-01 1.952495740697e-03
  1.729015099257e-01 1.100469262464e-03
  1.803542317180e-01 2.563957821996e-03
  1.805819955380e-01 1.613354798981e-03
  1.811993851945e-01 2.254317947415e-03
  1.814431019339e-01 1.365884873474e-03
  1.779073341715e-01 2.177259762638e-03
  1.769781039595e-01 2.279792295479e-03
  1.773782009130e-01 1.415755419268e-03
  1.764156110360e-01 1.481953249085e-03
  1.760056319485e-01 2.383722017096e-03
  1.754231978464e-01 1.571102483063e-03
  1.686586058672e-01 4.246826427239e-03
  1.680626990683e-01 3.435137310435e-03
  1.714774792578e-01 2.136649880584e-03
  1.670690539828e-01 3.574917825062e-03
  1.710580070767e-01 3.062848411008e-03
  1.704772178639e-01 2.236414791718e-03
  -8.663184543861e-01 2.367679665549e+00
  1.837269440993e-01 -1.372738291717e+00
  -2.295035538213e+00 -1.807193853653e+00
  -2.429636615121e+00 1.902462968103e+00
  1.637075977547e-01 4.843416876437e-03
  1.631327891042e-01 4.074179435921e-03
  1.750142188946e-01 2.484246951719e-03
  1.700607351287e-01 3.160449131579e-03
  1.694662087687e-01 2.352254151154e-03
  1.587853208673e-01 5.313313338363e-03
  1.582287416442e-01 4.512294643733e-03
  1.572241884942e-01 4.580500525205e-03
  1.576784846253e-01 3.717814614992e-03
  1.566768971335e-01 3.746432945694e-03
  1.571270583593e-01 2.912743912333e-03
  1.586686154205e-01 3.663166573360e-03
  1.562283662794e-01 4.637985299653e-03
  1.556788261057e-01 3.794605876177e-03
  1.755827265175e-01 3.326711838435e-03
  1.716378264500e-01 3.876095500681e-03
  -1.255468637324e+00 -7.867062568796e-01
  1.552291696482e-01 4.688852932748e-03
  1.546788430442e-01 3.830765808277e-03
  1.542288873729e-01 4.730594368989e-03
  1.536786701285e-01 3.869810101873e-03
  1.532315969790e-01 4.781486041256e-03
  1.537979925629e-01 5.669470554821e-03
  1.706445555378e-01 3.988977593818e-03
  1.666798251517e-01 4.500772973221e-03
  1.660799527471e-01 3.702093947910e-03
  1.664658665805e-01 2.766943655190e-03
  1.654795426469e-01 2.897592213538e-03
  1.674547340008e-01 2.627861268964e-03
  1.448630273326e-01 6.343914535544e-03
  1.617490888688e-01 5.040648966725e-03
  1.607685326373e-01 5.128941254977e-03
  1.612039829793e-01 4.239394978051e-03
  1.428810571618e-01 6.451309790650e-03
  1.423346441529e-01 5.607400053288e-03
  1.452981310557e-01 5.465038852970e-03
  1.462880836289e-01 5.392340123769e-03
  1.457290711431e-01 4.629015994792e-03
  1.467168183845e-01 4.544216949307e-03
  1.413507047764e-01 5.654219382511e-03
  1.417867734595e-01 4.802170937602e-03
  1.408168705139e-01 4.814554827828e-03
  1.412642769040e-01 3.973431757760e-03
  1.427650177519e-01 4.638696846721e-03
  1.447407453733e-01 4.697774769981e-03
  1.472868185946e-01 5.309616458040e-03
  1.477066452171e-01 4.375343395314e-03
  1.526752139178e-01 3.906998926012e-03
  1.403595378317e-01 5.683454230424e-03
  1.398303276573e-01 4.827730575458e-03
  1.522320803205e-01 4.832952229041e-03
  1.516790118631e-01 3.955556653546e-03
  1.512329675051e-01 4.877977426083e-03
  1.506762839949e-01 3.990811260241e-03
  1.502304290056e-01 4.911183004827e-03
  1.496759848476e-01 4.036425884273e-03
  1.492245148009e-01 4.955569429889e-03
  1.508045476482e-01 5.840672162804e-03
  1.690586034735e-01 3.297575070376e-03
  1.744467090089e-01 1.707382539418e-03
  1.567881408966e-01 5.476446393040e-03
  1.368493187374e+00 -9.466653647435e-01
  1.557872225095e-01 5.555111302277e-03
  1.602236623413e-01 4.332198019937e-03
  1.606488709232e-01 3.443290007183e-03
  1.616246701408e-01 3.350527958223e-03
  -1.435455575456e-01 -2.549507691003e-01
  -1.851193843496e-01 -1.208267159709e-01
  1.596473103215e-01 3.555349851811e-03
  1.319471491287e-01 6.870380223352e-03
  1.314332128942e-01 6.023566665852e-03
  1.304372851883e-01 6.039376904687e-03
  1.393634764790e-01 5.709490691078e-03
  1.388346513096e-01 4.848086554314e-03
  1.383645397510e-01 5.736058569090e-03
  1.378341171438e-01 4.870184242560e-03
  1.373584760239e-01 5.756373393395e-03
  1.379043511202e-01 6.638802266832e-03
  1.299553253277e-01 6.913841046551e-03
  1.478402272977e-01 6.130799229486e-03
  1.468483081069e-01 6.209697768961e-03
  3.095854387600e-01 -1.377855994169e-01
  2.299265611870e-01 -9.266894002876e-02
  3.919516321000e-01 -8.905298806944e-02
  1.765715172127e-01 3.196514961564e-03
  1.486532256824e-01 4.204096021618e-03
  1.408953082544e-01 6.532601902228e-03
  1.863803658359e+00 -2.375780618762e+00
  1.398994852391e-01 6.571301735127e-03
  1.349284609588e-01 6.780777383994e-03
  1.353883253936e-01 5.903524021725e-03
  1.344020969637e-01 5.942132345530e-03
  3.094875691837e-01 -5.132004224222e-02
  1.279683200247e-01 6.960987400851e-03
  1.269753717694e-01 6.977021242647e-03
  1.264726737546e-01 6.123557741086e-03
  1.284492164710e-01 6.086849144930e-03
  1.254770883291e-01 6.125848530409e-03
  1.259707172816e-01 5.256349082570e-03
  1.309225425541e-01 5.170263874371e-03
  1.249757418792e-01 5.258271064187e-03
  1.254707951990e-01 4.389486886111e-03
  1.319112757152e-01 5.157089333514e-03
  1.299246352050e-01 5.180769557943e-03
  1.269581144002e-01 5.245600874471e-03
  1.244777262862e-01 6.128175765268e-03
  1.239732680315e-01 5.255403317408e-03
  1.234777661474e-01 6.125731328567e-03
  1.229756660932e-01 5.251051251093e-03
  1.224771011253e-01 6.121465583974e-03
  1.219769442785e-01 5.248151358938e-03
  1.214779662173e-01 6.121394332005e-03
  1.219875863687e-01 7.008153507057e-03
  1.070624241463e-01 6.921049080796e-03
  1.075734879457e-01 6.071325125673e-03
  1.085670947693e-01 6.084413895071e-03
  1.080770558995e-01 5.214362120943e-03
  1.065785934912e-01 6.051201832551e-03
  1.090534864342e-01 6.955430443408e-03
  1.095646865400e-01 6.099321600129e-03
  1.249831012580e-01 6.995461989253e-03
  1.020873914846e-01 6.789200220220e-03
  1.026052102623e-01 5.957478267205e-03
  1.036026385077e-01 5.978696216299e-03
  1.120415725908e-01 7.003730614867e-03
  1.115584291696e-01 6.138702437494e-03
  1.125495499457e-01 6.154423496709e-03
  1.239835010260e-01 7.003472028521e-03
  1.150259323542e-01 7.031356146695e-03
  1.145324339604e-01 6.169252195417e-03
  1.155263626047e-01 6.170777370729e-03
  1.150299447120e-01 5.308517585807e-03
  1.160258032361e-01 5.305856312316e-03
  1.140374190841e-01 5.308421712974e-03
  1.190067148364e-01 7.039469843042e-03
  1.209809980136e-01 5.253166839739e-03
  1.195002433508e-01 6.160519820819e-03
  1.185091077734e-01 6.175958588462e-03
  1.189984352498e-01 5.290753251274e-03
  1.180075727722e-01 5.307035996257e-03
  1.000984032953e-01 6.727970905907e-03
  9.810148606113e-02 6.659103193307e-03
  9.763402580164e-02 5.799455891281e-03
  9.961358012016e-02 5.880692550109e-03
  9.665033076636e-02 5.747570390945e-03
  9.717910808642e-02 4.928566662304e-03
  9.611902316059e-02 6.573470680261e-03
  9.412998894831e-02 6.484925388656e-03
  9.367083945743e-02 5.601619849963e-03
  9.266448953508e-02 5.575321086524e-03
  9.213911841650e-02 6.394854055842e-03
  9.015340616311e-02 6.291636526174e-03
  -1.636756350868e+00 -1.729663230552e+00
  8.816506013906e-02 6.184510478523e-03
  8.617735842692e-02 6.070878514111e-03
  8.573351186433e-02 5.184235448433e-03
  8.872840980784e-02 5.331217464893e-03
  8.474904619186e-02 5.129180300567e-03
  8.537226423301e-02 4.289404121983e-03
  8.419066464941e-02 5.951322063569e-03
  8.220295737200e-02 5.817816845186e-03
  8.179098753023e-02 4.931298575902e-03
  8.080207104193e-02 4.865872389383e-03
  1.511607239350e+00 2.084546614921e-01
  8.022152154428e-02 5.679744227062e-03
  7.823105888944e-02 5.534526091681e-03
  7.624706912324e-02 5.382436961315e-03
  7.426323263193e-02 5.221498667053e-03
  7.380753663555e-02 4.317195204012e-03
  7.682659799534e-02 4.587283687907e-03
  7.279064435138e-02 4.250621480340e-03
  7.328006256389e-02 3.412185286695e-03
  6.039053995104e-02 3.891274190946e-03
  5.998835400557e-02 2.981708598769e-03
  7.226789442316e-02 5.065255472497e-03
  6.237041145692e-02 4.104040307156e-03
  6.295507959720e-02 3.299797080412e-03
  6.394260625346e-02 3.403746309104e-03
  6.353523983502e-02 2.492780426011e-03
  7.029442695251e-02 4.884666422287e-03
  6.987054116672e-02 3.982567810052e-03
  6.887963072177e-02 3.887020083384e-03
  6.435059692009e-02 4.310056133003e-03
  6.831123166154e-02 4.696934648644e-03
  6.633148034371e-02 4.507178942591e-03
  6.690883885891e-02 3.695756780053e-03
  -1.765652358058e+00 -9.184683311355e-01
  1.684541819238e-01 2.486143974502e-03
  3.415041918976e+00 -1.048710291110e+00
  3.300326188390e+00 -1.774610951997e+00
  8.971252390083e-02 5.389690987144e-03
  1.165215115986e-01 6.173581103899e-03
  7.782229830725e-02 4.666214669788e-03
  1.100499901519e-01 6.972038899232e-03
  9.861752704002e-02 5.851084208344e-03
  -3.589217121020e-01 -1.794236281197e+00
  1.130358501492e-01 7.016462264890e-03
  1.160209088372e-01 7.034960568707e-03
  1.040775901285e-01 6.845388624543e-03
  1.294416487992e-01 6.061065266839e-03
  1.289321298421e-01 5.203523740002e-03
  1.045907329394e-01 6.009489563584e-03
  6.789616628760e-02 3.789523100841e-03
  1.180119700799e-01 7.040004633672e-03
  1.060679482332e-01 6.899338043842e-03
  1.055818824215e-01 6.030988801796e-03
  1.482552608729e-01 5.163448501904e-03
  1.105628606719e-01 6.118441485949e-03
  9.566090098999e-02 5.701072157920e-03
  9.466635943073e-02 5.647472247318e-03
  1.339345486207e-01 6.813960070631e-03
  9.167914730255e-02 5.517419270870e-03
  9.069688049966e-02 5.455638021661e-03
  8.773959010947e-02 5.279176633060e-03
  8.672494409308e-02 5.244571533190e-03
  8.278708891408e-02 5.004130061612e-03
  8.377816170366e-02 5.069147316562e-03
  7.881539362630e-02 4.735083594051e-03
  7.981451967985e-02 4.803557452999e-03
  7.582084904437e-02 4.484682452139e-03
  7.481532296410e-02 4.385917226275e-03
  6.097879985440e-02 3.087747738213e-03
  6.196749546731e-02 3.193870548534e-03
  7.085791357169e-02 4.113017558910e-03
  7.180868001840e-02 4.210904886021e-03
  6.592021185163e-02 3.601129137255e-03
  6.493003758150e-02 3.503678291785e-03
  1.170146661238e-01 5.306037985693e-03
  1.175137167705e-01 6.173683117615e-03
  1.656864926264e-01 4.612866159491e-03
  1.204896512075e-01 6.140193617626e-03
  1.006183438213e-01 5.901558613041e-03
  1.016117521077e-01 5.931180459713e-03
  1.135397155169e-01 6.162992432902e-03
  1.199891197439e-01 5.261244012127e-03
  1.209931467382e-01 7.016000366426e-03
  1.363768812353e-01 5.858884459181e-03
  1.358413865922e-01 5.008734999425e-03
  1.368356239955e-01 4.918229044642e-03
  1.334132756015e-01 5.976940556379e-03
  1.338729409235e-01 5.116591681867e-03
  1.498043975656e-01 5.889741961512e-03
  1.348550301192e-01 5.069973414060e-03
  1.528025383549e-01 5.735607433106e-03
  1.369094000723e-01 6.685827774381e-03
  1.274618320154e-01 6.104729842558e-03
  1.328961192298e-01 5.143664708652e-03
  1.324242290651e-01 6.004914738237e-03
  1.650896269542e-01 3.830373082479e-03
  1.644993174041e-01 3.027796818798e-03
  3.382049819308e+00 1.849782975862e+00
  2.742355135546e+00 1.530079759181e+00
  -1.180357336919e+00 2.421023711099e-01
  7.627142919041e-01 -7.995464931146e-01
  2.599924400525e+00 -1.761695838792e+00
  1.641079825081e-01 3.947688510288e-03
  1.635318398300e-01 3.163325587742e-03
  1.130494357458e-01 5.305128349972e-03
  1.433245049559e-01 5.589251941646e-03
  -1.018451525379e-01 -1.615131206962e-01
  -1.243431165150e-01 -5.821035378227e-02
  -7.172340709023e-02 -1.107647535186e-01
  -2.408691688928e-01 -2.055172996904e-02
  -1.684619195317e-01 3.653206701344e-02
  -7.700195473498e-02 1.234933240368e-02
  -2.572236650468e-01 7.542644927144e-02
  -1.882553834854e-01 1.318364094005e-01
  -1.680880804719e-01 2.333375563868e-01
  -7.316767557837e-02 1.878782204860e-01
  -7.885791740863e-02 2.949646549280e-01
  4.790507606228e-04 2.294176094469e-01
  1.318389657838e-03 1.434731116546e-01
  8.991118377269e-02 2.784807594015e-02
  8.007730476937e-02 2.888660436315e-02
  -8.189332149169e-02 1.143967845361e-01
  6.905323147103e-02 1.855403558755e-01
  1.382545093957e-01 1.884073059752e-02
  1.108300269408e-01 2.448880742036e-02
  5.709827922331e-02 1.125782860904e-01
  1.265213407070e-01 2.138994010476e-02
  1.186824791905e-01 2.298938496784e-02
  1.009419452450e-01 2.619362003715e-02
  3.309367435578e-02 2.631627234421e-02
  4.099599950907e-02 2.796640681931e-02
  7.209608453532e-02 2.951725493993e-02
  4.877444075057e-02 2.894071509452e-02
  6.404553511900e-02 2.971114824746e-02
  1.008370722697e-01 2.785337365054e-01
  -5.778713512610e-02 4.237287300538e-01
  5.086694100520e-01 3.724701056084e-01
  4.070232823546e-01 2.288983834851e-01
  6.653947314182e-01 5.178414067832e-01
  -1.091633701027e-02 -4.038286224240e-01
  1.279434444831e-01 5.224960682460e-03
  -1.821863672337e+00 6.917567199569e-01
  1.443128480250e-01 5.542801821684e-03
  3.401395241271e+00 4.264514584829e-01
  1.058876037662e-02 3.303829295371e-01
  -6.181265241025e-02 -3.209144424481e-01
  1.438105914356e-01 4.710682969219e-03
  -7.006350284899e-01 1.036247109414e+00
  1.592276870087e-01 4.428509701864e-03
  1.304798714496e+00 1.303569195626e+00
  -4.286670575035e-01 -1.427637380184e-01
  1.717992797511e-01 -1.029523466540e+00
  2.752401802822e+00 -3.680837907742e-01
  9.519605359884e-01 -1.045506459722e+00
  1.625654241938e-01 3.271326423681e-03
  1.621668430354e-01 4.153610443324e-03
  -2.974452018738e-01 -9.331411251752e-01
  5.028034719688e-01 -2.823514417635e-01
  2.507245336286e+00 9.775513258711e-01
  2.256523885023e+00 1.850042859297e+00
  1.781864682473e-01 1.418116575173e-03
  1.740680945130e-01 2.687228831470e-03
  1.295682131312e+00 -6.150571605114e-01
  2.892849766788e+00 6.236794771108e-01
  1.899915234437e-01 1.109344713489e-03
  -8.089286925681e-01 -1.943501965403e+00
  -1.853608132071e+00 1.728656112607e+00
  -2.324632626266e+00 -3.749222537056e-02
  -1.931196152243e+00 -1.380988976887e+00
  6.485094003363e-01 7.681744108376e-01
  1.233344944871e+00 1.837311240969e+00
  -9.766599660764e-01 -5.578851875008e-01
  1.855235431905e-01 2.029167939380e-03
  -2.649129067809e-01 3.182301789434e-01
  1.475184636254e-01 1.856940239574e-01
  2.132810619646e-01 1.890245810123e-01
  1.463205897993e-01 1.190538951737e-01
  1.885445696353e-01 5.440648239423e-03
  1.789933931307e-01 8.461965191022e-03
  1.693286315706e-01 1.128806653011e-02
  1.596284046748e-01 1.368499122025e-02
  1.499499278176e-01 1.617449501166e-02
  2.176484344623e-01 1.005799272427e-01
  2.836827606635e-01 2.341633127520e-01
  3.179247173054e-01 1.489333467652e-01
  1.500184600378e-01 -2.050857669211e-01
  1.598577627636e-01 -1.436721032105e-01
  1.135326329057e-01 4.450393518527e-03
  1.110691985990e-01 5.272454325626e-03
  8.240845973401e-02 -1.296957976529e-01
  1.100730510312e-01 5.247381988792e-03
  1.090742445119e-01 5.227809482253e-03
  1.120596598091e-01 5.293742826493e-03
  1.996066884960e-01 -1.204104459216e-01
  1.643775790089e-01 -9.098023263323e-02
  1.264580143726e-01 -1.128423066893e-01
  7.179047779538e-02 -8.301015844984e-02
  1.493725150592e-02 -2.236916560711e-03
  2.189258442602e-02 -1.380519291737e-03
  1.111341934418e-01 -5.250794872225e-02
  1.332017193084e-01 -6.897689413081e-02
  1.292035182126e-01 -4.743399408510e-02
  1.501334028698e-01 3.153157008924e-03
  1.461518024947e-01 3.701419960395e-03
  1.323870102225e-01 4.297972822606e-03
  1.093207488621e-01 -3.166453570775e-02
  1.620984329090e-01 -5.709319156787e-02
  1.778851096198e-01 6.124315301019e-04
  1.510712037970e-01 -2.842226299063e-02
  1.658688212121e-01 1.962241343658e-03
  1.610206046869e-01 2.551930107409e-03
  1.799500810632e-01 8.884465468457e-04
  1.856003386688e-01 -6.294789918626e-02
  1.793047454793e-01 -4.105381196929e-02
  1.970499093665e-01 -3.989662458218e-02
  1.689470713365e-01 -2.209264933998e-02
  1.859401349530e-01 9.395427124499e-05
  1.872201673802e-01 -2.768979340261e-02
  2.048312938349e-01 -2.586397560003e-02
  2.182425630999e-01 -3.567777994293e-02
  1.949777982375e-01 -1.517563398658e-02
  1.980464330304e-01 -7.157608281356e-04
  1.960805279934e-01 -2.930793039604e-04
  1.951507944789e-01 -4.269870875112e-05
  1.946096534727e-01 -6.174564328200e-04
  1.928026602777e-01 -1.958368027735e-04
  1.919859217783e-01 -2.660778392800e-04
  1.924789532189e-01 -1.052439202276e-03
  1.910679652526e-01 -2.343227096230e-04
  1.901366000331e-01 -1.797472000718e-04
  1.905619310846e-01 -1.032763955821e-03
  2.113123388215e-01 -6.228615209582e-02
  2.382624794109e-01 -5.819502618940e-02
  2.393383659145e-01 -2.516372203885e-02
  1.936835302419e-01 -5.938519278277e-04
  1.933753514439e-01 -1.621307138559e-03
  1.970581806246e-01 -5.206671607607e-04
  1.973500651702e-01 -1.478556565858e-03
  1.963239661828e-01 -1.261452423960e-03
  1.966274937801e-01 -2.240107979654e-03
  1.953682231198e-01 -9.792171080793e-04
  1.944965568333e-01 -1.545959646059e-03
  1.939314159466e-01 -2.444296892957e-03
  1.954843618396e-01 -2.048837704832e-03
  1.959980477977e-01 -2.992325244335e-03
  1.808395337170e-01 7.514098114911e-04
  1.817396670184e-01 4.992670693922e-04
  1.810240549756e-01 -3.137301014851e-04
  1.822891418987e-01 1.120020792325e-03
  1.824944055697e-01 3.658994623152e-04
  1.850924833267e-01 2.972189284229e-05
  1.856130293193e-01 -7.216258248782e-04
  1.880305595149e-01 -1.669132362190e-05
  1.896098963920e-01 -9.152863168888e-04
  1.900300979534e-01 -1.825599659408e-03
  1.929179032051e-01 -2.477319077831e-03
  1.935477783146e-01 -3.377968196503e-03
  1.910017497304e-01 -1.922599414375e-03
  1.904405463191e-01 -2.747488873349e-03
  1.866030284344e-01 -5.607870563293e-04
  1.861766815690e-01 -1.490938099382e-03
  1.852253202894e-01 -1.622963484076e-03
  1.858390265403e-01 -2.392694572108e-03
  1.867580516693e-01 -2.225175232735e-03
  1.864594788453e-01 -3.158314571034e-03
  1.894670009725e-01 -2.664236914758e-03
  1.898914859921e-01 -3.605428853747e-03
  1.874011593404e-01 -2.916250588705e-03
  1.870891586820e-01 -3.905764306617e-03
  1.875828526845e-01 -1.915509252298e-03
  1.889405612580e-01 -3.537221152731e-03
  1.894073085749e-01 -4.271081197907e-03
  1.846395837204e-01 -8.346640126379e-04
  1.842367293799e-01 -1.769456540409e-03
  1.861011064786e-01 -4.107882816706e-03
  1.836664266715e-01 -9.631068610645e-04
  1.832577635866e-01 -1.911441599598e-03
  1.826877347686e-01 -1.114983125223e-03
  1.822720824805e-01 -2.055011591302e-03
  1.828860958761e-01 -2.850886253044e-03
  1.818947380323e-01 -3.000093799126e-03
  1.812719985165e-01 -2.214472800398e-03
  1.809049273919e-01 -3.162513261013e-03
  1.802760857484e-01 -2.383833673382e-03
  1.799175375407e-01 -3.323707369077e-03
  1.840797348890e-01 6.326983786030e-05
  1.806462353208e-01 -1.408348678769e-03
  1.796512716068e-01 -1.607084519797e-03
  1.800016121110e-01 -6.825098569919e-04
  1.790489930391e-01 -8.531003926039e-04
  1.786808476297e-01 -1.774482291238e-03
  1.780881700383e-01 -1.005788249490e-03
  1.758446404743e-01 6.524488962242e-04
  1.768743627305e-01 5.894519362330e-04
  1.763543861246e-01 -3.893488062485e-04
  1.752764516890e-01 -1.863669038579e-04
  1.756708395820e-01 -1.074388995237e-03
  1.746777030337e-01 -9.811411421596e-04
  1.750763160623e-01 -1.906572748272e-03
  1.688601777170e-01 1.549827798041e-03
  1.708783220819e-01 1.301267283477e-03
  1.760039811064e-01 -1.973994124592e-03
  1.755031509246e-01 -2.809229955109e-03
  1.742662746411e-01 -6.738099705662e-05
  1.736829750583e-01 -8.882535797990e-04
  1.777423344341e-01 -1.907026186798e-03
  1.783273214746e-01 -2.711511990082e-03
  1.732810789626e-01 7.417576771292e-05
  1.726878279818e-01 -7.754074619653e-04
  1.722848561563e-01 2.130968131476e-04
  1.716837985154e-01 -6.513595857935e-04
  1.720954292682e-01 -1.626805689307e-03
  1.710570124181e-01 -1.484755158424e-03
  1.715230506013e-01 -2.414253546408e-03
  1.706613113751e-01 -4.887681008971e-04
  1.771431256851e-01 -1.146487870803e-03
  1.718820445101e-01 1.195703429729e-03
  1.712702540603e-01 3.495081305745e-04
  1.702720595078e-01 4.816214796620e-04
  1.696635013087e-01 -3.411137217661e-04
  1.794444162286e-01 5.727335601018e-05
  1.816603793396e-01 -1.244115055556e-03
  1.892738669949e-01 -1.284793250351e-04
  1.886363345848e-01 -7.309754086267e-04
  1.876313250016e-01 -8.664858892611e-04
  1.890973744244e-01 -1.698882661631e-03
  1.848570263860e-01 -2.545487455424e-03
  1.838740243826e-01 -2.698161863746e-03
  1.844978074792e-01 -3.473443173455e-03
  1.805441085859e-01 -4.102703310786e-03
  1.825202088562e-01 -3.790293936912e-03
  1.835110017607e-01 -3.628221234058e-03
  1.841395707539e-01 -4.338731377569e-03
  1.748531447087e-01 7.595904673537e-04
  1.854801612377e-01 -3.321729255819e-03
  1.815369476003e-01 -3.944623864253e-03
  1.811783002917e-01 -4.881410975866e-03
  1.792956489670e-01 -2.547780493286e-03
  1.789391126572e-01 -3.481842070487e-03
  1.730959788182e-01 -1.743928726684e-03
  1.740929263553e-01 -1.836571171877e-03
  1.738707985971e-01 9.211221300983e-04
  1.692725180683e-01 6.110318658243e-04
  1.686771303554e-01 -1.971079546391e-04
  1.682577256960e-01 7.391331068627e-04
  1.676763822218e-01 -7.244471940026e-05
  1.680746992813e-01 -9.743197932469e-04
  1.670739270663e-01 -8.738619729366e-04
  1.674996705977e-01 -1.898886477666e-03
  1.666867267863e-01 5.301004119480e-05
  1.678569182452e-01 1.680654269837e-03
  1.690450708591e-01 -1.111960833311e-03
  1.700257588502e-01 -1.327291661703e-03
  1.672694474921e-01 8.679029884292e-04
  1.662782474859e-01 1.002055801789e-03
  1.656911837311e-01 1.886704444469e-04
  1.639157140202e-01 2.220236703808e-03
  1.652899677913e-01 1.133650519997e-03
  1.646996041134e-01 3.216253242042e-04
  1.643052891063e-01 1.267687150414e-03
  1.637117531269e-01 4.539196724822e-04
  1.640982716736e-01 -4.653592542067e-04
  1.631072637766e-01 -3.354399146050e-04
  1.634941112042e-01 -1.229533137361e-03
  1.627277544681e-01 5.873938556807e-04
  1.660764664477e-01 -7.412735613637e-04
  1.650879422102e-01 -6.020982878166e-04
  1.633275982126e-01 1.409841384821e-03
  1.623550670319e-01 1.533157986332e-03
  1.617461246748e-01 7.168510736438e-04
  1.648881554447e-01 2.082565974998e-03
  1.613847617502e-01 1.639442351165e-03
  1.607584389905e-01 8.509078621172e-04
  1.604073745144e-01 1.771988464625e-03
  1.597745136888e-01 1.002029582181e-03
  1.601309862500e-01 7.300178280502e-05
  1.591386650807e-01 2.308598603131e-04
  1.594947167393e-01 -7.058993713571e-04
  1.541366816293e-01 2.978865304467e-03
  1.587957523058e-01 1.151904957617e-03
  1.581568374261e-01 3.869896918493e-04
  1.578222051368e-01 1.295708716216e-03
  1.584547617690e-01 2.031997400946e-03
  1.611275142879e-01 -7.649865828720e-05
  1.594223917884e-01 1.905540174439e-03
  1.621182300836e-01 -2.078296597113e-04
  1.551439784975e-01 2.962786145917e-03
  1.546340081657e-01 2.096650830115e-03
  1.536066814191e-01 2.135769359179e-03
  1.540974837064e-01 1.217689532220e-03
  1.530700982455e-01 1.286800678977e-03
  1.535204505060e-01 3.808987334326e-04
  1.571713375617e-01 5.479858396934e-04
  1.552374488617e-01 1.127631846596e-03
  1.526037548299e-01 2.176662233094e-03
  1.568476899340e-01 1.456104551558e-03
  1.561731498311e-01 7.249450723347e-04
  1.561412197057e-01 2.963984863105e-03
  1.556297470455e-01 2.136561318167e-03
  1.521397208715e-01 3.063811782923e-03
  1.531389631220e-01 3.021409988715e-03
  1.516033730010e-01 2.219047722470e-03
  1.511394185739e-01 3.106412352545e-03
  1.506025838447e-01 2.261502289657e-03
  1.495905849191e-01 2.313991992795e-03
  1.500655041217e-01 1.418051834469e-03
  1.490703809808e-01 1.469255893094e-03
  1.495486689294e-01 5.801961991750e-04
  1.479352620385e-01 3.397500419167e-03
  1.485708633350e-01 2.371263834465e-03
  1.481035678843e-01 1.507488747676e-03
  1.475895681586e-01 2.357891310122e-03
  1.510668000321e-01 1.377270798430e-03
  1.520667050203e-01 1.336220899270e-03
  1.490932206154e-01 3.246072526874e-03
  1.469497732231e-01 3.040778931207e-03
  1.460868872960e-01 2.677062329028e-03
  1.443187568129e-01 3.780433585898e-03
  1.452463575918e-01 3.172730452149e-03
  1.452323523474e-01 2.177383327668e-03
  1.461896071185e-01 1.620680383030e-03
  1.452279446428e-01 1.158736482976e-03
  1.443587548035e-01 1.688276432512e-03
  1.443439533441e-01 6.868409456167e-04
  1.373074278810e-01 4.032834095143e-03
  1.434823135335e-01 1.205138785900e-03
  1.434636874562e-01 2.170324768905e-04
  1.393101818122e-01 3.971089130953e-03
  1.352922487076e-01 4.180485387882e-03
  1.434938906712e-01 2.200639592307e-03
  1.426088325250e-01 1.739886882350e-03
  1.426574813954e-01 2.728775777505e-03
  1.417873466785e-01 2.341715466226e-03
  1.362986523276e-01 4.098594780445e-03
  1.357209263545e-01 3.275308684122e-03
  1.347226024809e-01 3.367423411675e-03
  1.351166860310e-01 2.465063712273e-03
  1.367433384507e-01 3.191722618410e-03
  1.377722021560e-01 3.142164870776e-03
  1.371718938727e-01 2.265536945115e-03
  1.382383075723e-01 2.253082470498e-03
  1.403033782067e-01 3.953334005327e-03
  1.398070197850e-01 3.075365307956e-03
  1.408958622471e-01 2.966583969639e-03
  1.402349224546e-01 2.169625990744e-03
  1.416265662587e-01 1.283953276480e-03
  1.392712969720e-01 2.235095979346e-03
  1.397178513371e-01 1.360742663019e-03
  1.406304624139e-01 1.327869950151e-03
  1.443553694695e-01 2.701953190155e-03
  1.387852254079e-01 3.111465562564e-03
  1.425821548308e-01 7.294003929149e-04
  1.425964885946e-01 -2.653120036415e-04
  1.417198980051e-01 2.037757277571e-04
  1.417523676590e-01 -7.913843831944e-04
  1.401809743488e-01 5.008016808134e-04
  1.383073009517e-01 3.995970742719e-03
  1.471776778504e-01 1.543984141097e-03
  1.476256110981e-01 6.094706260628e-04
  1.460414939231e-01 6.092160066152e-04
  1.486206802577e-01 6.433711692071e-04
  1.490599821139e-01 -2.416039506053e-04
  1.629483375207e-01 2.342043972625e-03
  1.434873820453e-01 3.176308437927e-03
  1.427056567196e-01 3.649541427401e-03
  1.668630754321e-01 1.818471415956e-03
  1.333471682295e-01 4.284867559588e-03
  1.328158290834e-01 3.447308011404e-03
  1.294103368671e-01 4.317397723370e-03
  1.274397281320e-01 4.368362397230e-03
  1.341337451263e-01 2.564003208920e-03
  1.344732571906e-01 1.674258312135e-03
  1.354271786901e-01 1.555178063024e-03
  1.347946758482e-01 7.834558441165e-04
  1.361045765644e-01 2.340460610692e-03
  1.364474359872e-01 1.289953641206e-03
  1.392191726883e-01 5.473575562858e-04
  1.376809663248e-01 1.375681332473e-03
  1.304069845575e-01 4.308314798473e-03
  1.298898864625e-01 3.445186416221e-03
  1.288974808420e-01 3.457625729894e-03
  1.293835430021e-01 2.585299231031e-03
  1.283815752016e-01 2.592238557659e-03
  1.204777661102e-01 4.382671333383e-03
  1.288762274808e-01 1.723830385302e-03
  1.175013324878e-01 4.436288411866e-03
  1.278756477069e-01 1.730032897250e-03
  1.283713180983e-01 8.614200370159e-04
  1.338529456180e-01 8.855279371944e-04
  1.342234389589e-01 -1.360346832546e-05
  1.293711218266e-01 8.558670418664e-04
  1.288668423739e-01 -6.994307693569e-06
  1.224793718353e-01 4.380983325278e-03
  1.332026122142e-01 1.087350792651e-04
  1.335720816483e-01 -8.161866287930e-04
  1.352914290895e-01 -1.058733716691e-04
  1.298582925619e-01 -1.683955077749e-05
  1.303674930352e-01 8.337883594239e-04
  1.371758657673e-01 4.855975686393e-04
  1.328986172636e-01 9.988085225382e-04
  1.308230135766e-01 -4.178998121195e-05
  1.273830486378e-01 2.599377739428e-03
  1.268760674332e-01 1.735265484725e-03
  1.278671999081e-01 -3.734423138117e-07
  1.283640507867e-01 -8.725792956967e-04
  1.263798471316e-01 2.603649020728e-03
  1.258754979170e-01 1.740170392405e-03
  1.253838455083e-01 2.610755504951e-03
  1.248761841339e-01 1.745471759658e-03
  1.243860480325e-01 2.616425007198e-03
  1.238810743525e-01 1.750349020165e-03
  1.243722545607e-01 8.815365163235e-04
  1.233753501453e-01 8.849690729645e-04
  1.238693528881e-01 1.728732784507e-05
  1.228700770479e-01 2.333793955945e-05
  1.233746507039e-01 -8.473212120819e-04
  1.223876184653e-01 8.913807340552e-04
  1.248697203190e-01 2.256422590177e-05
  1.308875332538e-01 3.441791254742e-03
  1.263712840963e-01 8.716498550146e-04
  1.234003910784e-01 2.625768955538e-03
  1.324085971621e-01 -6.969785098511e-04
  1.330035265525e-01 -1.657917950102e-03
  1.239023856909e-01 3.491953807017e-03
  1.314153975515e-01 7.698703920149e-04
  1.308732078136e-01 1.700579398086e-03
  1.318249690117e-01 1.731803843195e-03
  1.194815760681e-01 4.390705586120e-03
  1.199715900290e-01 3.515047831212e-03
  1.209651596993e-01 3.508718801487e-03
  1.204553395737e-01 2.645098009888e-03
  1.194637054389e-01 2.653862503092e-03
  1.199449222452e-01 1.785024722831e-03
  1.189524198926e-01 1.793585324076e-03
  1.194358205838e-01 9.252471462971e-04
  1.085798700294e-01 4.354979122021e-03
  1.021180361401e-01 5.113285212560e-03
  1.184442541053e-01 9.320968303558e-04
  1.189290922291e-01 6.996748845147e-05
  1.179376916161e-01 7.468944488567e-05
  1.184281695223e-01 -7.780845468137e-04
  1.050914098867e-01 5.170653032362e-03
  1.174468799551e-01 9.409522252103e-04
  1.105644926771e-01 4.400258160052e-03
  1.155198868483e-01 4.438828012322e-03
  1.218819629695e-01 3.468371760578e-05
  1.075803895470e-01 4.347589989217e-03
  1.080814891999e-01 3.484506160517e-03
  1.070827419723e-01 3.477864927324e-03
  1.075837448156e-01 2.616151200675e-03
  1.085787929411e-01 2.619121649849e-03
  1.080831481745e-01 1.750784364162e-03
  1.169396637661e-01 8.013416842464e-05
  1.164477244337e-01 9.493024702776e-04
  1.169558163587e-01 1.810117804246e-03
  1.159559093635e-01 1.819230348444e-03
  1.154479742179e-01 9.581286190493e-04
  1.149559472965e-01 1.828070208908e-03
  1.144480522016e-01 9.672004427891e-04
  1.139560023535e-01 1.837518650484e-03
  1.134482015507e-01 9.794144648729e-04
  1.139412347493e-01 1.180068485771e-04
  1.129515820446e-01 1.366469100934e-04
  1.134136941400e-01 -6.859992113393e-04
  1.124528365335e-01 9.913452437126e-04
  1.090665996501e-01 1.762244691632e-03
  1.085755672568e-01 8.920775804616e-04
  1.075856946291e-01 8.851033486342e-04
  1.080839908357e-01 2.352569303961e-05
  1.065837023632e-01 2.611596677057e-03
  1.090684500220e-01 3.837299733757e-05
  1.085860878331e-01 -8.390926934074e-04
  1.119777211895e-01 1.383100483684e-04
  1.114799933216e-01 9.802836395332e-04
  1.119687952744e-01 1.847012069148e-03
  1.095597637092e-01 2.637126510016e-03
  1.184654894510e-01 2.669352025026e-03
  1.164671622729e-01 2.683538569667e-03
  1.144647709151e-01 2.697921075626e-03
  1.134676611455e-01 2.707406163763e-03
  1.199134261461e-01 6.019915407765e-05
  1.060834143759e-01 3.470074165644e-03
  1.055832941553e-01 2.609562383836e-03
  1.060858165516e-01 1.746039587573e-03
  1.050858098307e-01 1.743000247934e-03
  1.045822916891e-01 2.605527037424e-03
  1.040856420458e-01 1.739853211132e-03
  1.045883400408e-01 8.757846244463e-04
  9.122332528033e-02 4.648882249027e-03
  1.035883139136e-01 8.727323583129e-04
  1.040874809804e-01 1.354656528535e-05
  1.030903101287e-01 6.258455449014e-06
  1.035868295721e-01 -8.239081376104e-04
  8.833742172034e-02 4.384515512700e-03
  9.417814312950e-02 4.846167050777e-03
  1.025884013151e-01 8.696989406014e-04
  1.070890580610e-01 1.792456118701e-05
  1.035825416340e-01 2.601201060350e-03
  1.050908732457e-01 1.127019206769e-05
  1.040837821695e-01 3.457559504990e-03
  1.214403723222e-01 2.635704381739e-03
  1.030913630194e-01 3.448411634576e-03
  1.025880707101e-01 2.592253946368e-03
  1.001159384463e-01 5.077032244108e-03
  1.021031320078e-01 3.438172993415e-03
  1.015948061866e-01 2.587198056219e-03
  1.110048478170e-01 1.126649122703e-04
  1.011070265527e-01 3.433446229165e-03
  1.005893433172e-01 2.591192337225e-03
  1.010892031960e-01 1.728204582081e-03
  1.000870710732e-01 1.727577806408e-03
  9.958529430041e-02 2.587801176111e-03
  9.908593194799e-02 1.725660168264e-03
  9.958858544508e-02 8.609955820464e-04
  9.858863076486e-02 8.580692339393e-04
  9.909046751514e-02 -5.446476026680e-06
  9.809088112400e-02 -9.117258941768e-06
  9.859050584717e-02 -8.685327722931e-04
  9.758927610875e-02 8.547185901422e-04
  1.020908850026e-01 2.493460821507e-06
  9.858713322789e-02 2.585296067630e-03
  1.000904389356e-01 -2.439607836142e-06
  9.909658298699e-02 3.430256844024e-03
  9.811511967801e-02 3.414296295306e-03
  9.760112818543e-02 2.571989724223e-03
  9.713589669697e-02 3.393284975295e-03
  9.660868739726e-02 2.561758034875e-03
  9.614848817661e-02 3.374811062242e-03
  9.561223194360e-02 2.553496356043e-03
  9.609620040884e-02 1.707560353389e-03
  9.509312025194e-02 1.707240622261e-03
  9.461002423610e-02 2.553154443419e-03
  9.409168880234e-02 1.705599049495e-03
  9.459083497688e-02 8.442996344183e-04
  9.358849814148e-02 8.435345411625e-04
  9.409137399712e-02 -2.134588415994e-05
  9.309102474334e-02 -2.395211473399e-05
  7.943265784039e-02 3.964203797598e-03
  9.359076986088e-02 -8.837097875780e-04
  9.258843465733e-02 8.406559850457e-04
  9.209095322481e-02 -2.681118231992e-05
  9.158840631706e-02 8.377538317791e-04
  8.141866417099e-02 4.072874559850e-03
  7.743263932049e-02 3.855349214736e-03
  8.339022632601e-02 4.191230885176e-03
  9.509170856045e-02 -1.867896325883e-05
  9.361893902407e-02 2.531556879639e-03
  9.210981921228e-02 1.685063190466e-03
  9.109691551545e-02 1.709594559870e-03
  9.059024281451e-02 8.360452618307e-04
  9.008124995416e-02 1.733394531192e-03
  8.958794071363e-02 8.377746607204e-04
  8.907538884653e-02 1.701956271608e-03
  8.858622915993e-02 8.302676996223e-04
  8.909050077147e-02 -3.436091938188e-05
  8.809050600632e-02 -3.809480214198e-05
  8.859332585520e-02 -9.027415872146e-04
  8.758674988894e-02 8.262456412618e-04
  8.709059652411e-02 -4.134004782777e-05
  8.658807934467e-02 8.231684633449e-04
  8.708431884905e-02 1.690559843395e-03
  8.608491650824e-02 1.685876490589e-03
  8.558820260696e-02 8.198985366756e-04
  8.508504419491e-02 1.681002621692e-03
  8.458824729120e-02 8.165886468386e-04
  8.408573845833e-02 1.674670547259e-03
  8.358841451012e-02 8.136864267089e-04
  8.409082980930e-02 -5.053576998627e-05
  8.309094215971e-02 -5.331311549247e-05
  8.359337300520e-02 -9.175658952747e-04
  8.258842927707e-02 8.100907301098e-04
  8.209096620540e-02 -5.632787978901e-05
  8.158843515313e-02 8.082150534206e-04
  8.208592307768e-02 1.666958696753e-03
  8.108592905910e-02 1.663631743158e-03
  8.058844496410e-02 8.039358907731e-04
  8.008594240863e-02 1.657728547265e-03
  7.958845168364e-02 8.002862404034e-04
  7.908596062634e-02 1.650082137402e-03
  7.858846188590e-02 7.953629922644e-04
  7.909105380876e-02 -6.527586125108e-05
  6.847067740887e-02 2.974531902287e-03
  7.809100165755e-02 -6.858676145047e-05
  7.859352221985e-02 -9.323552587601e-04
  7.045056057822e-02 3.163407361726e-03
  6.649150453219e-02 2.787228192504e-03
  7.758846112107e-02 7.948189402301e-04
  7.709099563454e-02 -7.118342745449e-05
  7.658845966608e-02 7.934297051139e-04
  7.539208345411e-02 3.513366245333e-03
  8.950884216319e-02 2.633134832541e-03
  8.657395991090e-02 2.554949785292e-03
  7.708594666845e-02 1.652037815717e-03
  7.608594296040e-02 1.651790268006e-03
  7.558846568782e-02 7.897269275790e-04
  7.508593531343e-02 1.652898112758e-03
  7.458847272013e-02 7.858246508046e-04
  8.755488784552e-02 2.562346248692e-03
  9.709132124569e-02 -1.242706816243e-05
  9.166322180789e-02 2.508383972947e-03
  7.409529675417e-02 1.649945718010e-03
  8.455211328062e-02 2.534192037438e-03
  8.355570742039e-02 2.512640402207e-03
  8.701350713304e-02 3.442437918404e-03
  8.058110948710e-02 2.504046757513e-03
  1.214059340658e-01 9.033916365931e-04
  1.035945737921e-01 4.304193324234e-03
  1.109858156596e-01 1.830907229725e-03
  1.114913306985e-01 2.705054813984e-03
  7.658304544219e-02 2.464707892109e-03
  9.862262930364e-02 4.234601457058e-03
  7.461154084905e-02 2.529205141613e-03
  7.758349526767e-02 2.489635302713e-03
  9.414775157991e-02 3.331732829955e-03
  9.316074451120e-02 3.294600122429e-03
  8.600025318491e-02 3.428014076800e-03
  1.269104878702e-01 3.481437586153e-03
  1.362387523944e-01 2.556450227512e-04
  1.368645718995e-01 -4.286254311132e-04
  1.378100229311e-01 -3.170970078284e-04
  1.374563108081e-01 -1.218231576722e-03
  8.399960182454e-02 3.370224926791e-03
  8.798166445151e-02 3.449734595417e-03
  1.095721375581e-01 4.372982292036e-03
  1.100579872462e-01 3.520557706075e-03
  9.519248485533e-02 4.876722419892e-03
  1.219518579505e-01 3.508506976771e-03
  9.024549078419e-02 4.562384755948e-03
  9.079461829308e-02 3.726759220879e-03
  9.174034085336e-02 3.915287468325e-03
  8.983422373784e-02 3.638833950725e-03
  1.189768600091e-01 3.538697222153e-03
  1.179801814732e-01 3.554142048881e-03
  1.214720163146e-01 4.380366439266e-03
  1.090742979225e-01 3.495063159325e-03
  1.065870092304e-01 4.333913227602e-03
  1.065875905059e-01 8.818418568968e-04
  1.060904425890e-01 1.434494241885e-05
  1.174666773444e-01 2.677093746671e-03
  1.169847174479e-01 3.555497418294e-03
  1.070855683280e-01 1.748982344214e-03
  1.179552561845e-01 1.803866325931e-03
  1.050848717169e-01 3.463276575096e-03
  1.095507049318e-01 9.098065877611e-04
  1.055881982225e-01 8.787002596031e-04
  1.015891390102e-01 8.660653942357e-04
  1.010910395601e-01 -5.412082472465e-07
  1.159369919113e-01 9.283077668059e-05
  1.149365985886e-01 1.069089200760e-04
  1.030865800624e-01 1.734775005766e-03
  1.020893667468e-01 1.729699320878e-03
  1.154655237627e-01 2.690293865539e-03
  1.149765393279e-01 3.561798066775e-03
  9.515598514674e-02 3.352128480262e-03
  8.852511728225e-02 2.573788625472e-03
  8.509076957759e-02 -4.759967322750e-05
  9.310741227039e-02 1.686588877868e-03
  7.808594632534e-02 1.653559090553e-03
  7.858348119663e-02 2.495903956792e-03
  1.000989998021e-01 3.430086110952e-03
  7.558338912899e-02 2.522944840409e-03
  9.709529891090e-02 1.711607313322e-03
  8.158022789378e-02 2.501997434451e-03
  8.807355341982e-02 1.695316967780e-03
  9.062088237209e-02 2.740566598401e-03
  8.256129215090e-02 2.492396668537e-03
  8.609077135923e-02 -4.444165832962e-05
  8.307758414908e-02 1.661740578596e-03
  8.009125937886e-02 -6.311802060761e-05
  8.109102144920e-02 -5.956017402096e-05
  9.009109357448e-02 -3.124220807495e-05
  1.005892462034e-01 8.633104247814e-04
  9.109127229026e-02 -2.928715140628e-05
  9.659218335540e-02 8.490983709103e-04
  9.809123319097e-02 1.717890182920e-03
  8.555552384464e-02 2.547230973535e-03
  1.129589874562e-01 1.846458981430e-03
  9.559256202257e-02 8.456899064685e-04
  9.264936274023e-02 2.493474348755e-03
  9.609247289724e-02 -1.644010605471e-05
  1.124728091951e-01 2.713308531177e-03
  1.120179994480e-01 3.573915831900e-03
  1.130063719699e-01 3.577783112705e-03
  7.958350521338e-02 2.489168479192e-03
  1.228964946950e-01 1.756005549331e-03
  1.248991203178e-01 3.485314481095e-03
  1.322705597452e-01 3.255841874387e-04
  1.253719726518e-01 8.782404100340e-04
  1.258673521543e-01 1.350842564312e-05
  1.345917619384e-01 -9.538387214975e-04
  1.355634064873e-01 -1.128226078350e-03
  1.259087727615e-01 3.485551293941e-03
  1.293646887594e-01 -8.790732636340e-04
  1.303582367604e-01 -8.865967704088e-04
  1.313624449801e-01 -8.853131430002e-04
  1.273711717818e-01 8.666945325805e-04
  1.335363801511e-01 1.755825929740e-03
  1.268679944370e-01 1.482179930220e-05
  1.298755944857e-01 1.712457569307e-03
  1.387262780798e-01 1.391249877601e-03
  1.279053277869e-01 3.473290017655e-03
  1.165125296691e-01 4.434302058542e-03
  1.244712475710e-01 4.387588413005e-03
  8.042939266812e-02 4.023300171252e-03
  1.159801985613e-01 3.554750087590e-03
  1.011179697593e-01 5.092523930340e-03
  1.318665375724e-01 3.444268645397e-03
  1.322882779179e-01 2.602876066056e-03
  1.234665227736e-01 4.387178968232e-03
  6.942308876732e-02 3.087822564210e-03
  6.912800702070e-02 2.084288682172e-03
  6.807035024330e-02 2.052713269086e-03
  6.860866169519e-02 1.213630067566e-03
  7.359003803881e-02 7.823721301324e-04
  6.763916386066e-02 1.153157594032e-03
  6.821195233506e-02 3.437583242531e-04
  6.723146525287e-02 2.594522755630e-04
  6.782067305602e-02 -5.275744832136e-04
  6.921252013787e-02 4.360063218118e-04
  7.309735032863e-02 1.647120831949e-03
  7.259087277592e-02 7.798619994377e-04
  7.309160455831e-02 -8.337067144433e-05
  7.209101457470e-02 -8.570069989913e-05
  7.159880521975e-02 7.687602341195e-04
  7.108851235181e-02 -9.282354205811e-05
  6.664496944638e-02 1.066372953738e-03
  6.624206858420e-02 1.637092052586e-04
  6.565663229539e-02 9.721675269896e-04
  7.063825353602e-02 7.573437774844e-04
  7.109274457284e-02 1.599452961492e-03
  7.008348408996e-02 1.607483973219e-03
  7.002852734434e-02 -8.897060323326e-05
  6.607505478996e-02 1.880702698998e-03
  6.509029474100e-02 1.784801719171e-03
  6.468064594109e-02 8.752371344336e-04
  6.057693966643e-02 2.176158125733e-03
  5.958531238961e-02 2.069358682179e-03
  6.017366766796e-02 1.262637430290e-03
  5.918009981451e-02 1.156751329621e-03
  5.976875477502e-02 3.487369536765e-04
  5.877429989883e-02 2.433272991815e-04
  5.936247961477e-02 -5.663677694068e-04
  6.035809995512e-02 -4.624791424059e-04
  5.995044036232e-02 -1.376635278371e-03
  5.818650043062e-02 1.050571902851e-03
  5.777982626044e-02 1.377445715595e-04
  6.116597591097e-02 1.368635097850e-03
  5.719257178405e-02 9.444409695576e-04
  5.678575209553e-02 3.158910710465e-05
  5.619879002791e-02 8.379830835224e-04
  5.660598369352e-02 1.748246213637e-03
  5.561179984268e-02 1.639776595869e-03
  5.520501158932e-02 7.308830852320e-04
  5.461862473403e-02 1.531295885970e-03
  5.421096204392e-02 6.240870423797e-04
  5.362592764009e-02 1.423995958033e-03
  5.321767437530e-02 5.173274919483e-04
  5.263243126712e-02 1.313792940917e-03
  5.222433382428e-02 4.095141460138e-04
  5.280964683895e-02 -3.937515033097e-04
  5.181569605010e-02 -4.999890021170e-04
  5.240308152338e-02 -1.306468054186e-03
  5.140802801479e-02 -1.411511301753e-03
  5.199696692036e-02 -2.219821860981e-03
  5.479763574631e-02 -1.809871330348e-04
  5.081917800152e-02 -6.033003894111e-04
  5.041365165196e-02 -1.517376808807e-03
  4.982478284958e-02 -7.091481344672e-04
  5.023744264407e-02 1.974492078191e-04
  4.924311959948e-02 9.147738377011e-05
  4.883160343322e-02 -8.162773177411e-04
  4.824965203653e-02 -1.549536959167e-05
  4.783645962156e-02 -9.213399785790e-04
  3.573610382992e-02 6.564424930137e-04
  3.275422478771e-02 2.086091928771e-04
  3.768308868733e-02 9.393155744861e-04
  4.725752297693e-02 -1.239254419210e-04
  5.339732480683e-02 -1.200420117868e-03
  5.164337369662e-02 1.210641445633e-03
  4.867306521728e-02 8.769631704831e-04
  6.076309190970e-02 4.531719060195e-04
  6.135425006806e-02 -3.587373561890e-04
  6.175546984499e-02 5.580994247518e-04
  6.234388195992e-02 -2.505443630330e-04
  6.273766097782e-02 6.661834598976e-04
  6.332462488663e-02 -1.408892343545e-04
  6.215205592888e-02 1.474590896606e-03
  5.859291513471e-02 1.961835427299e-03
  5.836822722045e-02 -6.708440643289e-04
  5.737431581769e-02 -7.763468037310e-04
  5.638004342740e-02 -8.823162901019e-04
  5.759953425490e-02 1.855212699374e-03
  6.526510802987e-02 7.097959748965e-05
  5.579214843269e-02 -7.517024344636e-05
  5.538595515999e-02 -9.885205701873e-04
  7.208565477064e-02 1.642552321244e-03
  7.149422189377e-02 2.577101241364e-03
  7.258340199657e-02 2.514158182649e-03
  5.380410080285e-02 -2.879759753137e-04
  7.409136364068e-02 -8.048909782548e-05
  7.359351112851e-02 -9.474270308535e-04
  7.509105927148e-02 -7.731409913960e-05
  4.966808002496e-02 9.854222361840e-04
  5.065302353004e-02 1.094361317381e-03
  5.123217462444e-02 3.014461208863e-04
  4.768375449011e-02 7.653421702495e-04
  4.669184736031e-02 6.549074688929e-04
  4.626497596798e-02 -2.328413448618e-04
  4.570059632689e-02 5.450065438883e-04
  4.527301922022e-02 -3.412830797967e-04
  4.470776852274e-02 4.306907910646e-04
  4.427873506465e-02 -4.489444324216e-04
  4.485782200709e-02 -1.244449848329e-03
  4.385849266387e-02 -1.344310221175e-03
  4.444823546712e-02 -2.153592701801e-03
  4.345313430741e-02 -2.258584361156e-03
  4.404203525902e-02 -3.066850795232e-03
  4.286413842203e-02 -1.450203203734e-03
  4.245863177775e-02 -2.364299288461e-03
  4.186974069861e-02 -1.556044173900e-03
  3.965134510243e-02 1.249335305090e-03
  4.544272855631e-02 -2.047870686931e-03
  4.228829068388e-02 -6.622139657817e-04
  4.129866251629e-02 -7.716501233557e-04
  4.087832542806e-02 -1.665879664246e-03
  4.030565976161e-02 -8.788393375321e-04
  3.988096901051e-02 -1.767754592754e-03
  3.931492250878e-02 -9.903692293449e-04
  4.075183574741e-02 -3.477191153385e-05
  4.369994620633e-02 3.149891469586e-04
  4.684549400943e-02 -1.031099533212e-03
  4.743122873599e-02 -1.835771248466e-03
  4.643612336788e-02 -1.940816678625e-03
  3.976002666348e-02 -1.582148061377e-04
  3.876563013956e-02 -2.777646881411e-04
  3.831597625138e-02 -1.094284891713e-03
  3.777321533299e-02 -3.960398487865e-04
  3.731477321826e-02 -1.187553750284e-03
  3.678297650932e-02 -4.662960258407e-04
  3.632125659849e-02 -1.295272187546e-03
  3.690300018891e-02 -2.092831732594e-03
  3.590573537396e-02 -2.194574928971e-03
  3.649293602913e-02 -3.000339046811e-03
  3.549854225980e-02 -3.106180081674e-03
  3.608698990006e-02 -3.913780759546e-03
  3.491030528741e-02 -2.295855178575e-03
  3.450390624346e-02 -3.211160930917e-03
  3.391499113360e-02 -2.402855381044e-03
  3.748845004751e-02 -2.896078911281e-03
  3.430501911759e-02 -1.457355293112e-03
  3.330096169748e-02 -1.558211597293e-03
  3.291623288094e-02 -2.502809112082e-03
  2.590113281989e-02 -7.887381092912e-04
  2.387382131130e-02 -1.102832760301e-03
  3.232037364246e-02 -1.691524329522e-03
  3.192340292288e-02 -2.612166010607e-03
  3.133631138256e-02 -1.806486402120e-03
  3.093321218714e-02 -2.738503669120e-03
  3.032295277088e-02 -1.920948575400e-03
  2.792338411912e-02 -4.692261197528e-04
  3.171039419344e-02 -8.877017342146e-04
  3.362737765199e-02 -4.927882133932e-04
  3.467251597402e-02 -5.034884318760e-04
  3.415842226175e-02 2.402679411031e-04
  2.288266426052e-02 -1.243339100013e-03
  2.250599966220e-02 -2.169436690923e-03
  1.892279362711e-02 -1.777592200638e-03
  1.693493100632e-02 -2.021443845899e-03
  2.151480189714e-02 -2.305674807181e-03
  2.212877617926e-02 -3.095031533447e-03
  2.113724852042e-02 -3.231370198781e-03
  2.175275264024e-02 -4.027870591513e-03
  2.275026821863e-02 -3.904690514313e-03
  2.237236295012e-02 -4.881168167600e-03
  2.052449772908e-02 -2.440473941622e-03
  2.014629257469e-02 -3.364956615501e-03
  1.953418386339e-02 -2.573604378158e-03
  1.915391285093e-02 -3.498649952396e-03
  1.853872230330e-02 -2.701744500767e-03
  1.815572729468e-02 -3.627576597084e-03
  1.754010114368e-02 -2.823220168161e-03
  1.593726262787e-02 -2.131530749162e-03
  1.553432744314e-02 -3.047453975457e-03
  1.293797670341e-02 -2.424956722242e-03
  1.653973523794e-02 -2.939303679787e-03
  1.393941840441e-02 -2.335078657798e-03
  2.349999079829e-02 -2.030531609689e-03
  2.450685613276e-02 -1.883580876677e-03
  2.993590483815e-02 -2.832705218792e-03
  3.053587436991e-02 -3.738555464168e-03
  2.950826653110e-02 -3.689895077143e-03
  3.251742095758e-02 -3.418769501601e-03
  2.893892493752e-02 -2.928613734621e-03
  2.853515757717e-02 -3.796908066440e-03
  2.912171841107e-02 -4.482111480726e-03
  2.339297131436e-02 -4.755560742968e-03
  2.794036958028e-02 -3.040797597473e-03
  2.752743961945e-02 -3.942037976919e-03
  2.690562422106e-02 -3.189918199387e-03
  2.649634641733e-02 -4.117076485208e-03
  2.413001862663e-02 -2.811676593171e-03
  2.517372514890e-02 -2.632646086815e-03
  2.477030140475e-02 -3.580976243871e-03
  2.729019382641e-02 -2.277481619021e-03
  2.622406963473e-02 -2.455256739161e-03
  2.658471939496e-02 -1.535591265436e-03
  2.580847034664e-02 -3.401448930405e-03
  2.540835494059e-02 -4.350526926658e-03
  2.438953033770e-02 -4.545457686706e-03
  2.375930637061e-02 -3.759170344981e-03
  1.792949680142e-02 -1.900841919267e-03
  1.991357121061e-02 -1.647834479795e-03
  2.554382644743e-02 -1.708181698594e-03
  2.090318666404e-02 -1.515352019717e-03
  2.312905997594e-02 -2.961756214421e-03
  3.071633501758e-02 -9.989756469648e-04
  3.888812332356e-02 -1.875736122954e-03
  3.947580585452e-02 -2.682327055978e-03
  4.047040277901e-02 -2.576743014685e-03
  3.572404220248e-02 -3.340092947879e-04
  3.530647909232e-02 -1.346759219145e-03
  3.848239977331e-02 -2.789567518725e-03
  4.146481854151e-02 -2.470925144258e-03
  3.350934910041e-02 -3.316307033245e-03
  4.327910927541e-02 -5.545751695141e-04
  4.271560451156e-02 1.954252327845e-04
  4.174161028546e-02 7.398036882844e-05
  2.829996881040e-02 -2.150738244334e-03
  3.152040942713e-02 -3.528732809234e-03
  2.932338355529e-02 -2.034935310999e-03
  2.863642400373e-02 -1.251299048516e-03
  4.585336052149e-02 -1.139726861959e-03
  3.789626098676e-02 -1.985183258909e-03
  4.941947262768e-02 -1.623451242185e-03
  4.842531964179e-02 -1.729562469199e-03
  7.609100762837e-02 -7.411775224146e-05
  2.075865451998e-02 -4.143569461318e-03
  2.137308978278e-02 -4.935621161735e-03
  2.190036005401e-02 -5.794330553060e-03
  1.876032115628e-02 -4.430888354127e-03
  2.037519229856e-02 -5.019112848505e-03
  1.975885540378e-02 -4.289759307999e-03
  5.439180428834e-02 -1.094698294716e-03
  2.487245555332e-02 -9.532771141868e-04
  3.669189349322e-02 8.443285346443e-04
  3.866869367042e-02 1.084279014997e-03
  3.266829804984e-02 -7.610891354815e-04
  4.063723836158e-02 1.391214200099e-03
  6.706760712581e-02 1.970093116332e-03
  6.156570665478e-02 2.281681700531e-03
  5.899756380336e-02 2.872474336321e-03
  5.840887320685e-02 3.672757424227e-03
  1.139873320920e-01 3.570186861834e-03
  1.264572945858e-01 4.372192345323e-03
  9.618859833628e-02 4.909017067986e-03
  8.930157777780e-02 4.451531338270e-03
  7.435290110060e-02 3.476123770538e-03
  1.145258882913e-01 4.445601252730e-03
  6.313312520470e-02 1.580350303311e-03
  6.748419074278e-02 2.878307726850e-03
  5.701368161306e-02 2.655312109279e-03
  1.303787301916e-01 2.577805361345e-03
  6.550508973884e-02 2.694067419919e-03
  7.643786674466e-02 3.764233948502e-03
  7.843531684604e-02 3.918932160438e-03
  8.734488530781e-02 4.366249016568e-03
  9.219568045378e-02 4.744023568856e-03
  1.313532092935e-01 2.583187428137e-03
  1.070805987258e-01 5.200024409797e-03
  1.313969806459e-01 4.303283454850e-03
  5.642623504489e-02 3.449993799786e-03
  5.800511948169e-02 2.763395273600e-03
  9.317628833047e-02 4.807647793112e-03
  1.209304877600e-01 1.773128196595e-03
  6.255145044798e-02 2.387178492568e-03
  8.240782454870e-02 4.133416618203e-03
  1.045910696535e-01 4.313197031790e-03
  6.451872113138e-02 2.593483456916e-03
  5.502976548895e-02 2.435539457307e-03
  1.184947275003e-01 4.434037835613e-03
  3.179388236825e-02 7.664384091898e-05
  5.444498953845e-02 3.222432571021e-03
  5.602061678496e-02 2.544581688066e-03
  5.304729103618e-02 2.212731296039e-03
  8.636489430270e-02 4.325818685897e-03
  1.060850702782e-01 5.184036777487e-03
  6.410905863847e-02 1.681826575505e-03
  5.246460316040e-02 2.989683169205e-03
  1.208959092851e-01 4.667684995966e-05
  1.125462375310e-01 4.443776168889e-03
  1.284214079922e-01 4.340860048435e-03
  1.204210833477e-01 9.156112843923e-04
  1.055861616034e-01 4.322917636070e-03
  5.106320755732e-02 1.988031916634e-03
  7.367009226548e-02 2.538123155242e-03
  1.219137026546e-01 1.765244733708e-03
  5.403750725553e-02 2.322653113791e-03
  1.382288938423e-01 5.660575095502e-04
  3.087604347070e-02 -7.123286395865e-05
  1.224224200333e-01 2.634938817294e-03
  1.229317014995e-01 3.518402306677e-03
  6.371187075880e-02 7.736304162507e-04
  5.049584254967e-02 2.761417188699e-03
  1.115534909037e-01 4.427410549343e-03
  9.960986843006e-02 4.248675144850e-03
  8.497466849546e-02 3.402610992286e-03
  6.429583759462e-02 -3.116805432486e-05
  1.041056187525e-01 5.160582117986e-03
  4.909796705387e-02 1.761391110216e-03
  1.343089012730e-01 4.243131242592e-03
  1.031099658709e-01 5.144005698054e-03
  5.205485406161e-02 2.098372217240e-03
  1.100336400880e-01 1.792374195243e-03
  1.698710840013e-01 1.422069561646e-03
  2.963111059064e-02 -1.125388316205e-03
  1.774750027156e-01 -2.413428244607e-04
  4.851539983072e-02 2.515280223573e-03
  1.995920002874e-01 -8.640290592610e-02
  4.711376433999e-02 1.526776778514e-03
  1.110324208435e-01 3.554490114827e-03
  1.600421598563e-01 2.670819552763e-03
  1.100430148722e-01 6.915845510260e-05
  1.590557055310e-01 2.784261771412e-03
  1.026112258203e-01 4.286694106481e-03
  5.008819748424e-02 1.876604861254e-03
  1.418872700131e-01 3.280693500926e-03
  4.653792534748e-02 2.268595862915e-03
  1.105248821020e-01 2.672929729059e-03
  7.225566906212e-02 3.383078804096e-03
  2.890183877324e-02 -3.467849792973e-04
  1.915264437011e-01 -1.115083126303e-03
  1.920223957627e-01 -1.995100210486e-03
  1.913814424330e-01 -2.799238617841e-03
  1.908698035138e-01 -3.696682025675e-03
  1.917684169618e-01 -3.608063513305e-03
  1.912924921877e-01 -4.536948026411e-03
  8.437732812909e-02 4.241966423894e-03
  1.105118888234e-01 9.496673242982e-04
  1.872580036794e-01 4.898172636958e-05
  1.880092781449e-01 -3.662879920832e-03
  1.877269374114e-01 -4.664435961323e-03
  1.337581600587e-01 3.425632247854e-03
  1.619943818356e-01 2.454375749364e-03
  4.513226237979e-02 1.290483558095e-03
  1.016192610819e-01 4.269949378957e-03
  4.455123801515e-02 2.007217377590e-03
  1.884178524126e-01 -2.564157009161e-03
  2.760813450171e-02 -1.385380982671e-03
  4.810390060411e-02 1.645416789155e-03
  1.006115106787e-01 4.258618839729e-03
  1.821064660213e-01 -3.615283774363e-04
  8.300154801144e-02 3.327091973320e-03
  1.785048620950e-01 -1.083154865580e-04
  1.926542008283e-01 -3.448645766733e-03
  1.931243379307e-01 -4.347052522166e-03
  1.580843404217e-01 2.875971679414e-03
  4.314143275487e-02 1.033416254290e-03
  4.255590849353e-02 1.718271670950e-03
  8.893272892991e-02 3.463452391023e-03
  7.138691226287e-02 3.480098874305e-03
  2.690611915766e-02 -6.359822735582e-04
  1.847746592871e-01 7.836446642616e-04
  9.911106688526e-02 5.055253128092e-03
  1.866061575337e-01 2.244486130900e-04
  8.202526489365e-02 3.284949642654e-03
  4.612138372117e-02 1.405342117364e-03
  1.387528098140e-01 -2.416547265968e-04
  1.396792198156e-01 -2.508969335077e-04
  1.407736863168e-01 -3.178933306787e-04
  1.383847363931e-01 -1.061018173015e-03
  4.384471029802e-02 -1.005383464771e-01
  3.173494020953e-02 -7.691280377832e-02
  6.458023120632e-02 -5.255211245755e-02
  7.039183145040e-03 -9.511019450297e-02
  -3.990590183737e-03 -6.179128394942e-02
  2.252290617455e-02 -4.156423536300e-02
  6.887012075407e-03 -2.708215789437e-03
  9.813955567557e-02 5.013993843665e-03
  1.802347017286e-01 1.461848074367e-04
  1.789262473350e-01 9.529345179327e-04
  2.230112157144e-01 -2.028766875082e-02
  2.408759889899e-01 3.747334673352e-03
  2.113844996147e-01 -1.095893213352e-02
  1.969806583845e-01 -3.186290317986e-03
  2.704292903138e-01 -1.427249497959e-02
  2.661145791655e-01 2.812342326446e-02
  2.268402448576e-01 2.925293217980e-02
  1.951382710464e-01 3.109689577168e-03
  3.036955985866e-01 7.775444005510e-03
  2.215410661064e-01 9.317730291171e-03
  2.486720353354e-01 7.191308777934e-02
  3.069031529064e-01 7.162214323239e-02
  2.263526269604e-01 -7.404010076966e-03
  2.159952024362e-01 -1.387083669284e-03
  2.119069759365e-01 6.461580781531e-02
  1.998068316875e-01 3.847646071437e-02
  1.847796148902e-01 5.713788526451e-02
  1.714303906642e-01 4.366987561649e-02
  2.085992062775e-01 2.407209492585e-02
  1.808415623689e-01 8.845725471380e-02
  1.510252229615e-01 7.806834187645e-02
  1.150926961964e-01 1.091823963493e-01
  1.174630638837e-01 6.536920626882e-02
  1.108437950180e-01 1.456239962419e-01
  4.413102838337e-02 1.158909048516e-03
  1.332004099939e-01 2.603270586539e-03
  9.767297693644e-02 4.215001714913e-03
  2.454093167791e-01 -1.321290640325e-01
  7.059686733074e-02 2.262351867591e-03
  2.170530530401e-01 -1.093831751025e-02
  8.104620222088e-02 3.241904636865e-03
  3.491481236412e-02 4.620801949154e-04
  1.574878111190e-01 2.133884206802e-03
  4.057949205601e-01 -1.150695257167e+00
  -8.066114515186e-02 -1.096672963985e+00
  3.655584306031e-02 5.370153638905e-01
  9.669123602476e-02 4.179938329520e-03
  5.092747254724e-01 -1.374751699640e-01
  5.497581668001e-01 -8.080717453335e-01
  -2.435518934764e+00 -2.434706927577e+00
  -2.468124847457e+00 2.448882674198e+00
  1.628463649809e-01 5.871968803488e-02
  1.506562168587e-01 4.548965012653e-02
  1.323937878500e-01 2.013351234050e-02
  1.431277107867e-01 1.774215549415e-02
  1.593551227339e-01 3.180055915937e-02
  1.644922630514e-01 1.246511943013e-02
  1.538342497449e-01 1.522033260487e-02
  1.567746572517e-01 1.453780599283e-02
  1.664310058258e-01 1.202210330046e-02
  1.625645158081e-01 1.296124752104e-02
  -3.398687058440e-01 1.129816304550e-01
  -2.440800657939e+00 5.201354949200e-01
  2.661416048753e-01 -8.645327464524e-02
  -3.021099151989e-01 -9.981818192066e-02
  -3.532760350732e-02 -1.360774847129e-01
  1.869673887066e-01 -1.413078052210e-03
  1.896702222631e-01 5.184545393169e-04
  4.218184982833e-02 9.146920941960e-04
  -9.679745176639e-01 8.771254861749e-01
  -1.020851007114e+00 5.754828652493e-01
  8.005100631011e-02 3.199309194168e-03
  -2.553694531352e+00 -4.728075649557e-01
  9.570051818411e-02 4.154631225530e-03
  1.451922229542e-01 3.986249948903e-03
  6.367428807762e-01 -1.040301470179e+00
  1.621342063403e+00 -5.832463926229e-01
  -9.146034047679e-01 1.148096081837e-01
  6.113614462820e-01 1.573679646409e+00
  4.783680446979e-01 1.941597109670e+00
  9.093900915836e-01 1.061301795701e+00
  2.130927010358e-01 -6.408921204225e-03
  2.081971010064e-01 -7.682937390685e-03
  2.108516287087e-01 -1.254344776107e-03
  4.119872961598e-02 7.749552857710e-04
  9.467051403562e-02 4.104632871676e-03
  1.434174809530e-01 3.991132653433e-03
  1.326462674276e-01 1.787056520355e-03
  1.885238960047e-01 -4.396574462066e-03
  1.884365054551e-01 -5.363090261945e-03
  1.508664082627e-01 1.284021603515e+00
  1.409863174686e-01 5.997014609046e-04
  3.426164591213e+00 -2.433203608995e+00
  1.467987027293e-01 2.248079418897e-03
  6.938159141448e-02 1.218538699038e-03
  1.768490553323e-01 -1.997949929885e-03
  1.764496920226e-01 -2.831808231286e-03
  1.759869524570e-01 -3.725125129184e-03
  1.779644906270e-01 -3.615048835311e-03
  1.769848619005e-01 -3.692592800837e-03
  1.765679720017e-01 -4.625842110584e-03
  1.773862926318e-01 -2.792656329033e-03
  1.565695642564e-01 2.203769933990e-03
  3.455725669966e+00 2.459396747989e+00
  7.904986596433e-02 3.170814396845e-03
  1.646886019428e-01 -3.382840737363e-02
  1.524465114192e-01 -1.931466711440e-02
  1.380711764170e-01 -1.986147770125e-03
  1.409196619220e-01 -1.382624512904e-03
  1.431511729434e-01 -2.112355230488e-02
  1.444546902263e-01 -1.239768235015e-02
  1.418362719306e-01 -1.764196348295e-03
  1.434467325168e-01 -7.306186067901e-04
  1.443115031499e-01 -2.906535783870e-04
  1.442501573042e-01 -1.260855805998e-03
  1.451862062027e-01 1.677355857749e-04
  1.460180147920e-01 -3.386524730162e-04
  1.426332022940e-01 -1.213494999355e-03
  1.427995708844e-01 -2.156801923884e-03
  1.468208160207e-01 9.331162953286e-05
  1.468159029963e-01 -8.282724023348e-04
  1.460056622072e-01 -1.287799768436e-03
  1.468468485456e-01 -1.839505010710e-03
  1.451463335935e-01 -7.928808935393e-04
  1.450833378702e-01 -1.754308735071e-03
  1.475943687863e-01 -3.985014542341e-04
  1.434256007252e-01 -1.541523212211e-03
  1.399684192497e-01 -1.098714081500e-03
  1.401341259102e-01 -1.966742718402e-03
  1.419864082366e-01 -2.656953798014e-03
  1.391406765588e-01 -1.722027643327e-03
  1.387907458813e-01 -2.728234536380e-03
  1.410313296147e-01 -2.420118387225e-03
  1.391725489146e-01 -8.944987170262e-04
  1.830898490550e-01 -2.019650548034e-04
  1.763797432395e-02 -6.236944672223e-02
  -2.983358056971e-03 -4.073052647207e-02
  -2.097005724787e-02 -4.588538279023e-02
  -2.780614530996e-02 -2.437979467517e-02
  -4.696172192909e-02 -4.202480488021e-02
  -6.186469391180e-03 -1.788724062740e-02
  2.739871467657e-03 -2.377589391602e-03
  8.062372665120e-04 -1.932344748595e-03
  -4.528094699130e-02 -1.011119553907e-02
  -2.542790193900e-02 2.744201156639e-03
  3.187381144816e-03 1.015981455199e-02
  1.338773751055e-03 7.428083155623e-03
  -4.506394234331e-05 4.718625666458e-03
  -7.158176067362e-04 1.626875124010e-03
  3.942188993636e-02 -5.085727467108e-02
  4.217645017911e-02 -3.235725152194e-02
  2.542812030230e-02 -2.514932523998e-02
  -7.997827136531e-02 -2.633477316275e-02
  -4.964387144922e-02 3.991513994733e-02
  1.083246790297e-02 1.691407158426e-02
  -8.356832292116e-02 5.885086682543e-02
  -4.847671087816e-02 7.645553118296e-02
  2.251874975985e-02 2.297503995608e-02
  -1.959904186839e-02 5.154370722928e-02
  1.696643422302e-02 2.050905208771e-02
  6.752984182873e-03 1.389050128627e-02
  -1.327186303095e-02 8.074493629809e-02
  9.450043442780e-03 7.428266727098e-02
  7.441989730706e-03 4.491317043466e-02
  2.823713433755e-02 2.495507096892e-02
  2.536962809235e-02 2.402468425234e-02
  -2.543693885615e-02 2.641548784270e-02
  1.434944894512e-02 1.028669477464e-01
  4.500439489128e-02 8.748711145173e-02
  5.699611827881e-02 2.956938683056e-02
  3.696968269094e-02 5.716186134407e-02
  7.300706717176e-02 8.220054034044e-02
  5.112399797853e-02 6.679771818489e-02
  5.704759923251e-02 5.344961908306e-02
  4.497371546025e-02 4.373081438559e-02
  5.300536321669e-02 2.940411673524e-02
  4.496280561372e-02 2.853357990027e-02
  4.297932089662e-02 2.826810140712e-02
  5.098568257721e-02 2.930234917470e-02
  4.636148499238e-02 5.182241914093e-02
  3.057766223282e-02 4.605347574859e-02
  3.702502988346e-02 2.721209936784e-02
  3.506196691943e-02 2.676716449947e-02
  8.875979985762e-02 1.130564467177e-01
  1.020860648354e-01 8.170087737449e-02
  8.613730303382e-02 6.314761580183e-02
  1.068049810686e-01 4.567578837549e-02
  9.500003228402e-02 2.712110375630e-02
  1.059008974653e-01 2.539165357603e-02
  6.918828541806e-02 6.170546692355e-02
  7.298214702059e-02 4.598679698348e-02
  8.507458532790e-02 2.828828270255e-02
  6.804268901576e-02 2.960703979328e-02
  7.606347138407e-02 2.918981092399e-02
  6.604343709886e-02 2.966662388801e-02
  7.403589484526e-02 2.937429009382e-02
  8.305588765341e-02 2.856332670560e-02
  -1.258677458366e-01 8.869330313142e-02
  -7.793947493254e-02 -7.007123106221e-02
  -1.135705643824e-01 -1.074253895651e-01
  -1.189422847039e-01 -1.184103891430e-02
  -3.152166892835e-02 -8.061525047152e-02
  1.033338934955e-01 5.735411755756e-02
  9.144004813315e-02 4.425909007130e-02
  1.265575124202e-01 5.194703743177e-02
  1.188341802317e-01 3.786555060733e-02
  1.226009722633e-01 2.220474801958e-02
  1.147219317279e-01 2.369860262190e-02
  1.127915672379e-01 2.412140933474e-02
  1.206400131853e-01 2.260270623297e-02
  8.448748560982e-02 5.269566632699e-02
  8.327877766413e-02 4.190846359499e-02
  1.318082242042e-01 6.661762229757e-02
  1.155517949076e-01 4.882020514564e-02
  1.310763035727e-01 4.034393279186e-02
  1.121279531976e-01 4.026824592247e-02
  1.140091981873e-01 3.439892106218e-02
  1.036014775324e-01 3.842379726713e-02
  1.096307820788e-01 3.702286314263e-02
  9.832955333324e-02 4.583814056699e-02
  9.765196830378e-02 4.017468732256e-02
  9.179523872044e-02 3.811130034567e-02
  9.399596828275e-02 4.066368599468e-02
  8.728302649057e-02 4.166623457833e-02
  8.815924643279e-02 3.783042069109e-02
  8.964961242815e-02 3.939977636700e-02
  8.576217265125e-02 3.923431424487e-02
  9.036886991544e-02 3.772085889367e-02
  8.924047370782e-02 3.627378570846e-02
  9.108806330056e-02 3.636390826860e-02
  9.279124382915e-02 3.702808886533e-02
  9.238502070034e-02 3.577765442304e-02
  9.020238455792e-02 3.659297974431e-02
  8.979272353730e-02 3.558340786624e-02
  8.881638609389e-02 3.543697672177e-02
  8.943843584253e-02 3.466502678331e-02
  8.845379199772e-02 3.449497817133e-02
  8.909324449316e-02 3.373372739513e-02
  8.810964921218e-02 3.355709113265e-02
  8.875392603112e-02 3.279402114132e-02
  8.973779637024e-02 3.297038138960e-02
  8.776945965553e-02 3.261764978411e-02
  8.712442978000e-02 3.338108916892e-02
  8.678522748492e-02 3.244085419054e-02
  8.613995351523e-02 3.320483807607e-02
  8.580094575264e-02 3.226413854423e-02
  8.515566671147e-02 3.302811947826e-02
  8.743082214620e-02 3.167620801744e-02
  8.939893083048e-02 3.203043122072e-02
  9.038312923844e-02 3.220733682054e-02
  8.481775488654e-02 3.208824438314e-02
  8.417265852298e-02 3.285235802642e-02
  8.647871864026e-02 3.414468091269e-02
  8.451059083344e-02 3.379228359098e-02
  8.352638417691e-02 3.361547514724e-02
  8.319693911401e-02 3.267844420741e-02
  8.254356882715e-02 3.343913507652e-02
  8.288118633574e-02 3.437939334374e-02
  8.221801824062e-02 3.248142666959e-02
  8.156011305166e-02 3.326090774857e-02
  8.121747149721e-02 3.232309056256e-02
  8.057319294986e-02 3.308743966105e-02
  8.091273005005e-02 3.402605748037e-02
  8.021981926440e-02 3.216126335239e-02
  7.958658064471e-02 3.291194127387e-02
  7.924140519730e-02 3.199104766279e-02
  7.860300146137e-02 3.273595703383e-02
  7.894364470823e-02 3.367264713774e-02
  8.810922501105e-02 2.808410365084e-02
  9.004527722780e-02 3.126410324649e-02
  9.102970234589e-02 3.144053642931e-02
  9.200589971956e-02 2.751825888792e-02
  9.136765925602e-02 3.238383633117e-02
  9.201290067624e-02 3.161983666295e-02
  9.235177155098e-02 3.255977606001e-02
  9.299694758842e-02 3.179692517927e-02
  9.333587369953e-02 3.273704756519e-02
  9.800635805135e-02 2.669360355173e-02
  9.398112920758e-02 3.197380539409e-02
  9.364213342470e-02 3.103330305072e-02
  9.462604987446e-02 3.121190072146e-02
  9.496530928709e-02 3.215098724920e-02
  9.561022776813e-02 3.138907915635e-02
  9.594953280744e-02 3.232810606922e-02
  9.659478397358e-02 3.156418760565e-02
  9.693382456638e-02 3.250469245905e-02
  9.628857891060e-02 3.326861264436e-02
  9.625409392219e-02 3.062458817968e-02
  9.723980643675e-02 3.080014082995e-02
  9.727283124452e-02 3.344538807950e-02
  7.826940800278e-02 3.180295542732e-02
  7.762094189410e-02 3.255721971043e-02
  9.688405022246e-02 2.984342612890e-02
  9.788234555782e-02 3.003951189277e-02
  9.822435862093e-02 3.097662632696e-02
  9.428373286973e-02 3.028967264824e-02
  8.190765613887e-02 3.140711460067e-02
  9.169290488280e-02 3.068950610558e-02
  8.546213747825e-02 3.132354105362e-02
  8.448546526117e-02 3.115310553402e-02
  7.728808175448e-02 3.161993770730e-02
  7.663756762597e-02 3.237895329694e-02
  7.697542925678e-02 3.331820918127e-02
  7.806050715316e-02 2.906027388150e-02
  9.170751124609e-02 3.331388898313e-02
  7.629947991861e-02 3.145255634044e-02
  7.565274782070e-02 3.220343741694e-02
  9.754588578326e-02 2.912616634270e-02
  9.852039920501e-02 2.929238807637e-02
  9.648075078642e-02 2.878621696737e-02
  9.662758387007e-02 3.420932031107e-02
  9.761247076053e-02 3.438683654431e-02
  9.564333839747e-02 3.403251137184e-02
  9.598227489876e-02 3.497424364080e-02
  9.499807827732e-02 3.479662979520e-02
  9.533690808227e-02 3.579716551738e-02
  7.530351285062e-02 3.126549553666e-02
  7.466583312682e-02 3.202857495712e-02
  7.500676134185e-02 3.296564088790e-02
  7.984032382880e-02 3.128194253193e-02
  9.791808721354e-02 3.268141238681e-02
  9.331080020259e-02 3.011469096502e-02
  9.394055109357e-02 2.937223069791e-02
  8.906016206045e-02 3.108933525109e-02
  8.970516237027e-02 3.032601039277e-02
  8.872092729259e-02 3.014918382202e-02
  8.782071317852e-02 3.529429734481e-02
  9.040384063189e-02 3.481363458470e-02
  8.513428791721e-02 3.036478171035e-02
  8.611755607451e-02 3.055699412033e-02
  9.433256860950e-02 3.562620336001e-02
  9.465737886866e-02 3.677510617969e-02
  9.400297830938e-02 3.462370918405e-02
  8.412845778409e-02 3.023200656215e-02
  7.432592258151e-02 3.110013698225e-02
  7.368251089668e-02 3.185255886892e-02
  7.335293814819e-02 3.092370379930e-02
  7.270189921877e-02 3.166523172232e-02
  7.303840663075e-02 3.261120636273e-02
  7.000031546922e-02 2.954159624824e-02
  9.298836052615e-02 2.919770281878e-02
  9.368964799359e-02 2.834980805646e-02
  7.695162706425e-02 3.069883245148e-02
  8.933423272224e-02 2.939672992581e-02
  9.041236723129e-02 2.946914379804e-02
  9.489388904002e-02 2.957482398218e-02
  8.353903294211e-02 3.104453888852e-02
  9.813954901289e-02 2.840165677933e-02
  9.915894712945e-02 2.852534455151e-02
  9.951169672618e-02 2.945378917591e-02
  1.001681802077e-01 2.869847488613e-02
  1.004998112422e-01 2.962886403414e-02
  1.011440218093e-01 2.886214041625e-02
  1.014833731258e-01 2.980306712484e-02
  1.021236950404e-01 2.904612372954e-02
  1.024667753961e-01 2.998058196120e-02
  1.018221878498e-01 3.074352447303e-02
  1.031004031175e-01 2.922000985266e-02
  1.034496258589e-01 3.015702419350e-02
  1.040880088463e-01 2.938875905330e-02
  1.044341979226e-01 3.033243634392e-02
  1.050783541632e-01 2.956637901449e-02
  1.037901439767e-01 3.109688473455e-02
  1.054195128472e-01 3.050915647634e-02
  1.060637927758e-01 2.974331736276e-02
  1.064041336256e-01 3.068598131285e-02
  1.070494510061e-01 2.992201384637e-02
  1.057591639099e-01 3.145030605507e-02
  1.067038655479e-01 2.897476224987e-02
  1.076938522899e-01 2.915728152007e-02
  1.080337979683e-01 3.009902151718e-02
  1.086790697161e-01 2.933508451696e-02
  1.090182226540e-01 3.027604026945e-02
  1.096635063604e-01 2.951210429443e-02
  1.067434578539e-01 3.162714392457e-02
  1.093245217542e-01 2.857131805229e-02
  1.103079251369e-01 2.874950769890e-02
  1.106476470166e-01 2.968919373827e-02
  1.112920109486e-01 2.892660272724e-02
  1.116318454137e-01 2.986610535628e-02
  1.122770923932e-01 2.910215236075e-02
  1.109867829443e-01 3.062983519584e-02
  1.119324935893e-01 2.817515588971e-02
  1.129197195890e-01 2.835037571521e-02
  1.132610357982e-01 2.928079726896e-02
  1.139054241485e-01 2.851741812386e-02
  1.142446561337e-01 2.945657863714e-02
  1.078319738748e-01 2.502104946052e-02
  1.135618460218e-01 2.759465180858e-02
  1.145432125298e-01 2.775502447560e-02
  1.039102491743e-01 2.570794839955e-02
  1.099679671017e-01 2.781356803950e-02
  1.060986558516e-01 3.238893912027e-02
  1.073484874261e-01 2.821124582340e-02
  1.047175433187e-01 2.857894357768e-02
  1.142075334713e-01 2.682564865255e-02
  1.151956744253e-01 2.698537906675e-02
  1.167993923201e-01 2.331731483234e-02
  1.154802852948e-01 2.794964993786e-02
  1.136004318742e-01 3.021964743154e-02
  1.145847739901e-01 3.039627389202e-02
  1.132180246983e-01 2.669003555444e-02
  1.027248339834e-01 2.831761694957e-02
  1.070827509442e-01 3.256777611762e-02
  1.064246234954e-01 3.334720363577e-02
  1.148645829549e-01 2.606118186367e-02
  1.158421865493e-01 2.625797785746e-02
  1.139395205589e-01 3.116274866909e-02
  1.149220017151e-01 3.133898543825e-02
  9.985338889143e-02 3.039110480379e-02
  1.077278158748e-01 3.180400481780e-02
  1.080679772190e-01 3.274577622058e-02
  1.087122427252e-01 3.198103098492e-02
  1.090500336479e-01 3.290205906062e-02
  1.096961576735e-01 3.215446934039e-02
  1.100341491849e-01 3.307514092661e-02
  1.106818533982e-01 3.233139582824e-02
  1.119710557654e-01 3.080666012004e-02
  1.089862485586e-01 2.763878731976e-02
  1.096145395843e-01 2.689998535118e-02
  1.105915730215e-01 2.707371755865e-02
  1.152220918785e-01 2.963525871857e-02
  1.051144885385e-01 3.221175424722e-02
  1.063391171638e-01 2.801325981187e-02
  1.070024592177e-01 2.725936050440e-02
  9.983026529905e-02 2.779271916829e-02
  1.110378834998e-01 3.329913643640e-02
  1.116677332159e-01 3.251453238840e-02
  1.060069848100e-01 2.710358969490e-02
  1.086451868322e-01 2.672280488899e-02
  1.092458139746e-01 2.600725125251e-02
  1.155251259510e-01 2.533582461906e-02
  1.165118275382e-01 2.554147837727e-02
  1.167952469089e-01 2.656140266129e-02
  9.632054501123e-02 3.591855478965e-02
  8.314522421097e-02 3.024175349236e-02
  1.145605501641e-01 2.517171635787e-02
  8.580536166600e-02 2.965000186200e-02
  8.676705473861e-02 2.977509889281e-02
  8.644553816402e-02 2.890052088729e-02
  1.103742594588e-01 3.403929013981e-02
  1.114292339976e-01 3.440230493863e-02
  7.492082122763e-02 3.025581547169e-02
  1.084280412311e-01 3.372612476427e-02
  7.240132613492e-02 3.067629772015e-02
  7.172530666162e-02 3.147591755446e-02
  7.139903951469e-02 3.048810639624e-02
  7.077039265903e-02 3.133108545415e-02
  7.107608530390e-02 3.225611940936e-02
  1.066466329144e-01 2.624968725222e-02
  1.161565482859e-01 2.462850022775e-02
  1.171165247563e-01 2.475869582031e-02
  8.839295841045e-02 2.917717703038e-02
  7.314760772826e-02 2.999228389466e-02
  8.910422225417e-02 2.848648963780e-02
  9.324300829979e-02 3.542643515751e-02
  9.302915770040e-02 3.440460332191e-02
  8.741430580535e-02 2.897330309301e-02
  7.099394044958e-02 2.953567443705e-02
  6.902487778443e-02 2.957217149549e-02
  6.853129417271e-02 3.046140424684e-02
  6.755952623271e-02 3.049581463741e-02
  6.806835246030e-02 3.135018787338e-02
  6.709192452070e-02 3.137854348855e-02
  6.762378057492e-02 3.222892214902e-02
  7.013871265549e-02 3.211897182889e-02
  7.043233235514e-02 3.302386460584e-02
  6.862829907825e-02 3.219256358801e-02
  6.820682256752e-02 3.301705988837e-02
  6.986149059640e-02 3.127070281301e-02
  6.934358851512e-02 3.282071543477e-02
  6.980273858526e-02 3.378757903253e-02
  6.656998120566e-02 3.052638147673e-02
  6.609909749349e-02 3.141032449706e-02
  6.718440050628e-02 3.306922304029e-02
  6.776871242599e-02 3.385794366032e-02
  6.557002998100e-02 3.055227834638e-02
  6.509933160632e-02 3.143985625373e-02
  6.102993762910e-02 2.968837492738e-02
  6.562942879965e-02 3.229182836655e-02
  6.462783700341e-02 3.232622925277e-02
  6.515486042488e-02 3.316486577706e-02
  6.414183407864e-02 3.321848649790e-02
  6.470617581523e-02 3.404994173064e-02
  6.360557813674e-02 3.237143704062e-02
  6.457138555853e-02 3.058117220156e-02
  6.001452447306e-02 2.965902820243e-02
  6.052598788798e-02 3.055291382468e-02
  5.950417417646e-02 3.051967977234e-02
  6.000414758097e-02 3.140452093475e-02
  5.898589450105e-02 3.137594590358e-02
  5.947363716056e-02 3.225007830589e-02
  6.048475842133e-02 3.227718399942e-02
  5.995324676753e-02 3.311378695229e-02
  6.309977862629e-02 3.328377470700e-02
  6.156209741441e-02 3.060224513380e-02
  6.257072593276e-02 3.241540643263e-02
  6.308911289770e-02 3.151017013670e-02
  5.849504119098e-02 3.049620603680e-02
  5.797909069329e-02 3.135668512623e-02
  6.206994877077e-02 3.150252995000e-02
  6.154798265373e-02 3.238440904537e-02
  6.256986367782e-02 3.061940862536e-02
  5.749053984492e-02 3.047130847650e-02
  5.697819623810e-02 3.133246114568e-02
  5.746590549838e-02 3.221343733080e-02
  5.646549787170e-02 3.219692141244e-02
  5.695337798256e-02 3.307213563281e-02
  5.499683703029e-02 2.948506683143e-02
  5.597715997802e-02 3.130940687975e-02
  5.546538536200e-02 3.217886647846e-02
  5.497675362443e-02 3.128477399613e-02
  5.446537192326e-02 3.216144870493e-02
  5.397718396328e-02 3.125992473721e-02
  5.346558634569e-02 3.214110362167e-02
  5.395367692992e-02 3.302280069861e-02
  5.297612077655e-02 3.123959648041e-02
  5.246565690975e-02 3.212324000203e-02
  5.197263023143e-02 3.121631861436e-02
  5.146404332307e-02 3.210383340233e-02
  5.096428594349e-02 3.118474646292e-02
  5.046348759046e-02 3.208951742009e-02
  4.995664075337e-02 3.119279369504e-02
  5.147521513386e-02 3.026335222558e-02
  5.348843465044e-02 3.033758440179e-02
  5.548617864648e-02 3.040860649755e-02
  6.204272519066e-02 2.971409666127e-02
  6.106394176222e-02 3.146382972156e-02
  5.800523198960e-02 2.960659342465e-02
  5.400572933476e-02 2.944616428687e-02
  5.248652293225e-02 3.030259555042e-02
  5.200314668700e-02 2.934754169369e-02
  5.044595299599e-02 3.020352048612e-02
  4.943014051645e-02 3.035579446492e-02
  4.896491131733e-02 3.126557094134e-02
  4.704610025131e-02 2.889757837148e-02
  4.841799903016e-02 3.047624991641e-02
  4.798621563212e-02 3.135267228097e-02
  4.749026184269e-02 3.055439952790e-02
  4.706988141918e-02 3.146084630817e-02
  4.649342495485e-02 3.067130091079e-02
  4.794973472541e-02 2.959264238167e-02
  4.979825088090e-02 2.929562784495e-02
  4.595541496029e-02 2.868451085562e-02
  4.530208806906e-02 2.945263050813e-02
  4.433945851861e-02 2.931278145040e-02
  4.467391349043e-02 3.019719832086e-02
  4.374397479183e-02 3.009711695024e-02
  4.407830114573e-02 3.102589803696e-02
  4.336066456220e-02 2.919520486030e-02
  4.278811332669e-02 2.995371904991e-02
  4.237076084382e-02 2.907490176062e-02
  4.178575722430e-02 2.986093421259e-02
  4.229697599639e-02 3.077828804109e-02
  4.137900793472e-02 2.894676216304e-02
  5.600285526979e-02 2.953411759041e-02
  5.448861082606e-02 3.036561210393e-02
  7.703531033554e-02 2.910117433103e-02
  7.908552508603e-02 2.899568429162e-02
  7.868316798036e-02 3.003205723634e-02
  7.971478687627e-02 2.977816069387e-02
  8.067473632661e-02 2.969251785846e-02
  8.106075783563e-02 2.880898258079e-02
  8.163724710665e-02 2.959767672644e-02
  8.126083690256e-02 3.052933746674e-02
  8.218680246830e-02 3.038454634433e-02
  8.205442719246e-02 2.868732989644e-02
  4.396856383161e-02 2.839788516560e-02
  9.100428951461e-02 2.765337043540e-02
  9.158777828732e-02 2.835553832686e-02
  9.065787744029e-02 2.851377261251e-02
  9.301392538136e-02 2.740287377933e-02
  9.403605695766e-02 2.728926009032e-02
  9.472883547209e-02 2.805275992437e-02
  9.570107376326e-02 2.791631309801e-02
  9.698508316427e-02 2.682739257852e-02
  6.704305946877e-02 2.964085593735e-02
  9.896307599308e-02 2.652621501091e-02
  9.992923629212e-02 2.630418032599e-02
  9.600746554096e-02 2.697614973792e-02
  9.663454657154e-02 2.775021675187e-02
  1.029328468160e-01 2.587314459909e-02
  1.035917090608e-01 2.663381050575e-02
  1.026151582854e-01 2.678065670819e-02
  1.045429506737e-01 2.642803462230e-02
  1.043221460088e-01 2.747398563468e-02
  1.019415431579e-01 2.603971171572e-02
  1.015789780167e-01 2.709449658469e-02
  1.068702086779e-01 2.520983763181e-02
  1.048956299565e-01 2.554376148249e-02
  1.089184489333e-01 2.498995931712e-02
  1.099015572010e-01 2.465398383195e-02
  1.105583546790e-01 2.537997537550e-02
  1.114813905470e-01 2.521971382234e-02
  1.158318687202e-01 2.365598461925e-02
  1.118008205910e-01 2.430477764232e-02
  1.124295683206e-01 2.502358758041e-02
  1.120355823774e-01 2.581271154955e-02
  1.135332834979e-01 2.489488976849e-02
  1.137639110833e-01 2.388418755577e-02
  1.138887777633e-01 2.590474547703e-02
  1.177460548697e-01 2.314726608967e-02
  1.184021463350e-01 2.390261909055e-02
  1.193485284868e-01 2.373750786856e-02
  1.190323223022e-01 2.468039576152e-02
  1.200005718900e-01 2.449446191911e-02
  1.196783897883e-01 2.544250225984e-02
  1.186889464246e-01 2.563084511756e-02
  1.193568628341e-01 2.639160974301e-02
  1.183989897785e-01 2.659522239570e-02
  1.190360019686e-01 2.734042958210e-02
  1.180805764371e-01 2.754337991815e-02
  1.175970464797e-01 2.582585002237e-02
  1.203208236905e-01 2.354872686325e-02
  1.209776649514e-01 2.430292080524e-02
  1.203330079100e-01 2.619711572879e-02
  1.212990460176e-01 2.335648060804e-02
  1.219572852555e-01 2.410997109856e-02
  1.222796555353e-01 2.315826215391e-02
  1.229391257309e-01 2.391108653568e-02
  1.226158886127e-01 2.486183502551e-02
  1.235988299731e-01 2.466541613251e-02
  1.232782168134e-01 2.561547216706e-02
  1.239225589263e-01 2.370844939240e-02
  1.245626381169e-01 2.179844674937e-02
  1.235815868413e-01 2.200266070536e-02
  1.242441400491e-01 2.275230740011e-02
  1.252261829764e-01 2.254722571403e-02
  1.249059355552e-01 2.350315514382e-02
  1.258894279636e-01 2.329639208711e-02
  1.294584853915e-01 2.076675950144e-02
  1.255698205760e-01 2.425372365326e-02
  1.265570456916e-01 2.404401751779e-02
  1.262431328292e-01 2.499936056744e-02
  1.268712773763e-01 2.309070228281e-02
  1.245869853191e-01 2.446115289679e-02
  1.232613398910e-01 2.295625236784e-02
  1.284789977949e-01 2.097581146773e-02
  1.291467053134e-01 2.172087900871e-02
  1.301279535120e-01 2.150992590125e-02
  1.298176700326e-01 2.246462422522e-02
  1.307988581392e-01 2.225216371902e-02
  1.304915093482e-01 2.320513113857e-02
  1.275398321560e-01 2.383803869637e-02
  1.288356124361e-01 2.267618994735e-02
  1.311079708792e-01 2.129852001453e-02
  1.278533113472e-01 2.288446017153e-02
  1.285241847041e-01 2.363033087335e-02
  1.282169798159e-01 2.458307166489e-02
  1.295103601708e-01 2.341794809558e-02
  1.301861184806e-01 2.415800504191e-02
  1.281671254168e-01 2.192937770581e-02
  1.216201864919e-01 2.240504929473e-02
  1.255417406596e-01 2.159528391278e-02
  5.649037864205e-02 3.043413419299e-02
  1.304369889009e-01 2.055695481171e-02
  1.314155192608e-01 2.034566187361e-02
  1.320875476221e-01 2.108609547153e-02
  1.353256379301e-01 1.949049293799e-02
  1.330665816837e-01 2.087319710419e-02
  1.327600371941e-01 2.182654492147e-02
  1.337388610481e-01 2.161325352863e-02
  1.334325662612e-01 2.256747844154e-02
  1.344111895326e-01 2.235834270429e-02
  1.341023766863e-01 2.331253326608e-02
  1.314711473960e-01 2.299216645207e-02
  1.347177729127e-01 2.140125969926e-02
  1.324515260181e-01 2.278032197777e-02
  1.343485256945e-01 1.970572206093e-02
  1.350222526016e-01 2.044481037413e-02
  1.359997347548e-01 2.022892618715e-02
  1.356965071711e-01 2.118699282720e-02
  1.366746317202e-01 2.097088489240e-02
  1.363715621257e-01 2.193492172057e-02
  1.373497916053e-01 2.171883510751e-02
  1.370446503094e-01 2.268935927592e-02
  1.376519999508e-01 2.075593551408e-02
  1.383298336303e-01 2.151433376830e-02
  1.386302060843e-01 2.054591251645e-02
  1.402065129686e-01 1.840101333463e-02
  1.353911211668e-01 2.215107689504e-02
  1.379538047536e-01 1.979911586647e-02
  1.389302275959e-01 1.958220522777e-02
  1.396072108663e-01 2.033084502071e-02
  1.399068770040e-01 1.936431183394e-02
  1.405844245459e-01 2.011806562622e-02
  1.402898265118e-01 2.111068004940e-02
  1.412690738620e-01 2.090853236978e-02
  1.409724072318e-01 2.192355987934e-02
  1.415624133480e-01 1.991068493261e-02
  1.422480279531e-01 2.070500927011e-02
  1.460561250291e-01 1.706340493489e-02
  1.480034305680e-01 1.661809974942e-02
  1.425388097797e-01 1.969906164353e-02
  1.432271061462e-01 2.050127565189e-02
  1.435145998221e-01 1.948383957185e-02
  1.442004988006e-01 2.026812771833e-02
  1.444902879926e-01 1.925835509604e-02
  1.451690600999e-01 2.000832250843e-02
  1.448847827143e-01 2.102690659135e-02
  1.454654610688e-01 1.902472698693e-02
  1.461425235335e-01 1.978198408553e-02
  1.464408927850e-01 1.879109714286e-02
  1.471193306779e-01 1.954393248776e-02
  1.468347381947e-01 2.049675196096e-02
  1.474150996665e-01 1.857474161521e-02
  1.480874161367e-01 1.932472642125e-02
  1.483889933969e-01 1.836005773635e-02
  1.490548954556e-01 1.910381601088e-02
  1.487476932960e-01 2.003494158542e-02
  1.493625211032e-01 1.814635186613e-02
  1.500275820387e-01 1.889125805222e-02
  1.503356372863e-01 1.793277164524e-02
  1.509968871709e-01 1.867441157356e-02
  1.506776725419e-01 1.958807618534e-02
  1.513038475861e-01 1.770459683079e-02
  1.519640051424e-01 1.845063161798e-02
  1.522744032502e-01 1.747073786681e-02
  1.529300752666e-01 1.822409185406e-02
  1.526045804410e-01 1.913723032772e-02
  1.532511620500e-01 1.724033231024e-02
  1.539082774208e-01 1.800329856259e-02
  1.542224561655e-01 1.701092177724e-02
  1.548768401270e-01 1.777115792598e-02
  1.545401560658e-01 1.868311391037e-02
  1.551863815331e-01 1.678901817896e-02
  1.558399385313e-01 1.754293879383e-02
  1.561558377018e-01 1.655741419481e-02
  1.568156156015e-01 1.731773501871e-02
  1.564656867586e-01 1.821271821150e-02
  1.571431892352e-01 1.636306451449e-02
  1.578213650542e-01 1.713312288086e-02
  1.581381639051e-01 1.621821395224e-02
  1.588241002905e-01 1.695877132306e-02
  1.585329997885e-01 1.792665385375e-02
  1.590917702423e-01 1.605357059804e-02
  1.597987170892e-01 1.673238426217e-02
  1.600274104936e-01 1.569869584263e-02
  1.607746854913e-01 1.649438814714e-02
  1.605732932915e-01 1.740409842187e-02
  1.610902602302e-01 1.558989990150e-02
  1.617952722516e-01 1.628180589934e-02
  1.620753485842e-01 1.536415869624e-02
  1.627265806966e-01 1.604742462832e-02
  1.625713603538e-01 1.701754467123e-02
  1.630417519468e-01 1.514855848069e-02
  1.637020681837e-01 1.582593006022e-02
  1.640169362256e-01 1.493067874763e-02
  1.646716383589e-01 1.563173294771e-02
  1.643151878171e-01 1.660319711135e-02
  1.649946032574e-01 1.472265188703e-02
  1.614067046548e-01 1.468988853439e-02
  1.584287161987e-01 1.530323429762e-02
  1.554755283976e-01 1.575062475594e-02
  1.525734179289e-01 1.646168293416e-02
  1.447875117666e-01 1.827900008462e-02
  1.418603641345e-01 1.893819740160e-02
  1.643351598115e-01 1.405082837261e-02
  1.653121577433e-01 1.383821015694e-02
  1.659745618965e-01 1.452050011016e-02
  1.741882264773e-01 9.865710196982e-03
  1.723034037126e-01 1.040821849088e-02
  1.662840518752e-01 1.362730699524e-02
  1.669522201781e-01 1.431182949556e-02
  1.672340799623e-01 1.342439908987e-02
  1.679282257120e-01 1.409247015593e-02
  1.676251257933e-01 1.503958961527e-02
  1.686015116766e-01 1.482465897702e-02
  1.682998186780e-01 1.577657374061e-02
  1.689040236347e-01 1.387374441783e-02
  1.656036788932e-01 1.286053996795e-02
  1.518888476020e-01 1.569326893355e-02
  1.496575300064e-01 1.716618202964e-02
  1.477098607516e-01 1.759733163961e-02
  1.751472175156e-01 9.589793749469e-03
  1.749058141132e-01 1.056111748986e-02
  1.758717921437e-01 1.028406423959e-02
  1.756275705224e-01 1.125731093904e-02
  1.746655068690e-01 1.153872485785e-02
  1.753864542961e-01 1.223580715309e-02
  1.695777841197e-01 1.460831773825e-02
  1.698810164726e-01 1.366050944297e-02
  1.770709794907e-01 9.030902232192e-03
  1.692086170714e-01 1.295551724500e-02
  1.701549671422e-01 1.276146896948e-02
  1.708377791589e-01 1.345153345505e-02
  1.710592374100e-01 1.252410490806e-02
  1.717501488852e-01 1.322451026296e-02
  1.715162030599e-01 1.416696653485e-02
  1.744331969651e-01 1.252976333749e-02
  1.751766603701e-01 1.322576652655e-02
  1.837834302697e-01 6.987766587130e-03
  1.818708669552e-01 7.586413091790e-03
  1.737264608334e-01 1.181350101654e-02
  1.735273749897e-01 1.277214852694e-02
  1.728256771229e-01 1.206906979993e-02
  1.703283737421e-01 1.182278571035e-02
  1.712529174421e-01 1.158845338094e-02
  1.730406255803e-01 1.111308968551e-02
  1.828277256234e-01 7.288399558425e-03
  1.835663769269e-01 7.964707109196e-03
  1.856916266060e-01 6.376349090553e-03
  1.866434494279e-01 6.066300533079e-03
  1.847377076381e-01 6.683479464897e-03
  1.809128928427e-01 7.881013729733e-03
  1.799538504640e-01 8.172905521189e-03
  1.797252518526e-01 9.146786897606e-03
  1.787633233458e-01 9.434767618543e-03
  1.794995649480e-01 1.012073234491e-02
  1.763532360605e-01 1.195420632106e-02
  1.816476197208e-01 8.562581655691e-03
  1.785357342524e-01 1.040975707071e-02
  1.792675020134e-01 1.108800500217e-02
  1.783031747450e-01 1.138883090164e-02
  1.790254026713e-01 1.204160738856e-02
  1.804622115212e-01 9.830099711254e-03
  1.775711976470e-01 1.069702147817e-02
  1.773243750023e-01 1.166823329067e-02
  1.765991848552e-01 1.097846091554e-02
  1.826073774940e-01 8.264274779361e-03
  1.833474075049e-01 8.941968640143e-03
  1.864341855266e-01 7.046365581571e-03
  1.843085211568e-01 8.640870569702e-03
  1.840870490658e-01 9.619457041161e-03
  1.873867305421e-01 6.736238007400e-03
  1.871765013217e-01 7.716971898062e-03
  1.881296259093e-01 7.406481610613e-03
  1.879199133623e-01 8.388084430706e-03
  1.913934577356e-01 4.456643807206e-03
  1.932836345154e-01 3.782248988423e-03
  1.862222542947e-01 8.027606528074e-03
  1.823842552598e-01 9.241366068882e-03
  1.883376977731e-01 6.425741051846e-03
  1.814222292167e-01 9.537841820524e-03
  1.821592970283e-01 1.021725498614e-02
  1.811990886461e-01 1.051380906856e-02
  1.802320621811e-01 1.079613211219e-02
  1.923405813288e-01 4.120055407166e-03
  1.931018028270e-01 4.767367671056e-03
  1.921520024604e-01 5.107818373712e-03
  1.929160300125e-01 5.754080888480e-03
  1.890812470112e-01 7.097042007569e-03
  1.911979816945e-01 5.449071710852e-03
  1.892893936788e-01 6.111236543447e-03
  1.900357557256e-01 6.776188901973e-03
  1.902435165108e-01 5.783101670907e-03
  1.768368828244e-01 1.000377983819e-02
  1.780333602614e-01 8.747419915203e-03
  1.875939171520e-01 5.754262206725e-03
  1.904447971982e-01 4.791430082397e-03
  1.894937671997e-01 5.117724047766e-03
  1.806873426030e-01 8.855204889333e-03
  1.845239294464e-01 7.661470608383e-03
  1.852653124629e-01 8.335968307046e-03
  1.372783016946e-01 1.905839370531e-02
  1.528648221886e-01 1.546165527446e-02
  1.515929551550e-01 1.669521396030e-02
  1.535425423030e-01 1.622736969799e-02
  1.489763847756e-01 1.639684048264e-02
  1.470293993264e-01 1.684229094773e-02
  1.486831201003e-01 1.738081058396e-02
  1.450815594844e-01 1.729549277791e-02
  1.457614830025e-01 1.804176114731e-02
  1.441066051328e-01 1.752588008402e-02
  1.438091160636e-01 1.849907492491e-02
  1.411813407528e-01 1.818337223408e-02
  1.421549812974e-01 1.796442914459e-02
  1.333711637128e-01 1.992007044420e-02
  1.392303204253e-01 1.862255100199e-02
  1.317799985499e-01 2.203939754935e-02
  1.321407476322e-01 2.373338023858e-02
  1.196620180335e-01 2.279574474381e-02
  1.262060458542e-01 2.234281685810e-02
  1.363019200025e-01 1.927474236018e-02
  1.340441929422e-01 2.065971886856e-02
  1.732423563546e-01 1.013923184111e-02
  1.408836554590e-01 1.915260756051e-02
  1.739614983713e-01 1.083856251464e-02
  1.113265449387e-01 3.157063197382e-02
  1.123102715944e-01 3.174759707201e-02
  1.126435978919e-01 3.270051326984e-02
  1.120387224898e-01 3.348264684688e-02
  1.633612048496e-01 1.427392600627e-02
  1.636581965726e-01 1.329752009925e-02
  1.103416490167e-01 3.139349291668e-02
  1.574673188611e-01 1.536340170970e-02
  1.578884368746e-01 1.430522479740e-02
  1.588860768515e-01 1.448036819874e-02
  1.597826624911e-01 1.471738498388e-02
  1.564617339732e-01 1.555253674922e-02
  1.557784594698e-01 1.476260469535e-02
  1.083730372235e-01 3.104006232632e-02
  1.623854231890e-01 1.448514006424e-02
  1.617004279932e-01 1.372057404644e-02
  1.606274911779e-01 1.417015868703e-02
  1.132939985759e-01 3.194443623898e-02
  1.136221914039e-01 3.295937003358e-02
  9.757903462922e-02 3.174074608481e-02
  9.856333187011e-02 3.191745237049e-02
  9.890233189401e-02 3.285821799942e-02
  9.954758177399e-02 3.209425760729e-02
  9.988657613000e-02 3.303503498762e-02
  1.005318285278e-01 3.227107096090e-02
  1.008705461135e-01 3.321162409436e-02
  1.015160286775e-01 3.244784847714e-02
  9.924132332871e-02 3.379899897487e-02
  1.011770306295e-01 3.150719962213e-02
  1.021612868217e-01 3.168399505541e-02
  1.025003071956e-01 3.262471285114e-02
  1.031454495305e-01 3.186077265689e-02
  1.034881328912e-01 3.281557333936e-02
  1.028388733317e-01 3.358076987986e-02
  1.001927323605e-01 3.133060856326e-02
  9.920847064165e-02 3.115395109826e-02
  9.886677660717e-02 3.021789522901e-02
  1.126161230270e-01 3.004313024386e-02
  1.017896187876e-01 2.809757788272e-02
  9.825718562119e-02 3.362230330598e-02
  9.859606928585e-02 3.456296585099e-02
  9.957625552089e-02 3.474273004459e-02
  9.794857132688e-02 3.531337530226e-02
  1.028059115723e-01 3.092046384576e-02
  1.073886155920e-01 3.086303795751e-02
  1.705488240538e-01 1.439340849310e-02
  1.036966397802e-01 2.841973468976e-02
  1.053763163455e-01 2.782664606550e-02
  1.008481509934e-01 2.792936018277e-02
  7.205763390187e-02 3.243005661155e-02
  7.239543490206e-02 3.337357215228e-02
  7.077031574646e-02 3.395686391489e-02
  7.015947211195e-02 3.470233721216e-02
  7.337953319910e-02 3.355034612287e-02
  7.274046099576e-02 3.430955406017e-02
  7.372163934094e-02 3.448709349875e-02
  7.308484583219e-02 3.524074941657e-02
  1.083403293974e-01 2.839454670267e-02
  1.047745536772e-01 3.127301680066e-02
  7.794380027188e-02 3.086030262660e-02
  7.891273104675e-02 3.108399273596e-02
  1.008380873499e-01 3.056739477020e-02
  1.093573108340e-01 3.121634204957e-02
  1.125725823482e-01 2.745769057567e-02
  1.100025198043e-01 3.045283474404e-02
  1.148726885043e-01 2.869912525207e-02
  1.158352517457e-01 2.887424105345e-02
  1.162061343514e-01 2.979199685396e-02
  1.187332202018e-01 2.828607671976e-02
  1.168547663568e-01 2.890848650534e-02
  1.171769233983e-01 2.999066397181e-02
  1.178111959007e-01 2.849210395417e-02
  1.184618298672e-01 2.920307913788e-02
  1.193864881457e-01 2.902765198599e-02
  1.190686268188e-01 2.995290807779e-02
  1.170880059592e-01 2.766655900309e-02
  1.155704281774e-01 3.057439123081e-02
  1.159021826595e-01 3.152169206053e-02
  1.682018880223e-01 1.316814989814e-02
  1.685008279283e-01 1.213567078180e-02
  1.674138875393e-01 1.253824925027e-02
  9.465727123800e-02 3.385514377349e-02
  1.115679217810e-01 2.726825618212e-02
  1.080027361805e-01 2.746061807518e-02
  1.161142989556e-01 2.725841483363e-02
  9.530402140578e-02 3.309153062611e-02
  7.402257983265e-02 3.278861795226e-02
  7.593942174217e-02 3.056257779403e-02
  9.876329705974e-02 2.751925001466e-02
  9.526966551032e-02 3.045709565672e-02
  7.175324892536e-02 3.413211471649e-02
  1.109433152632e-01 2.800113468269e-02
  1.057131648858e-01 2.878388468036e-02
  1.142647332312e-01 3.211071799227e-02
  1.145578311107e-01 3.298744231026e-02
  9.695549855520e-02 3.511926194538e-02
  9.725169299930e-02 3.592392100266e-02
  9.831037927960e-02 3.628510292328e-02
  1.165681953921e-01 3.077060605474e-02
  1.168551595098e-01 3.170642330437e-02
  1.666485575879e-01 1.524984127073e-02
  1.656625000655e-01 1.543300413873e-02
  1.663559576990e-01 1.617343375914e-02
  1.041302619709e-01 3.203939254984e-02
  1.044735359192e-01 3.299236207248e-02
  7.436304482898e-02 3.372691609483e-02
  7.470325828452e-02 3.466544218415e-02
  7.141321276181e-02 3.319596760140e-02
  7.534660387195e-02 3.390439314876e-02
  7.568604897483e-02 3.484426200810e-02
  7.504239119052e-02 3.560475307493e-02
  7.599155799735e-02 3.314208133754e-02
  1.129552335660e-01 3.098736996259e-02
  1.002245704901e-01 3.397604271641e-02
  1.005329467505e-01 3.493082040718e-02
  1.073824572814e-01 3.356670268349e-02
  1.066516897270e-01 3.449605045034e-02
  1.076820357085e-01 2.654338958521e-02
  7.633054040287e-02 3.408176430434e-02
  7.666936788416e-02 3.502257916454e-02
  9.587717021397e-02 2.968443529867e-02
  1.018540210952e-01 3.338912672562e-02
  1.021802861365e-01 3.433847589095e-02
  1.031832562758e-01 3.465385462514e-02
  1.038451164030e-01 3.382653950714e-02
  1.048077915547e-01 3.391914409364e-02
  1.152271556478e-01 3.232186538203e-02
  1.155059344126e-01 3.351478478998e-02
  1.077343445733e-01 3.458929507161e-02
  1.090436798093e-01 3.493478588919e-02
  1.072518914959e-01 3.611443971719e-02
  1.056817026433e-01 3.517523659884e-02
  7.731442331115e-02 3.425889748361e-02
  7.765449513788e-02 3.519702884602e-02
  7.795934652813e-02 3.349646271614e-02
  7.829877127952e-02 3.443552242237e-02
  7.928286913610e-02 3.461269434040e-02
  7.992801670116e-02 3.384946064881e-02
  8.026718971498e-02 3.478968563288e-02
  7.962214148887e-02 3.555272109592e-02
  8.125134744795e-02 3.496641414010e-02
  8.189719442554e-02 3.420249674976e-02
  8.223565789365e-02 3.514372083048e-02
  8.158876142580e-02 3.590636707043e-02
  8.321974236175e-02 3.532102717696e-02
  9.367478182695e-02 3.367248266320e-02
  1.012018613326e-01 3.415658733256e-02
  9.432009779407e-02 3.291382264854e-02
  1.058063036942e-01 3.401552129886e-02
  1.043558320865e-01 3.506192765979e-02
  1.034054987084e-01 3.589508200596e-02
  1.015294241634e-01 3.512701343120e-02
  1.008086210407e-01 3.601213738236e-02
  1.021118165918e-01 3.617293066363e-02
  1.015223988090e-01 3.764928695504e-02
  1.020593699279e-01 4.084358495635e-02
  1.054554241570e-01 3.314176869767e-02
  8.386522129616e-02 3.455632966745e-02
  8.420399254568e-02 3.549756835973e-02
  8.355494906455e-02 3.626404595583e-02
  8.452570284857e-02 3.640948642196e-02
  8.518537188035e-02 3.566916837577e-02
  8.547656025042e-02 3.658610634049e-02
  8.390467908971e-02 3.717266820489e-02
  8.616075823928e-02 3.584212492485e-02
  8.645180324460e-02 3.678919145683e-02
  8.256877761182e-02 3.608579912089e-02
  8.190790277085e-02 3.685613206736e-02
  8.481192081877e-02 3.716899213052e-02
  8.449185381107e-02 3.806915649997e-02
  8.316446663355e-02 3.806556283598e-02
  8.564380454589e-02 3.759918983795e-02
  8.682584139152e-02 3.792054710544e-02
  8.480627232174e-02 2.929637417341e-02
  8.484887903417e-02 3.473235227133e-02
  9.269128972481e-02 3.348945024556e-02
  9.204297457164e-02 3.420239955875e-02
  1.242660487473e-01 2.541766219625e-02
  1.239420791637e-01 2.637065854510e-02
  1.229543491143e-01 2.656247934929e-02
  1.236242470259e-01 2.732258122028e-02
  1.252542839131e-01 2.521295051926e-02
  1.259334657260e-01 2.596287480087e-02
  1.269283675651e-01 2.574738930713e-02
  1.266207083895e-01 2.670938749371e-02
  1.249383528639e-01 2.617145151848e-02
  1.222944228305e-01 2.580926742666e-02
  1.219709597664e-01 2.675593741127e-02
  9.266767546406e-02 3.086657669699e-02
  8.385179535815e-02 3.192792355598e-02
  9.235496552024e-02 2.996059831954e-02
  8.289892142206e-02 3.175085029640e-02
  1.196968976324e-01 2.808966195975e-02
  1.203510847170e-01 2.883767135731e-02
  1.206705939063e-01 2.789545073539e-02
  1.213271419982e-01 2.864666753811e-02
  1.210101163108e-01 2.958541501520e-02
  1.393105532007e-01 2.131597431522e-02
  1.390101228091e-01 2.230214036576e-02
  8.549454731642e-02 3.396868153707e-02
  9.071597367691e-02 3.049617117016e-02
  8.583076422421e-02 3.490671763945e-02
  1.216351906386e-01 2.505632702727e-02
  9.140744697691e-02 2.979267320609e-02
  6.409450415013e-02 3.147527876237e-02
  6.357187212664e-02 3.061160323632e-02
  6.504439025166e-02 2.968769473661e-02
  9.072196762073e-02 3.314345280313e-02
  8.644834346938e-02 3.149899537998e-02
  8.709610950453e-02 3.072906984456e-02
  1.200139359884e-01 2.714403335996e-02
  1.369767321461e-01 2.001466642093e-02
  8.841474857845e-02 3.185366342129e-02
  1.206561864674e-01 2.524943502471e-02
  8.807770278683e-02 3.090742421265e-02
  6.662943012889e-02 3.225919170776e-02
  5.846810473616e-02 3.223094823368e-02
  1.213133365486e-01 2.600300250490e-02
  8.774344713878e-02 2.994708491953e-02
  1.209917311481e-01 2.694965812048e-02
  1.216490074419e-01 2.770222697391e-02
  1.226323176235e-01 2.751028572936e-02
  1.233009765281e-01 2.826898915460e-02
  1.243299811579e-01 2.810302049553e-02
  1.239460957373e-01 2.901357632811e-02
  1.246389968995e-01 2.713461154066e-02
  1.256426678482e-01 2.692583409793e-02
  1.263525529661e-01 2.765251348861e-02
  1.253491687205e-01 2.789873308296e-02
  1.260876587950e-01 2.861030789646e-02
  6.616288935678e-02 3.311756005362e-02
  6.670372810547e-02 3.389116040653e-02
  6.721566698417e-02 3.483914540905e-02
  6.568638823474e-02 3.395165538590e-02
  6.535897731954e-02 3.490493598138e-02
  1.223099657380e-01 2.845608184242e-02
  1.854791693291e-01 7.355206596754e-03
  8.714620097826e-02 3.603885076041e-02
  5.901004202954e-02 2.963503780258e-02
  1.778008978524e-01 9.720739954624e-03
  8.746726884058e-02 3.432590575756e-02
  8.681740401685e-02 3.509209622330e-02
  1.274999658818e-01 2.118393228239e-02
  1.545091710959e-01 1.599703912670e-02
  9.007591996005e-02 3.390060130383e-02
  4.624397506219e-02 2.964528123125e-02
  9.105475165261e-02 3.405033972089e-02
  9.137004516544e-02 3.491983308721e-02
  1.761106549435e-01 9.311565750801e-03
  8.366652461446e-02 2.933758702378e-02
  1.272349290395e-01 2.479069488563e-02
  1.271864523387e-01 2.213701027601e-02
  1.311628520714e-01 2.394427339406e-02
  1.318320150674e-01 2.468679644903e-02
  1.467354767602e-01 1.781843790460e-02
  8.826460784114e-02 3.645158508654e-02
  1.509197812576e-01 1.594133981150e-02
  1.112388699644e-01 2.623129544590e-02
  1.506291089064e-01 1.694618005442e-02
  1.308584124748e-01 2.489583301033e-02
  1.315280406926e-01 2.565081590730e-02
  1.298894159180e-01 2.511288474040e-02
  1.276166903653e-01 2.648546324466e-02
  1.292060380673e-01 2.437162587039e-02
  1.289083099043e-01 2.532639995870e-02
  1.295869841479e-01 2.609226965699e-02
  1.286083645318e-01 2.629288900551e-02
  1.292891134360e-01 2.709367670342e-02
  1.283115144935e-01 2.724647147887e-02
  1.289562349803e-01 2.806954078719e-02
  1.273257419741e-01 2.743749583778e-02
  1.105139436946e-01 3.528778034574e-02
  1.279259282973e-01 2.553647876549e-02
  1.305579366449e-01 2.588050802908e-02
  1.312293373628e-01 2.667302296149e-02
  1.321987048727e-01 2.644315266054e-02
  1.319029817602e-01 2.748209683773e-02
  1.325007499117e-01 2.545557398476e-02
  1.328093998420e-01 2.448288578428e-02
  1.334742082197e-01 2.524632525384e-02
  1.337874870025e-01 2.427573474834e-02
  1.344496762443e-01 2.503081097239e-02
  1.341409641766e-01 2.602344920786e-02
  1.351117724491e-01 2.579526804602e-02
  1.348085640281e-01 2.679095064037e-02
  1.354282110814e-01 2.483177242681e-02
  1.331206839070e-01 2.352538907610e-02
  1.347664238041e-01 2.407217228391e-02
  1.357490142608e-01 2.387143743870e-02
  1.364089896509e-01 2.462819676254e-02
  1.367295505924e-01 2.366181287957e-02
  1.373895559952e-01 2.442264275562e-02
  1.370629340633e-01 2.538372613397e-02
  1.380407790347e-01 2.518214046993e-02
  1.377207901567e-01 2.613022748428e-02
  1.383747411829e-01 2.423130253734e-02
  1.360631760129e-01 2.290636095519e-02
  1.377107181829e-01 2.345972157947e-02
  1.386966720064e-01 2.327658922243e-02
  1.393553265584e-01 2.405994318550e-02
  1.396788483782e-01 2.309668447735e-02
  1.403354914609e-01 2.388673660026e-02
  1.406594396265e-01 2.291434614179e-02
  1.413181137407e-01 2.371300664925e-02
  1.409785068150e-01 2.466279480942e-02
  1.419674759223e-01 2.450131658025e-02
  1.416187090421e-01 2.543744163007e-02
  1.423060485328e-01 2.354796765561e-02
  1.429526618317e-01 2.433151188056e-02
  1.432930082151e-01 2.337957347135e-02
  1.429385893858e-01 2.155159803942e-02
  1.426289033499e-01 2.256240375861e-02
  1.436136508796e-01 2.237782004069e-02
  1.443022823382e-01 2.315738398461e-02
  1.446184834630e-01 2.211886076996e-02
  1.454234249291e-01 2.285562561806e-02
  1.449507502602e-01 2.395367780803e-02
  1.459352543711e-01 2.385772977204e-02
  1.464168649885e-01 2.298959983338e-02
  1.439169024928e-01 2.132113389251e-02
  1.455959136412e-01 2.173262886952e-02
  1.419511159579e-01 2.173263990699e-02
  1.399868662930e-01 2.211056420481e-02
  1.458645023625e-01 2.074491041114e-02
  1.465343184404e-01 2.143571680958e-02
  1.475030261710e-01 2.121524896071e-02
  1.471630113182e-01 2.224947578433e-02
  1.482477446601e-01 2.189950853203e-02
  1.480137356773e-01 2.286593765729e-02
  1.350814580715e-01 2.311106825965e-02
  1.380246926252e-01 2.248756215020e-02
  1.439429348918e-01 2.415608420985e-02
  1.416393380733e-01 2.273232066527e-02
  1.399956264178e-01 2.483049419911e-02
  1.360908830482e-01 2.559357740539e-02
  1.390174181356e-01 2.500053461191e-02
  1.302614000225e-01 2.691096180666e-02
  1.428342636473e-01 1.872112636344e-02
  1.331718524674e-01 2.624397172910e-02
  4.198932025049e-02 2.812464037076e-02
  4.036871460670e-02 2.878542487398e-02
  3.900360720140e-02 2.760971407356e-02
  4.000225538350e-02 2.779563228484e-02
  3.938040505437e-02 2.860349009011e-02
  3.974101072979e-02 2.953912372739e-02
  3.874268163389e-02 2.934658200864e-02
  3.913487343342e-02 3.022118594099e-02
  3.835973250693e-02 2.840675077184e-02
  3.801123157852e-02 2.742571587363e-02
  3.735248111286e-02 2.821792635268e-02
  3.637581917160e-02 2.799115542208e-02
  3.668953348818e-02 2.899263936426e-02
  3.567877057043e-02 2.874791596971e-02
  3.597218432410e-02 2.973232705206e-02
  3.767739400339e-02 2.921262060620e-02
  3.539135494910e-02 2.775543335684e-02
  4.071118403394e-02 2.987372431107e-02
  3.603927952172e-02 2.697706640194e-02
  3.436538753829e-02 2.753949736657e-02
  3.407329352082e-02 2.654618399794e-02
  3.337667084482e-02 2.731197082888e-02
  3.238913380763e-02 2.708558058885e-02
  3.264230907251e-02 2.808904549236e-02
  3.113974467825e-02 2.579892811607e-02
  3.363626627773e-02 2.829823134893e-02
  3.294078668798e-02 2.909097981999e-02
  3.466208929436e-02 2.851830351066e-02
  3.211258192932e-02 2.606310366006e-02
  3.139214814929e-02 2.682171364199e-02
  3.042781199861e-02 2.653049142430e-02
  3.066071884677e-02 2.755836788875e-02
  2.969676144242e-02 2.721730179430e-02
  2.991532808072e-02 2.819790483852e-02
  2.944372903022e-02 2.626386140896e-02
  3.164561946341e-02 2.788697358882e-02
  3.016610013042e-02 2.550103817220e-02
  2.920016617382e-02 2.525075364642e-02
  2.847398692267e-02 2.595286263021e-02
  2.751453519007e-02 2.567619512615e-02
  2.727605246344e-02 2.466460973802e-02
  2.657023996859e-02 2.540729278527e-02
  2.681595670580e-02 2.639553662429e-02
  2.593329769623e-02 2.613399129953e-02
  2.616401514507e-02 2.713881467598e-02
  2.561836490633e-02 2.509986718750e-02
  2.633100342924e-02 2.434803906271e-02
  2.463790521146e-02 2.477911326969e-02
  2.441122110348e-02 2.369591588324e-02
  2.367409493433e-02 2.441632493692e-02
  2.390370147512e-02 2.548370379409e-02
  2.293583358792e-02 2.512884517327e-02
  2.315378454438e-02 2.614576127877e-02
  1.971711189848e-02 2.180114042098e-02
  2.271725928504e-02 2.403499059230e-02
  2.493449997410e-02 2.595521232080e-02
  2.346296836850e-02 2.332435154540e-02
  2.175746594755e-02 2.366376972735e-02
  2.158905486234e-02 2.258840274227e-02
  2.080871172808e-02 2.328862707509e-02
  2.100041814668e-02 2.432846133652e-02
  2.005477500544e-02 2.393557881551e-02
  2.024363720876e-02 2.497094019589e-02
  1.987137706179e-02 2.287353206754e-02
  2.197220838756e-02 2.471365220558e-02
  2.064627614799e-02 2.218936555719e-02
  1.892792893620e-02 2.245894765851e-02
  1.880413051760e-02 2.137600409140e-02
  1.800178577091e-02 2.203836709433e-02
  1.814241834105e-02 2.308994480635e-02
  1.721429174478e-02 2.268041481732e-02
  1.736799797349e-02 2.370549170257e-02
  1.431088270345e-02 1.893224240714e-02
  1.707854552257e-02 2.159236656521e-02
  1.909777354482e-02 2.349801972919e-02
  1.787811162453e-02 2.093729888191e-02
  1.613419592103e-02 2.111834023652e-02
  1.605555705640e-02 1.999584883103e-02
  1.508743757634e-02 2.052400852878e-02
  1.532075833283e-02 2.175468361588e-02
  1.435684095148e-02 2.134247235033e-02
  1.451816115903e-02 2.238386246396e-02
  1.403024205716e-02 2.041152788860e-02
  1.627581301110e-02 2.224048144588e-02
  1.518268357934e-02 1.944044624217e-02
  1.343499904121e-02 1.847929562326e-02
  1.351284736047e-02 1.952364171536e-02
  1.256808153010e-02 1.897816827981e-02
  1.256213510965e-02 1.992064425910e-02
  1.170353965863e-02 1.949665140557e-02
  1.178160287582e-02 2.048712379444e-02
  1.168117922499e-02 1.848879748842e-02
  1.347905948377e-02 2.108882008082e-02
  1.254690104727e-02 1.797623494912e-02
  1.169115408105e-02 1.745281248955e-02
  1.081288921976e-02 1.797343714973e-02
  6.093697390246e-02 3.312367910856e-02
  6.041813505567e-02 3.395737872414e-02
  6.197730951877e-02 3.340351520063e-02
  1.477906172066e-01 2.026421484969e-02
  7.753491726346e-02 2.993918790168e-02
  9.361500215618e-02 3.645488154438e-02
  9.758804743056e-02 2.759358619147e-02
  1.055242553276e-01 2.628551337890e-02
  1.180712324228e-01 2.486009823839e-02
  1.120998661377e-01 3.604990077558e-02
  1.146448002499e-01 3.680227562228e-02
  1.093767203145e-01 3.373868234081e-02
  6.304457704296e-02 2.971549202464e-02
  7.042163992043e-02 3.042675446550e-02
  8.083540654795e-02 3.140328189487e-02
  9.258164822861e-02 2.831103987804e-02
  1.484754395173e-01 2.096065224278e-02
  1.491948099196e-01 2.163387189469e-02
  1.713097106099e-01 1.062967537556e-02
  8.288014400872e-02 3.703210743069e-02
  9.699510244448e-02 3.724800991962e-02
  1.181192140784e-01 3.009750412154e-02
  1.187152753172e-01 3.089033368048e-02
  1.176983442560e-01 3.103846890698e-02
  1.184138018228e-01 3.185812369458e-02
  8.359976306844e-02 3.921838880625e-02
  8.166198422800e-02 3.921167828069e-02
  7.949703773730e-02 4.154300921711e-02
  7.950037584187e-02 3.819686610884e-02
  8.093773923942e-02 3.668407292374e-02
  8.124548143731e-02 3.771740468316e-02
  8.060553503924e-02 3.573047353006e-02
  7.995274847988e-02 3.648985366035e-02
  7.897678240421e-02 3.630150590076e-02
  7.701274681692e-02 3.595747755312e-02
  7.602606143057e-02 3.578426266378e-02
  7.537948631277e-02 3.654587077229e-02
  7.636895222386e-02 3.672337537918e-02
  7.572095149701e-02 3.749201177275e-02
  7.671603729373e-02 3.763875987402e-02
  7.605404549945e-02 3.846307984624e-02
  7.705832617470e-02 3.845565434467e-02
  7.659279927779e-02 3.949918848030e-02
  7.771263473227e-02 3.778733814747e-02
  7.823370527924e-02 3.912028534071e-02
  7.736022966577e-02 3.687900525784e-02
  7.863850134451e-02 3.537217904140e-02
  7.799937519503e-02 3.612471836423e-02
  8.024033355107e-02 3.744671924244e-02
  8.049595840728e-02 3.839616118459e-02
  7.927327493544e-02 3.721731785421e-02
  7.832303507791e-02 3.702295569186e-02
  2.773916352876e-02 2.663960736244e-02
  2.870611173607e-02 2.690991323097e-02
  1.083231166413e-01 2.581830947352e-02
  9.539947021216e-02 2.881003624969e-02
  1.162343968163e-01 3.252670950378e-02
  1.168368119400e-01 3.360606651627e-02
  1.703402686049e-01 1.087351590967e-02
  7.861591353476e-02 3.782784862665e-02
  1.004651596760e-01 2.705443401772e-02
  7.395663690617e-02 3.032924604835e-02
  7.507655259952e-02 2.929889343544e-02
  9.067987891266e-02 3.572003847249e-02
  1.032269034065e-01 2.753909307071e-02
  8.404801591707e-02 2.839237916621e-02
  9.990953413817e-02 3.558678897608e-02
  9.899049814548e-02 3.554193954980e-02
  2.405319459831e-02 2.645838971189e-02
  2.335208552645e-02 2.704266346609e-02
  2.477690375622e-02 2.696360307329e-02
  2.118589942162e-02 2.529424985434e-02
  2.047351110065e-02 2.598375535610e-02
  2.130280564694e-02 2.615724637090e-02
  2.088353915027e-02 2.702150093796e-02
  2.252684816738e-02 2.687208475174e-02
  2.212456459200e-02 2.587697874913e-02
  1.832169396600e-02 2.410898416689e-02
  1.754440339460e-02 2.470707318838e-02
  1.657819679941e-02 2.435785752413e-02
  1.678758316822e-02 2.532690800878e-02
  1.938490758327e-02 2.571345096731e-02
  1.847360556872e-02 2.510807421485e-02
  1.641608018382e-02 2.334222490538e-02
  1.546210569683e-02 2.292037527112e-02
  1.456055006865e-02 2.339352510556e-02
  1.547281749038e-02 2.404479411204e-02
  1.930131819626e-02 2.458968148792e-02
  1.548034911454e-01 1.499313568498e-02
  8.699993520357e-02 2.808863375310e-02
  6.884515826196e-02 3.372205857286e-02
  6.834869181863e-02 3.462700054534e-02
  6.802146855603e-02 3.554199008394e-02
  9.932201531734e-02 3.816356268361e-02
  9.538853387993e-02 3.823078022251e-02
  9.370722762285e-02 3.787730719204e-02
  1.695216974519e-01 1.217467163387e-02
  1.472301574961e-01 2.315072414717e-02
  1.477687996454e-01 2.378892374057e-02
  1.455501255152e-01 2.478438025750e-02
  1.468513340792e-01 2.388516019951e-02
  1.605694300542e-01 1.495432135888e-02
  6.946850265930e-02 3.043594325009e-02
  8.218008888183e-02 3.774843639918e-02
  1.683312135834e-01 1.125613363267e-02
  4.797407074448e-02 2.870520005934e-02
  8.736953997766e-02 3.700611902006e-02
  1.152155388153e-01 2.445705231069e-02
  1.129268567449e-01 2.580125856374e-02
  7.653145871484e-02 2.988351592738e-02
  8.262435220771e-02 2.946870336483e-02
  4.556197405416e-02 3.035901237431e-02
  1.101992206349e-01 2.620089168133e-02
  1.494402687890e-01 2.070831272115e-02
  1.501418703087e-01 2.137986674695e-02
  1.499364536082e-01 2.230759660219e-02
  1.489919887332e-01 2.258686959947e-02
  1.497115489613e-01 2.327727642278e-02
  1.497215642027e-01 1.979798363149e-02
  1.503898046508e-01 2.048619967788e-02
  1.510711739270e-01 2.115621371234e-02
  1.675160443771e-01 1.161355726506e-02
  1.175965575285e-01 2.683320754607e-02
  8.602302442258e-02 2.813216926778e-02
  6.897139801257e-02 3.134303023145e-02
  1.726492299447e-01 1.299279919423e-02
  1.162745216624e-01 2.813147026667e-02
  1.513336594395e-01 2.027098742723e-02
  1.520257094792e-01 2.092275963443e-02
  1.517769811342e-01 2.183843425586e-02
  1.527505868600e-01 2.163192616988e-02
  1.525047258759e-01 2.264626828846e-02
  1.529535992634e-01 2.062050462593e-02
  1.537436788336e-01 2.136893721841e-02
  1.539141268897e-01 2.034340928044e-02
  1.546451943133e-01 2.100121304789e-02
  1.546802645954e-01 2.208967960577e-02
  1.548730636840e-01 2.005987213627e-02
  1.556084754277e-01 2.067678440208e-02
  1.558326533878e-01 1.977845475632e-02
  1.565337810364e-01 2.038252352040e-02
  1.564173631589e-01 2.132317822107e-02
  1.567939617575e-01 1.950162499585e-02
  1.574891993869e-01 2.008655170041e-02
  1.577559947896e-01 1.925494976612e-02
  1.584478721550e-01 1.981945058093e-02
  1.582237586105e-01 2.078963191219e-02
  1.516446040957e-01 1.935977407724e-02
  1.586731626653e-01 1.891415113096e-02
  1.594109983200e-01 1.954725461801e-02
  1.595677884022e-01 1.861252638680e-02
  1.603427633839e-01 1.928411725011e-02
  1.601377644427e-01 2.031848511994e-02
  1.594984324066e-01 1.766088315197e-02
  1.508576282592e-01 2.207231103139e-02
  1.605033917139e-01 1.837654013483e-02
  1.612614083319e-01 1.895669287609e-02
  1.613605984410e-01 1.805316182466e-02
  1.621364052473e-01 1.861427196469e-02
  1.620418713835e-01 1.953395803073e-02
  1.506658446696e-01 2.297658401765e-02
  1.504965003994e-01 2.387738407558e-02
  1.515628937800e-01 2.280573760777e-02
  1.522374982120e-01 2.362780421366e-02
  1.615368086971e-01 1.717433982333e-02
  1.522908198387e-01 2.003730733159e-02
  1.542179633001e-01 1.951466184839e-02
  1.535571137422e-01 1.892248551398e-02
  8.031145501748e-02 3.053321958334e-02
  1.665950946195e-01 1.288626127662e-02
  8.988397668413e-02 2.874284238286e-02
  1.532563672459e-01 1.976259982134e-02
  9.722212364382e-02 2.833891568088e-02
  1.719562997388e-01 1.230150509750e-02
  9.203239806534e-02 2.910815633184e-02
  9.108094850755e-02 3.707756804290e-02
  1.175080901246e-01 2.400059847556e-02
  8.753597987886e-02 3.921025859735e-02
  6.124109345647e-02 3.390090980636e-02
  6.093921038963e-02 3.473085172724e-02
  6.423627418556e-02 3.494527443296e-02
  6.474616135349e-02 3.578810878382e-02
  6.270670508097e-02 3.426202175589e-02
  6.369608858157e-02 3.413088921551e-02
  6.330709097414e-02 3.504345325338e-02
  6.181685882947e-02 3.454216767303e-02
  6.155493751187e-02 3.547902278434e-02
  6.060603070856e-02 3.566045404167e-02
  5.997563593996e-02 3.482398417601e-02
  5.945063151262e-02 3.397142192674e-02
  5.895816199520e-02 3.310359632499e-02
  5.845183949856e-02 3.396583962056e-02
  5.795632714832e-02 3.308904367445e-02
  5.744653442531e-02 3.394250289411e-02
  5.794515676179e-02 3.483356023516e-02
  5.691404995617e-02 3.474603758652e-02
  5.730432101055e-02 3.556238553351e-02
  5.896827200113e-02 3.486746862771e-02
  5.643922196006e-02 3.392158148880e-02
  5.594100738137e-02 3.474940614309e-02
  5.544031036575e-02 3.391836169242e-02
  5.494768734968e-02 3.478430522974e-02
  5.095755885046e-02 3.297397403631e-02
  4.755560150148e-02 3.225053005604e-02
  4.997485447919e-02 3.296185765821e-02
  5.045873419343e-02 3.383272375868e-02
  5.444468705205e-02 3.389217058170e-02
  5.393217177373e-02 3.470953551645e-02
  5.428078724186e-02 3.561068231012e-02
  5.144473922361e-02 3.384708372917e-02
  5.093148424861e-02 3.468998845262e-02
  5.193448116563e-02 3.468485772997e-02
  5.244279923929e-02 3.384820123962e-02
  5.293414706799e-02 3.466756457765e-02
  5.245460822700e-02 3.559465808758e-02
  5.595277180272e-02 3.305554053775e-02
  5.195425576611e-02 3.298994580721e-02
  5.295390230161e-02 3.299965586676e-02
  5.344356406077e-02 3.385665474680e-02
  5.495370057262e-02 3.303819811565e-02
  4.851330121383e-02 3.216358641374e-02
  4.807379210094e-02 3.305222317213e-02
  4.710543417726e-02 3.314062855860e-02
  4.764815451324e-02 3.396180706193e-02
  4.995087449358e-02 3.465758227188e-02
  5.035895725666e-02 3.536977378216e-02
  4.858422521987e-02 3.386622060919e-02
  4.659809955334e-02 3.233764411316e-02
  4.612427694130e-02 3.318853394286e-02
  4.561846619390e-02 3.226435923739e-02
  4.512126299633e-02 3.326210075433e-02
  4.565947547586e-02 3.410029357849e-02
  4.455791460580e-02 3.248860289265e-02
  4.410432903190e-02 3.334722092061e-02
  4.354630922593e-02 3.256015054349e-02
  4.310251204402e-02 3.342459266161e-02
  4.255503719575e-02 3.256959864499e-02
  4.309184925787e-02 3.159918431227e-02
  4.563087873586e-02 3.124996849716e-02
  4.195765111782e-02 3.168182923463e-02
  4.152523683792e-02 3.262256625442e-02
  4.096689069509e-02 3.174484652940e-02
  4.048208274754e-02 3.271284797274e-02
  4.105850709928e-02 3.356408251383e-02
  4.000133254586e-02 3.186492966925e-02
  4.046380964419e-02 3.097068030685e-02
  4.948043819959e-02 3.210753068349e-02
  4.902456181763e-02 3.297529924654e-02
  4.951446240341e-02 3.381026767582e-02
  4.319239668347e-02 3.070208881785e-02
  4.130157613261e-02 3.067128322192e-02
  3.955768456523e-02 3.105458261458e-02
  3.903377948854e-02 3.184930768435e-02
  4.481583555224e-02 3.163811012462e-02
  6.240533228697e-02 3.521780703953e-02
  6.298671723001e-02 3.591780514590e-02
  6.130509906790e-02 3.646049921375e-02
  6.385276311566e-02 3.580174945132e-02
  6.431372973491e-02 3.661518468363e-02
  6.214215111231e-02 3.618235897884e-02
  6.200277714698e-02 3.715066592238e-02
  3.861473210476e-02 3.095958513142e-02
  3.809367672645e-02 3.175358609636e-02
  3.846746349948e-02 3.265636693480e-02
  3.771985198898e-02 3.084457463639e-02
  3.944449091400e-02 3.273682595016e-02
  3.884788572188e-02 3.358147386027e-02
  3.813776721926e-02 3.005004618586e-02
  3.704854568417e-02 3.004851359164e-02
  3.618250559174e-02 3.065274287589e-02
  3.524154094913e-02 3.042856349143e-02
  3.550735242472e-02 3.134951020153e-02
  3.637007372134e-02 3.153740144530e-02
  3.555793602175e-02 3.231248078332e-02
  3.751757730832e-02 3.255142624382e-02
  3.496346740449e-02 2.948548494842e-02
  3.426320473066e-02 3.022113134636e-02
  3.395226356764e-02 2.927995364225e-02
  3.325769988718e-02 3.005783271718e-02
  3.226278005131e-02 2.989131760063e-02
  3.257387227800e-02 3.084030948728e-02
  3.357461489477e-02 3.101727772201e-02
  3.287167429158e-02 3.178622266370e-02
  3.191885939595e-02 2.892387385639e-02
  3.127678842900e-02 2.975491880256e-02
  3.081313479987e-02 2.873821750135e-02
  3.028766561174e-02 2.965283724744e-02
  3.064452371885e-02 3.054896156495e-02
  2.967325784305e-02 3.044887245234e-02
  3.005084998041e-02 3.130262840352e-02
  2.932059794647e-02 2.959185674674e-02
  3.452914844259e-02 3.114777665660e-02
  3.159715483439e-02 3.067719108356e-02
  3.186614541610e-02 3.159858236328e-02
  3.210360057302e-02 3.253048736004e-02
  3.094655680051e-02 3.143273556634e-02
  3.720443355635e-02 3.166228533142e-02
  6.272853170569e-02 3.675983811300e-02
  1.654148677358e-01 1.202082713690e-02
  1.024820563752e-01 3.523747132338e-02
  4.401889387221e-02 3.187247869552e-02
  9.573969365731e-02 3.679392332577e-02
  6.923946008391e-02 3.459672749802e-02
  9.236539772345e-02 3.502081178244e-02
  3.992171248131e-02 3.033185938018e-02
  1.074717469532e-01 2.575447645576e-02
  1.721782492116e-01 1.139488468807e-02
  1.561448211046e-01 1.900351323900e-02
  1.555080124408e-01 1.841618929842e-02
  1.646802912144e-01 1.330244360537e-02
  2.985947796793e-02 2.898730705530e-02
  2.908895212317e-02 2.874991034174e-02
  2.838099149450e-02 2.941485108421e-02
  2.438085482876e-02 2.780896327568e-02
  2.909069678710e-02 3.125094805005e-02
  2.962296654865e-02 3.209193149371e-02
  2.793110445106e-02 2.755477862160e-02
  2.869626455492e-02 3.032550963009e-02
  2.814246851939e-02 2.849642390218e-02
  2.740067529617e-02 2.920691446289e-02
  2.769938431510e-02 3.014602237545e-02
  2.664988217331e-02 2.995488195795e-02
  2.700027454858e-02 3.092368110508e-02
  2.581013932646e-02 3.077058163891e-02
  2.637515246715e-02 3.172204490029e-02
  2.558838514248e-02 2.971963652280e-02
  2.806638162285e-02 3.113193652000e-02
  2.637380092268e-02 2.899342411487e-02
  2.539582484000e-02 2.877403147568e-02
  2.716720088236e-02 2.827587648738e-02
  2.623294835705e-02 2.804127515760e-02
  2.530364419135e-02 2.771803914596e-02
  2.895192504130e-02 2.783106756833e-02
  2.700839817835e-02 2.734098148822e-02
  4.886802903651e-02 2.974519575509e-02
  6.352660521585e-02 3.650067040824e-02
  1.023893327109e-01 2.757415987328e-02
  1.176847859203e-01 2.933836753815e-02
  9.132942273667e-03 -4.788395464179e-02
  1.210433224590e-02 -3.005332101517e-02
  1.337148001362e-02 -1.836358768530e-02
  2.261931166459e-02 -1.667333094850e-02
  1.886282343929e-02 -2.145218718590e-02
  3.162088736087e-02 -1.924041411438e-02
  1.635865535410e-02 -1.208373674530e-02
  2.865868882743e-02 -1.173404506770e-02
  3.214237334316e-02 -4.314250363430e-03
  2.503167300303e-02 -5.309091024707e-03
  2.612632232418e-02 -5.070750201338e-03
  2.576983701945e-02 -6.036115275754e-03
  2.479860276614e-02 -6.293503988435e-03
  2.551860448014e-02 -7.005922636599e-03
  2.456741481800e-02 -7.280720119547e-03
  2.648304960164e-02 -6.744502123759e-03
  2.623252396104e-02 -7.704598703538e-03
  2.719605425175e-02 -7.436149515286e-03
  2.745668598366e-02 -6.488574632728e-03
  2.816055860250e-02 -7.170054592877e-03
  2.387631474158e-02 -6.592684635968e-03
  2.364128296698e-02 -7.576045244632e-03
  2.432552607059e-02 -8.259708060480e-03
  2.338068545583e-02 -8.530908183213e-03
  2.265870153686e-02 -7.774493320957e-03
  2.694895797760e-02 -8.403626359993e-03
  2.598825008807e-02 -8.674102484683e-03
  2.845155942940e-02 -6.238588641519e-03
  2.913816606473e-02 -6.909849118198e-03
  2.887843410625e-02 -7.860954474939e-03
  2.984011414544e-02 -7.594561154916e-03
  3.010253942904e-02 -6.635467599048e-03
  3.079917121962e-02 -7.321628943626e-03
  3.055254314379e-02 -8.290804908391e-03
  3.151465544126e-02 -8.019910797160e-03
  3.129719320604e-02 -8.991203470147e-03
  3.226017105507e-02 -8.724906333405e-03
  4.006450623895e-02 -3.490319021229e-03
  3.205562390999e-02 -9.602305252167e-03
  3.246717377582e-02 -7.759867074308e-03
  3.409878534189e-02 -4.124688749124e-03
  3.105969273826e-02 -6.328691255988e-03
  2.667672733078e-02 -9.413198217247e-03
  2.571398432049e-02 -9.632772233155e-03
  2.769267736813e-02 -9.161984848810e-03
  3.035801018417e-02 -5.670658630557e-03
  3.028890979552e-02 -9.247662590911e-03
  2.778580681067e-02 -5.567765903795e-03
  3.121029014776e-02 -5.359259770412e-03
  3.210311702035e-02 -5.952676622715e-03
  1.806983018478e-02 -1.677038533245e-02
  3.057786557533e-02 -4.684768982924e-03
  2.409055233427e-02 -5.567135717033e-03
  2.303855423762e-02 -5.902205392416e-03
  2.230834593724e-02 -6.736567970828e-03
  2.134066176827e-02 -6.587969672903e-03
  3.907028517853e-02 -3.596410193138e-03
  3.965890777923e-02 -4.404293073444e-03
  3.866445551437e-02 -4.510055231695e-03
  3.925336260763e-02 -5.318406619360e-03
  3.825892441317e-02 -5.424118533342e-03
  3.884779008890e-02 -6.232342744552e-03
  3.767011050210e-02 -4.615966479662e-03
  3.726422497748e-02 -5.529485179420e-03
  3.807617815207e-02 -3.702667299996e-03
  3.310985609474e-02 -4.226358296975e-03
  3.369371712257e-02 -5.038423694728e-03
  3.468728104513e-02 -4.933235111655e-03
  3.427476934643e-02 -5.841217472624e-03
  3.527470863287e-02 -5.740535748779e-03
  3.484898109273e-02 -6.646294342333e-03
  3.585198937988e-02 -6.547768964617e-03
  3.541610572166e-02 -7.477881820661e-03
  3.642391708484e-02 -7.352366325885e-03
  3.596735592026e-02 -8.287670510660e-03
  3.317887329901e-02 -8.459904889227e-03
  3.382945878721e-02 -6.721075333434e-03
  3.269814711761e-02 -5.145190025629e-03
  3.685232129727e-02 -6.438684119724e-03
  3.708172256147e-02 -3.808427171450e-03
  3.509254307978e-02 -4.019525393675e-03
  3.568133038148e-02 -4.827616782903e-03
  3.626670756782e-02 -5.634303554474e-03
  3.667518098174e-02 -4.721596654576e-03
  3.785359528759e-02 -6.332714529795e-03
  3.844699469256e-02 -7.139387919903e-03
  3.945584664129e-02 -7.053046772167e-03
  3.907104782242e-02 -8.096197377129e-03
  4.024778132736e-02 -5.212757095506e-03
  4.205319760725e-02 -3.278496912936e-03
  4.105895244445e-02 -3.384542118050e-03
  4.164763786746e-02 -4.192524034466e-03
  4.264198813890e-02 -4.086620884413e-03
  4.223661934220e-02 -5.002158172133e-03
  4.801956809683e-02 -2.643400058115e-03
  4.323086096144e-02 -4.895064386165e-03
  4.282550208332e-02 -5.810647785191e-03
  4.381950376620e-02 -5.701231380687e-03
  4.341672729884e-02 -6.582330843255e-03
  5.000817100013e-02 -2.431494888240e-03
  4.242224474766e-02 -6.745941043652e-03
  4.305810461803e-02 -7.324078893300e-03
  4.422518246052e-02 -4.788690940198e-03
  4.481385426122e-02 -5.595093280280e-03
  4.521954993724e-02 -4.682699963281e-03
  4.603078927944e-02 -2.855106268184e-03
  4.702499221311e-02 -2.749045286823e-03
  4.761388660658e-02 -3.557205565151e-03
  4.860827948385e-02 -3.451436277230e-03
  4.820269513974e-02 -4.365089924824e-03
  4.919704966697e-02 -4.258995173432e-03
  4.879128919548e-02 -5.170819969668e-03
  4.978515237187e-02 -5.063600318114e-03
  4.939061279820e-02 -5.985433998298e-03
  5.597451934057e-02 -1.796404037884e-03
  5.796276770907e-02 -1.584537285322e-03
  5.398587319955e-02 -2.008271936749e-03
  4.779348675507e-02 -5.269725072522e-03
  4.580933311155e-02 -5.490897850724e-03
  4.539257242059e-02 -6.369467096587e-03
  4.637911972293e-02 -6.265673522240e-03
  5.019134135850e-02 -4.152935348420e-03
  5.078243604558e-02 -4.962139045331e-03
  5.118610108081e-02 -4.047820646567e-03
  4.621410283304e-02 -4.576988575750e-03
  5.696876958066e-02 -1.690467523033e-03
  5.755704761465e-02 -2.498421659927e-03
  5.854933941114e-02 -2.392331407899e-03
  5.814422396516e-02 -3.304584061544e-03
  5.656317098513e-02 -2.604498931279e-03
  5.556891134305e-02 -2.710391949670e-03
  5.615772188655e-02 -3.518599061965e-03
  5.516338932025e-02 -3.624479261558e-03
  5.457457412130e-02 -2.816303181267e-03
  5.416901924162e-02 -3.730343446932e-03
  5.358019895991e-02 -2.922169162080e-03
  5.317464522494e-02 -3.836210182976e-03
  5.376350692587e-02 -4.644433478139e-03
  5.277857103754e-02 -4.751331421750e-03
  5.337129742083e-02 -5.494925595501e-03
  5.258579571051e-02 -3.028000684829e-03
  5.715159970075e-02 -3.412305443193e-03
  5.774203717271e-02 -4.201306798479e-03
  5.872933828228e-02 -4.097876294515e-03
  5.834413805914e-02 -4.916040411496e-03
  6.391527360904e-02 -9.424098148164e-04
  6.587224631702e-02 -7.350579491317e-04
  6.293620484107e-02 -1.054216378384e-03
  6.353506737901e-02 -1.854784728140e-03
  6.254208050409e-02 -1.971539679982e-03
  6.314111781565e-02 -2.772564697656e-03
  6.413393456676e-02 -2.657399857142e-03
  6.374296648591e-02 -3.573469456785e-03
  6.473026466650e-02 -3.459346779997e-03
  6.437422094453e-02 -4.436300812716e-03
  6.274235332285e-02 -3.692408541912e-03
  6.512312025321e-02 -2.545630172370e-03
  6.572454025890e-02 -3.342705799579e-03
  7.057654436106e-02 -9.619650819966e-04
  6.611359852129e-02 -2.432705331738e-03
  6.956753047020e-02 -9.878910173464e-04
  7.010348090387e-02 -1.862872764204e-03
  7.109334252783e-02 -1.821084464700e-03
  7.064724098074e-02 -2.666455163607e-03
  7.160614453662e-02 -2.674803096229e-03
  7.110343731163e-02 -3.496866787691e-03
  6.672123509748e-02 -3.226421420664e-03
  6.970416578335e-02 -2.750085246758e-03
  6.710476438770e-02 -2.311121243969e-03
  6.772336054875e-02 -3.085456155129e-03
  6.808237203520e-02 -2.166416489543e-03
  7.209580135008e-02 -1.816453884604e-03
  7.259538463507e-02 -2.684955378156e-03
  6.648479770909e-02 -1.528028459098e-03
  6.194548659993e-02 -1.166548348980e-03
  6.154164394988e-02 -2.082678101804e-03
  6.094827942609e-02 -1.272957987345e-03
  6.054038919093e-02 -2.189726552977e-03
  6.113116460460e-02 -3.000532442049e-03
  6.012941161319e-02 -3.099492391437e-03
  6.071244039334e-02 -3.912360371399e-03
  6.171974986371e-02 -3.806626277671e-03
  6.451527818372e-02 -1.745590719734e-03
  6.213635167680e-02 -2.887724956846e-03
  5.675068683883e-02 -4.323103574747e-03
  5.575255208939e-02 -4.434236427394e-03
  5.475525556691e-02 -4.540777620860e-03
  5.895525557664e-02 -1.478845416455e-03
  5.178838599523e-02 -4.858361223895e-03
  5.299154018676e-02 -2.114191969449e-03
  5.159138753241e-02 -3.133829101984e-03
  5.100253469652e-02 -2.325617531740e-03
  4.124231121554e-02 -5.108514033225e-03
  6.909695491820e-02 -1.995018167515e-03
  4.720774810826e-02 -4.469585800343e-03
  3.984556341837e-02 -6.129843357386e-03
  4.043186916415e-02 -6.940753228700e-03
  4.065334947883e-02 -4.298824895987e-03
  4.083798907943e-02 -6.028840100900e-03
  4.142836668472e-02 -6.842330227517e-03
  4.099835872435e-02 -7.635509118404e-03
  4.439571393393e-02 -6.444478914916e-03
  3.743234705242e-02 -7.236526971038e-03
  4.463072315811e-02 -3.874862459868e-03
  4.183188678449e-02 -5.923566665534e-03
  3.327064240921e-02 -5.943515721182e-03
  3.274548252107e-02 -6.793670478540e-03
  3.439148948919e-02 -7.487628362800e-03
  4.304753336435e-02 -3.172569022637e-03
  7.158972794780e-02 -9.546697777684e-04
  4.363634472607e-02 -3.980726266000e-03
  4.503660457621e-02 -2.961216169779e-03
  4.901390559637e-02 -2.537480827279e-03
  4.960262437052e-02 -3.345394025258e-03
  7.259285179727e-02 -9.504276760279e-04
  4.680283689006e-02 -5.385453262164e-03
  4.562511573724e-02 -3.769014106661e-03
  7.309535639792e-02 -1.814990055490e-03
  7.559353977085e-02 -9.413564700280e-04
  7.409627199571e-02 -1.814912746849e-03
  7.459363318434e-02 -9.450253572360e-04
  7.510881550901e-02 -1.837623249941e-03
  7.611796534823e-02 -1.831318353784e-03
  7.659718320483e-02 -9.426720634033e-04
  7.710515124737e-02 -1.802523120779e-03
  7.665137545218e-02 -2.647824732008e-03
  7.759760632254e-02 -2.679114300046e-03
  7.710113812248e-02 -3.534813655335e-03
  7.567280956155e-02 -2.823510791925e-03
  7.460981345418e-02 -2.721905215786e-03
  7.359941879078e-02 -2.696326385121e-03
  4.661943912961e-02 -3.662824267152e-03
  7.759580359534e-02 -9.360429015969e-04
  7.809715146378e-02 -1.803361828723e-03
  7.857313061913e-02 -2.674847929952e-03
  8.059543383908e-02 -9.299576290562e-04
  8.159383637341e-02 -9.242776630694e-04
  8.111212600010e-02 -1.817383762727e-03
  8.210328668554e-02 -1.799232104481e-03
  8.162563522631e-02 -2.695211431102e-03
  8.257957321715e-02 -2.721749227297e-03
  8.065615916483e-02 -2.756431312268e-03
  8.309461937136e-02 -1.793150926237e-03
  8.356181180509e-02 -2.725672320850e-03
  8.300722128188e-02 -3.803999685244e-03
  8.559262554677e-02 -9.130132524316e-04
  8.408532540008e-02 -1.802663524633e-03
  8.453596229567e-02 -2.793405952911e-03
  8.507660615308e-02 -1.814534232157e-03
  8.659313415319e-02 -9.092852927350e-04
  8.606893489872e-02 -1.760705982478e-03
  8.707466734834e-02 -1.742147819338e-03
  8.259450396677e-02 -9.239779307239e-04
  8.458825491534e-02 -9.243187246184e-04
  8.758970471512e-02 -9.006983370144e-04
  8.809180150153e-02 -1.764143233574e-03
  8.749628217438e-02 -2.644059604147e-03
  8.858151360072e-02 -2.650353805955e-03
  8.802067693197e-02 -3.723228423353e-03
  9.059355295672e-02 -8.967298146390e-04
  8.909244264374e-02 -1.768199057611e-03
  8.959216246519e-02 -2.575936909432e-03
  9.009600642614e-02 -1.763964613490e-03
  8.959282037129e-02 -8.995397000686e-04
  9.107647361962e-02 -1.727352683780e-03
  8.649791318538e-02 -2.468257268894e-03
  8.558838075816e-02 -2.761863102509e-03
  9.159184405184e-02 -8.912653467093e-04
  9.207572419695e-02 -1.723775349554e-03
  9.258938543232e-02 -8.842369805084e-04
  9.307194901569e-02 -1.714473622303e-03
  9.247402223373e-02 -2.580930910995e-03
  9.347657744592e-02 -2.437266153354e-03
  9.317542123921e-02 -3.594104167991e-03
  9.559387220109e-02 -8.829255996306e-04
  9.659385585880e-02 -8.799768623076e-04
  9.610416982952e-02 -1.770780768314e-03
  9.707940833064e-02 -1.775268356960e-03
  9.509600669236e-02 -1.750064147119e-03
  9.146181603919e-02 -2.424566786160e-03
  9.058178207192e-02 -2.596965734014e-03
  8.010730181341e-02 -1.814187125445e-03
  9.459049779557e-02 -8.801493107343e-04
  7.959596829578e-02 -9.342761592930e-04
  9.404716111351e-02 -1.713623170611e-03
  9.759113347323e-02 -8.815617635338e-04
  9.805427121920e-02 -1.742806925153e-03
  9.750698235677e-02 -2.747147021435e-03
  9.855384884341e-02 -2.630960168615e-03
  9.840748345133e-02 -3.875867152525e-03
  9.566367274572e-02 -2.744469442565e-03
  1.005928561153e-01 -8.659727538062e-04
  1.015933544835e-01 -8.646858116983e-04
  1.010969120292e-01 -1.700423039996e-03
  1.020845751364e-01 -1.700505614785e-03
  1.001280086102e-01 -1.797596334853e-03
  1.025925588052e-01 -8.524462676262e-04
  1.031612612399e-01 -1.676644693649e-03
  1.025984922585e-01 -2.594105375382e-03
  1.040216920940e-01 -2.566299546882e-03
  1.026632580567e-01 -4.018236195204e-03
  1.055743693658e-01 -8.468705102707e-04
  1.065896451189e-01 -8.489829406587e-04
  1.060826843455e-01 -1.780052947248e-03
  1.071477938115e-01 -1.740414366947e-03
  1.050024990805e-01 -1.713859801035e-03
  1.040673058455e-01 -1.542072166590e-03
  1.076018363499e-01 -8.513461562009e-04
  1.081145376401e-01 -1.674987727736e-03
  1.077233383550e-01 -2.487712300182e-03
  1.085224737273e-01 -2.442479314628e-03
  1.080900718574e-01 -3.775278020783e-03
  1.105451918609e-01 -7.622573730633e-04
  1.045730626908e-01 -8.247897251050e-04
  9.441308488148e-02 -2.675773422674e-03
  7.909535317528e-02 -1.808026381523e-03
  7.953897714705e-02 -2.738009380154e-03
  9.909221247234e-02 -1.771796407124e-03
  9.959741491597e-02 -8.852973919899e-04
  3.178154878606e-02 -7.029407528723e-03
  2.959772201248e-02 -8.521452865267e-03
  2.939146466353e-02 -9.335718713041e-03
  2.982095941379e-02 -1.026184599209e-02
  2.943521216441e-02 -5.971361767568e-03
  5.498027290880e-02 -1.902431661746e-03
  5.059702667315e-02 -3.239515257035e-03
  5.218025430178e-02 -3.942052315620e-03
  2.791498339287e-02 -8.136049629388e-03
  2.865045682039e-02 -8.805330658718e-03
  2.859607040579e-02 -9.911522963201e-03
  5.971194612641e-02 -3.997088856900e-03
  5.913398519525e-02 -3.196266016864e-03
  2.527686186294e-02 -7.978913141890e-03
  9.661642061098e-02 -2.583902176206e-03
  5.954313689158e-02 -2.288882844001e-03
  2.502335514465e-02 -8.953396263041e-03
  2.476483583297e-02 -9.923640269518e-03
  1.095736015609e-01 -8.054150789675e-04
  1.101025937156e-01 -1.637415274828e-03
  1.110852399974e-01 -1.621527289558e-03
  1.090962710616e-01 -1.701256584947e-03
  6.880318892484e-02 -4.188801413227e-04
  2.739368823207e-02 -1.034080149794e-02
  6.872678748959e-02 -2.919252304918e-03
  2.173860497800e-02 -7.451916571109e-03
  2.245639000994e-02 -8.825056557984e-03
  2.079005335247e-02 -7.329628807990e-03
  2.312069383377e-02 -9.465104031097e-03
  2.222814016602e-02 -9.577094278118e-03
  2.269528324492e-02 -1.057646755283e-02
  2.145810741959e-02 -9.048695043701e-03
  2.135882639473e-02 -1.000591644218e-02
  2.051965094414e-02 -9.398052074311e-03
  2.036755655636e-02 -1.019217749697e-02
  2.096920118402e-02 -1.127491590639e-02
  1.958545961151e-02 -9.656836677535e-03
  1.952743478992e-02 -1.069776209482e-02
  1.861719411891e-02 -9.964951615366e-03
  1.882973117195e-02 -8.991760142896e-03
  1.786136570555e-02 -9.273175406554e-03
  1.810522379665e-02 -8.300668871548e-03
  1.712818567714e-02 -8.592649583122e-03
  1.734498719710e-02 -7.691017326087e-03
  1.640449456211e-02 -7.940523398064e-03
  1.668442283317e-02 -7.054708735502e-03
  1.567400650466e-02 -7.249332805867e-03
  9.926010556023e-03 -2.631991480813e-03
  1.543724228524e-02 -8.195370847239e-03
  1.470984525794e-02 -7.497518699093e-03
  1.443977432671e-02 -8.492502551887e-03
  1.352195521565e-02 -3.246255901394e-03
  1.501901360440e-02 -6.572653594275e-03
  1.399568144417e-02 -6.801775244833e-03
  1.251260583209e-02 -3.327827151542e-03
  1.614475943328e-02 -3.859693807862e-03
  1.818231811707e-02 -7.349385733170e-03
  1.309694045036e-02 -4.166991445461e-03
  1.208500323730e-02 -4.234795581807e-03
  1.519455065050e-02 -9.161549421996e-03
  1.423442835172e-02 -9.448288234882e-03
  1.266193355621e-02 -5.098977782894e-03
  1.166194649918e-02 -5.147579223655e-03
  1.223416163568e-02 -5.962585195009e-03
  1.121254660509e-02 -6.039807142544e-03
  1.175514416202e-02 -6.842591084956e-03
  1.077124197686e-02 -6.959119877600e-03
  1.019167261746e-02 -6.110675264229e-03
  9.710156538857e-03 -7.011279194817e-03
  1.134725377259e-02 -7.751222870996e-03
  1.347104521041e-02 -8.872067309982e-03
  1.324256474280e-02 -9.816002786827e-03
  1.776483889748e-02 -4.547298669780e-03
  1.513184733973e-02 -3.965463992361e-03
  1.106647188285e-02 -4.302282385163e-03
  1.688665268546e-02 -9.557691106429e-03
  1.368493353099e-02 -5.025384037739e-03
  1.574668857091e-02 -4.777449398291e-03
  1.835270524223e-02 -5.348293124665e-03
  1.496131505799e-02 -1.014778789467e-02
  1.741606696596e-02 -5.458167515225e-03
  1.837577937927e-02 -1.114827080994e-02
  1.933079225180e-02 -1.222832744000e-02
  1.242452610803e-02 -7.574818393112e-03
  1.190737454687e-02 -8.540363572265e-03
  1.088222418273e-02 -8.658013281336e-03
  2.039146025820e-02 -6.468680584139e-03
  1.981789276668e-02 -7.161034862719e-03
  1.949102569163e-02 -6.282980824727e-03
  2.023044943660e-02 -8.043461167079e-03
  1.472763620079e-02 -4.889030337693e-03
  1.804074313316e-02 -6.324990179756e-03
  1.676905329682e-02 -4.655075549905e-03
  1.641373852210e-02 -5.538584416082e-03
  1.911965227638e-02 -7.931097474199e-03
  1.411197270167e-02 -4.071534729088e-03
  8.923299397099e-03 -2.677411932233e-03
  9.474183346092e-03 -3.520661190831e-03
  8.466400077161e-03 -3.562306490613e-03
  9.033394155766e-03 -4.413585278141e-03
  8.013742888093e-03 -4.459398765418e-03
  8.582685137934e-03 -5.309907041568e-03
  7.560445325061e-03 -5.359025756927e-03
  8.114969462153e-03 -6.210544400841e-03
  7.109472366967e-03 -6.272373401839e-03
  4.815013181462e-03 -2.657247474836e-03
  6.560291246743e-03 -5.415293404945e-03
  6.104636469144e-03 -6.322476428934e-03
  9.152807117719e-03 -6.162238187791e-03
  8.672355996163e-03 -7.061302084543e-03
  9.236007274697e-03 -7.903368291628e-03
  8.228539972956e-03 -7.965707043054e-03
  8.822768135119e-03 -8.808846955612e-03
  9.616500987131e-03 -5.262711668790e-03
  7.441730315354e-03 -3.586595279281e-03
  3.785975267046e-03 -2.545616281632e-03
  3.138949838568e-03 -3.279556594327e-03
  5.558836583222e-03 -5.447581396423e-03
  5.103160923038e-03 -6.353702170344e-03
  2.106690057481e-03 -3.134146890069e-03
  2.507866092517e-03 -4.005942573143e-03
  1.469309990683e-03 -3.900811354028e-03
  4.559912313960e-03 -5.493451507175e-03
  4.118341052182e-03 -6.411190367319e-03
  6.001620200674e-03 -4.549825373873e-03
  3.560559084750e-03 -5.583703481032e-03
  3.126742323997e-03 -6.529525527371e-03
  4.017948799081e-03 -4.664710893580e-03
  4.212353223352e-03 -3.605352586154e-03
  5.274518315585e-03 -3.564692501045e-03
  1.778200154226e-03 -2.179783584512e-03
  1.048839358602e-02 -3.464802830612e-03
  5.833461086704e-03 -2.699992083598e-03
  6.353464551972e-03 -3.568883901909e-03
  7.667674632425e-03 -7.124218931273e-03
  7.225642755456e-03 -8.036256570658e-03
  4.656949583751e-03 -7.281247440299e-03
  6.659374210686e-03 -7.188138343004e-03
  6.197524360818e-03 -8.082939535239e-03
  6.783091007903e-03 -8.938519947747e-03
  1.028568636291e-02 -7.837430729743e-03
  1.433050875769e-02 -5.840740218921e-03
  1.320861598376e-02 -6.056531213691e-03
  7.915278828182e-03 -2.702031023054e-03
  1.093323322695e-02 -2.572764289981e-03
  1.452946210175e-02 -3.150450636135e-03
  5.012446713155e-03 -4.529587295733e-03
  1.193719933897e-02 -2.503605872377e-03
  5.646955034669e-03 -7.222914358836e-03
  5.201899421798e-03 -8.141648031401e-03
  4.227642029009e-03 -8.237730787338e-03
  1.715236921731e-02 -3.742028078763e-03
  1.150381785070e-02 -3.401013018580e-03
  1.063029604388e-02 -5.203354250754e-03
  6.995882165133e-03 -4.497041166712e-03
  1.396640803343e-02 -1.042693670136e-02
  1.304746392454e-02 -1.068889371126e-02
  1.150313358942e-02 -9.463473637640e-03
  1.048446818735e-02 -9.578129739281e-03
  1.106358053594e-02 -1.032202830601e-02
  1.461384404804e-02 -1.116047054911e-02
  1.562894832014e-02 -1.094301344893e-02
  1.218440566756e-02 -1.032846619633e-02
  1.145083079667e-02 -1.114985576815e-02
  1.346753066780e-02 -1.141988195622e-02
  1.413974008729e-02 -1.232909876384e-02
  1.616249052997e-02 -8.883908371327e-03
  1.356077279560e-02 -7.813686585425e-03
  1.591389172669e-02 -9.870211689215e-03
  1.664939311608e-02 -1.052731989194e-02
  1.762485987028e-02 -1.028946631832e-02
  1.736769490610e-02 -1.131790220877e-02
  1.936038400999e-02 -5.308097762151e-03
  7.828689103577e-03 -8.880629224307e-03
  7.403697871101e-03 -9.790063429762e-03
  1.009386899718e-02 -1.042187194183e-02
  9.516293423151e-03 -9.662053687260e-03
  9.047040383183e-03 -1.054345900095e-02
  9.764819043249e-03 -1.136980953295e-02
  8.488752924119e-03 -9.737662048362e-03
  7.955166744242e-03 -1.059009023139e-02
  6.944689823446e-03 -1.062181701933e-02
  6.365632514227e-03 -9.844567270894e-03
  5.952903306281e-03 -1.076969830205e-02
  5.778144906430e-03 -9.001377116038e-03
  1.004613933494e-02 -4.360043472933e-03
  2.407450897795e-02 -9.200759145642e-03
  1.538029316901e-02 -5.668567152074e-03
  6.549795697376e-02 -1.636178460177e-03
  1.115282293959e-01 -7.272039746114e-04
  1.120647314523e-01 -1.545854882450e-03
  2.117740538793e-02 -8.158073293009e-03
  2.677226163791e-02 -5.803076219582e-03
  1.313476111700e-02 -6.983322774304e-03
  6.489361678467e-02 -8.365709001156e-04
  9.794308262767e-03 -8.741509603248e-03
  6.685247320557e-02 -6.351206437430e-04
  2.632422217374e-02 -1.031635433969e-02
  9.973431834082e-02 -3.091513404237e-03
  1.006874728563e-01 -2.564866103653e-03
  1.015137863044e-01 -2.435206763449e-03
  6.745648049543e-02 -1.406802315378e-03
  2.814649111954e-02 -4.661177672165e-03
  3.340141549909e-02 -7.555121702819e-03
  2.713690744221e-02 -4.857338048670e-03
  2.991561772436e-03 -4.810664340127e-03
  1.124742475414e-01 -6.735641768794e-04
  1.247769182126e-02 -9.302232473289e-03
  3.686462690875e-03 -7.385261879960e-03
  2.713310821610e-03 -7.499523225807e-03
  2.550748078515e-02 -1.052634573481e-02
  2.439410989045e-02 -1.121613250068e-02
  2.631317987611e-02 -1.171692812703e-02
  2.739680799043e-02 -1.594049184545e-02
  3.235593080538e-02 -1.371559839241e-02
  3.721399584699e-02 -1.631976345451e-02
  3.623755077771e-02 -1.256092912172e-02
  4.242592901236e-02 -1.350686614477e-02
  4.588623187844e-02 -7.182239868950e-03
  4.293173203333e-02 -2.084113081628e-02
  4.947515777789e-02 -1.530061823776e-02
  5.086641565374e-02 -2.593113662710e-02
  5.874690802255e-02 -1.820548569822e-02
  5.978669096964e-02 -2.827356998840e-02
  6.739651336601e-02 -2.277130155607e-02
  6.650609391043e-02 -1.454107403319e-02
  6.733011403179e-02 -4.037391953521e-03
  7.423206467752e-02 -1.663429608937e-02
  7.696251263600e-02 -2.631150276982e-02
  8.436315918777e-02 -1.726951895508e-02
  8.842205296080e-02 -2.817620752008e-02
  9.475123659686e-02 -1.981600870221e-02
  7.988784983000e-02 -3.984447382835e-02
  9.201677898005e-02 -1.152977059600e-02
  9.975705858467e-02 -1.340922051356e-02
  1.038865676503e-01 -2.049528001569e-02
  1.070857943034e-01 -1.165591378300e-02
  1.135319956490e-01 -1.825910403035e-02
  1.191540717810e-01 -1.118538742995e-02
  1.288948774731e-01 -1.741861915677e-03
  1.309019238586e-01 -1.735527551732e-03
  1.230348302118e-01 -1.760640618841e-02
  1.262527384190e-01 -1.018715315984e-02
  1.298847317854e-01 -1.533156751384e-02
  1.191467062969e-01 -2.648722122799e-02
  1.218887370643e-01 -6.140903742290e-03
  1.169528869544e-01 -6.023274380460e-03
  1.261846271100e-01 -5.739059693888e-03
  1.263530323754e-01 -7.762386130119e-04
  1.278444144262e-01 -1.745649692587e-03
  1.283999144958e-01 -2.538041018534e-03
  1.294781163505e-01 -2.679939775958e-03
  1.283105711608e-01 -3.914144833346e-03
  1.319405467393e-01 -1.716898670889e-03
  1.326692638219e-01 -2.729229877081e-03
  1.349853107688e-01 -1.867661085164e-03
  1.359357048390e-01 -2.030999362632e-03
  1.352388925252e-01 -2.883693648369e-03
  1.335877382575e-01 -2.428484255589e-03
  1.314097133620e-01 -2.787862554268e-03
  1.321196716127e-01 -4.269529393230e-03
  1.369642058429e-01 -2.069519164697e-03
  1.195237319329e-01 -3.700572264935e-03
  1.213713431344e-01 -8.246000269059e-04
  1.272644107090e-01 -2.608472328955e-03
  1.247234802727e-01 -2.653182496310e-03
  5.510988277493e-02 -1.153867494672e-02
  6.107134201343e-02 -1.101317814356e-02
  6.131623921943e-02 -4.725407853551e-03
  1.259539332886e-01 -2.280219319986e-03
  7.136253366888e-02 -1.013400391555e-02
  7.413892310630e-02 -3.580889113694e-03
  7.840976809440e-02 -1.067106927184e-02
  7.984668891102e-02 -3.905918873649e-03
  8.536934292337e-02 -9.341876637045e-03
  1.363073704501e-01 -2.903063783107e-03
  1.360537483156e-01 -4.341289064609e-03
  1.374960542969e-01 -3.033334196330e-03
  1.381759755542e-01 -4.292837638069e-03
  1.398871032118e-01 -3.191984908292e-03
  1.399697002373e-01 -5.383221229157e-03
  1.223624111563e-01 -8.371156877978e-04
  1.218245581941e-01 -1.708967140788e-03
  1.207964891360e-01 -1.676840420052e-03
  1.211904847302e-01 -2.675345211287e-03
  1.228541754713e-01 -1.708199332892e-03
  1.239511151825e-01 -1.735431102510e-03
  1.233808222609e-01 -2.755323425445e-03
  1.244104846705e-01 -8.263443060347e-04
  1.299091463258e-01 -1.739754375398e-03
  1.254012172937e-01 -7.671664103716e-04
  1.250324592415e-01 -1.620003339097e-03
  1.273645048157e-01 -8.562127090333e-04
  6.614271174020e-02 -9.451646419718e-03
  6.888288584253e-02 -7.375778114780e-03
  5.054847024446e-02 -1.068581182757e-02
  4.669730808839e-02 -1.145977998442e-02
  1.203796258920e-01 -8.050688475447e-04
  1.198294461277e-01 -1.603982818577e-03
  1.193998873296e-01 -7.765855529193e-04
  1.241041292591e-01 -4.111638455830e-03
  1.267784781557e-01 -1.617902602086e-03
  5.777685322000e-02 -8.694506600044e-03
  5.535094476920e-02 -5.371981224172e-03
  5.637839341177e-02 -5.233133416384e-03
  5.605929404636e-02 -6.105574869927e-03
  5.710412032991e-02 -6.053108539676e-03
  5.497491959106e-02 -6.573156146341e-03
  5.739537574627e-02 -5.067243750127e-03
  5.435237602611e-02 -5.452664005450e-03
  9.555970110262e-02 -3.943334818816e-02
  8.708204084259e-02 -5.840615681773e-02
  7.482198172869e-02 -7.487974521437e-03
  7.172896957124e-02 -6.530867487128e-03
  8.155813482221e-02 -7.196194975045e-03
  1.189035924120e-01 -1.605190120408e-03
  1.178883921379e-01 -1.734452405234e-03
  1.164115708076e-01 -7.473616488834e-04
  1.174210612747e-01 -7.936704361361e-04
  1.167153832859e-01 -1.705433997639e-03
  1.158115761329e-01 -1.444668247560e-03
  1.171683718462e-01 -3.120952602439e-03
  1.154080808846e-01 -7.291112634628e-04
  1.148455439244e-01 -1.567579372644e-03
  1.156023040881e-01 -2.359688136150e-03
  1.141273068110e-01 -2.508230112106e-03
  1.117137995579e-01 -2.524667378219e-03
  1.128781192898e-01 -2.192291055247e-03
  1.129124254389e-01 -3.454882954205e-03
  1.143854198947e-01 -7.205818583255e-04
  1.137673670813e-01 -1.565717071160e-03
  1.184910323297e-01 -2.487529355814e-03
  1.106561143668e-01 -2.462789730935e-03
  1.108111155715e-01 -3.844109589232e-03
  1.130955931337e-01 -9.481232777930e-03
  6.022695264861e-02 -7.525538244195e-03
  6.302303284157e-02 -7.280899642309e-03
  5.850913544384e-02 -6.678371980823e-03
  5.974458786108e-02 -5.943798202377e-03
  6.131435880279e-02 -5.856452932304e-03
  6.992480256041e-02 -5.675985377384e-03
  6.940536098830e-02 -3.657238907369e-03
  6.835884198267e-02 -3.864444693114e-03
  6.795186456979e-02 -4.728114040206e-03
  6.694208048281e-02 -5.049409860660e-03
  1.223290595966e-01 -3.808766524649e-03
  3.935975931578e-02 -1.127610763459e-02
  1.364782285156e-01 -1.231807979554e-03
  6.632826436096e-02 -4.154723962673e-03
  6.535486774526e-02 -4.264960301626e-03
  6.511955523652e-02 -5.150141964125e-03
  6.408069722369e-02 -5.610898564277e-03
  1.150122216758e-01 -3.799958456259e-03
  1.067845296570e-01 -2.758146388207e-03
  1.054491260740e-01 -2.797551047100e-03
  6.331918701885e-02 -4.566837613608e-03
  6.266489721985e-02 -5.518012371010e-03
  2.469510186666e-02 -1.363870288613e-02
  2.275209991171e-02 -1.264663100897e-02
  1.223158200506e-01 -2.531320327012e-03
  6.839380257902e-02 -1.272552572700e-03
  1.096788544234e-01 -6.736417596838e-03
  1.059393945833e-01 -6.224161530927e-03
  2.090296110420e-02 -5.761086216744e-03
  2.074637167263e-02 -1.373319690600e-02
  1.839905381656e-02 -1.404797017985e-02
  1.201353970741e-01 -2.404219122938e-03
  4.844418422252e-02 -9.280380247933e-03
  4.683508677783e-02 -6.973652991938e-03
  4.734471234409e-02 -6.157945913608e-03
  4.780608165621e-02 -7.036006587654e-03
  5.000245752441e-02 -8.106462188714e-03
  5.143206788606e-02 -5.819047431045e-03
  5.252472029106e-02 -8.470282299967e-03
  5.037484852345e-02 -5.876098644236e-03
  5.104912960788e-02 -6.935039832863e-03
  5.233726340257e-02 -6.702597564238e-03
  5.245235598165e-02 -5.652478792549e-03
  4.997483530783e-02 -6.771183176024e-03
  4.836488287037e-02 -6.077614125693e-03
  4.662838430874e-02 -8.259038555173e-03
  4.409118715726e-02 -9.828406800667e-03
  4.151418021508e-02 -1.021810651707e-02
  4.482025463495e-02 -7.983507598272e-03
  5.513669017618e-02 -8.445988287234e-03
  4.242808226457e-02 -8.934273685667e-03
  5.364777255499e-02 -7.107084252668e-03
  6.601038216434e-02 -6.364944668920e-03
  8.486643147963e-02 -6.680762960204e-03
  8.652697291054e-02 -3.566583131156e-03
  1.340072451221e-01 -1.683636930758e-03
  1.605300954504e-02 -6.396351023322e-03
  6.230998691629e-02 -4.569935934946e-03
  7.806585770235e-02 -6.476744731911e-03
  7.026391221385e-02 -3.385971177412e-03
  7.038153508037e-02 -4.335828760949e-03
  7.246007873808e-02 -4.716829522779e-03
  7.386947527528e-02 -5.526840831929e-03
  7.575483559211e-02 -5.474581940916e-03
  1.024520195656e-01 -8.390901844973e-03
  9.742951482665e-02 -8.248326089297e-03
  9.580135904545e-02 -5.629945249532e-03
  1.003586267369e-01 -5.299842510564e-03
  9.329558310543e-02 -7.143614973452e-03
  9.120509392507e-02 -3.463754277971e-03
  9.494413097638e-02 -3.934182729285e-03
  1.978757774093e-02 -8.797375525807e-03
  4.898972503199e-02 -6.981774822800e-03
  1.526666502528e-02 -1.188309974142e-02
  1.516615752233e-02 -1.297939216299e-02
  1.378902241385e-02 -1.405605658609e-02
  1.251911626327e-02 -1.261426550738e-02
  6.595102999798e-02 -4.996836151601e-03
  5.929786614192e-02 -4.835406588567e-03
  6.026684730056e-02 -4.837887067077e-03
  1.323695043851e-01 -9.937204791419e-03
  1.302226182834e-01 -6.437104220535e-03
  1.335931950800e-01 -5.961220787138e-03
  1.368827491771e-01 -7.210849368057e-03
  1.411808420891e-01 -8.616177136852e-03
  1.446107128333e-01 -6.774114800256e-03
  1.499788393845e-01 -8.554567358918e-03
  1.429645549005e-01 -3.412324656789e-03
  1.477773759958e-01 -5.117996868339e-03
  1.375120535297e-01 -1.449683533064e-02
  2.878600432099e-02 -5.327711242640e-03
  3.511976920615e-02 -2.450100042742e-02
  -3.791731403938e-04 -2.577250415925e-02
  9.902838300440e-04 -1.707864195995e-02
  1.708373889867e-02 -6.289188292148e-03
  1.095464400500e-01 -2.643888085892e-03
  1.129196319010e-01 -1.332685279415e-03
  6.784271033545e-03 -2.043140124433e-02
  5.431179662885e-03 -1.541996298544e-02
  7.431075735586e-03 -1.125075956461e-02
  1.970725731224e-03 -1.229249636011e-02
  9.070439817150e-03 -1.600490326946e-02
  8.386542361343e-03 -1.139457980364e-02
  8.825663803777e-03 -1.243437422728e-02
  6.584553739272e-03 -1.137721095987e-02
  5.611299485406e-03 -1.191786510842e-02
  4.963294010695e-03 -1.090742141679e-02
  4.432639683002e-03 -1.171066322497e-02
  3.940566327468e-03 -1.091317435578e-02
  4.365390886444e-03 -1.003425357603e-02
  3.397741222165e-03 -1.010148903915e-02
  7.210559830468e-03 -1.222838342344e-02
  3.395212908947e-03 -1.176149036853e-02
  3.803614674244e-03 -9.209744047623e-03
  2.834332144327e-03 -9.298730003338e-03
  2.424488640991e-03 -1.020168831897e-02
  1.852607836366e-03 -9.400937879825e-03
  1.496338441569e-03 -1.031616166636e-02
  8.765977089630e-04 -9.515788089103e-03
  5.701246803545e-04 -1.048226021325e-02
  1.278046658561e-03 -8.583132260089e-03
  2.547475133855e-04 -8.693025257863e-03
  6.953254353169e-04 -7.761604518201e-03
  -3.167441686667e-04 -7.872782817441e-03
  -8.742728664933e-04 -8.775813166767e-03
  9.221855468881e-05 -6.969202878497e-03
  -8.884749034170e-04 -7.059955159019e-03
  -4.972093325214e-04 -6.175356815828e-03
  -1.552528899512e-03 -6.279039305866e-03
  -1.061833940675e-03 -5.292057162236e-03
  -2.164151274220e-03 -5.489399110411e-03
  -1.810732617810e-03 -7.240346669420e-03
  5.376168369988e-04 -6.097580723831e-03
  1.818580195754e-03 -4.898297358127e-03
  2.121991245453e-03 -6.635215832257e-03
  7.416101305950e-04 -4.641921654336e-03
  4.459263106469e-04 -3.721406167489e-03
  -2.513016508191e-04 -4.481457606813e-03
  -5.196949513521e-04 -3.528424648728e-03
  1.308902504773e-04 -2.729359139832e-03
  -8.564911065763e-04 -2.491636035874e-03
  -4.516342930220e-04 -8.294331792863e-04
  1.722203618277e-03 -7.620829279427e-03
  2.277623595133e-03 -8.459496045246e-03
  2.532385632264e-03 -5.708825128483e-03
  -1.128652030679e-03 -4.335879937236e-03
  1.140211880938e-03 -6.834038928827e-03
  5.362036782754e-03 -9.934325685182e-03
  3.045543508264e-03 -1.082304946439e-02
  2.170832838657e-03 -1.111449989863e-02
  1.574879171191e-03 -5.795544231985e-03
  -1.689810508231e-04 -1.699026544884e-03
  -1.202695810441e-03 -1.510387077536e-03
  -1.854499615732e-03 -2.314560618863e-03
  -2.228552888677e-03 -1.411168637512e-03
  -2.848003775631e-03 -2.165225219022e-03
  -3.190656277636e-03 -1.240693545390e-03
  -2.473844330633e-03 -3.086443395477e-03
  -1.637803262509e-03 -5.485811342834e-04
  1.122875671671e-03 -2.932975314087e-03
  4.789788116780e-03 -9.093179873936e-03
  4.156825852192e-03 -1.307717292206e-02
  -1.488559399741e-03 -3.289362731212e-03
  -2.098174363476e-03 -3.979231751097e-03
  -3.072549906780e-03 -3.835715134561e-03
  1.483457654972e-05 -5.369056070855e-03
  3.257164325866e-03 -8.348414331552e-03
  -8.955736508176e-04 -5.213865364540e-05
  -1.606625046661e-03 3.955948782044e-04
  -7.886754956470e-04 7.290588311137e-04
  1.011425679853e-01 -3.542682007562e-03
  4.341084685166e-02 -8.191630013557e-03
  5.386984823239e-02 -6.183396870583e-03
  1.276828209644e-02 -8.420633666815e-03
  9.380651024210e-02 -5.087684344245e-03
  8.986924251100e-02 -7.214790413741e-03
  9.181605684405e-02 -5.136574600964e-03
  8.960745064385e-02 -4.465952322464e-03
  5.804835405381e-02 -5.657166679065e-03
  1.138741150638e-02 -1.441456353561e-02
  1.099333632336e-02 -1.276893140260e-02
  1.071230825780e-02 -1.175918101182e-02
  3.134742951430e-02 -3.309811741745e-02
  6.699750426592e-02 -3.478634780996e-02
  5.337122758754e-02 -3.896512625957e-02
  2.382069672690e-02 -1.007415655296e-02
  1.302199367948e-01 -2.363273512932e-02
  3.492759619628e-03 -4.043831786469e-03
  3.130692389993e-02 -4.360138513047e-03
  8.016986136918e-02 -5.211211322213e-03
  3.703857017815e-02 -1.026142895448e-02
  3.455738739135e-02 -1.067092241328e-02
  2.977523799087e-02 -5.045261990066e-03
  9.863181498793e-02 -2.800831531484e-02
  6.812484843228e-02 -5.701824594663e-03
  1.628718661027e-02 -1.460242479180e-02
  4.489934988206e-02 -7.057237185687e-03
  1.061867389580e-01 -3.867188684833e-03
  1.045849323427e-01 -4.185073466314e-03
  1.032493842902e-01 -5.637003792938e-03
  1.304457668186e-01 -2.522082172822e-03
  1.303310762647e-01 -3.768443825026e-03
  1.890747069564e-02 -6.866859960539e-03
  8.190448154523e-02 -4.810021729562e-03
  7.864147188338e-02 -4.553672565951e-03
  8.104159038975e-02 -3.831203676469e-03
  7.892753747660e-02 -3.498732786723e-03
  7.803741882242e-02 -3.621215183907e-03
  7.720115774721e-02 -4.617375018923e-03
  7.599619091290e-02 -3.980413217976e-03
  7.505032502731e-02 -3.536788840039e-03
  7.477996599593e-02 -4.483573748723e-03
  1.130771828663e-01 -5.556645959154e-03
  2.005449574983e-02 -5.762673879313e-03
  4.837416654878e-02 -7.932732480455e-03
  4.400016620325e-02 -7.263877241498e-03
  -1.818484394747e-03 -4.715027082437e-03
  -2.674594714608e-03 -4.639431659339e-03
  -3.637344309944e-03 -4.624707041223e-03
  2.312411457486e-02 -6.943064937114e-03
  3.401339777551e-02 -8.175799981999e-03
  3.492228338856e-02 -8.299025907305e-03
  3.421086175769e-02 -9.070004644818e-03
  3.554572199340e-02 -9.298128159673e-03
  3.746307219977e-02 -8.897015744085e-03
  3.304750669829e-02 -9.516246517423e-03
  3.243556494315e-02 -1.081849094790e-02
  3.800436734929e-02 -8.060340914413e-03
  3.847209547296e-02 -9.300323990365e-03
  3.993947474460e-02 -9.242800028125e-03
  4.016367775767e-02 -7.934588584206e-03
  3.699979236398e-02 -8.129867710757e-03
  8.203170033207e-02 -3.572437149935e-03
  4.020551842734e-02 6.350434923286e-04
  1.360694674837e-01 -5.057247018004e-04
  1.819692574839e-01 1.940675729789e-03
  1.369981495010e-01 -3.363849021332e-02
  1.621233933939e-01 1.779341737085e-02
  1.630117942306e-01 1.810776857034e-02
  1.635427106440e-01 1.727195312561e-02
  1.643322051544e-01 1.748452758031e-02
  2.125656432333e-01 -1.915488887506e-02
  4.902889985744e-02 3.465956872772e-02
  4.815496781501e-02 3.476908770722e-02
  4.720715678963e-02 3.484161009094e-02
  4.769894872709e-02 3.566016108444e-02
  4.665440713379e-02 3.403030767140e-02
  4.622945645295e-02 3.492389236432e-02
  4.523675082444e-02 3.504111131687e-02
  4.584174571462e-02 3.584087313881e-02
  4.366298140746e-02 3.425431431738e-02
  4.266178949368e-02 3.431569771236e-02
  4.322241019738e-02 3.514863204647e-02
  4.209401951863e-02 3.347998203830e-02
  4.165392384048e-02 3.438277345616e-02
  4.066007600279e-02 3.444814821088e-02
  4.122733759605e-02 3.528188780443e-02
  3.994428563195e-02 3.374880223070e-02
  4.422863908929e-02 3.511286491198e-02
  4.378049182196e-02 3.600102057442e-02
  4.466311572922e-02 3.418359395395e-02
  4.222353244162e-02 3.521075617712e-02
  4.179184357355e-02 3.610246778828e-02
  -1.243281199991e-02 -2.894790866881e-02
  -1.916563912223e-02 -1.019283130472e-02
  3.674137378184e-01 6.981283218400e-03
  8.900385157803e-02 2.767357622729e-02
  1.921895926378e-01 -2.808828241693e-03
  -1.551265240213e-03 1.299250820358e-03
  -1.527301839197e-03 2.167577062679e-03
  -6.343195432765e-04 2.590507159661e-03
  -1.501526197122e-03 3.121309408163e-03
  -2.350627435038e-03 2.721181844300e-03
  -2.313946212650e-03 9.247771886444e-04
  -2.436563000768e-03 3.250980374833e-05
  -6.072717402709e-04 3.660593796335e-03
  -2.331026527067e-03 1.827204035263e-03
  -3.143734474176e-03 2.236646379788e-03
  6.985247971519e-02 2.396455633188e-03
  9.453047876228e-02 2.883193178212e-02
  1.958030166396e-01 -2.433868067934e-02
  1.839702364832e-01 -1.604697334388e-02
  1.904873695325e-01 -1.930748244271e-02
  1.766095817251e-01 -2.600639430386e-02
  1.742664208578e-01 -1.573248872031e-02
  1.787875577180e-01 -1.151564601122e-02
  1.858190253709e-01 -1.111201045018e-02
  1.875022477342e-01 -5.625686491898e-03
  1.882428329012e-01 -6.310915142597e-03
  1.891978898176e-01 -6.038915013319e-03
  1.889884427318e-01 -6.977953723730e-03
  1.872977872344e-01 -6.570675885241e-03
  1.865273828278e-01 -5.889176202990e-03
  1.864039843499e-01 -6.894454457765e-03
  1.855698715595e-01 -6.218073223403e-03
  1.872181346319e-01 -7.409920180167e-03
  1.854539483847e-01 -7.351288476046e-03
  1.846787388710e-01 -6.562006942776e-03
  1.842817938920e-01 -7.639439575763e-03
  1.745844282109e-01 -9.875762366732e-03
  1.847282532845e-01 -5.631414320243e-03
  1.838984045723e-01 -5.928938128900e-03
  1.776083190785e-01 -8.121032854195e-03
  1.801868013551e-01 -5.037283900357e-03
  1.808348602921e-01 -5.774522693397e-03
  1.818449181699e-01 -5.629006277446e-03
  1.814439868315e-01 -6.406852604518e-03
  1.785755153258e-01 -4.409134488176e-03
  1.798376450364e-01 -5.926379328340e-03
  1.823952511831e-01 -6.455529682859e-03
  1.815953784097e-01 -7.483239270800e-03
  1.829410197735e-01 -5.550627646112e-03
  1.775848742602e-01 -4.527310926408e-03
  1.782094989140e-01 -5.335850856773e-03
  1.772108323189e-01 -5.461505003880e-03
  1.761005631635e-01 -5.635046982832e-03
  1.867679175878e-01 -4.885619774780e-03
  1.856485804037e-01 -5.121326421779e-03
  1.831204080757e-01 -7.284885261247e-03
  1.670558645584e-01 -1.433582785174e-02
  1.680449138931e-01 -8.042722886515e-03
  1.880633367354e-01 -7.250559730943e-03
  1.888487421901e-01 -7.962739339797e-03
  1.877833117862e-01 -8.196367345647e-03
  1.888305206671e-01 -9.044704328863e-03
  1.865434301924e-01 -8.008787581852e-03
  1.792010517237e-01 -5.182723373192e-03
  1.795606878647e-01 -4.256232418679e-03
  1.788785854879e-01 -6.077047857896e-03
  1.795324031955e-01 -6.657597565436e-03
  1.779190428748e-01 -6.401947577826e-03
  1.768675394862e-01 -6.517998080199e-03
  1.754813533111e-01 -7.010614553873e-03
  1.749338330149e-01 -5.641617561673e-03
  1.735231067258e-01 -2.724540178478e-03
  1.749799454986e-01 -3.730541107882e-03
  1.755014148222e-01 -4.682340907032e-03
  1.744473065279e-01 -4.592500223143e-03
  1.738613733155e-01 -5.466365490577e-03
  1.734304875852e-01 -4.533967976867e-03
  1.739762443270e-01 -3.670389737839e-03
  1.729472625406e-01 -3.598816155189e-03
  1.724113814143e-01 -4.466235075844e-03
  1.718036661171e-01 -3.482418067334e-03
  1.714152405224e-01 -4.479549670543e-03
  1.719599419696e-01 -5.428047453126e-03
  1.709256537322e-01 -3.791132743469e-03
  1.693035865237e-01 -2.021759598061e-03
  1.704464149539e-01 -4.441803810909e-03
  1.700876156752e-01 -3.474318929774e-03
  1.695716520310e-01 -4.257799953915e-03
  1.689673026453e-01 -3.574903884138e-03
  1.686165738571e-01 -4.385686430553e-03
  1.680212708833e-01 -3.543509965106e-03
  1.676225399391e-01 -4.218689604470e-03
  1.654621811541e-01 -1.522995636738e-03
  1.670309306475e-01 -3.518289838128e-03
  1.666338883064e-01 -4.356404915485e-03
  1.660525981896e-01 -3.443249976684e-03
  1.656286077618e-01 -4.196477399943e-03
  1.650595104559e-01 -3.431469321828e-03
  1.646324534454e-01 -4.311688226407e-03
  1.640129979300e-01 -3.458111165585e-03
  1.635322952808e-01 -4.175722909723e-03
  1.628883548642e-01 -3.375050169006e-03
  1.615019958221e-01 -1.002848797192e-03
  1.658312029477e-01 -5.425200634615e-03
  1.644789547200e-01 -2.686296358627e-03
  1.694854433428e-01 -5.434568597082e-03
  1.665792890646e-01 -2.649643171948e-03
  1.703400234503e-01 -2.370855843603e-03
  1.684735562630e-01 -2.686315533840e-03
  1.725008274878e-01 -2.646929728687e-03
  1.605030745550e-01 -8.616683193101e-04
  1.598664377024e-01 -1.641139973557e-03
  1.565275123638e-01 -2.027152812282e-04
  1.588734863260e-01 -1.494060285294e-03
  1.592521218943e-01 -2.414508534987e-03
  1.602390509359e-01 -2.530471860603e-03
  1.596616341854e-01 -3.182218843011e-03
  1.555385439281e-01 -1.203585245551e-05
  1.558908012378e-01 -9.293494616394e-04
  1.582798882876e-01 -2.332304142436e-03
  1.568870788856e-01 -1.149962188552e-03
  1.562470862595e-01 -1.897116930329e-03
  1.545305773366e-01 2.616796337550e-04
  1.539357281218e-01 -5.358059172781e-04
  1.500102027311e-01 -3.072136747150e-04
  1.494661466372e-01 -1.133757959239e-03
  1.504538914049e-01 -1.199985528234e-03
  1.529577461294e-01 -4.411353424265e-04
  1.533658585054e-01 -1.352681494602e-03
  1.499461873273e-01 -2.017902180811e-03
  1.509125751472e-01 -2.096475601445e-03
  1.504032567555e-01 -2.953597247870e-03
  1.489720102715e-01 -1.944693136518e-03
  1.509903887174e-01 -3.552287782724e-04
  1.543198586738e-01 -1.452186002278e-03
  1.537779149403e-01 -2.224311806580e-03
  1.524021082739e-01 -1.309537937547e-03
  1.572531402560e-01 -2.161056086980e-03
  1.565350903334e-01 -2.939339189262e-03
  1.608690192122e-01 -1.780026430925e-03
  1.612095810905e-01 -2.685062944990e-03
  1.618427908769e-01 -1.908873462784e-03
  1.585089932871e-01 -5.498623918310e-04
  1.745088122486e-01 -2.792447301166e-03
  1.644868956051e-01 -1.379067668342e-03
  1.677777900199e-01 -5.302786535715e-03
  1.515307575582e-01 4.982878525547e-04
  1.624915084679e-01 -1.129379497193e-03
  1.628846590442e-01 -2.091752011506e-03
  1.505323024215e-01 5.311460418864e-04
  1.655487710592e-01 -2.498971625870e-03
  1.821955964785e-01 -4.727503794337e-03
  1.495010889573e-01 -2.724867235072e-03
  1.485728436615e-01 -2.827250137220e-03
  1.494053319384e-01 -3.838980343935e-03
  1.479237173151e-01 -1.961604445636e-03
  1.474335033739e-01 -2.770578434400e-03
  1.463419045660e-01 -2.717506552114e-03
  1.484140042852e-01 -9.918432376815e-04
  1.575219330741e-01 -3.842861537604e-04
  1.831623581902e-01 -4.558151460186e-03
  1.528393581304e-01 -2.296132793250e-03
  1.533976997416e-01 -3.383013771537e-03
  1.513521335294e-01 -2.946376825072e-03
  1.851265216966e-01 -4.252552946187e-03
  1.664413056746e-01 -1.667221466395e-03
  1.578798389202e-01 -1.338152592495e-03
  1.525208147897e-01 4.462571754557e-04
  1.470353881954e-01 -3.679266623495e-03
  1.456175775506e-01 -4.179673897676e-03
  1.620846748552e-01 -2.745468433420e-03
  1.615979884002e-01 -3.666603578815e-03
  1.895062039356e-01 -1.420101176166e-02
  1.929226210744e-01 -1.052757669950e-02
  1.966185626061e-01 -1.176456055471e-02
  1.897567493186e-01 -7.620851066787e-03
  1.899398886414e-01 -6.668412222709e-03
  1.906867608021e-01 -7.324084337529e-03
  1.904839342849e-01 -8.292978785572e-03
  1.914315266089e-01 -7.983231857714e-03
  1.916503943552e-01 -7.007483819524e-03
  1.923856458595e-01 -7.673994594586e-03
  1.925952180574e-01 -6.727677584959e-03
  1.963110360039e-01 -3.940678532178e-03
  1.972965060353e-01 -4.134226822835e-03
  1.966183822522e-01 -4.914283431315e-03
  1.976054632218e-01 -5.087782753688e-03
  1.982802680291e-01 -4.324288950837e-03
  1.985885549630e-01 -5.274432483682e-03
  1.992485084883e-01 -4.508054229346e-03
  1.995676717921e-01 -5.465181834396e-03
  2.002305576791e-01 -4.697218269270e-03
  2.004402653775e-01 -1.737269657358e-04
  2.005475359691e-01 -5.662797708327e-03
  2.012062857446e-01 -4.917338172499e-03
  2.015270419154e-01 -5.863890036696e-03
  2.021858932795e-01 -5.118210491941e-03
  1.933320153657e-01 -7.354059444495e-03
  2.025070690495e-01 -6.061598631372e-03
  2.018473598982e-01 -6.812527615838e-03
  2.031669556595e-01 -5.310609541395e-03
  2.028455823959e-01 -4.368157999455e-03
  2.038270565131e-01 -4.559760941526e-03
  2.034892546985e-01 -3.591101099535e-03
  2.044843391508e-01 -3.804267681272e-03
  2.041544918203e-01 -2.831974236451e-03
  2.028271240855e-01 -7.007876777785e-03
  2.021667688147e-01 -7.758556593016e-03
  2.031428827579e-01 -7.950728979988e-03
  2.024739658448e-01 -8.673359457177e-03
  2.034503406738e-01 -8.865609256134e-03
  2.051447477744e-01 -3.050980889198e-03
  2.048286100892e-01 -2.106702537123e-03
  2.037999139031e-01 -7.203331716154e-03
  2.011870394389e-01 -7.562393762695e-03
  1.989059877751e-01 -6.224245588977e-03
  1.969465971084e-01 -5.846460958705e-03
  2.000000337854e-01 -9.514886077251e-04
  2.038965433860e-01 -1.896018354912e-03
  2.045144145655e-01 -1.158995064640e-03
  2.058073919381e-01 -2.303623207634e-03
  2.061274872373e-01 -3.251070794906e-03
  2.024872892077e-01 -3.428196935006e-03
  2.048072537306e-01 -4.754211460839e-03
  2.067874630496e-01 -2.500168964261e-03
  2.064674635826e-01 -1.553267976076e-03
  2.071058392629e-01 -3.445571140554e-03
  1.959833939806e-01 -5.746258611683e-03
  1.963285498415e-01 -6.654092824811e-03
  2.009219848929e-01 -9.394199927015e-04
  2.004524893827e-01 -1.783628500634e-03
  2.074462787460e-01 -1.748758668266e-03
  2.071262728412e-01 -8.025829564331e-04
  1.935464701599e-01 -6.418773297532e-03
  1.989502423632e-01 -3.564278701193e-03
  1.940533371420e-01 -4.277824950402e-03
  1.942804624503e-01 -7.047465102416e-03
  1.994536558684e-01 -1.773452436011e-03
  2.064478759968e-01 -4.198640996644e-03
  2.074317159541e-01 -4.375938175212e-03
  2.080690798986e-01 -3.598723782935e-03
  2.084576616246e-01 -4.498065402195e-03
  2.067636716730e-01 -5.134436796466e-03
  2.008833648532e-01 -3.987697701278e-03
  1.972792759954e-01 -6.798042536445e-03
  1.966618889582e-01 -7.543532613595e-03
  1.975993147242e-01 -7.733577519619e-03
  2.014235218367e-01 -1.747679835681e-03
  2.018486126976e-01 -8.552066993752e-04
  1.940364369165e-01 -8.000825819298e-03
  1.969404402541e-01 -8.472361030603e-03
  1.979130988892e-01 -8.669381538187e-03
  1.985703032143e-01 -7.923941314578e-03
  1.988897200400e-01 -8.867057301110e-03
  1.959892657732e-01 -8.220207796781e-03
  1.995473740677e-01 -8.118851009957e-03
  1.998561416462e-01 -9.025801597973e-03
  1.992104933837e-01 -9.807795401358e-03
  2.000667671490e-01 -9.916762846734e-03
  1.995023858315e-01 -1.076484366970e-02
  2.007835540223e-01 -9.330882333095e-03
  2.036292056056e-01 -9.260295844970e-04
  2.041927742456e-01 -1.988327405873e-04
  1.997776119738e-01 1.210560529210e-03
  1.944392181548e-01 -6.051389578697e-03
  1.901388889513e-01 -5.733095660718e-03
  1.919235968529e-01 -5.982158583077e-03
  1.912711119912e-01 -9.026816315051e-03
  1.999160276012e-01 -2.677800873111e-03
  2.023851362198e-01 -1.706113702000e-03
  2.013356069836e-01 -2.927842921179e-05
  2.022773182110e-01 4.827406538240e-05
  2.017364076589e-01 8.840362482667e-04
  2.027469648517e-01 9.335278060341e-04
  2.021826605479e-01 1.783877548387e-03
  2.012113158734e-01 1.739947349877e-03
  2.016254854489e-01 2.619148017193e-03
  2.006520111657e-01 2.569356443326e-03
  2.010676313438e-01 3.449377659399e-03
  2.000745177334e-01 3.347944257357e-03
  1.970980079587e-01 2.401124305740e-03
  1.996484076134e-01 2.307133901442e-03
  1.990685706404e-01 3.282354907415e-03
  1.986966138291e-01 2.460132951559e-03
  1.979616664156e-01 3.091752171009e-03
  1.985060819662e-01 4.141193444764e-03
  1.974834068846e-01 4.044898321942e-03
  1.979454840525e-01 4.964363672038e-03
  1.938626116374e-01 5.418733934459e-03
  1.936793332120e-01 6.402840968537e-03
  1.969456479554e-01 4.857625152926e-03
  1.974145244454e-01 5.779210683567e-03
  1.983927398511e-01 5.867562277733e-03
  1.978528412120e-01 6.680971194933e-03
  1.946167616466e-01 6.085225813064e-03
  1.944345298402e-01 7.074343387515e-03
  1.934872170727e-01 7.399164811793e-03
  1.942210125821e-01 8.100973549355e-03
  1.968956221618e-01 6.593083787698e-03
  1.948077506338e-01 5.087296614390e-03
  1.965351002058e-01 3.925761700885e-03
  1.955289153504e-01 5.791772489952e-03
  1.936130617050e-01 -5.336456693073e-03
  1.963101505058e-01 -9.229560157154e-03
  1.953382196485e-01 -8.980826295097e-03
  1.956450467851e-01 -1.024973553158e-02
  1.954104967443e-01 -3.676090206611e-03
  1.925905095815e-01 -5.197326079739e-03
  1.990464241902e-01 -7.983886346721e-04
  1.901693319253e-01 -9.369826557903e-03
  2.006955355393e-01 8.049255855460e-04
  1.983633049773e-01 -1.670955658697e-03
  1.950537778663e-01 -7.838334208800e-03
  1.958547253126e-01 4.739999076815e-03
  2.009673964447e-01 -2.574476218653e-03
  1.946163609719e-01 -5.055237381585e-03
  1.949668071209e-01 4.093080052292e-03
  1.976926839811e-01 -2.420381225095e-03
  1.988383987290e-01 -2.573546484275e-03
  1.999278128758e-01 -3.660032129065e-03
  1.961650541015e-01 2.902353301773e-03
  1.896178556772e-01 -8.458220015784e-03
  2.054887234852e-01 -1.356515756580e-03
  2.051690554378e-01 -4.072326713160e-04
  2.031822411195e-01 1.845551985839e-03
  2.020558520071e-01 3.509430073930e-03
  1.988358407059e-01 6.763151276217e-03
  1.993898992584e-01 5.934746951766e-03
  1.998310632261e-01 6.832307956590e-03
  2.048453404748e-01 5.366357000296e-04
  2.058325273932e-01 3.359318721723e-04
  2.055334365389e-01 1.226778882019e-03
  2.064924938427e-01 1.075301074803e-03
  2.061685783291e-01 1.963109902213e-03
  2.071522612155e-01 1.807347666341e-03
  2.068605925201e-01 2.702227284595e-03
  2.051685762599e-01 2.035697079721e-03
  2.074686942360e-01 8.860160962363e-04
  2.005065772030e-01 4.269763752951e-03
  2.003872496886e-01 6.001851252062e-03
  2.038726082098e-01 9.316360634695e-04
  2.041696012585e-01 1.958941854045e-03
  2.035993412102e-01 2.760303126521e-03
  2.077612913470e-01 -2.685877068175e-03
  2.087204520271e-01 -2.850626045025e-03
  2.084141606205e-01 -1.937659883325e-03
  2.093530071666e-01 -2.122446063835e-03
  2.096898416404e-01 -3.006158437143e-03
  2.090665991083e-01 -1.233293207093e-03
  2.081004552822e-01 -1.003686742052e-03
  2.087923581963e-01 -2.834381540355e-04
  2.054665741525e-01 -4.001507433345e-03
  2.078308660708e-01 -5.306187781251e-03
  2.091782867912e-01 -5.434109614094e-03
  2.070891124514e-01 -6.067387549169e-03
  2.061024463238e-01 -5.886411313131e-03
  2.064019757880e-01 -6.820017103433e-03
  2.054371325451e-01 -6.642917587854e-03
  2.057550724188e-01 -7.596358362948e-03
  2.067666657792e-01 -7.777384258325e-03
  2.061283679470e-01 -8.618795835656e-03
  2.075153443611e-01 -8.714660563792e-03
  2.050571083477e-01 -8.388440021698e-03
  2.052665781983e-01 -9.680309330015e-03
  2.073424206063e-01 -1.044178307927e-02
  2.048359345846e-01 -1.168212565486e-02
  2.009501887752e-01 -1.077975897012e-02
  2.028619410482e-01 -9.531852632149e-03
  2.080387867134e-01 -1.361773577814e-02
  2.054115058618e-01 -1.694099439613e-02
  2.019015504340e-01 -1.328133012219e-02
  2.002303957034e-01 -1.822608282984e-02
  2.047700146265e-01 -7.406284169773e-03
  2.077903031860e-01 -6.006423610911e-05
  2.084654913304e-01 6.863797955349e-04
  2.095244318670e-01 4.169114701103e-04
  2.091165912197e-01 1.454365516907e-03
  2.101691231057e-01 1.119397059086e-03
  2.081274328732e-01 1.641888819636e-03
  2.098569622077e-01 -5.911073678255e-04
  2.030772055487e-01 -2.524849304647e-03
  2.068095231053e-01 1.380180868950e-04
  2.061489276409e-01 -6.076082335563e-04
  2.057873039364e-01 -4.948914348455e-03
  2.041466764713e-01 -5.505667605042e-03
  2.051262480805e-01 -5.700034104104e-03
  1.989478005185e-01 5.036040957676e-03
  2.034851930305e-01 -6.256700730588e-03
  1.982288879161e-01 -9.616341375680e-03
  2.044608631095e-01 -6.452489318919e-03
  2.008670796032e-01 -6.614724280089e-03
  1.952867977234e-01 -6.619003447293e-03
  2.018452377176e-01 -4.194390818578e-03
  1.972602352493e-01 -9.409270498458e-03
  1.931191347394e-01 -8.299039842062e-03
  1.938255430705e-01 -8.801520456519e-03
  1.998870397036e-01 -6.417770957630e-03
  1.995082786484e-01 4.196961027310e-03
  1.999472359186e-01 5.101803565482e-03
  2.009446760081e-01 5.170223965311e-03
  2.015022013602e-01 4.340564713435e-03
  2.019416861135e-01 5.237507461973e-03
  2.024973196961e-01 4.407181799575e-03
  2.029388636222e-01 5.304063507837e-03
  2.023825738467e-01 6.134918481983e-03
  2.033802237497e-01 6.201394715676e-03
  2.034906859399e-01 4.475291443510e-03
  2.013850487727e-01 6.068312742875e-03
  1.979288840624e-01 -6.035028766824e-03
  1.953523569213e-01 6.769850612263e-03
  1.908964465342e-01 -6.358388030059e-03
  1.982517743560e-01 -6.981176286040e-03
  1.992282603058e-01 -7.172239916896e-03
  1.927210665170e-01 6.749472317464e-03
  1.925281268766e-01 7.749585510099e-03
  1.917557631643e-01 7.100829341889e-03
  2.002071347281e-01 -7.365899056239e-03
  2.005148941799e-01 -8.319054592038e-03
  2.014925083273e-01 -8.516980699711e-03
  1.909955545510e-01 6.442166839674e-03
  1.907956488067e-01 7.436610290648e-03
  1.898325286104e-01 7.762221985952e-03
  1.905943265564e-01 8.431083920622e-03
  1.896289049216e-01 8.750736165860e-03
  1.903808580105e-01 9.425460905735e-03
  1.915599916108e-01 8.099725444430e-03
  1.888762781456e-01 8.077562695717e-03
  1.886654490590e-01 9.060809973604e-03
  1.860060940972e-01 9.011156680652e-03
  1.850464401678e-01 9.318155578230e-03
  1.848243690929e-01 1.029852956950e-02
  1.869648147605e-01 8.699050572813e-03
  1.867500457045e-01 9.682177320437e-03
  1.877079709164e-01 9.370330732733e-03
  2.018730822696e-01 -9.595669786704e-03
  2.026115649725e-01 2.678621806827e-03
  1.940406411254e-01 4.432065096450e-03
  1.942159104686e-01 3.444729340553e-03
  2.030478120245e-01 3.580483412126e-03
  2.027171554284e-01 -1.079870158754e-02
  2.040410061078e-01 3.652221171234e-03
  2.044934202631e-01 4.542698946105e-03
  2.050657998488e-01 3.716528840535e-03
  2.054676787207e-01 4.625488399118e-03
  2.059117309343e-01 3.890765165026e-03
  2.065302893613e-01 4.653407831907e-03
  2.039360343056e-01 5.371146178319e-03
  1.919563997333e-01 6.100573245345e-03
  1.955673073390e-01 -4.752005647963e-03
  1.913526479789e-01 -1.035380931585e-02
  1.893133690024e-01 -1.084446578188e-02
  1.980064595871e-01 -3.367168750370e-03
  2.032543903716e-01 6.778457177323e-05
  2.019612423038e-01 -2.592622549975e-03
  1.552772596916e-01 -1.647830748982e-03
  1.514205314045e-01 -1.263191630395e-03
  1.519703911455e-01 -4.040914434384e-04
  2.040959437591e-01 -8.140605528856e-03
  1.943946094421e-01 -9.762993928868e-03
  1.944619737627e-01 -1.163656179050e-02
  1.985324391998e-01 -1.372657443473e-02
  1.737340963125e-01 -7.586908881412e-03
  1.825128519215e-01 -1.077796117299e-02
  1.945307287052e-01 -3.315095983288e-03
  1.675209434912e-01 -2.859328997338e-03
  1.518685573983e-01 -2.191935785901e-03
  1.709843275098e-01 -5.216913165626e-03
  1.708161231177e-01 -6.451151474528e-03
  1.806234489886e-01 -9.095845617655e-03
  1.480448886330e-01 -3.646814481478e-03
  1.921994661880e-01 -8.648759986146e-03
  1.929307529118e-01 -9.306499346260e-03
  1.964708405023e-01 5.694386161145e-03
  2.039145586964e-01 -9.931306248348e-03
  1.910391496021e-01 -5.435093556798e-03
  1.902975175788e-01 -4.637812554064e-03
  2.046331767789e-01 2.836673951913e-03
  1.988803113871e-01 1.614062769100e-03
  2.058148567440e-01 2.902835328391e-03
  1.548952019218e-01 -6.942734786120e-04
  1.636229316318e-01 -2.697692964532e-03
  1.970486471132e-01 3.273177960270e-03
  1.684793167050e-01 -1.738648447225e-03
  1.804986724035e-01 -6.639392567796e-03
  2.043554022454e-01 -9.029239029389e-03
  1.787016513546e-01 -7.002011945520e-03
  1.979461655634e-01 1.999030727600e-03
  2.091421664665e-01 -9.052402255026e-03
  2.102531773889e-01 -7.098521148689e-03
  2.110326703284e-01 -4.879434770938e-03
  2.128042205321e-01 -3.157739631285e-03
  2.014557891607e-01 -3.343735406397e-03
  1.922083891798e-01 -4.389898538433e-03
  2.096765064390e-01 -4.372976048823e-03
  1.920865750942e-01 -9.591940924527e-03
  1.894149054911e-01 -5.156961856463e-03
  1.832743003828e-01 -8.855482741436e-03
  2.027576694188e-01 -8.157125913706e-04
  1.958640560325e-01 -7.375034178256e-03
  1.957313037962e-01 3.748504238604e-03
  1.694474086085e-01 -2.866249773199e-03
  2.003969764331e-01 1.726384761880e-03
  1.475419721148e-01 -1.201112285103e-03
  2.081236276090e-01 -6.317769792031e-03
  1.727277569375e-01 -6.407826318484e-03
  1.717399204129e-01 -8.227303417971e-03
  1.707530879639e-01 -1.108814117072e-02
  1.624793348116e-01 -1.041347611300e-02
  1.872085287611e-01 -9.344142496755e-03
  1.547018278901e-01 -2.318456209203e-03
  1.439658016832e-01 -4.649972372641e-03
  1.854301711640e-01 -8.718525220338e-03
  1.952197712582e-01 -2.872402467794e-03
  2.089316289235e-01 -3.682065063727e-03
  1.945948986645e-01 -8.624727258318e-03
  1.838402143289e-01 -5.127543416085e-03
  1.832517328301e-01 -6.416595827502e-03
  2.047131685813e-01 1.339484853871e-03
  1.951756401714e-01 -5.681419077121e-03
  1.961090792163e-01 6.458285906276e-03
  1.728781882444e-01 -5.260488462980e-03
  1.918031841738e-01 -5.155417852052e-03
  1.639254229722e-01 -1.953799149089e-03
  1.912512948966e-01 1.041191363267e-03
  9.365447516957e-02 4.066355756446e-03
  1.634854684648e-01 1.249159328874e-02
  1.603807450866e-01 -1.999011897438e-02
  1.559766277409e-01 -1.152354203725e-02
  1.589179203980e-01 -7.585453197866e-03
  1.548867011809e-01 -6.982138203282e-03
  1.575121301088e-01 -5.365112276495e-03
  1.519729862163e-01 -5.781749378996e-03
  1.554995107130e-01 -4.791186079726e-03
  1.537794967690e-01 -4.832460348317e-03
  1.595432523449e-01 -5.351824762887e-03
  1.545476174303e-01 -3.772561508045e-03
  1.524416688443e-01 -4.280121104999e-03
  1.556505030521e-01 -3.538781034271e-03
  1.567591175636e-01 -4.094187692044e-03
  1.576974495382e-01 -3.353733946816e-03
  1.586302365670e-01 -4.402321850440e-03
  1.587648313447e-01 -3.274968669716e-03
  1.604616380016e-01 -4.370167719437e-03
  1.614632699634e-01 -5.850471454989e-03
  1.555962862593e-01 -2.587260356690e-03
  1.640331331736e-01 -7.072383144780e-03
  1.624632363793e-01 -4.481278725490e-03
  1.605740110363e-01 -3.440181411600e-03
  1.636632415011e-01 -5.227978675238e-03
  1.500634499836e-01 -5.445250655402e-03
  1.511347709301e-01 -4.086294970559e-03
  1.542755920216e-01 -2.947630524017e-03
  3.660112341909e-02 -9.028765407682e-03
  -3.046013630528e-03 1.315836192422e-03
  1.887832292978e-01 1.155914724240e-03
  1.890103530828e-01 5.705966001205e-04
  5.430283680144e-01 7.816895383761e-02
  1.549529001057e-01 -3.039809324718e-03
  1.610781679965e+00 2.038369538596e+00
  1.928624985217e-01 -5.953146237484e-03
  4.706780413574e-02 2.983559143041e-02
  1.423509131093e-01 5.432976332191e-02
  1.424865467672e-01 3.912207069430e-02
  1.357999836565e-01 3.412135445265e-02
  1.521133077804e-01 3.685066183405e-02
  1.465531346497e-01 3.230450293619e-02
  1.405955188035e-01 3.196329861871e-02
  1.367660478233e-01 3.037791603581e-02
  1.432069951172e-01 2.938828995309e-02
  1.435920725874e-01 2.510276093894e-02
  1.445783343136e-01 2.493275034344e-02
  1.452531049464e-01 2.573359773282e-02
  1.474391481534e-01 2.460025784889e-02
  1.462705827083e-01 2.561647245520e-02
  1.460636233151e-01 2.656390237967e-02
  1.449071370048e-01 2.667418407641e-02
  1.456338814136e-01 2.746554437095e-02
  1.488034691518e-01 2.924295821305e-02
  1.442561279855e-01 2.586255571773e-02
  1.432433424429e-01 2.604223653160e-02
  1.426051765247e-01 2.527124533107e-02
  1.422566760500e-01 2.620903632148e-02
  1.412454251351e-01 2.634476760508e-02
  1.396533689474e-01 2.576787961035e-02
  1.417930679940e-01 2.702878928425e-02
  1.409008098912e-01 2.728758091464e-02
  1.416753952603e-01 2.811365073553e-02
  1.402795176477e-01 2.653097967370e-02
  1.399221198745e-01 2.746370384280e-02
  1.393299298127e-01 2.666744068215e-02
  1.429191315405e-01 2.731246485311e-02
  1.439242812550e-01 2.672137752830e-02
  1.406285256675e-01 2.559572625462e-02
  1.386899007357e-01 2.593564549303e-02
  1.471835665190e-01 2.744878744552e-02
  1.501348251796e-01 2.674033201489e-02
  1.481222484534e-01 2.618188840714e-02
  1.494363513212e-01 2.435348328255e-02
  1.483566640560e-01 2.446022364798e-02
  1.503266111904e-01 2.480148584098e-02
  1.496260164024e-01 2.522730646179e-02
  1.487259286036e-01 2.356019148104e-02
  1.383905902458e-01 2.683910594064e-02
  1.374264106458e-01 2.707774600848e-02
  1.381177148446e-01 2.777803916339e-02
  1.371522524795e-01 2.803335059279e-02
  1.364643906216e-01 2.731299970840e-02
  1.361775982268e-01 2.826245856092e-02
  1.378954007781e-01 2.888214409353e-02
  1.354950088337e-01 2.754467785007e-02
  1.352483314181e-01 2.853840061192e-02
  1.345288181100e-01 2.779557971196e-02
  1.342606046926e-01 2.888581994847e-02
  1.335503000717e-01 2.806683576632e-02
  1.332802398750e-01 2.903838092926e-02
  1.337824335502e-01 3.017691623554e-02
  1.325889302738e-01 2.829690410562e-02
  1.321413967220e-01 2.907791377149e-02
  1.315946030518e-01 2.843774540856e-02
  1.313335831903e-01 2.922532522244e-02
  1.319003820406e-01 3.021457354010e-02
  1.306409911608e-01 2.869744257665e-02
  1.309335120873e-01 2.770099036958e-02
  1.338457757910e-01 2.702921461347e-02
  1.367560330434e-01 2.634715304135e-02
  1.299473885511e-01 2.789527433396e-02
  1.296150465330e-01 2.884645920217e-02
  1.285748969843e-01 2.898601507910e-02
  1.292597601589e-01 2.979743534529e-02
  1.304197521158e-01 2.960871095816e-02
  1.300192778748e-01 3.075190044765e-02
  1.279722417048e-01 2.819387852331e-02
  1.276251582525e-01 2.907651302379e-02
  1.328764242061e-01 2.726036261880e-02
  1.357877753374e-01 2.656410444860e-02
  1.270256418840e-01 2.834646652742e-02
  1.390516455717e-01 2.744418555255e-02
  1.393255196788e-01 2.847574938248e-02
  1.470304564120e-01 2.633383491044e-02
  1.367902081469e-01 2.893600256922e-02
  1.359597414266e-01 2.912414356308e-02
  1.465220333597e-01 2.470836071130e-02
  1.390605429918e-01 2.984388648996e-02
  1.407202278752e-01 2.952032431925e-02
  1.351625765479e-01 2.972869316148e-02
  1.349194907739e-01 3.124216292565e-02
  1.405088145160e-01 2.817220183894e-02
  1.471972072041e-01 2.548336631495e-02
  1.267904976118e-01 2.910809039457e-02
  1.271551182639e-01 2.993830240927e-02
  1.260032872700e-01 2.975261352599e-02
  1.265913379621e-01 3.094607024700e-02
  1.250124815829e-01 2.899730632120e-02
  1.250194273005e-01 2.991858494288e-02
  1.281991123559e-01 2.991248484360e-02
  1.443569072904e-01 2.772831568791e-02
  1.459563256903e-01 2.892973310112e-02
  1.479801896752e-01 2.521493058344e-02
  1.528657542179e-01 3.065797580731e-02
  1.488200954644e-01 2.744070667740e-02
  7.304963112779e-02 2.915216080308e-02
  1.832197036698e-01 7.710659576874e-04
  4.211878190574e-02 -7.758998280401e-03
  6.734344961074e-01 -2.115668851748e-01
  1.551861116638e-01 1.924263419813e-02
  1.458983410150e-01 -2.070022798422e-03
  3.821205501906e-02 1.434510544817e-01
  1.522555674239e-01 -3.297925247658e-03
  1.193452311032e-01 -2.347387475451e-03
  1.410277331461e-01 2.044784540238e-03
  6.902429432946e-02 -4.684414785693e-03
  1.462102709451e-01 -4.489887339356e-02
  8.631809880679e-01 2.234687148190e+00
  3.921307328263e-02 4.861115605070e-04
  9.954711402763e-02 2.702584725057e-02
  2.464966615330e-02 2.848834824071e-02
  2.388259637787e-02 2.864137374136e-02
  2.451400389625e-02 2.937059757294e-02
  2.340973837843e-02 2.941356826820e-02
  2.270347067303e-02 2.774260169975e-02
  2.481864211354e-02 3.033504419482e-02
  2.179117314499e-02 2.756143321762e-02
  4.801101313491e-01 -1.797547211859e-02
  1.237767170592e-02 -1.135655072053e-02
  1.838626056189e-01 -6.793980367568e-03
  -7.328571514999e-01 4.933927413287e-01
  1.828307393907e-01 1.753360972353e-03
  -1.417000125812e+00 2.140134701859e+00
  7.802714614686e-02 3.162896990671e-03
  4.685140269410e-01 1.419311766410e-01
  1.627332014092e-01 1.375100324465e-02
  9.269392815566e-02 4.013761293059e-03
  1.326096988842e-02 2.030526856534e-02
  1.265583685155e-02 2.082908027754e-02
  1.193167801608e-02 2.147118260475e-02
  1.100124941727e-02 2.112419575979e-02
  1.116813888700e-02 2.212510188575e-02
  1.373800775450e-02 2.289063207390e-02
  1.364174886762e-02 2.382139288393e-02
  1.217962188017e-02 2.253411672888e-02
  1.088240146300e-02 2.008936999025e-02
  1.282862504645e-02 2.172583831980e-02
  1.082125031940e-02 1.903383375630e-02
  9.945939732166e-03 1.849805826407e-02
  1.023473104431e-02 2.180955946696e-02
  9.010192853458e-03 1.568977506309e-02
  1.005972541387e-02 2.074764549110e-02
  9.949442579631e-03 1.743641334694e-02
  9.072200654785e-03 1.796515026555e-02
  9.062129013330e-03 1.689077190128e-02
  8.194188646499e-03 1.746387911197e-02
  8.204133318585e-03 1.849309200511e-02
  7.335369910321e-03 1.800711617365e-02
  7.356762572344e-03 1.900825676184e-02
  6.485642913901e-03 1.853794900062e-02
  6.510412488738e-03 1.953519291466e-02
  6.454689505718e-03 1.753652339513e-02
  8.171263945690e-03 1.955325396235e-02
  8.133901569188e-03 1.639820688947e-02
  7.957593009653e-03 1.535942173493e-02
  7.246109205777e-03 1.598128529245e-02
  7.087265428299e-03 1.496126646611e-02
  6.336200439425e-03 1.555909496596e-02
  9.964031276622e-03 1.961946774765e-02
  8.995785806390e-03 2.033488627241e-02
  9.976642655703e-03 1.634769899232e-02
  6.408886700172e-03 1.653800064492e-02
  7.295524256279e-03 1.698750191793e-02
  9.069580530090e-03 1.896670616190e-02
  6.248463852307e-03 1.469990727715e-02
  5.476281643520e-03 1.510982443990e-02
  5.289659733537e-03 1.233476847882e-02
  5.547869042372e-03 1.401214721338e-02
  4.626554018987e-03 1.460380435000e-02
  4.635869062669e-03 1.561258998974e-02
  3.763546822580e-03 1.513279008553e-02
  3.788944041780e-03 1.613701938130e-02
  2.901671464571e-03 1.565944882835e-02
  2.933862583982e-03 1.466272483842e-02
  2.038953205590e-03 1.514610354337e-02
  5.610026325022e-03 1.807074753035e-02
  4.684787216821e-03 1.661507296470e-02
  4.561018410060e-03 1.365256134178e-02
  5.986980620859e-03 1.304185634331e-02
  4.558491245349e-03 1.165878021828e-02
  4.328411820972e-03 1.269944344231e-02
  3.579627075056e-03 1.191089268841e-02
  3.288485109869e-03 1.283243856243e-02
  2.593363971718e-03 1.215567377639e-02
  2.306550762967e-03 1.312515564388e-02
  2.881273864304e-03 1.117521833896e-02
  1.899902881420e-03 1.144580697328e-02
  2.195595706757e-03 1.043318638616e-02
  1.198051292307e-03 1.073501520459e-02
  1.470734643144e-03 9.743409984483e-03
  4.789128400920e-04 1.004439301450e-02
  2.205560174477e-04 1.101342433245e-02
  -4.905484813240e-04 1.031140085428e-02
  -7.472489515682e-04 1.127978322559e-02
  -4.007533511486e-05 1.198030805354e-02
  -9.970883145995e-04 1.224480146207e-02
  -2.376614146637e-04 9.347771697553e-03
  -1.202303589186e-03 9.609416828382e-03
  -2.341024459711e-03 3.616962780035e-03
  -9.557329938178e-04 8.651134585232e-03
  -1.913444706109e-03 8.906383523871e-03
  -1.677765081391e-03 7.964483235963e-03
  -2.624397223299e-03 8.204058944424e-03
  -2.369159906953e-03 7.265509201291e-03
  -3.330512428528e-03 7.500093930785e-03
  -3.054202338100e-03 6.554284180129e-03
  -4.034275337465e-03 6.793323208149e-03
  -1.441119787338e-03 7.092456786844e-03
  -1.104772780291e-03 4.672673361650e-03
  -5.874640216753e-04 5.521199591169e-03
  -1.645256716085e-03 5.505355638979e-03
  -2.666750897498e-05 8.407945564111e-03
  2.116097359720e-03 1.413117397812e-02
  3.854858727446e-03 1.091916274197e-02
  -3.193194910538e-03 3.172260445737e-03
  -4.020463266880e-03 2.657676767063e-03
  -3.751188647249e-03 5.853215867447e-03
  -4.737245799861e-03 6.093820412483e-03
  -4.079582706150e-03 3.637343223689e-03
  -4.921539716875e-03 3.143223881038e-03
  -4.471805119110e-03 5.149035493314e-03
  -3.448010257662e-03 4.942659000871e-03
  -3.886857100403e-03 1.649743122953e-03
  -3.676016383541e-03 6.867385189527e-04
  5.569502547786e-03 1.707451289048e-02
  3.801256634870e-03 1.419108208021e-02
  4.044732300912e-04 5.640114977990e-03
  -1.560418982910e-04 6.390739955368e-03
  8.373771308870e-04 6.556880133641e-03
  1.835041674163e-04 7.380873885871e-03
  -2.704971615027e-03 5.637813461947e-03
  -1.456140709902e-03 1.057526554160e-02
  -3.585323769050e-03 8.460842453955e-03
  -2.877184275091e-03 9.166405120043e-03
  -3.851540451333e-03 9.439831868082e-03
  -2.167430122108e-03 9.870882516044e-03
  7.139854795828e-04 9.099810979881e-03
  1.694548593353e-03 8.825908171621e-03
  9.289925164703e-04 1.171500015909e-02
  6.675251647239e-04 1.269220422656e-02
  1.629507413028e-03 1.243047658428e-02
  1.380709180871e-03 1.344901872650e-02
  2.548004083291e-03 9.321390633111e-03
  5.518587935065e-03 1.608484931595e-02
  -2.055477529842e-03 6.374212125217e-03
  -2.276054123318e-03 4.628588892972e-03
  -7.649501316527e-04 7.746384684932e-03
  3.054701147818e-03 1.372000024010e-02
  -3.173079050026e-03 4.091165192176e-03
  1.366817706601e-02 2.198608533896e-02
  9.183188751944e-04 8.222887932216e-03
  -1.092879923174e-03 6.310896358192e-03
  7.712149432480e-03 1.435484892051e-02
  -1.566129860143e-03 3.940025647831e-03
  1.308836800086e-02 2.248488674495e-02
  1.289162834685e-02 2.324691857416e-02
  1.275159741178e-02 2.420310660184e-02
  3.854556545275e-03 1.339261540308e-02
  1.882884248767e-01 -1.528414989792e-03
  8.563933095937e-02 2.885733389732e-02
  9.007661711461e-04 -5.442285416993e-03
  7.949532791291e-02 3.053882624991e-02
  1.452099468732e-01 -2.760229607291e-03
  1.439983406265e-01 -2.345844725027e-03
  1.443423686937e-01 -3.476583875757e-03
  1.512340716578e-01 2.791506165372e-02
  1.525151860319e-01 2.625226534577e-02
  1.511924360980e-01 2.610624508599e-02
  1.519339693381e-01 2.484109224161e-02
  1.510218225731e-01 2.447825122554e-02
  1.513484795942e-01 2.371032543719e-02
  1.509665321077e-01 2.518898131599e-02
  1.356182308715e-01 7.722784784386e-04
  1.709274203814e-01 -3.033360633775e-03
  1.051524361460e-01 2.699635364548e-02
  9.668165790131e-02 -3.862324527637e-03
  9.776310774383e-02 -5.422545910482e-03
  2.105747964742e-04 6.107600747369e-02
  -7.374863379776e-03 3.129070256858e-02
  4.475415787398e-03 3.288347629638e-02
  -1.342032159701e-02 2.054704034183e-02
  -3.413441908292e-03 2.463994027248e-02
  2.938787203976e-03 1.666995454248e-02
  2.007123480251e-02 5.650575613355e-02
  2.074040713642e-02 4.456518972923e-02
  2.667381893542e-02 3.950547758656e-02
  2.076881430982e-02 3.730422419292e-02
  3.514995005439e-02 4.010996792920e-02
  3.109905094884e-02 3.695881334852e-02
  2.491832669684e-02 3.603999890663e-02
  3.920451573037e-02 4.531452196815e-02
  3.912938168163e-02 4.023581817805e-02
  4.080676948689e-02 3.618209158635e-02
  4.140109282372e-02 3.715951014113e-02
  4.235525032563e-02 3.689281428020e-02
  4.221180472752e-02 3.797474706040e-02
  3.700114767266e-02 3.680338567668e-02
  4.038743567640e-02 3.711293347628e-02
  3.985567688417e-02 3.631503786888e-02
  3.934009267551e-02 3.766285719422e-02
  3.916611018209e-02 3.452273635522e-02
  3.822772456403e-02 3.439458631118e-02
  3.856329622554e-02 3.530905170197e-02
  3.763386241480e-02 3.515925247465e-02
  3.725474636931e-02 3.427758633465e-02
  3.667919996703e-02 3.503422678074e-02
  3.627361437441e-02 3.417790716694e-02
  3.568146601434e-02 3.496356619475e-02
  3.312107192546e-02 3.277861035368e-02
  3.526730796444e-02 3.409975091047e-02
  3.466392527278e-02 3.483855567596e-02
  3.496342789200e-02 3.573054661293e-02
  3.233046076891e-02 3.350370069621e-02
  3.134294070082e-02 3.321268441871e-02
  3.399669101667e-02 3.546823476250e-02
  3.362940463864e-02 3.469367209442e-02
  3.158326267183e-02 3.415839320997e-02
  3.060290698000e-02 3.387475540301e-02
  3.305827745625e-02 3.551203566817e-02
  3.401718099436e-02 3.200642649260e-02
  3.406512714295e-02 3.304440085454e-02
  3.389453176466e-02 3.651641720305e-02
  3.251005147937e-02 3.457397126423e-02
  3.214198885178e-02 3.541998054207e-02
  3.083004815532e-02 3.481290313803e-02
  2.992210044481e-02 3.458092081332e-02
  2.966372978892e-02 3.363125341071e-02
  2.896911691487e-02 3.431189570797e-02
  2.928575394583e-02 3.530010963621e-02
  2.867310371075e-02 3.331956446564e-02
  2.800631908999e-02 3.400472532430e-02
  2.772771969290e-02 3.297150744918e-02
  2.703351516146e-02 3.371222190404e-02
  2.734671391411e-02 3.471089392320e-02
  2.674494605461e-02 3.267952501778e-02
  2.602641794625e-02 3.347527848278e-02
  3.795497639683e-02 3.604305398872e-02
  2.740960276653e-02 3.194272160124e-02
  3.329453963008e-02 3.376972531364e-02
  4.217747684272e-02 4.130900270757e-02
  4.450600181339e-02 3.946239577946e-02
  4.851457081779e-02 4.182788058487e-02
  4.722317691425e-02 3.842621539626e-02
  4.348271521324e-02 3.805008728613e-02
  4.537981834618e-02 3.777097638426e-02
  4.435262134254e-02 3.707201176879e-02
  2.856400408647e-02 3.222564056834e-02
  4.026987557281e-02 3.536636267928e-02
  3.688595077733e-02 3.338561569614e-02
  3.029949328819e-02 3.286057021565e-02
  3.786689137339e-02 3.347450923014e-02
  3.616289000218e-02 3.585286866481e-02
  3.544290916985e-02 3.678197660462e-02
  4.277774072165e-02 3.604228049039e-02
  4.329291596978e-02 3.689799207583e-02
  4.481672667095e-02 3.602655914927e-02
  4.551991324578e-02 3.678206870212e-02
  4.651907214748e-02 3.657818391976e-02
  3.592401292069e-02 3.327701334736e-02
  3.091642320065e-02 3.946606970783e-02
  3.429207718671e-02 3.397567976083e-02
  2.577683186511e-02 3.249396087532e-02
  2.504818893277e-02 3.312901810109e-02
  2.535869949384e-02 3.167245538824e-02
  4.632948848167e-02 3.756138264135e-02
  4.730233856701e-02 3.723749045133e-02
  4.819830173692e-02 3.784048378488e-02
  4.818363488818e-02 3.657364176457e-02
  4.909304978797e-02 3.717491031822e-02
  4.922430816924e-02 3.840867810146e-02
  5.004186056753e-02 3.763327072318e-02
  5.030909230505e-02 3.870571922572e-02
  5.106786133028e-02 3.804625753776e-02
  5.164103752222e-02 3.957990988440e-02
  4.915468290615e-02 3.620807276174e-02
  5.085692234407e-02 3.702312195072e-02
  5.178855475948e-02 3.731543600466e-02
  5.162777981406e-02 3.636173690443e-02
  4.820449926367e-02 3.931048364420e-02
  5.256002499376e-02 3.666414289813e-02
  5.335817148309e-02 3.610273359694e-02
  5.346568226234e-02 3.698325861593e-02
  4.994811839010e-02 3.668538625238e-02
  4.599826063266e-02 3.867969957302e-02
  3.469968978125e-02 3.247689231054e-02
  4.680256233033e-02 3.570494302284e-02
  3.110758471074e-02 3.232602083675e-02
  4.099741373374e-02 3.866828681123e-02
  3.782739629373e-02 3.833173146907e-02
  3.601443902202e-02 3.797588397884e-02
  4.935627740850e-02 3.536481063605e-02
  2.623862192322e-02 3.470524582282e-02
  5.085084316477e-02 4.632066045385e-02
  5.678342436248e-02 4.423037098685e-02
  6.463886439712e-02 4.707312502925e-02
  6.170673182127e-02 4.254070846037e-02
  5.177902182586e-02 4.256882168835e-02
  5.394726067162e-02 4.081750151326e-02
  5.306156859262e-02 3.890237858206e-02
  5.204907043724e-02 3.829323510621e-02
  5.830926921916e-02 4.065154170464e-02
  5.616322464351e-02 3.833785374226e-02
  6.075476033166e-02 4.016248334882e-02
  6.277091539358e-02 3.772804963717e-02
  6.027627862824e-02 3.662389208790e-02
  5.956079351458e-02 3.574463091472e-02
  5.923042911459e-02 3.672982347271e-02
  5.990006348200e-02 3.756727180951e-02
  5.890533641477e-02 3.766659961986e-02
  5.826246001803e-02 3.693053144665e-02
  5.796647710553e-02 3.784500195107e-02
  5.728407091470e-02 3.713417540493e-02
  5.952634703848e-02 3.847353318403e-02
  6.196208244179e-02 3.799095368364e-02
  6.265236233512e-02 3.869978049377e-02
  6.041815848809e-02 3.829381143491e-02
  6.106596954661e-02 3.754757294414e-02
  5.841071549650e-02 3.586249861965e-02
  5.598278181948e-02 4.044159059585e-02
  5.866539798858e-02 3.844602553894e-02
  5.780485885105e-02 3.890057501126e-02
  5.275781559753e-02 3.768545118320e-02
  5.703337762921e-02 3.801175971673e-02
  5.631509975518e-02 3.736488461328e-02
  5.542725678772e-02 3.774351179731e-02
  5.551163509199e-02 3.676215463861e-02
  5.656049678340e-02 3.633126302263e-02
  5.449559104601e-02 3.712787452697e-02
  5.467272858959e-02 3.814119999789e-02
  5.548563328600e-02 3.570744190498e-02
  5.367291822787e-02 3.796660801715e-02
  5.556249437395e-02 3.886573357494e-02
  5.445238589096e-02 3.917008398671e-02
  5.138725089289e-02 3.545497176079e-02
  3.891059952179e-02 3.629067980495e-02
  3.023617162506e-02 3.569745948323e-02
  3.133007842270e-02 3.570938636368e-02
  5.917440550006e-02 3.932849145002e-02
  3.820684251210e-02 3.702634162673e-02
  4.657003748367e-02 4.023958156057e-02
  2.904880207960e-02 3.677787198825e-02
  2.709861015607e-02 3.608807368796e-02
  3.657666405096e-02 3.245437047456e-02
  4.965875223285e-02 3.994345333010e-02
  3.709067541198e-02 3.578202253960e-02
  4.731899415021e-02 3.638493753875e-02
  3.497583543725e-02 3.322036299764e-02
  5.407617884279e-02 3.642738312781e-02
  4.443028917884e-02 3.808886780466e-02
  3.944671068408e-02 3.542872588663e-02
  5.641914137056e-02 3.541870895606e-02
  2.919415751423e-02 7.341672912399e-02
  4.857168673852e-02 3.554219179787e-02
  4.267524727451e-02 3.910212994529e-02
  3.040549026570e-02 3.200277730319e-02
  2.829255268341e-02 3.519892837798e-02
  5.757560233325e-02 3.636557632022e-02
  5.476996510173e-02 3.632710730170e-02
  1.862330647444e-01 1.949574807184e-03
  3.236948043479e-02 3.634736802142e-02
  3.284374872875e-02 3.795548550873e-02
  3.465079191946e-02 3.785235821463e-02
  5.671130631096e-02 3.934178001516e-02
  -2.579706644691e-02 -1.669342560658e+00
  -2.932896901681e-02 -1.988343041029e+00
  1.741735018690e-01 -6.452878666350e-03
  7.973460571058e-02 4.667575091272e-02
  7.652881538640e-02 4.369204108972e-02
  7.202912452736e-02 4.169736475361e-02
  7.502524427666e-02 3.823856128268e-02
  7.472548276653e-02 3.729951702979e-02
  7.405411434052e-02 3.802629246494e-02
  7.374370318694e-02 3.710605268684e-02
  7.310400964891e-02 3.784117274876e-02
  7.277008522530e-02 3.691388645617e-02
  7.210954568302e-02 3.765720026387e-02
  7.178957417948e-02 3.671953832090e-02
  7.113011189129e-02 3.745505753914e-02
  7.080517024252e-02 3.652340349140e-02
  7.015159619365e-02 3.724138791267e-02
  6.983359422796e-02 3.633767276256e-02
  6.920651574563e-02 3.708465098079e-02
  6.956507780278e-02 3.795745967385e-02
  6.857830430786e-02 3.781844303079e-02
  6.523597084385e-02 3.663664332860e-02
  6.477170109194e-02 3.742290983824e-02
  6.569303782032e-02 3.744772849212e-02
  6.527672615505e-02 3.836818041677e-02
  6.908939092837e-02 3.863574274366e-02
  6.804153931920e-02 3.856882829007e-02
  6.608751257769e-02 3.666859984856e-02
  7.145418806457e-02 3.579551022426e-02
  6.762308201756e-02 3.746718656855e-02
  7.340300093214e-02 3.880829888128e-02
  6.352032568167e-02 3.841827192419e-02
  6.330657064600e-02 3.949007939788e-02
  7.138665966414e-02 3.866715135122e-02
  7.007922102357e-02 3.890351195358e-02
  6.712195101766e-02 3.578867854386e-02
  6.632321858535e-02 3.531295693442e-02
  6.782312225655e-02 3.643265651419e-02
  7.046253331508e-02 3.804491368609e-02
  7.341952180287e-02 3.617405579317e-02
  7.439608651171e-02 3.635932911696e-02
  6.882728247694e-02 3.613593176077e-02
  7.406129049379e-02 3.542190384742e-02
  7.110968794816e-02 3.487713233916e-02
  7.244785830766e-02 3.598802386628e-02
  7.210722638135e-02 3.505863307048e-02
  7.047944590486e-02 3.560955074088e-02
  6.954604376760e-02 3.544757545262e-02
  7.248511644838e-02 3.852544759789e-02
  7.236102247234e-02 3.954545662657e-02
  7.377397288754e-02 3.984316675721e-02
  6.371085866072e-02 3.736632649359e-02
  6.565013765734e-02 3.584324472641e-02
  6.661147931337e-02 3.746071109695e-02
  6.699219101035e-02 3.836964848998e-02
  6.733436719589e-02 3.952649012247e-02
  6.436096382508e-02 3.905207555364e-02
  6.525973335088e-02 3.941228896122e-02
  7.624040544091e-02 5.374529604664e-02
  6.618219247695e-02 3.908098625305e-02
  8.603361946199e-02 4.628674365438e-02
  6.694505391795e-02 3.663720296350e-02
  6.840797727160e-02 3.699960490403e-02
  7.100630443886e-02 3.974283484182e-02
  6.923463222585e-02 4.008753481150e-02
  6.862832722103e-02 4.291606320696e-02
  6.510905461812e-02 4.219846898609e-02
  6.599014372857e-02 4.022575583222e-02
  6.759209930634e-02 4.089255250976e-02
  6.282205448015e-02 4.077315931078e-02
  6.447475344147e-02 4.019197134031e-02
  9.195018604342e-02 3.659879296225e-02
  5.654600816245e-02 -7.252483150296e-03
  8.273582545620e-02 3.097139741624e-02
  1.129636080216e-01 3.358242285906e-02
  2.191631681693e-02 -8.242377550093e-03
  5.069677986391e-02 3.614504470601e-02
  1.576877797555e-01 -4.290138110530e-03
  7.524005707088e-02 3.927801698279e-02
  7.429927790155e-02 3.883886727378e-02
  4.497097806388e-02 3.091035547106e-02
  1.316342681938e-01 -1.322308214340e-04
  1.343477770854e-01 -2.500288635029e-03
  1.339108787059e-01 -3.571347884975e-03
  1.849266555196e-03 8.071454601651e-03
  7.562599861640e-02 2.982028008074e-02
  1.503288037834e-01 2.570881703408e-02
  2.110967219841e-01 -2.822152517907e-03
  3.822375961245e-02 3.484944765399e-04
  2.357176735435e-02 2.783614253925e-02
  2.298314774927e-02 2.860695570308e-02
  2.240935002689e-02 2.937594300728e-02
  2.204644020963e-02 2.848216941143e-02
  2.147142300524e-02 2.924538653119e-02
  2.098738942398e-02 2.827650878722e-02
  2.005484420455e-02 2.771524767705e-02
  2.002318578177e-02 2.863948916840e-02
  1.981310822392e-02 2.675461665209e-02
  1.907929299913e-02 2.746865308542e-02
  1.848967214063e-02 2.594833214189e-02
  1.769340879554e-02 2.563207833381e-02
  1.699435884504e-02 2.625316226870e-02
  1.606378202122e-02 2.599636185768e-02
  1.632143318101e-02 2.693300878391e-02
  1.583941640384e-02 2.500702895328e-02
  1.517587550038e-02 2.571228840414e-02
  1.440918309875e-02 2.438648654935e-02
  1.889950064394e-02 2.663875672242e-02
  1.818401472075e-02 2.725820066471e-02
  1.841519745480e-02 2.820866595359e-02
  1.725335347351e-02 2.711502976653e-02
  1.667676993842e-02 2.797391070604e-02
  1.791905143657e-02 2.647425998301e-02
  1.504419018134e-02 2.490606047545e-02
  1.433828463194e-02 2.536147089133e-02
  1.446618257801e-02 2.631059530559e-02
  1.537495945026e-02 2.662985152985e-02
  1.465716724047e-02 2.723425792534e-02
  1.352214396772e-02 2.482051876205e-02
  1.260189258233e-02 2.521968203754e-02
  1.041630081144e-02 2.280869607312e-02
  9.488788236040e-03 2.251666378709e-02
  9.696827024381e-03 2.349346633254e-02
  1.059754554539e-02 2.377746187005e-02
  9.906705522516e-03 2.445564553859e-02
  1.186063691169e-02 2.456490413946e-02
  1.165789131699e-02 2.551531021973e-02
  9.276979837322e-03 2.149503462998e-02
  8.542035111135e-03 2.224152055308e-02
  8.053254755136e-03 2.045379423163e-02
  1.343571599833e-02 2.600066484372e-02
  1.205787502434e-02 2.360382326453e-02
  1.089337039044e-02 2.478585477465e-02
  1.076401011946e-02 2.581502371053e-02
  1.237849035768e-02 2.620625415146e-02
  8.756959030564e-03 2.321831818148e-02
  7.806857122648e-03 2.291608757645e-02
  8.993926686049e-03 2.414456617903e-02
  9.157848126082e-03 2.518843999855e-02
  7.340582148898e-03 2.002327804299e-02
  6.546524495638e-03 2.055223144892e-02
  5.676653688902e-03 2.007935321038e-02
  5.745740198096e-03 2.110470695434e-02
  6.647395730153e-03 2.155109381532e-02
  7.599366591236e-03 2.194905057116e-02
  6.858147830451e-03 2.257670469537e-02
  7.108453266265e-03 2.357779268319e-02
  5.637460988976e-03 1.907427740916e-02
  4.791138738114e-03 1.960438928891e-02
  4.757732104714e-03 1.860219253390e-02
  3.906080257796e-03 1.913179226169e-02
  3.871402060929e-03 1.813118363402e-02
  4.849023276999e-03 2.063115261222e-02
  4.942360317882e-03 2.170683369332e-02
  5.907370225929e-03 2.218360551901e-02
  8.040782303788e-03 2.384150899591e-02
  7.444567384947e-03 2.460205705767e-02
  4.721849569872e-03 1.760460072659e-02
  3.834690946842e-03 1.713576819105e-02
  2.985347777090e-03 1.766756859448e-02
  2.089423213236e-03 1.719572089473e-02
  2.050920304156e-03 1.618647537380e-02
  1.152294852458e-03 1.565438052695e-02
  4.117427688591e-04 1.364078517147e-02
  3.020520359234e-03 1.866212448666e-02
  4.014429628659e-03 2.119058594980e-02
  3.055843707622e-03 1.966792541702e-02
  2.168675319063e-03 1.919015750868e-02
  3.953358769996e-03 2.015449405861e-02
  1.077119601036e-03 1.451105287902e-02
  2.507181921525e-04 1.518986404638e-02
  2.835765432297e-04 1.619433075961e-02
  1.189134521095e-03 1.670455156673e-02
  3.275922964675e-04 1.721298239732e-02
  -3.031711250986e-04 1.292857530710e-02
  -1.211051528822e-03 1.320376588844e-02
  -1.923390417547e-03 1.252166580024e-02
  -2.102522294479e-03 1.350874795963e-02
  -5.759796548044e-04 1.566167792377e-02
  -2.432778525287e-03 1.085857087540e-02
  -5.819358243261e-04 1.472954217853e-02
  -1.715767901569e-03 1.157055211062e-02
  -3.142722559742e-03 1.014315869032e-02
  -4.137767506829e-03 1.045146520569e-02
  -3.396480424344e-03 1.108666652997e-02
  -4.343168781911e-03 1.143381352373e-02
  -2.747730782576e-03 1.193885085355e-02
  2.127394444112e-03 1.819387964054e-02
  1.229893346959e-03 1.771278420603e-02
  3.726560687153e-04 1.823567989383e-02
  8.335242771074e-03 2.129160379797e-02
  -4.854895262165e-04 1.384202683313e-02
  -1.346153710611e-03 1.415571135987e-02
  -2.257696610266e-03 1.452483178101e-02
  -1.426848770686e-03 1.512261933316e-02
  -1.443339530207e-03 1.613803992449e-02
  -5.646258301645e-04 1.669121766791e-02
  -1.418480691879e-03 1.715542104280e-02
  7.412988809064e-03 2.100287586683e-02
  1.011304489936e-02 2.529012355130e-02
  9.859043572909e-03 2.608224059261e-02
  1.129673616248e-02 2.310857498944e-02
  1.563085618121e-04 1.439340341198e-02
  1.762975350509e-02 2.784277381374e-02
  1.747318114388e-02 2.868716554286e-02
  1.721084406430e-02 1.748808132641e-01
  -2.156584033362e-02 1.723865483515e-01
  1.261180492502e-01 -3.572594852396e-03
  9.163976530764e-02 3.573350649934e-02
  1.487921889865e-01 2.524544652277e-02
  1.492316640105e-01 2.603484675372e-02
  5.166121028035e-03 1.312039269218e-02
  1.840215420191e-01 8.729824387334e-04
  1.843975525255e-01 1.486185990475e-03
  5.200253743604e-02 -6.934076637222e-02
  1.748587929997e-02 -6.939360921995e-03
  4.116281932025e-02 -8.626001924712e-03
  6.028002458670e-02 3.905197981613e-02
  6.132054805350e-02 3.881201295792e-02
  8.928274687136e-02 3.735897701833e-02
  -1.699630722505e-01 -2.410508970138e-02
  1.462267066635e-01 2.225260938297e-02
  1.615262005893e-01 1.293461260473e-02
  1.560692978775e-01 1.480957810835e-03
  1.948434044465e-01 -4.220591228704e-03
  9.954380237771e-02 -2.616879365458e-01
  1.321289502275e-01 1.029754174064e-03
  1.122274218658e-01 2.665170410311e-02
  -1.274544413728e-01 1.512284547882e-01
  2.361768100720e+00 -2.252278118792e+00
  3.001689240603e+00 -7.450928447570e-01
  1.580151250964e-01 1.852586960151e-02
  1.574593613282e-01 1.798154162915e-02
  1.471234304837e-01 3.840367990782e-03
  1.595439780764e-01 -4.274654267864e-03
  1.000874659889e-02 -1.237755772773e-02
  9.664381528297e-03 -1.364079031080e-02
  7.700691120233e-03 -1.384441170210e-02
  5.934092567658e-03 -1.337948259813e-02
  2.614859160316e-03 -1.428887728841e-02
  7.366708796963e-02 -4.375870491989e-03
  7.308699673256e-02 -3.571219242820e-03
  7.205430843302e-02 -3.568467699020e-03
  2.935940618748e-02 3.285913908836e-02
  5.885249034808e-02 -5.583855906811e-03
  -1.860529332363e-01 5.106125624140e-01
  -1.889558386816e-01 6.443048094707e-01
  1.382101211121e+00 -7.215068800205e-02
  2.041669058163e+00 -5.091942578673e-01
  1.258819520730e-01 -1.415397080037e-03
  1.886688313649e-01 6.758398747182e-05
  1.874758581404e-02 -6.024847394910e-03
  1.797477606562e-01 -7.587763944285e-03
  3.194263058697e-02 -5.054267220312e-03
  7.528238567413e-02 4.088651672395e-02
  7.725166187918e-02 4.098845302015e-02
  2.005902044374e-01 -3.285028214893e-03
  9.966589917021e-02 3.666749127848e-02
  2.031685989235e-01 -1.614564528313e-03
  1.050549274209e-01 3.693491448642e-02
  1.066473403889e-01 3.932623340967e-02
  8.524501002148e-03 1.481695875733e-02
  9.221919027128e-02 3.246492814787e-03
  6.432811508289e-02 3.812555284529e-02
  6.934850614345e-02 3.202576675547e-02
  1.223675030422e-01 -3.631654211689e-02
  2.173355252349e-02 2.674389591852e-02
  -1.276059731366e+00 -2.006959847180e+00
  5.341023558408e-02 3.530712328721e-02
  6.876740654521e-02 3.528619821419e-02
  1.143589376656e-01 2.439861679510e-02
  1.191184283751e-01 -1.584208329493e-01
  3.346941218769e-02 4.732285620987e-04
  1.920426176428e-01 8.769182194237e-04
  1.649091995047e-01 -2.007418044347e-03
  6.615112535521e-02 3.814545094978e-02
  3.723885656178e-02 2.550652461768e-04
  1.614965331861e-01 -4.592130369683e-03
  1.847131833557e-01 -4.872309323974e-03
  2.255353305482e-01 -2.374036934994e-01
  3.112543337057e-02 -1.005659538321e-02
  3.087931547206e-02 -1.131731515666e-02
  7.702976757983e-02 3.129700342540e-03
  1.420500008457e-01 4.068510898796e-03
  1.976275556255e-01 -1.050614971965e-02
  1.984058989599e-01 -1.158682726727e-02
  1.985750904634e-01 -1.048433088741e-02
  7.277865966528e-02 1.405801978046e-01
  1.607011593691e-01 1.328007075853e-02
  1.467703028339e-01 8.926442714409e-04
  -4.145850550752e-03 4.466942078856e-03
  7.983161697815e-02 3.940813760783e-02
  9.273180373572e-02 5.174213332798e-02
  2.068221828861e-02 -8.688373932621e-03
  4.287466315850e-02 3.749824377999e-02
  3.994113285052e-02 3.466729006621e-02
  1.920371007228e-01 1.395819022404e-01
  1.394881628905e-01 -2.402247451600e-03
  1.020124842491e-01 -8.423987707713e-02
  6.190137053959e-02 -5.167452272953e-03
  2.495176041138e-02 3.233416822609e-02
  2.420784768982e-02 3.267274713822e-02
  2.173580323665e-02 3.026789100721e-02
  2.413345324009e-02 3.356816941141e-02
  2.324004863237e-02 3.314375778851e-02
  2.335386483051e-02 3.211170144538e-02
  2.433931291074e-02 3.169397147795e-02
  2.334557450183e-02 3.106097492837e-02
  2.259306756383e-02 3.159291211236e-02
  2.284803214255e-02 3.020366319026e-02
  2.500049534278e-02 3.423928893775e-02
  2.427011712647e-02 3.086732167964e-02
  2.385317426814e-02 3.022218056700e-02
  2.233455244336e-02 3.088142136352e-02
  2.163974937857e-02 3.146479597084e-02
  1.031262151773e-01 3.714380882440e-02
  1.237409800561e-01 4.326148985601e-02
  1.248026821448e-01 3.729017372806e-02
  1.223158355391e-01 3.420883797124e-02
  1.193745595706e-01 3.163613252126e-02
  1.190348689401e-01 3.253560327413e-02
  1.199151401236e-01 3.238278819977e-02
  1.204234152656e-01 3.147083242853e-02
  1.195982616181e-01 3.388108374359e-02
  1.197186044620e-01 3.070742723718e-02
  1.248857554490e-01 3.401950395547e-02
  1.236670499448e-01 3.227165062354e-02
  1.200395240683e-01 2.977170212856e-02
  1.207162783283e-01 3.053731250081e-02
  1.216821815926e-01 3.035575196062e-02
  1.219893032298e-01 2.940120379799e-02
  1.226434386609e-01 3.015541225078e-02
  1.223045978883e-01 3.110195412436e-02
  1.210035441989e-01 3.259323416582e-02
  1.229661022991e-01 2.920827444665e-02
  1.235999261885e-01 2.989823762878e-02
  1.235112423468e-01 3.086003980034e-02
  1.245349949316e-01 3.129588663537e-02
  1.257562162837e-01 3.221721458799e-02
  1.278337126620e-01 3.431350089823e-02
  1.315369859081e-01 3.398725134430e-02
  1.277869113702e-01 3.095901054216e-02
  1.180724344136e-01 3.302458817964e-02
  1.178949596655e-01 3.473864038104e-02
  1.214101821450e-01 3.138669948423e-02
  1.222337114875e-01 3.228731761740e-02
  1.289311677504e-01 3.217224497741e-02
  1.288392459021e-01 3.071861523122e-02
  1.311148867323e-01 3.180865856305e-02
  1.331756937769e-01 3.192515284355e-02
  1.162036910903e-01 3.534944979034e-02
  1.243581481400e-01 3.043489996675e-02
  1.253772353147e-01 3.076087831766e-02
  1.171231988256e-01 3.257655723766e-02
  1.243626083245e-01 2.966159387508e-02
  1.176250467122e-01 3.203013826607e-02
  1.273798692057e-01 3.212160825056e-02
  -1.627166885311e-02 -1.903200328876e-02
  -1.076641113609e-02 -1.101265514816e-02
  -5.336960963604e-03 -1.217616796599e-02
  -1.527807441659e-02 -3.543884102750e-03
  -4.573568960809e-03 9.116942764020e-04
  -9.738147710314e-03 -4.070798598241e-03
  -4.289273400876e-03 -8.633983915789e-05
  -5.224717815197e-03 1.194280810997e-04
  -4.062968704315e-03 -3.746126608983e-03
  -4.636545730132e-03 -4.557984470674e-03
  -5.058656720933e-03 -3.662731746621e-03
  -5.633297548724e-03 -4.481209251541e-03
  -5.208439004607e-03 -5.380800646545e-03
  -6.203643037363e-03 -5.302823308890e-03
  -6.014486063733e-03 -3.597212746196e-03
  -5.573578021588e-03 1.091051557992e-03
  -6.204106048386e-03 2.782492296128e-04
  -6.563488820110e-03 1.170327832670e-03
  -7.154485616759e-03 3.873544294934e-04
  -7.570756934458e-03 1.296929433544e-03
  -6.843764564284e-03 -4.991099443861e-04
  -7.760689506089e-03 -3.831318927128e-04
  -7.480935728614e-03 -1.279860000305e-03
  -8.437800318309e-03 -1.132313271794e-03
  -5.454727486940e-03 -2.790869875597e-03
  -8.101993531529e-03 -2.066021751593e-03
  -9.234390120729e-03 -1.892671504624e-03
  -9.530410506435e-03 -8.422203213332e-04
  -4.891559860374e-03 -8.372268788758e-04
  -3.837322692750e-03 -2.043292286333e-03
  -7.046764845501e-03 -2.263578113652e-03
  -7.794022478339e-03 -3.062464484288e-03
  -6.033453011561e-03 1.986585608411e-03
  -4.955824265656e-03 2.024329089667e-03
  -1.347387086207e-02 -6.990177505401e-03
  -4.204249939613e-03 -5.454292041766e-03
  -4.781860789865e-03 -6.282930240391e-03
  -3.773908549557e-03 -6.361727657453e-03
  -4.369400500209e-03 -7.186923445732e-03
  -5.352252710508e-03 -7.086539200022e-03
  -3.403026925396e-03 -7.295803635162e-03
  -3.945840922782e-03 -8.100583921268e-03
  -2.995066728145e-03 -8.209734613817e-03
  -3.515581038003e-03 -8.980745563690e-03
  -2.550566369753e-03 -9.099704060596e-03
  -4.524101511325e-03 -8.911300208066e-03
  -3.079746957391e-03 -9.898643785568e-03
  -2.062456528209e-03 -1.000728313620e-02
  -2.529077378013e-03 -1.071986385947e-02
  -1.573198007596e-03 -1.092330284960e-02
  -2.485873889869e-03 -1.188380317130e-02
  -1.111687323915e-03 -9.917197894423e-03
  -2.657462855504e-03 -6.516588551266e-03
  -1.960387023141e-03 -8.267490705036e-03
  -3.191319027802e-03 -5.509796955330e-03
  -4.460356240611e-03 -2.841877426656e-03
  -4.887292772482e-03 -1.848501897882e-03
  -5.964684566489e-03 -2.021467398326e-03
  -6.621054733509e-03 -4.404160845550e-03
  -7.176455066295e-03 -5.236191966522e-03
  -6.822441763241e-03 -6.170211515108e-03
  -7.850050505844e-03 -6.071362017066e-03
  -7.687984004046e-03 -4.283558221940e-03
  -5.871535007426e-03 -5.968860732371e-04
  -5.787765758061e-03 -6.208185324000e-03
  -6.357957242780e-03 -7.025807033043e-03
  -8.922588617557e-03 -2.942542459816e-03
  -1.030970419364e-02 -2.795967746349e-03
  -3.960194119699e-03 -9.692748779592e-03
  -5.047308902953e-03 -9.996721301508e-03
  -5.738043274439e-03 -8.774023998980e-03
  -7.077488590244e-03 -9.692268571734e-03
  -6.934995276073e-03 -8.213530962945e-03
  -4.962285900995e-03 -7.988143581075e-03
  -3.463832602348e-03 -2.949200844928e-03
  -4.706911558801e-04 -1.077377134531e-02
  -8.601700044195e-03 -3.835434862649e-03
  -8.865757410717e-03 -4.817810548961e-03
  -1.359807525813e-04 -9.611978458012e-03
  4.855136894478e-04 -1.173711070875e-02
  4.763011825270e-04 -1.360092873233e-02
  -2.247091016571e-03 -1.408539570459e-02
  -6.955160718111e-03 -3.457459606136e-03
  -1.711874022302e-03 -9.213497792604e-03
  -6.300498172646e-03 -2.815726559441e-03
  -5.857948265868e-03 -7.833720884124e-03
  -7.555142969576e-03 -7.143871084728e-03
  -8.677584711404e-03 -6.678938890775e-03
  -8.611041453442e-03 -8.290009742728e-03
  -1.040583726043e-02 -5.989085505452e-03
  -1.182287469853e-02 -4.228162273329e-03
  -1.173161374816e-02 -1.979060181778e-03
  -3.331256382363e-03 -2.363136605267e-04
  -4.069862382765e-03 -1.109760786041e-03
  -6.512505936435e-03 -1.331988384677e-03
  -3.729947255471e-03 -1.070618958072e-02
  -9.691731996570e-04 -1.216738541865e-02
  -1.166554443458e-03 -7.846100786504e-03
  -1.043235094018e-02 -1.652504915944e-03
  -1.077458069375e-02 -4.249596661324e-04
  -8.034277314035e-03 -5.247910917401e-03
  -8.766701440485e-03 -5.761021575931e-03
  -5.681309781474e-03 2.730328413813e-03
  -5.889518877024e-03 3.607166271864e-03
  -5.420679764602e-03 5.362716148392e-03
  -5.703631809166e-03 6.342533353227e-03
  -6.412446592959e-03 5.632963330616e-03
  -6.662614763969e-03 6.595609185039e-03
  -4.549586398238e-03 8.720222580797e-03
  -5.952034907109e-03 7.296221033052e-03
  -6.891152659998e-03 7.528898542682e-03
  -6.128624748268e-03 4.627859525405e-03
  -7.127725111300e-03 4.920292726170e-03
  -6.877216105899e-03 3.926216533885e-03
  -7.847538951153e-03 4.228556623068e-03
  -8.094231841381e-03 5.192927888532e-03
  -8.799351996180e-03 4.495893940739e-03
  -9.084626732638e-03 5.492634582185e-03
  -8.552574948281e-03 3.529572126252e-03
  -6.642775598022e-03 2.834294173818e-03
  -5.008228783254e-03 4.284898088937e-03
  -4.856948991649e-03 9.734899453156e-03
  -5.504669698127e-03 8.972470633324e-03
  -5.855675345711e-03 9.913805042455e-03
  -6.216849509047e-03 8.232600649064e-03
  -7.264619972855e-03 8.438826667817e-03
  -4.995512096116e-03 7.048196791458e-03
  -7.368065818466e-03 5.892906109880e-03
  -8.328184089766e-03 6.185186279459e-03
  -9.293054069509e-03 6.437449261633e-03
  -7.585066207524e-03 6.842373722629e-03
  -4.291326370334e-03 7.755352998608e-03
  -5.252748192606e-03 8.009439026504e-03
  -7.627785026802e-03 3.237616836153e-03
  -8.366655862308e-03 2.604307005640e-03
  -9.244085932986e-03 2.823159015212e-03
  -9.010058843047e-03 1.873750305741e-03
  -9.939052270070e-03 2.082047711255e-03
  -1.013356716024e-02 3.087177410636e-03
  -1.124973134302e-02 2.486434014495e-03
  -9.647614134482e-03 2.597747773303e-04
  -9.549810314859e-03 3.838728852887e-03
  -1.065529679066e-02 1.040032638551e-03
  -1.272056671316e-02 6.023009841923e-04
  -1.328136918661e-02 3.715630605147e-03
  -8.670572780106e-03 -1.238645655915e-04
  -8.669236292683e-03 9.715451886581e-04
  -9.600235589482e-03 1.234598010165e-03
  -6.869650389063e-03 1.920538881881e-03
  1.338707076250e-03 -1.118850576942e-02
  -8.215957855143e-03 1.848108239367e-03
  -7.965148226019e-03 4.297665186782e-04
  -7.537777581166e-03 2.314557360964e-03
  -2.610399317382e-03 -7.489381311123e-03
  -5.557039623341e-03 -1.314037133769e-03
  1.604887629415e-01 4.160353461034e-02
  1.719515572603e-01 3.112184477794e-02
  1.657109286650e-01 3.545729589755e-02
  1.827129108207e-01 3.584691241650e-02
  1.838244679189e-01 2.505998763630e-02
  1.753277999967e-01 2.173515287168e-02
  1.712263852836e-01 1.512539961166e-02
  1.722104401957e-01 1.489842308499e-02
  1.719039561587e-01 1.586426330219e-02
  1.728803058750e-01 1.564968272898e-02
  1.709264355894e-01 1.608204128029e-02
  1.716013498701e-01 1.682101503909e-02
  1.706246705841e-01 1.703692910024e-02
  1.712922758599e-01 1.777056119387e-02
  1.703214891269e-01 1.798964022043e-02
  1.722680299615e-01 1.755471816068e-02
  1.709663870787e-01 1.869855626871e-02
  1.700152874442e-01 1.893863151013e-02
  1.707141835254e-01 1.964195291037e-02
  1.693449740957e-01 1.820457615679e-02
  1.690429537816e-01 1.915785446117e-02
  1.683693667537e-01 1.842057929149e-02
  1.680672325727e-01 1.937377889990e-02
  1.687201450798e-01 2.009124078999e-02
  1.673980581162e-01 1.863659154095e-02
  1.670916632673e-01 1.958915485915e-02
  1.664326251199e-01 1.885382446136e-02
  1.661179572873e-01 1.980878984002e-02
  1.667708029164e-01 2.054637696794e-02
  1.715674245404e-01 1.927818807618e-02
  1.716934115336e-01 2.033319931775e-02
  1.731440667280e-01 1.468309899377e-02
  1.738394658673e-01 1.543502967458e-02
  1.677042243252e-01 1.768429777810e-02
  1.735518054694e-01 1.639114338989e-02
  1.745273992437e-01 1.617881086324e-02
  1.742290912979e-01 1.713037506978e-02
  1.752049919724e-01 1.691603340141e-02
  1.748308812745e-01 1.523631419877e-02
  1.654442068918e-01 1.907901380688e-02
  1.651388401813e-01 2.002387870358e-02
  1.644656173237e-01 1.929253551649e-02
  1.641763419041e-01 2.026654366162e-02
  1.648461905938e-01 2.098519359996e-02
  1.749082403769e-01 1.785646855885e-02
  1.758739989582e-01 1.763294699922e-02
  1.739416106843e-01 1.808036581013e-02
  1.699500676227e-01 1.629857322809e-02
  1.657868462934e-01 1.807292944332e-02
  1.635342210149e-01 1.963116181074e-02
  1.632307734058e-01 2.049769481254e-02
  1.746710002186e-01 1.881586996081e-02
  1.736693759609e-01 1.908850631538e-02
  1.652016248736e-01 1.720550900969e-02
  1.775989291569e-01 2.679972530417e-02
  1.724394667783e-01 1.394427771558e-02
  1.729523440409e-01 1.829839132811e-02
  1.725284313813e-01 1.928424558315e-02
  1.733680836164e-01 2.037026584967e-02
  1.755074115635e-01 1.596443536857e-02
  1.770766915768e-01 1.264631504761e-02
  1.757848564368e-01 1.500968963181e-02
  1.764800730407e-01 1.574750469542e-02
  1.767733722388e-01 1.475969758479e-02
  1.774585327297e-01 1.552677026046e-02
  1.777712346669e-01 1.456286746210e-02
  1.784389852095e-01 1.531377814592e-02
  1.819337169423e-01 1.119316239184e-02
  1.787744435650e-01 1.436707775676e-02
  1.794281484914e-01 1.508262143298e-02
  1.796811367725e-01 1.413712386594e-02
  1.828948024974e-01 1.089689086611e-02
  1.826699908827e-01 1.187232592688e-02
  1.817109245187e-01 1.216264402523e-02
  1.824515907764e-01 1.283895050158e-02
  1.836352419041e-01 1.157426490910e-02
  1.771582608935e-01 1.648499262125e-02
  1.791215284698e-01 1.605649741426e-02
  1.815228702320e-01 1.310171791534e-02
  1.822414690019e-01 1.380638012073e-02
  1.804559124601e-01 1.479594986498e-02
  1.806866918095e-01 1.248701288357e-02
  1.781720724247e-01 1.365764359275e-02
  1.760148242286e-01 1.399347761416e-02
  1.812389916436e-01 1.406424405291e-02
  1.820843287096e-01 1.474842566906e-02
  1.780386546632e-01 1.234214560329e-02
  1.838622068881e-01 1.059720971456e-02
  1.845978175706e-01 1.127692282515e-02
  1.874949971919e-01 1.034947335203e-02
  1.843691138493e-01 1.225569598109e-02
  1.853373734922e-01 1.195536941897e-02
  1.851163835938e-01 1.293027457457e-02
  1.831912071393e-01 1.353537430031e-02
  1.865391746588e-01 1.065601016011e-02
  1.872818196140e-01 1.132610827832e-02
  1.882379986403e-01 1.102134598816e-02
  1.880261133460e-01 1.199777602347e-02
  1.863172045230e-01 1.163765170717e-02
  1.761149327257e-01 1.293169867938e-02
  1.750304194904e-01 1.423973681276e-02
  1.742805087459e-01 1.350522092026e-02
  1.841485240481e-01 1.323737867475e-02
  1.849069348344e-01 1.392357856213e-02
  1.884524257978e-01 1.004432372668e-02
  1.891953246936e-01 1.071742045214e-02
  1.831225030407e-01 9.919024552834e-03
  1.855628568907e-01 1.097564761549e-02
  1.770923838435e-01 1.365224087743e-02
  1.686728556007e-01 1.746749835393e-02
  1.680027242437e-01 1.673042638709e-02
  1.670434927897e-01 1.693768937027e-02
  1.667478942482e-01 1.788825459476e-02
  1.732534601921e-01 1.734367433937e-02
  1.719311748482e-01 1.848465465971e-02
  1.725778796983e-01 1.660705227762e-02
  1.696861453033e-01 1.986827079247e-02
  1.693112564096e-01 2.070152420226e-02
  1.761802547880e-01 1.669738153445e-02
  1.768525763574e-01 1.743846276854e-02
  1.778517959537e-01 1.723328626287e-02
  1.776059404258e-01 1.819417607463e-02
  1.786114495317e-01 1.791835393718e-02
  1.788231141539e-01 1.698659116717e-02
  1.765194576751e-01 1.843367975637e-02
  1.773850256213e-01 1.926912996393e-02
  1.759043784665e-01 1.960089599403e-02
  1.755754151391e-01 1.846797225386e-02
  1.677508414010e-01 2.033440894186e-02
  1.673456511079e-01 2.149291285007e-02
  1.702508529864e-01 1.534479015338e-02
  1.696480913853e-01 1.725226020388e-02
  1.781420362350e-01 1.626698597865e-02
  1.797561539599e-01 1.678962587594e-02
  1.800880801387e-01 1.582707974232e-02
  1.806638758211e-01 1.663798492421e-02
  1.802745757333e-01 1.760747927176e-02
  1.810274510394e-01 1.568975176989e-02
  1.815690243796e-01 1.655230010673e-02
  1.689748631300e-01 1.651438874708e-02
  1.692756212495e-01 1.556100056890e-02
  1.658120887481e-01 2.075840621844e-02
  1.655124420374e-01 2.181201500837e-02
  1.654875602502e-01 2.924453917514e-02
  1.605010213520e-01 2.544024241498e-02
  1.648268293360e-01 2.490820799284e-02
  1.643511695948e-01 2.198622302694e-02
  1.685100709608e-01 2.527849753049e-02
  1.619204784181e-01 2.316944776679e-02
  1.649355223244e-01 2.284131296654e-02
  1.665297481104e-01 2.292084773157e-02
  1.565058157477e-01 2.757462193336e-02
  1.578722169745e-01 2.408468350861e-02
  1.791746555336e-01 1.343714083113e-02
  1.800456589650e-01 1.323083748157e-02
  1.673261763046e-01 1.599091658916e-02
  1.830072922793e-01 1.451881387391e-02
  1.839523921747e-01 1.423496175291e-02
  1.847172235550e-01 1.492302284032e-02
  1.834092433802e-01 1.255231352859e-02
  1.638183091600e-01 2.118887243837e-02
  1.628424323653e-01 2.134980301868e-02
  1.621761938219e-01 2.057082256981e-02
  1.618790804110e-01 2.152978708510e-02
  1.611979289566e-01 2.088073547858e-02
  1.609715324719e-01 2.177931851862e-02
  1.870630091443e-01 1.230701675338e-02
  1.878125450574e-01 1.297570564648e-02
  1.858781525093e-01 1.360673485759e-02
  1.868454109189e-01 1.328772333933e-02
  1.875978009915e-01 1.395434678331e-02
  1.860929223636e-01 1.262079510850e-02
  1.894153094105e-01 9.733774868817e-03
  1.901688939806e-01 1.040389798888e-02
  1.899459275140e-01 1.138535249203e-02
  1.909073816962e-01 1.108079756320e-02
  1.906893423101e-01 1.205748266765e-02
  1.916451167353e-01 1.175723748026e-02
  1.914280699055e-01 1.273191246367e-02
  1.992512587654e-01 7.677983005157e-03
  2.028238054959e-01 7.032283608540e-03
  1.973113405164e-01 7.470802839938e-03
  1.923350979173e-01 8.767091485886e-03
  2.002680753953e-01 7.732602414499e-03
  1.996956070929e-01 8.587515134907e-03
  2.007099017666e-01 8.632677946628e-03
  2.001621128956e-01 9.479371451477e-03
  1.991916814937e-01 9.465010742625e-03
  1.918640379269e-01 1.078530166286e-02
  1.926016912280e-01 1.145606787378e-02
  1.928199098161e-01 1.047981022191e-02
  1.935557292878e-01 1.115396421850e-02
  1.937731632747e-01 1.016090399077e-02
  1.945064826589e-01 1.084859343996e-02
  1.942931896028e-01 1.178674369929e-02
  1.947206126641e-01 9.852859673824e-03
  1.954545600698e-01 1.054297903803e-02
  1.956726606273e-01 9.557688185900e-03
  1.964128475175e-01 1.025075944123e-02
  1.887710910841e-01 1.266832852912e-02
  1.966256036825e-01 9.281518400839e-03
  1.973547783619e-01 9.951809603517e-03
  1.971286778497e-01 1.094936039050e-02
  1.958940793478e-01 8.602409605353e-03
  1.976236236265e-01 2.483289388003e-02
  2.012693894075e-01 7.797172477587e-03
  1.975697024531e-01 8.996419943429e-03
  1.962379007891e-01 7.428436493359e-03
  1.939967568956e-01 9.132972420107e-03
  2.022837786119e-01 1.759930243528e-02
  2.107700688298e-01 1.394669957590e-02
  2.050086653029e-01 1.222823726603e-02
  2.011833912102e-01 9.546240618485e-03
  2.006283998932e-01 1.043164805996e-02
  2.017386712953e-01 1.051434360393e-02
  2.021611142562e-01 9.572012422592e-03
  1.953798920236e-01 1.806941580847e-02
  1.913478231855e-01 9.107776475348e-03
  1.951838856389e-01 7.787396459486e-03
  1.986605111690e-01 1.510745907274e-02
  2.013017821873e-01 1.349273378071e-02
  1.897297056641e-01 1.236228425569e-02
  1.932781678081e-01 8.423798215330e-03
  1.949313198520e-01 8.814883460326e-03
  2.018260238731e-01 6.965891023179e-03
  2.022663350851e-01 7.858760766218e-03
  2.032485917078e-01 7.894241345355e-03
  2.043631563117e-01 6.238277604249e-03
  2.049342076797e-01 5.437135298126e-03
  2.052648759665e-01 6.325337591962e-03
  2.038073339544e-01 7.069685291107e-03
  2.042845175090e-01 7.815099651714e-03
  2.036550370446e-01 8.612384069754e-03
  2.048933730764e-01 8.962733547145e-03
  2.017148791189e-01 8.692596307729e-03
  1.996370482117e-01 1.030833950059e-02
  1.980647862252e-01 1.061458568920e-02
  1.979967737704e-01 1.188735645544e-02
  1.968305156845e-01 1.189829268411e-02
  1.990258667118e-01 1.106791624008e-02
  2.000122167173e-01 1.112943149340e-02
  1.996573585599e-01 1.207451832902e-02
  1.985678294063e-01 8.593191389042e-03
  2.008278083939e-01 6.899689644465e-03
  1.982761221971e-01 7.597653845872e-03
  1.961734236276e-01 1.121628901242e-02
  1.959004196244e-01 1.224177265367e-02
  1.969094473677e-01 1.322448466772e-02
  1.952800433278e-01 1.325322007615e-02
  1.952156575770e-01 1.149396202016e-02
  1.949660211505e-01 1.230295720181e-02
  1.941407956207e-01 1.273908755976e-02
  1.930432630187e-01 9.479611522998e-03
  1.933510771075e-01 1.210998587347e-02
  1.931568187254e-01 1.310711172497e-02
  1.941217237990e-01 1.388927190795e-02
  2.026993270796e-01 8.714612896841e-03
  2.031434279094e-01 9.639238492709e-03
  1.923916933706e-01 1.242787724410e-02
  2.046256887448e-01 6.955753075268e-03
  2.052678491083e-01 7.304692683463e-03
  1.922003950723e-01 1.344458764716e-02
  1.912400629669e-01 1.377167567793e-02
  1.921216254429e-01 1.465597953279e-02
  1.904765726879e-01 1.304507520781e-02
  1.902882898760e-01 1.408628239490e-02
  1.889843601570e-01 1.169208462343e-02
  1.895219045909e-01 1.335380944375e-02
  1.893319064803e-01 1.439559763157e-02
  1.901755564677e-01 1.536096737055e-02
  1.900307263616e-01 2.096050171160e-02
  1.903990981117e-01 2.918455049644e-02
  1.854157064733e-01 1.990067700678e-02
  1.809588539360e-01 1.148136659485e-02
  1.911264495542e-01 1.010303971058e-02
  1.857881634353e-01 9.990279487404e-03
  1.885645157430e-01 1.366191577122e-02
  1.883765551757e-01 1.470527155466e-02
  1.874145562965e-01 1.502170619936e-02
  1.866427101864e-01 1.429031195978e-02
  1.864566616299e-01 1.533945509345e-02
  1.856727375076e-01 1.460590094015e-02
  1.855053670198e-01 1.564114759359e-02
  1.845400395318e-01 1.592036947218e-02
  1.862537570190e-01 1.649467395199e-02
  1.882451195682e-01 1.587814205487e-02
  1.837739923132e-01 1.523766968674e-02
  1.836218554809e-01 1.632192099457e-02
  1.828455990739e-01 1.552244609705e-02
  1.845064867082e-01 1.683895126141e-02
  1.833869944407e-01 1.789967098402e-02
  1.819790109781e-01 2.056948823637e-02
  1.790498639601e-01 2.235057992871e-02
  1.663941465840e-01 2.150611175528e-02
  1.799906395183e-01 1.173543908773e-02
  1.634104129953e-01 2.197960686490e-02
  1.625325984892e-01 2.223637097870e-02
  1.826095124883e-01 1.658568647064e-02
  1.819978681363e-01 1.738794813952e-02
  1.920896316466e-01 9.807741462260e-03
  1.611388556043e-01 1.992114093622e-02
  1.968883502675e-01 8.330041106897e-03
  1.982548476170e-01 9.637432688719e-03
  1.727108740552e-01 2.498996043160e-02
  1.684613906416e-01 2.259569297150e-02
  1.685132329317e-01 2.115451849552e-02
  1.704361759791e-01 2.304113011496e-02
  1.740820089937e-01 1.446654480381e-02
  1.745881276518e-01 1.992213819831e-02
  1.956546723666e-01 1.480884220134e-02
  1.936574083860e-01 1.534111485394e-02
  1.917122278844e-01 1.658791769696e-02
  1.894678720650e-01 1.698155439983e-02
  1.874465604339e-01 1.770275445665e-02
  1.660787460878e-01 1.709187920610e-02
  1.891245232108e-01 1.540361048035e-02
  1.911075525276e-01 1.489256453463e-02
  1.603253696582e-01 2.124338562063e-02
  1.599834117154e-01 2.201931926011e-02
  1.593117976304e-01 2.121242602168e-02
  1.589805726874e-01 2.218137734558e-02
  1.597734270306e-01 2.299931168020e-02
  1.608369616425e-01 2.270113637738e-02
  1.585692359406e-01 2.311004405803e-02
  1.579794644229e-01 2.225143084739e-02
  1.593348181661e-01 2.419117732456e-02
  1.637190431869e-01 1.876404430244e-02
  1.871633309895e-01 1.608734635126e-02
  1.646834425519e-01 1.827917246257e-02
  1.930515942851e-01 1.408761313336e-02
  1.703033083164e-01 2.060995419957e-02
  1.574216410961e-01 2.302606332249e-02
  1.567003003377e-01 2.375871809216e-02
  1.565035086056e-01 2.290955915704e-02
  1.557841039410e-01 2.336744861223e-02
  1.557864016697e-01 2.418869614063e-02
  1.548484970748e-01 2.385800540471e-02
  1.529254123902e-01 2.429933767106e-02
  1.531898791765e-01 2.349358225914e-02
  1.549891853328e-01 2.534016683639e-02
  1.567318415659e-01 2.506041434285e-02
  1.558070825130e-01 2.231316944923e-02
  1.538975922329e-01 2.429238226881e-02
  1.536144908026e-01 2.254386033493e-02
  1.544591108087e-01 2.299248244899e-02
  1.554007317888e-01 2.149977689024e-02
  2.010491989882e-01 1.153377951566e-02
  2.028586110470e-01 1.137305070653e-02
  1.653481875545e-01 1.629506471923e-02
  1.733633445546e-01 1.370702152767e-02
  1.773384307311e-01 2.059080297281e-02
  1.790250856111e-01 1.999825610567e-02
  1.794764279269e-01 1.843070197940e-02
  1.583871418018e-01 2.564473687825e-02
  1.591175282055e-01 2.033587810147e-02
  1.784207858233e-01 1.876212361216e-02
  1.696102828018e-01 2.162065019795e-02
  1.634793720193e-01 2.310016535465e-02
  1.533814357986e-01 2.528254323627e-02
  1.536602234616e-01 2.722705536440e-02
  1.593771370048e-01 2.751728174515e-02
  1.855249691954e-01 1.765251111095e-02
  1.804391918920e-01 1.389959961010e-02
  1.607908832644e-01 2.384688390830e-02
  1.818999712018e-01 1.566772221767e-02
  1.988294071492e-01 1.021919977677e-02
  1.977355862250e-01 8.190324362585e-03
  1.853286930166e-01 1.658552186877e-02
  1.793883442611e-01 1.754655044629e-02
  1.810609330562e-01 1.850918662965e-02
  1.628655086074e-01 1.908859548955e-02
  1.584141780930e-01 2.159890479186e-02
  1.575192661767e-01 2.147963995886e-02
  1.569130714260e-01 2.214567722306e-02
  1.796713251061e-01 1.251834202521e-02
  1.708934520345e-01 2.150087757626e-02
  1.724049662026e-01 2.199509769365e-02
  1.551603881588e-01 2.290106203638e-02
  1.812639115198e-01 1.490772319263e-02
  2.169974687554e-01 1.923399168214e-02
  2.129131993011e-01 6.770041129813e-03
  1.623785929771e-01 2.457998788586e-02
  1.625708525454e-01 2.690082969264e-02
  1.986847202829e-01 1.327081157493e-02
  1.786748011135e-01 1.278281342055e-02
  1.539919134115e-01 2.356980486315e-02
  1.811132554253e-01 1.733897981438e-02
  2.033668465885e-01 3.553024542635e-01
  1.807787863278e-01 1.330148987097e-02
  2.073156965268e-01 -6.933099218729e-03
  2.098782766814e-01 -1.479958293875e-03
  2.107091723299e-01 4.291949898109e-05
  2.121838940786e-01 -1.151413884589e-03
  2.116464184807e-01 1.669917788068e-03
  2.098758551216e-01 2.117045752772e-03
  2.087834503973e-01 2.358077452849e-03
  2.096685719313e-01 3.935699249928e-03
  2.083614140046e-01 3.323455839924e-03
  2.077949390675e-01 2.554794103251e-03
  2.102306457714e-01 -2.176155434709e-03
  2.075109316828e-01 3.438486136569e-03
  2.081313660767e-01 4.175713535791e-03
  2.072949047841e-01 4.200150081726e-03
  2.074863403234e-01 4.975422583612e-03
  2.083699111161e-01 5.108234235693e-03
  2.061410463977e-01 6.456053095051e-03
  2.062365222057e-01 7.439149473854e-03
  2.058633412895e-01 5.537513494329e-03
  2.068419496109e-01 5.727658749808e-03
  2.078177139714e-01 6.028703244972e-03
  2.093277403318e-01 5.888635857103e-03
  2.069798170105e-01 6.711610026829e-03
  2.079289623754e-01 8.207756333085e-03
  2.067128010291e-01 3.566479393967e-03
  -2.604277408345e-03 -7.156154553773e-04
  2.592491165365e-01 1.579718160799e+00
  9.444751672210e-01 1.489212199507e+00
  1.413591799536e-01 -3.742388425420e-03
  1.423417986162e-01 -5.429699770186e-03
  3.162331718477e-02 3.491453033772e-02
  6.217125916929e-02 3.958750310184e-02
  1.065284187295e-02 -1.097186364995e-02
  1.250125463138e-01 8.450460821377e-02
  1.592166029180e-01 1.527262371099e-02
  3.883712586609e-02 -2.006781799839e-01
  2.576388545841e-01 -1.822425408955e-01
  1.817691707965e-01 2.652366863316e-03
  1.782978681076e-02 -1.254071727832e-02
  1.921808996362e-01 -1.228272325768e-02
  7.635524938856e-02 -3.250918356412e-03
  2.733216310458e-02 6.802237431658e-01
  1.571777262403e-01 2.079417732544e-02
  1.268315056778e-01 -2.319985969367e+00
  7.142832564351e-02 -4.250760056517e-03
  7.114226865443e-02 -5.135807512146e-03
  -1.394549615342e+00 5.271938513956e-01
  5.313570751849e-02 -6.228096615108e-03
  3.487713509062e-02 3.181584323185e-02
  -2.939068036392e-03 5.515940349743e-04
  1.966923101544e-01 -1.023185529231e-02
  -4.201598499618e-02 1.408698038129e-02
  2.647318619396e-01 -4.708091201906e-02
  1.166824848414e-01 2.407221879504e-02
  9.136710513299e-02 3.233865120655e-03
  3.634963245427e-02 1.979983347825e-04
  1.125043301351e-01 3.437066308279e-02
  1.161065266940e-02 -1.192975688210e-02
  1.136740916878e-02 2.397547883395e-02
  1.926747093003e-01 -1.741656250399e-03
  -1.147642005237e-01 3.585884021198e-02
  6.674541086451e-01 3.176903572221e-01
  9.120884650775e-02 2.903323356117e-02
  8.359328009111e-02 -5.183296469680e-03
  8.710760055664e-02 -5.726607622406e-03
  8.497361967211e-02 -4.223435358384e-03
  8.401658061011e-02 -3.575003299554e-03
  3.694198864404e-02 3.082076103704e-02
  2.996848582727e-02 -4.308192471437e-03
  1.777235590428e-01 1.301398616123e-02
  4.985319459820e-02 3.593266897135e-02
  1.627497165815e-01 1.988036825838e-02
  9.279689220578e-02 3.625717059050e-02
  5.683965381587e-02 3.865764603606e-02
  3.855783541309e-01 1.102711951262e-01
  2.489689298491e-02 3.108612329778e-02
  1.998584926401e-01 -1.202786689280e-02
  1.484241970263e-02 3.955973049657e-02
  1.402285727997e-02 3.451839028146e-02
  1.657120873126e-02 2.904491845684e-02
  1.809482511035e-02 3.346760755378e-02
  1.024929148787e-02 3.674007382592e-02
  1.045151005528e-02 3.182078925114e-02
  1.326437063646e-02 3.125497326809e-02
  1.079836921281e-02 2.887238884541e-02
  8.178585528990e-03 2.924938867529e-02
  2.435573169883e-03 2.766758790838e-02
  4.115922370887e-03 2.226609291776e-02
  6.406041811120e-03 2.425551041699e-02
  1.057570912767e-02 2.661151340337e-02
  1.330839645471e-02 2.912537725076e-02
  1.302182644435e-02 2.696575295933e-02
  1.208916634758e-02 2.710936556476e-02
  6.171883594516e-03 2.323737392340e-02
  5.121709863482e-03 2.291962260168e-02
  5.534504202225e-03 2.766275039393e-02
  3.362936668394e-03 2.554760624604e-02
  4.239837545177e-03 2.322531924361e-02
  3.271125281258e-03 2.282507854897e-02
  2.207613239189e-03 2.019374565622e-02
  1.346199249501e-03 1.969852199555e-02
  1.382197982752e-03 2.067901841662e-02
  2.256663961524e-03 2.119751647220e-02
  4.852166136443e-03 2.389384481035e-02
  3.162368455518e-03 2.174216727334e-02
  2.276003744233e-03 2.230128957577e-02
  3.108379627085e-03 2.069107247120e-02
  9.694611353837e-03 2.735495133169e-02
  8.810218175687e-03 2.621871788252e-02
  8.174876598804e-03 2.535749769666e-02
  7.894924048840e-03 2.606965124733e-02
  6.702365321906e-03 2.508843771105e-02
  5.378208835972e-03 2.509660749397e-02
  8.190762636734e-03 2.716615680433e-02
  1.271240768229e-02 2.786372248497e-02
  1.275346522273e-03 1.871876362924e-02
  4.633648053206e-04 1.923827924750e-02
  -5.177513007492e-04 1.878830888996e-02
  -3.819493699733e-04 1.984223391132e-02
  1.380846204552e-02 2.783242159966e-02
  1.425160193570e-02 2.870476573496e-02
  1.575768634215e-02 2.854754225887e-02
  1.573066305605e-02 2.957490328946e-02
  1.656783689884e-02 3.011631410856e-02
  1.576242730159e-02 3.071930604944e-02
  -5.449569830123e-04 1.771976722888e-02
  2.399229868044e-03 2.374937920492e-02
  1.025369475220e-03 2.269064638193e-02
  6.495079952288e-04 2.012916615238e-02
  3.586586234700e-04 2.117135106557e-02
  1.559847286667e-02 2.758899862082e-02
  1.143766394055e-02 2.643574612250e-02
  1.728324390357e-02 2.955599559127e-02
  1.821781810454e-02 2.946580150840e-02
  1.758429297155e-02 3.046986315804e-02
  1.855409030858e-02 3.058969052159e-02
  2.086385155463e-02 3.077209688737e-02
  1.920442911621e-02 2.989676025790e-02
  1.937690085908e-02 3.084246624262e-02
  2.055951675581e-02 3.177711275673e-02
  2.132019018503e-02 3.265732854387e-02
  2.242137211307e-02 3.251959086151e-02
  2.221247571907e-02 3.339721145554e-02
  2.096507257873e-02 3.406388211419e-02
  2.305741150622e-02 3.455517623692e-02
  1.906886186972e-02 2.891219329178e-02
  1.816540611943e-02 3.158258631485e-02
  1.678688725331e-02 3.148374214155e-02
  2.014580647559e-02 3.014987397788e-02
  1.932837808314e-02 3.182127224710e-02
  1.508808473647e-02 2.898714238846e-02
  5.984365386566e-04 2.488644804182e-02
  -1.595828925398e-03 2.817433562357e-02
  1.489865051631e-02 2.815062741543e-02
  1.463690476418e-02 3.009581336094e-02
  1.470075000738e-03 2.160918653614e-02
  1.693222910069e-02 3.621248813118e-02
  -9.538185476056e-04 2.247783425020e-02
  -3.155257340212e-03 2.074959498304e-02
  -1.554648361838e-03 1.945571995440e-02
  -1.460973963708e-03 1.823817310382e-02
  -2.203290799288e-03 1.756518276741e-02
  -2.733527116160e-03 1.863291024062e-02
  -4.967687957330e-03 1.830017571011e-02
  -2.324461641710e-03 1.660424848522e-02
  -3.306142321840e-03 1.727115337159e-02
  -3.216185244346e-03 1.606766467426e-02
  -2.312534992115e-03 1.558261283720e-02
  -3.141215340788e-03 1.497103991448e-02
  -3.913256796786e-03 1.542464927334e-02
  -4.041332779355e-03 1.447489034621e-02
  -4.886884202377e-03 1.523073960917e-02
  -4.386630239477e-03 1.640857357006e-02
  -3.133599931550e-03 1.379479173649e-02
  -4.175575025035e-03 1.345477983845e-02
  -3.456746570372e-03 1.275562000851e-02
  -4.350953994717e-03 1.241074494684e-02
  -1.137047248331e-03 2.073429112194e-02
  -3.659016110784e-03 1.192513917252e-02
  -5.216650246494e-03 1.192993365246e-02
  -5.251013480398e-03 1.293628624464e-02
  -6.138280984209e-03 1.237172086248e-02
  -6.223271445666e-03 1.353207611501e-02
  -7.278051314564e-03 1.259069901377e-02
  -6.768142299764e-03 1.153226651573e-02
  -5.255423142198e-03 1.089867752915e-02
  -6.293857051297e-03 1.075153331186e-02
  -6.777727392898e-03 9.957247756737e-03
  -5.083821825626e-03 1.402492688609e-02
  -6.435871623585e-03 9.149747991003e-03
  2.005359654261e-02 3.275744064313e-02
  -5.942067987861e-03 1.150583564107e-02
  1.179402366148e-02 2.797127824021e-02
  1.106492394065e-02 2.739254058465e-02
  1.941496849319e-02 2.819367259809e-02
  1.213459134680e-02 2.873099350528e-02
  1.199144754121e-02 2.996090442414e-02
  2.096627386940e-02 2.993841999260e-02
  -7.071660879777e-03 1.069858861139e-02
  -7.662072981437e-03 1.004805600223e-02
  -7.266406291644e-03 9.338299938392e-03
  -8.042584415479e-03 9.107896147274e-03
  -8.768494216705e-03 1.014907715179e-02
  -8.126861290523e-03 8.193246155373e-03
  -9.065338346882e-03 8.649665119042e-03
  -1.077985368993e-02 9.696997695818e-03
  -7.782936146791e-03 1.125418929965e-02
  -9.349740176886e-03 1.229909604183e-02
  -1.228008021010e-02 1.218888390592e-02
  -1.373295317791e-02 9.751505877094e-03
  -1.736882585066e-02 1.358763271826e-02
  -2.830625101089e-02 1.433920014816e-02
  -1.221774583145e-02 6.754160122999e-03
  -1.089712258814e-02 4.351725345115e-03
  -1.022600915295e-02 5.882671629352e-03
  -1.647565716977e-02 6.419506406463e-03
  -1.663671388503e-02 1.987551009938e-03
  -9.711384156954e-03 4.812330870056e-03
  -1.090355904559e-02 1.554971500694e-02
  -7.655206614519e-03 1.466411021893e-02
  -8.162898026279e-03 1.765201281114e-02
  -7.194566016337e-03 2.160238011906e-02
  -6.029624914183e-03 1.615705878189e-02
  1.387787086134e-02 2.686873852673e-02
  -1.014356422087e-02 7.482408266167e-03
  1.885619384256e-02 3.120900383154e-02
  7.400452742571e-03 2.545923463723e-02
  6.824371495757e-03 2.616433388285e-02
  -5.975761800474e-03 1.472178232222e-02
  5.654981945101e-03 2.391779836613e-02
  1.505278922824e-02 3.230422554540e-02
  -2.672797999305e-03 1.290393527168e-02
  1.984514574023e-02 2.940479897349e-02
  3.838264073816e-03 2.422195733928e-02
  2.009871590738e-02 3.106388600062e-02
  8.345703373571e-03 2.460525742195e-02
  -7.658067764428e-03 7.601554084938e-03
  -8.555944543437e-03 7.295089881565e-03
  2.059944096938e-02 2.926373737535e-02
  2.541128583800e-01 1.364041789461e-01
  1.763693968500e-01 -1.317549213550e-03
  1.571058251391e-01 1.874670290719e-02
  1.947161075233e-01 -2.389859165582e-03
  8.916345131073e-02 -3.343268345148e-03
  2.412844897074e-02 2.717429734952e-02
  1.250020772270e-02 -6.646964315467e-03
  1.097649336530e-01 2.541715698689e-02
  -2.981748434842e-01 4.434123819193e-01
  6.881364672891e-01 1.452646640900e-01
  1.483020895027e-01 -6.750659066667e-05
  -6.719195858109e-04 6.981414051574e-03
  6.986887530453e-02 7.860804336639e-04
  6.641133901669e-02 3.602169402611e-02
  6.622372975498e-02 3.453641154215e-02
  7.611441255712e-02 3.041378706509e-03
  1.638274954431e-01 1.797378342876e-02
  1.616281302865e-01 2.228321214532e-02
  1.494886036325e-01 -1.452886548177e-02
  1.838989559413e-01 1.977382573795e-03
  1.444136635130e-02 1.973364808970e-02
  9.001545291192e-02 -3.300870264539e-03
  2.550741872004e-02 2.680012295983e-02
  4.629907465455e-02 3.163482612335e-02
  1.633466434424e-01 1.651130997331e-02
  1.849470555422e-01 1.955372654161e-03
  1.586511555607e-01 1.370905677585e-02
  -3.220309350525e-02 1.251437187024e-01
  2.024754561270e-01 1.027466130644e-02
))
(12 (0 1 333e 0))
(12 (2 1 333e 1 1))
(13 (0 1 4dbf 0))
(13 (1 1 4bfb 2 2)(
  1a01 1a17 1 331e
  1a17 1aca 1 3325
  1aca 1a01 1 6
  1a2f 1a17 2 3323
  1a17 1a89 2 331e
  1a89 1a2f 2 332a
  1aba 1aaa 3 4
  1aaa 1ac8 3 3330
  1ac8 1aba 3 3334
  1ab7 1aaa 4 5
  1aba 1ab7 4 3331
  939 1aaa 5 a
  1ab7 939 5 3281
  1a00 1a01 6 331d
  1aca 1a00 6 7
  1aaa 1a00 7 3280
  1aca 1aaa 7 3330
  1391 1363 8 32d5
  1363 13bb 8 9
  13bb 1391 8 32da
  1363 1393 9 32d6
  1393 13bb 9 32d8
  939 935 a 327f
  935 1aaa a 3280
  9df 9cf b 4d5
  9cf 16e9 b 23e6
  16e9 9df b 26f
  1a6f 1a70 c 1e9a
  1a70 1a99 c 2d99
  1a99 1a6f c 285
  1b2b 1b49 d 2dea
  1b49 1b4d d 2f77
  1b4d 1b2b d 3338
  23c 94b e b9
  94b 23d e 5e1
  35f 35e f b5
  35e 360 f 2cf
  360 35f f 9b
  1b23 1b22 10 2ef2
  1b22 1b96 10 3242
  1b96 1b23 10 266e
  57a 57b 11 6a
  57b 581 11 33e
  581 57a 11 178
  138f 13d5 12 8e
  13d5 154c 12 2dd6
  154c 138f 12 195
  158a 1586 13 2d25
  1586 15a7 13 32f1
  15a7 158a 13 2964
  513 ade 14 12a
  ade ae0 14 16db
  ae0 513 14 224
  1961 19ac 15 331a
  19ac 1a62 15 acf
  1a62 1961 15 2c9c
  dca bdd 16 53
  bdd dd0 16 718
  dd0 dca 16 bf
  119a 1266 17 32a6
  1266 12cd 17 31
  12cd 119a 17 32b0
  dc7 dc6 18 209
  dc6 dc8 18 139
  dc8 dc7 18 11e7
  10f7 1126 19 32af
  1126 1240 19 291d
  1240 10f7 19 483
  9d6 167b 1a 616
  167b 167c 1a 235
  167c 9d6 1a 2f2
  a57 b60 1b 86
  b60 b66 1b c14
  b66 a57 1b b12
  1b15 1b14 1c 901
  1b14 1b9c 1c 2c54
  1b9c 1b15 1c 977
  1b06 1b0d 1d 829
  1b0d 1b4d 1d 3338
  1b4d 1b06 1d 2703
  188d 15b7 1e 5e0
  15b7 188e 1e 8b
  188e 188d 1e 12d
  647 66b 1f 218
  66b 66d 1f fa
  66d 647 1f 19d4
  1219 121c 20 32c0
  121c 1234 20 2b15
  1234 1219 20 31c4
  d0b d0c 21 12aa
  d0c d25 21 22
  d25 d0b 21 2366
  d0c d0d 22 12f2
  d0d d25 22 118
  18d7 18d8 23 2f4e
  18d8 18f2 23 cc3
  18f2 18d7 23 30d5
  190c 17e5 24 1220
  17e5 1b6c 24 281
  1b6c 190c 24 14d
  19a3 1a78 25 2ca1
  1a78 1a92 25 a5d
  1a92 19a3 25 3192
  87c 879 26 20d
  879 87e 26 1c47
  87e 87c 26 5e
  d78 e9e 27 8f
  e9e e9f 27 26c5
  e9f d78 27 610
  f32 f34 28 2059
  f34 f3d 28 4f4
  f3d f32 28 10d
  11a4 11a5 29 cd5
  11a5 12c9 29 3c0
  12c9 11a4 29 168
  932 93a 2a 2aed
  93a 93b 2a 44d
  93b 932 2a 327e
  d8f a06 2b 1f6a
  a06 1809 2b 29b
  1809 d8f 2b 220
  13cc 1541 2c 17c
  1541 1551 2c 3164
  1551 13cc 2c 2671
  d9b de0 2d 21f7
  de0 159b 2d ce
  159b d9b 2d 2d7
  1538 1525 2e 2c6
  1525 1539 2e 327
  1539 1538 2e 4d6
  1a29 1a26 2f 3329
  1a26 1a2d 2f 2a42
  1a2d 1a29 2f 2d61
  1b84 1b85 30 3223
  1b85 1b8a 30 328b
  1b8a 1b84 30 3258
  1266 10c1 31 1ef4
  10c1 12cd 31 233a
  e98 e99 32 17b
  e99 1798 32 35d
  1798 e98 32 d8b
  15fe 15f7 33 37b
  15f7 1602 33 242e
  1602 15fe 33 84
  9fa d0f 34 3295
  d0f 188c 34 ca4
  188c 9fa 34 2f37
  125f 1229 35 90
  1229 15c8 35 2a2d
  15c8 125f 35 2846
  1ac1 1ac2 36 242a
  1ac2 1ac7 36 523
  1ac7 1ac1 36 2638
  14fd 1363 37 32d6
  1363 1523 37 2d4c
  1523 14fd 37 3216
  393 373 38 2bda
  373 407 38 2d8
  407 393 38 1f1
  18de 129a 39 26d0
  129a 18e1 39 23c6
  18e1 18de 39 3c
  179d 17fa 3a 6c
  17fa 1b02 3a 24a6
  1b02 179d 3a 625
  378 37a 3b 39f
  37a 387 3b 288
  387 378 3b 2a8
  18c6 18de 3c 221c
  18e1 18c6 3c 407
  370 374 3d a1
  374 3b5 3d 8c
  3b5 370 3d 3279
  e2c 9c1 3e 7a
  9c1 e2e 3e 995
  e2e e2c 3e 1ab
  1963 195e 3f bd7
  195e 1a76 3f 25c8
  1a76 1963 3f 58
  1b0a 17c7 40 ec1
  17c7 1b11 40 fb
  1b11 1b0a 40 157
  13a1 13b3 41 b88
  13b3 1545 41 79
  1545 13a1 41 4a8
  3d7 32b 42 57a
  32b 51f 42 162
  51f 3d7 42 2aa7
  9b0 12ae 43 4bb
  12ae 12c2 43 2392
  12c2 9b0 43 d6
  149c 1497 44 25cf
  1497 14e1 44 32e6
  14e1 149c 44 32e7
  383 3cf 45 1af
  3cf 1825 45 467
  1825 383 45 307e
  f8b f88 46 e0b
  f88 15cf 46 63
  15cf f8b 46 6a6
  149c 1498 47 32e7
  1498 1aff 47 32e2
  1aff 149c 47 2a4
  e8d 15d3 48 639
  15d3 178c 48 216a
  178c e8d 48 77
  11e4 11b9 49 1e9
  11b9 11e6 49 2713
  11e6 11e4 49 27d
  1386 13c0 4a 28a0
  13c0 13cf 4a 76
  13cf 1386 4a 200c
  15eb 15ef 4b 1dd
  15ef 15f8 4b e02
  15f8 15eb 4b 15f
  61c 619 4c 626
  619 139f 4c fc
  139f 61c 4c 1ada
  699 7aa 4d 377
  7aa 11d1 4d 1b01
  11d1 699 4d 12b
  dcb dd0 4e bf
  dd0 180b 4e 2ded
  180b dcb 4e 15e
  3a2 387 4f 2a8
  387 3a3 4f 68
  3a3 3a2 4f 17d
  180f 3a8 50 3161
  3a8 1ad6 50 62f
  1ad6 180f 50 704
  1968 1933 51 3317
  1933 1aa6 51 113
  1aa6 1968 51 357
  768 76a 52 1d76
  76a 78c 52 94
  78c 768 52 862
  dca dcf 53 6c0
  dcf bdd 53 244
  375 378 54 2dc
  378 3a2 54 2a8
  3a2 375 54 a7
  e22 e18 55 9e
  e18 e24 55 9c0
  e24 e22 55 1b5
  9e0 16e9 56 3290
  16e9 176f 56 920
  176f 9e0 56 3ac
  e02 e06 57 b8a
  e06 f60 57 2d4
  f60 e02 57 a5
  1313 1963 58 b00
  1a76 1313 58 1fde
  16f c98 59 21c
  c98 170 59 286
  98b 560 5a 2535
  560 15c9 5a 2fec
  15c9 98b 5a 796
  1b39 1b38 5b 12c
  1b38 1b3a 5b 648
  1b3a 1b39 5b 2a36
  367 38e 5c 26d
  38e 95f 5c 2fc3
  95f 367 5c 5c7
  e19 9bf 5d a6
  9bf e1b 5d 9dd
  e1b e19 5d 1c2
  876 87c 5e 16fb
  87e 876 5e 2be
  873 85d 5f 11d3
  85d fca 5f 1b0
  fca 873 5f 27f
  1175 f9b 60 73d
  f9b 117d 60 15d
  117d 1175 60 17dd
  3aa 54d 61 14f
  54d 922 61 22d3
  922 3aa 61 2ee9
  1084 1086 62 1547
  1086 12f0 62 9d
  12f0 1084 62 73e
  f88 15d2 63 39d
  15d2 15cf 63 26c7
  166b ee6 64 c9
  ee6 1a7f 64 64c
  1a7f 166b 64 32f7
  3b6 37a 65 288
  37a 52d 65 97d
  52d 3b6 65 304e
  1278 13d3 66 11f
  13d3 1528 66 2def
  1528 1278 66 31ff
  1154 1153 67 586
  1153 1166 67 816
  1166 1154 67 19d
  387 1845 68 18e
  1845 3a3 68 308b
  bd8 bda 69 1510
  bda dcf 69 244
  dcf bd8 69 245
  57a 573 6a 150
  573 57b 6a 26aa
  36d 502 6b 80f
  502 504 6b 2235
  504 36d 6b 347
  179d 17f9 6c 7e6
  17f9 17fa 6c 2cb1
  1732 1733 6d 2a80
  1733 182c 6d 3309
  182c 1732 6d 321b
  9c5 9c0 6e b93
  9c0 1675 6e 5be
  1675 9c5 6e 328d
  15b4 15b5 6f 110
  15b5 188e 6f 4d3
  188e 15b4 6f 8b
  ad2 ae5 70 1875
  ae5 b86 70 2e3
  b86 ad2 70 241
  11e5 12e0 71 3c8
  12e0 12f0 71 2b39
  12f0 11e5 71 9d
  565 566 72 689
  566 569 72 474
  569 565 72 3b6
  3d5 3d6 73 22f
  3d6 574 73 56a
  574 3d5 73 253a
  10f2 11a7 74 7da
  11a7 12dc 74 2df6
  12dc 10f2 74 23c2
  15bc 156b 75 32ed
  156b 1668 75 30ac
  1668 15bc 75 69e
  13c0 1394 76 1a0b
  1394 13cf 76 216
  178c 178d 77 662
  178d e8d 77 661
  16eb 16d4 78 c5
  16d4 16ec 78 3302
  16ec 16eb 78 585
  13b3 13b4 79 19de
  13b4 1545 79 44c
  e2c e2f 7a 1e2
  e2f 9c1 7a 667
  1991 196a 7b b5b
  196a 199a 7b 73f
  199a 1991 7b de
  16f5 16f8 7c ce0
  16f8 1700 7c 5e8
  1700 16f5 7c 144
  d13 d0d 7d 118
  d0d d24 7d 1a12
  d24 d13 7d 7e
  d04 d13 7e 4eb
  d24 d04 7e 1a1f
  1895 18c5 7f 3312
  18c5 18f2 7f 7bb
  18f2 1895 7f cc3
  157c 1568 80 4a0
  1568 15a8 80 307
  15a8 157c 80 2623
  17d1 1650 81 2092
  1650 17d7 81 24f
  17d7 17d1 81 465
  1430 1473 82 18d2
  1473 147e 82 576
  147e 1430 82 1d6
  557 559 83 1ba
  559 1837 83 2fa3
  1837 557 83 4e5
  15fd 15fe 84 b4f
  1602 15fd 84 4c1
  8fd 59a 85 c75
  59a 1505 85 103
  1505 8fd 85 47d
  a57 e7a 86 24c1
  e7a b60 86 4e2
  1a72 1a79 87 2007
  1a79 1aa3 87 10e
  1aa3 1a72 87 c49
  998 127a 88 2e00
  127a 1666 88 4b3
  1666 998 88 14a
  1414 1436 89 c8
  1436 1468 89 766
  1468 1414 89 3d6
  145a 1428 8a 1239
  1428 1462 8a 2421
  1462 145a 8a b2
  15b7 15b4 8b 9c3
  374 439 8c 2bbe
  439 3b5 8c 6fb
  7cf 7c2 8d 2d12
  7c2 10ea 8d 22b0
  10ea 7cf 8d a3
  138f 13d4 8e a9
  13d4 13d5 8e 2377
  d78 afd 8f 1d3c
  afd e9e 8f 16e
  125e 1229 90 26b0
  125f 125e 90 2bc0
  1b24 1b12 91 83a
  1b12 1b96 91 266e
  1b96 1b24 91 f6
  9b0 21a 92 da3
  21a 12ba 92 93
  12ba 9b0 92 4bb
  21a 12b0 93 2397
  12b0 12ba 93 245b
  76a 742 94 8be
  742 78c 94 1855
  19c1 19bf 95 2d26
  19bf 19c4 95 331b
  19c4 19c1 95 4c4
  16fa 1709 96 300
  1709 1727 96 f1
  1727 16fa 96 2db9
  1359 14fe 97 7fd
  14fe 151a 97 2cf3
  151a 1359 97 2f7
  d26 d25 98 2366
  d25 1831 98 464
  1831 d26 98 2885
  1415 912 99 2350
  912 1458 99 176
  1458 1415 99 2de
  1446 1442 9a 1b4
  1442 1510 9a 2a55
  1510 1446 9a 3dd
  360 362 9b 339
  362 35f 9b 26ce
  117b 1127 9c bc
  1127 12d0 9c 2c6e
  12d0 117b 9c 734
  1086 11e5 9d 22d0
  e22 e25 9e 202
  e25 e18 9e 684
  10cf 10a6 9f 32a4
  10a6 1269 9f 2c5f
  1269 10cf 9f 30aa
  170e 1701 a0 5e7
  1701 170f a0 2a5a
  170f 170e a0 2f2a
  370 372 a1 856
  372 374 a1 2ff
  ecb 1a83 a2 ab
  1a83 1aa7 a2 2dda
  1aa7 ecb a2 6dc
  1035 7cf a3 1827
  10ea 1035 a3 494
  e5e 1732 a4 9dc
  1732 182d a4 321b
  182d e5e a4 2f01
  e04 e02 a5 d99
  f60 e04 a5 7ef
  e19 e1c a6 1fe
  e1c 9bf a6 685
  3a2 51b a7 2b65
  51b 375 a7 3cd
  3cd 32d a8 217
  32d 51d a8 8e7
  51d 3cd a8 321
  138f 13be a9 c3
  13be 13d4 a9 a42
  1b87 1923 aa 2ec7
  1923 1b88 aa 26d6
  1b88 1b87 aa 333e
  ecb 1a87 ab 25d7
  1a87 1a83 ab 847
  1580 157f ac 1d0
  157f 17ff ac 108
  17ff 1580 ac 30e9
  39e 35b ad 27b1
  35b 3f3 ad 16d
  3f3 39e ad 20c7
  365 367 ae 56e
  367 3b9 ae 5c7
  3b9 365 ae 4d0
  134e 1351 af 32cf
  1351 136f af 2a5
  136f 134e af c4
  10bf 119c b0 2db5
  119c 12cd b0 31b7
  12cd 10bf b0 233a
  12a3 12a5 b1 14fa
  12a5 18c7 b1 320
  18c7 12a3 b1 164
  1462 152c b2 2767
  152c 145a b2 29aa
  306 2dd b3 223
  2dd 3d3 b3 4ac
  3d3 306 b3 252
  df1 def b4 dcd
  def f4f b4 2c8
  f4f df1 b4 1de
  35c 35e b5 12f
  35f 35c b5 2a5c
  1179 1178 b6 2ef3
  1178 126f b6 3c9
  126f 1179 b6 2ba4
  ef2 a07 b7 2a6e
  a07 1775 b7 2f98
  1775 ef2 b7 9f7
  5c3 3e2 b8 3f5
  3e2 5c5 b8 1fb
  5c5 5c3 b8 10f5
  23c 853 b9 25bd
  853 94b b9 2bb0
  1227 1238 ba 259c
  1238 1859 ba 319d
  1859 1227 ba 990
  109f 108c bb 165e
  108c 1af4 bb a2e
  1af4 109f bb 44a
  117b 1195 bc 23df
  1195 1127 bc 2934
  1b01 1b05 bd 202f
  1b05 1b06 bd 372
  1b06 1b01 bd 912
  1b6b 1b6a be 2674
  1b6a 1b81 be 2e27
  1b81 1b6b be 31ac
  dcb dca bf 127e
  11ad 11b0 c0 2b28
  11b0 11fc c0 3014
  11fc 11ad c0 2957
  8af 6e1 c1 2160
  6e1 916 c1 22e
  916 8af c1 57d
  e34 e32 c2 f0e
  e32 e97 c2 fe
  e97 e34 c2 3c5
  138f 150a c3 256d
  150a 13be c3 29f1
  136f 14f7 c4 746
  14f7 134e c4 3195
  16eb 171a c5 25e8
  171a 16d4 c5 2bc8
  a37 ce8 c6 30d
  ce8 e49 c6 2f9
  e49 a37 c6 2279
  11bf 55d c7 8b7
  55d 11c1 c7 3e4
  11c1 11bf c7 2c3c
  1414 1469 c8 719
  1469 1436 c8 2bbd
  166b 166d c9 5f1
  166d ee6 c9 2c22
  18a2 1897 ca 1dbb
  1897 18b4 ca 306
  18b4 18a2 ca 289
  18e0 1898 cb 573
  1898 18ec cb 2a4c
  18ec 18e0 cb 2ac
  b12 b10 cc 129b
  b10 e45 cc 1a2
  e45 b12 cc 3a2
  3c3 3c1 cd 318
  3c1 3c6 cd 276
  3c6 3c3 cd 123
  de0 1598 ce 274
  1598 159b ce 799
  da4 1592 cf 43b
  1592 1594 cf 1abe
  1594 da4 cf 15a
  358 331 d0 33c
  331 35a d0 2fa
  35a 358 d0 4cc
  1b80 1b7d d1 3166
  1b7d 1b82 d1 155
  1b82 1b80 d1 2cec
  13cb 14fb d2 c50
  14fb 15c5 d2 427
  15c5 13cb d2 280
  1 13ea d3 301b
  13ea 1460 d3 533
  1460 1 d3 40e
  ee2 19d0 d4 277f
  19d0 1a5a d4 18b
  1a5a ee2 d4 afe
  9d4 b2d d5 105
  b2d b36 d5 2b0
  b36 9d4 d5 6ec
  1156 9b0 d6 228c
  12c2 1156 d6 762
  137a 5c9 d7 17e
  5c9 1670 d7 50b
  1670 137a d7 264
  e10 9c7 d8 111
  9c7 e11 d8 9e9
  e11 e10 d8 28e
  3d3 2dc d9 4ac
  2dc 3d4 d9 23e5
  3d4 3d3 d9 824
  12ee 1089 da 29d7
  1089 130b da 2c4c
  130b 12ee da 5c6
  1681 167e db 2227
  167e 1682 db 32fd
  1682 1681 db 2c74
  c9a 544 dc 6fc
  544 ca0 dc 2566
  ca0 c9a dc 13f
  9ef e4d dd 3291
  e4d 188c dd 2f37
  188c 9ef dd 2fa9
  1981 1991 de 131
  199a 1981 de 12d6
  1675 9c8 df 5be
  9c8 1677 df 1f9
  1677 1675 df 32f8
  1525 1363 e0 221e
  1363 154b e0 32d5
  154b 1525 e0 7b5
  19c0 19c3 e1 309a
  19c3 1a93 e1 87f
  1a93 19c0 e1 331c
  f96 f97 e2 53a
  f97 1284 e2 2984
  1284 f96 e2 1f56
  18b3 18f9 e3 2a54
  18f9 190a e3 1e8
  190a 18b3 e3 2fd
  5ae 587 e4 193
  587 5b0 e4 9eb
  5b0 5ae e4 1a37
  1396 5ec e5 e8
  5ec 14fa e5 256
  14fa 1396 e5 23ea
  f35 f36 e6 1e82
  f36 1324 e6 1f7
  1324 f35 e6 296
  1898 18d6 e7 184
  18d6 18ed e7 b9a
  18ed 1898 e7 2a4c
  1396 150c e8 2500
  150c 5ec e8 247a
  171 95c e9 1dfc
  95c c9c e9 311
  c9c 171 e9 2b2
  36b 370 ea 769
  370 526 ea 3279
  526 36b ea 2adc
  439 3a9 eb 5e9
  3a9 4fa eb 128
  4fa 439 eb 31f
  1431 1443 ec ff
  1443 1507 ec a77
  1507 1431 ec 2c80
  9e6 d89 ed 2557
  d89 eb1 ed 143
  eb1 9e6 ed 2271
  93c 93a ee 44d
  93a 93f ee a1b
  93f 93c ee 279
  16fe 16ff ef 404
  16ff 1808 ef f3
  1808 16fe ef 2fba
  1750 174f f0 330c
  174f 176d f0 7b1
  176d 1750 f0 261a
  1709 f07 f1 6eb
  f07 1727 f1 2584
  1562 1560 f2 32ec
  1560 15ad f2 3209
  15ad 1562 f2 781
  16ff 16fc f3 2155
  16fc 1808 f3 13e
  1b93 1914 f4 274f
  1914 1ba0 f4 961
  1ba0 1b93 f4 445
  1314 149a f5 54e
  149a 149b f5 2a3e
  149b 1314 f5 2911
  1b21 1b24 f6 30da
  1b96 1b21 f6 324c
  93b 93c f7 44d
  93c 1931 f7 1b7
  1931 93b f7 3238
  e5d e5e f8 2a18
  e5e 1851 f8 2f1f
  1851 e5d f8 708
  ad3 cdb f9 13a
  cdb ce4 f9 246c
  ce4 ad3 f9 1834
  66b 682 fa 6c1
  682 66d fa 741
  17c7 17c8 fb 255
  17c8 1b11 fb c00
  619 13a4 fc 74e
  13a4 139f fc 2409
  170e 16f0 fd 2569
  16f0 172d fd 3064
  172d 170e fd 5e7
  e32 e36 fe 187
  e36 e97 fe c79
  1431 151f ff 2686
  151f 1443 ff 2706
  741 757 100 159
  757 788 100 14d9
  788 741 100 298e
  2b0 4e8 101 42c
  4e8 2b1 101 179
  216 9b5 102 1e96
  9b5 1336 102 323
  1336 216 102 10c
  59a 59f 103 1c34
  59f 1505 103 811
  1a60 1aa5 104 3165
  1aa5 1aa6 104 315d
  1aa6 1a60 104 2e7a
  9d4 b35 105 6ad
  b35 b2d 105 676
  546 936 106 48a
  936 1ba2 106 57b
  1ba2 546 106 28b7
  1af3 1259 107 147
  1259 1af4 107 44a
  1af4 1af3 107 2c5a
  157f 1582 108 1f6e
  1582 17ff 108 3197
  127c 11c7 109 29b8
  11c7 12dd 109 3030
  12dd 127c 109 3a5
  efe 16f3 10a 1f50
  16f3 16f4 10a 126
  16f4 efe 10a 3b9
  956 955 10b 1ef5
  955 155b 10b 6b6
  155b 956 10b 23fb
  1336 217 10c 491
  b4b f32 10d 49f
  f3d b4b 10d 29e0
  1a79 1a7b 10e 45b
  1a7b 1aa3 10e 5fe
  1b08 1676 10f 264b
  1676 1b12 10f 800
  1b12 1b08 10f 83a
  15b4 15b3 110 271
  15b3 15b5 110 1b6
  e10 e12 111 27e
  e12 9c7 111 6d7
  9fa ca2 112 9a6
  ca2 cee 112 1907
  cee 9fa 112 3295
  1933 1a5d 113 ba9
  1a5d 1aa6 113 2e7a
  536 3cc 114 2b2d
  3cc 15d9 114 28ab
  15d9 536 114 3e9
  1688 1684 115 2191
  1684 16e2 115 4e1
  16e2 1688 115 384
  57f 57e 116 220b
  57e 583 116 369
  583 57f 116 261
  9a2 9a1 117 2b23
  9a1 9a4 117 1d1
  9a4 9a2 117 21f6
  d13 d25 118 464
  9db 9cd 119 588
  9cd 9df 119 2ee8
  9df 9db 119 272f
  1893 9ae 11a 2f06
  9ae 1894 11a 3287
  1894 1893 11a 5ad
  bd1 bd4 11b 153d
  bd4 dd1 11b 331
  dd1 bd1 11b 330
  3af 3ad 11c 21a
  3ad 1ab1 11c 1c7
  1ab1 3af 11c 28c7
  3c0 32e 11d 34a
  32e 3c1 11d 3e6
  3c1 3c0 11d 318
  127f 9ae 11e 3285
  9ae 132a 11e 2f06
  132a 127f 11e 2e77
  1278 127b 11f 32c5
  127b 13d3 11f 32c7
  b6b aac 120 16b
  aac cbe 120 14ca
  cbe b6b 120 808
  628 629 121 2bd
  629 62e 121 1c8c
  62e 628 121 3d9
  132b 1894 122 5ad
  1894 18b5 122 2a7a
  18b5 132b 122 94f
  3c6 3f4 123 5ab
  3f4 3c3 123 2af9
  632 631 124 32d
  631 651 124 58c
  651 632 124 1db7
  14e4 1506 125 2574
  1506 1508 125 25c
  1508 14e4 125 81e
  16f3 16f5 126 6ee
  16f5 16f4 126 144
  129b 1297 127 119a
  1297 12b2 127 340
  12b2 129b 127 341
  3a9 963 128 1ed
  963 4fa 128 bc2
  16dc 170a 129 25c6
  170a 170d 129 192
  170d 16dc 129 2943
  513 ae7 12a 24a2
  ae7 ade 12a 6ff
  69a 699 12b 1212
  11d1 69a 12b c63
  1b37 1b38 12c 28ba
  1b39 1b37 12c 28bb
  187f 188d 12d 32b
  188e 187f 12d 66f
  d70 d6f 12e 1c4d
  d6f 15b6 12e 232
  15b6 d70 12e 4ee
  35c 35d 12f 422
  35d 35e 12f 21e3
  fdf fdd 130 161a
  fdd 1300 130 519
  1300 fdf 130 236e
  1981 c38 131 1b3
  c38 1991 131 9ec
  9c2 1606 132 1a8
  1606 1611 132 26d4
  1611 9c2 132 666
  e8c e8a 133 2315
  e8a e8f 133 134
  e8f e8c 133 2416
  e8a e23 134 b38
  e23 e8f 134 24f0
  553 552 135 2c5
  552 558 135 2849
  558 553 135 2b2b
  e95 e90 136 231e
  e90 e9a 136 137
  e9a e95 136 409
  e90 e2d 137 baf
  e2d e9a 137 2503
  d04 d10 138 267d
  d10 d12 138 329c
  d12 d04 138 4eb
  dc6 dcf 139 245
  dcf dc8 139 6c0
  ad3 ebd 13a 2420
  ebd cdb 13a 26bc
  1693 f5d 13b 222e
  f5d 169e 13b 413
  169e 1693 13b 21d
  940 540 13c c45
  540 1ad4 13c 563
  1ad4 940 13c 300d
  cd7 cd5 13d 2b48
  cd5 cdb 13d 18c
  cdb cd7 13d 1253
  16fc 16fd 13e 2156
  16fd 1808 13e 248b
  ca0 ea8 13f 263b
  ea8 c9a 13f 909
  adc 9e5 140 171
  9e5 e81 140 9b6
  e81 adc 140 2d48
  983 1372 141 bdd
  1372 1373 141 297
  1373 983 141 376
  e55 c3f 142 2eb
  c3f e7d 142 14b
  e7d e55 142 27a9
  d89 ad5 143 1fa3
  ad5 eb1 143 2316
  1700 16f4 144 dfc
  fe2 fc6 145 8f9
  fc6 1062 145 27a
  1062 fe2 145 175e
  93e 93b 146 327e
  93b 19fa 146 3157
  19fa 93e 146 250
  1097 1259 147 32a0
  1af3 1097 147 382
  15e5 165e 148 348
  165e 17b1 148 7cd
  17b1 15e5 148 918
  9fe 9fd 149 9bc
  9fd a00 149 46a
  a00 9fe 149 2f41
  9a0 998 14a 2ce4
  1666 9a0 14a af9
  c3f c3e 14b 1942
  c3e e7d 14b 3ed
  35a 35b 14c 2fa
  35b 35c 14c 422
  35c 35a 14c 6b2
  190e 190c 14d 1662
  1b6c 190e 14d 652
  1b73 1b07 14e 304f
  1b07 1b74 14e 3336
  1b74 1b73 14e 2d78
  3aa 1ad6 14f 41d
  1ad6 54d 14f 62f
  571 573 150 2c42
  57a 571 150 958
  17f6 1b1e 151 2b4a
  1b1e 1b1f 151 f0f
  1b1f 17f6 151 161
  16b7 16b8 152 e7d
  16b8 16c3 152 3b8
  16c3 16b7 152 280c
  cbf ac9 153 36b
  ac9 cec 153 1742
  cec cbf 153 36a
  bfc bf9 154 1863
  bf9 c9b 154 36c
  c9b bfc 154 36d
  1b7d 1b81 155 3118
  1b81 1b82 155 2e27
  a03 a02 156 2453
  a02 1809 156 220
  1809 a03 156 92b
  1b11 1b14 157 77a
  1b14 1b0a 157 901
  18d4 18db 158 416
  18db 18e8 158 570
  18e8 18d4 158 28d5
  741 8b0 159 20d7
  8b0 757 159 1be
  1594 1598 15a 565
  1598 da4 15a 343
  2fe 537 15b a5e
  537 960 15b 1f0
  960 2fe 15b b52
  9be 9bb 15c 2a7b
  9bb 9c0 15c 328c
  9c0 9be 15c 79a
  f9b 117f 15d 2fc5
  117f 117d 15d 23c0
  dce dcb 15e 13f7
  180b dce 15e 3ee
  15f8 15f9 15f 70d
  15f9 15eb 15f 22cc
  1868 1862 160 2d68
  1862 1b40 160 def
  1b40 1868 160 2a2
  17b8 17f6 161 30b
  1b1f 17b8 161 70e
  32b 2ef 162 5ac
  2ef 51f 162 d8f
  1b3e 1b48 163 2a8c
  1b48 1b9d 163 173
  1b9d 1b3e 163 2d71
  12a6 12a3 164 1422
  18c7 12a6 164 ae0
  16b5 16cb 165 cf1
  16cb 16cc 165 2641
  16cc 16b5 165 34b
  161a 161c 166 1120
  161c 1651 166 486
  1651 161a 166 2a6
  3ce 51d 167 321
  51d 1ae1 167 2679
  1ae1 3ce 167 303a
  116a 11a4 168 28d2
  12c9 116a 168 67b
  11ca 11da 169 32b2
  11da 1215 169 32b8
  1215 11ca 169 267
  1861 1863 16a 72c
  1863 1866 16a 3dc
  1866 1861 16a dfa
  b6b cbf 16b 2429
  cbf aac 16b 36a
  ec5 ec8 16c 1ecd
  ec8 1a85 16c 383
  1a85 ec5 16c 395
  35b 331 16d 2fa
  331 3f3 16d 64e
  afd e9d 16e 2fc
  e9d e9e 16e 2451
  1155 1150 16f 2a1
  1150 1159 16f 4e9
  1159 1155 16f 5db
  1b12 1b13 170 2e22
  1b13 1b23 170 3339
  1b23 1b12 170 266e
  adc e80 171 253b
  e80 9e5 171 5e2
  16ea 16e8 172 3305
  16e8 16ef 172 848
  16ef 16ea 172 3306
  1b48 1b3d 173 332
  1b3d 1b9d 173 2e7c
  1a03 1a04 174 183d
  1a04 1a88 174 2b67
  1a88 1a03 174 29a
  1a09 1a25 175 3320
  1a25 1aad 175 354
  1aad 1a09 175 2b7d
  912 145d 176 bcb
  145d 1458 176 23ae
  1233 1224 177 298d
  1224 1257 177 2f72
  1257 1233 177 32c1
  570 57a 178 2de0
  581 570 178 941
  430 2b1 179 1b1
  4e8 430 179 22ff
  389 382 17a 2ad3
  382 49a 17a 2754
  49a 389 17a 1d8
  e98 e97 17b 3c5
  e97 e99 17b e1b
  13cc 153f 17c 680
  153f 1541 17c 262c
  3a3 180f 17d 322e
  180f 3a2 17d 401
  137a 1397 17e 857
  1397 5c9 17e 3b3
  f81 f7f 17f 1f4f
  f7f f8f 17f 45c
  f8f f81 17f 543
  167e 9d6 180 2227
  9d6 16c6 180 2f2
  16c6 167e 180 2396
  1349 1347 181 1d2d
  1347 1360 181 3db
  1360 1349 181 37d
  dea f48 182 2fb3
  f48 f4e 182 1d9
  f4e dea 182 7f8
  1456 146a 183 1cb
  146a 150b 183 b28
  150b 1456 183 2924
  1898 18d5 184 269
  18d5 18d6 184 2422
  1227 11e0 185 990
  11e0 1272 185 823
  1272 1227 185 44b
  1172 1129 186 19d5
  1129 1197 186 370
  1197 1172 186 5b0
  e32 e2f 187 c9b
  e2f e36 187 1e2
  1170 111b 188 15fb
  111b 1176 188 1d2
  1176 1170 188 33b
  5e3 5c7 189 1c54
  5c7 1397 189 3b3
  1397 5e3 189 3b4
  350 332 18a 2a9
  332 351 18a 458
  351 350 18a 42f
  19d0 19d2 18b 1100
  19d2 1a5a 18b 3af
  cd5 ec1 18c 26d9
  ec1 cdb 18c 246c
  1511 92e 18d 6c2
  92e 1512 18d 360
  1512 1511 18d 2d1c
  387 3a4 18e 27a5
  3a4 1845 18e 3260
  1b38 179b 18f 19e
  179b 1b44 18f 282b
  1b44 1b38 18f 2252
  16a8 16b9 190 385
  16b9 1821 190 1db
  1821 16a8 190 2e6c
  1325 131b 191 ed2
  131b 16c2 191 3bd
  16c2 1325 191 3bc
  170a 170b 192 d79
  170b 170d 192 529
  5ae 5d1 193 48e
  5d1 587 193 201e
  1562 1574 194 781
  1574 1578 194 32ef
  1578 1562 194 345
  138e 138f 195 1533
  154c 138e 195 37c
  b2a b2c 196 16ba
  b2c b36 196 37a
  b36 b2a 196 2b0
  121b 1219 197 32c0
  1219 121e 197 2977
  121e 121b 197 20f
  923 922 198 744
  922 1804 198 312
  1804 923 198 320b
  e1f e1c 199 caa
  e1c e23 199 1fe
  e23 e1f 199 b38
  164c 211 19a 20b
  211 1651 19a aaf
  1651 164c 19a 486
  1874 186c 19b 2c1
  186c 1887 19b 2c72
  1887 1874 19b 23f0
  19fc 1a20 19c 4fb
  1a20 1a5c 19c 438
  1a5c 19fc 19c 26f6
  1155 1154 19d a28
  1166 1155 19d 2a1
  17fa 179b 19e 2cb1
  1b38 17fa 19e 28ba
  11bd 1267 19f 2bf3
  1267 12d2 19f 323c
  12d2 11bd 19f 355
  e28 e25 1a0 ca8
  e25 e2d 1a0 202
  e2d e28 1a0 baf
  3b0 517 1a1 3eb
  517 520 1a1 2b7a
  520 3b0 1a1 514
  b10 ef9 1a2 812
  ef9 e45 1a2 545
  140e 140d 1a3 1071
  140d 14b1 1a3 284
  14b1 140e 1a3 27e8
  851 7fa 1a4 1a9
  7fa 8a6 1a4 1f4
  8a6 851 1a4 1f42
  f9c 11aa 1a5 4f7
  11aa 1847 1a5 302c
  1847 f9c 1a5 2cc7
  9cf 16e7 1a6 2ad0
  16e7 16e8 1a6 3304
  16e8 9cf 1a6 23e6
  1676 1675 1a7 328d
  1675 1b4b 1a7 37f
  1b4b 1676 1a7 32fa
  9c2 1603 1a8 2ab
  1603 1606 1a8 21f1
  851 183e 1a9 78b
  183e 7fa 1a9 2e9c
  19c5 15bc 1aa 2b26
  15bc 1a95 1aa 69e
  1a95 19c5 1aa 2823
  e27 e2c 1ab f12
  e2e e27 1ab 3d1
  14a6 1437 1ac 8bd
  1437 14ef 1ac 2178
  14ef 14a6 1ac 34d
  dbe bd2 1ad 3f0
  bd2 ddc 1ad 35c
  ddc dbe 1ad 1dba
  974 1512 1ae 2d1c
  1512 1521 1ae 32e4
  1521 974 1ae 3096
  383 96e 1af 3029
  96e 3cf 1af 27ef
  85d 89e 1b0 1bb2
  89e fca 1b0 6e7
  430 2b2 1b1 2d9
  e6d e6c 1b2 3172
  e6c e6f 1b2 2d45
  e6f e6d 1b2 25e9
  1981 1992 1b3 7dd
  1992 c38 1b3 98e
  1446 150b 1b4 256e
  150b 1442 1b4 b28
  e1e e22 1b5 f14
  e24 e1e 1b5 3ec
  15b3 1883 1b6 2cb2
  1883 15b5 1b6 435
  93c 93d 1b7 268f
  93d 1931 1b7 294f
  12b4 12ad 1b8 1b14
  12ad 12c5 1b8 730
  12c5 12b4 1b8 301
  5ca 5ce 1b9 211
  5ce 5cf 1b9 b56
  5cf 5ca 1b9 3d2
  557 558 1ba 59e
  558 559 1ba 24a
  18d4 18cf 1bb 100b
  18cf 18e9 1bb 1bc
  18e9 18d4 1bb 416
  18cf 18d0 1bc 1ba2
  18d0 18e9 1bc 2c15
  17a5 17a4 1bd 24fd
  17a4 17b0 1bd 441
  17b0 17a5 1bd 485
  8b0 8d6 1be 1e3
  8d6 757 1be 2330
  361 363 1bf 737
  363 1824 1bf 3231
  1824 361 1bf 336
  1120 1111 1c0 1c49
  1111 1162 1c0 3c1
  1162 1120 1c0 424
  3b2 539 1c1 2f28
  539 972 1c1 2ca
  972 3b2 1c1 257e
  e14 e19 1c2 f20
  e1b e14 1c2 3ff
  154b 1391 1c3 32d5
  1391 154e 1c3 32dc
  154e 154b 1c3 61b
  11c2 11c6 1c4 65e
  11c6 11c9 1c4 806
  11c9 11c2 1c4 b37
  155b 9f8 1c5 276e
  9f8 155c 1c5 3294
  155c 155b 1c5 23fb
  92d 935 1c6 327b
  935 938 1c6 327f
  938 92d 1c6 272b
  3ad 3b0 1c7 28cc
  3b0 1ab1 1c7 410
  14a3 1ab7 1c8 2f9e
  1ab7 1ab8 1c8 3331
  1ab8 14a3 1c8 2267
  87d 848 1c9 a72
  848 884 1c9 8f6
  884 87d 1c9 290
  15fe 17ad 1ca 1e1
  17ad 17ec 1ca 2952
  17ec 15fe 1ca 425
  1456 151d 1cb 2120
  151d 146a 1cb 2559
  53e 540 1cc 342
  540 1856 1cc 314b
  1856 53e 1cc 5ae
  af6 af5 1cd 10dc
  af5 af8 1cd 2b9d
  af8 af6 1cd 275
  34b 52e 1ce 282
  52e 533 1ce 2ece
  533 34b 1ce 2b0e
  1542 13cc 1cf 680
  13cc 15c5 1cf 280
  15c5 1542 1cf 2feb
  1580 1583 1d0 7cc
  1583 157f 1d0 7ab
  9a1 9a7 1d1 29f9
  9a7 9a4 1d1 2d96
  111b 11a3 1d2 3f4
  11a3 1176 1d2 251b
  9ec 9dc 1d3 286a
  9dc 9f7 1d3 2fbb
  9f7 9ec 1d3 a50
  da3 de2 1d4 21f0
  de2 15a3 1d4 2f0
  15a3 da3 1d4 4c5
  9e1 d3d 1d5 2334
  d3d e84 1d5 2f8
  e84 9e1 1d5 2523
  147e 14ee 1d6 223b
  14ee 1430 1d6 6cf
  432 3e1 1d7 c16
  3e1 5e5 1d7 249
  5e5 432 1d7 cd6
  38c 389 1d8 2a82
  49a 38c 1d8 60c
  f48 f4b 1d9 2461
  f4b f4e 1d9 294d
  98f 98c 1da 28b
  98c 1bb4 1da 314a
  1bb4 98f 1da 581
  16b9 f7e 1db 265
  f7e 1821 1db 861
  11ec 11ea 1dc 2ecb
  11ea 1276 1dc 506
  1276 11ec 1dc 2bfa
  15eb 15ff 1dd 567
  15ff 15ef 1dd 8fa
  f4f f50 1de 29b6
  f50 df1 1de 75b
  1a81 1a7d 1df 2dfc
  1a7d 1a82 1df 3115
  1a82 1a81 1df 69f
  d9d 159c 1e0 31d
  159c 159d 1e0 75c
  159d d9d 1e0 7c9
  15fe 15ec 1e1 b4f
  15ec 17ad 1e1 2b7
  e2c e36 1e2 f9a
  8b0 4a2 1e3 1e91
  4a2 8d6 1e3 40f
  16be 1687 1e4 52d
  1687 16bf 1e4 2b9c
  16bf 16be 1e4 2d86
  1351 14fe 1e5 26ee
  14fe 182a 1e5 7fd
  182a 1351 1e5 91e
  1131 125b 1e6 2bd0
  125b 1281 1e6 243
  1281 1131 1e6 77c
  157e 15b1 1e7 443
  15b1 15bb 1e7 2bf7
  15bb 157e 1e7 2f5e
  18f9 18fa 1e8 2b3a
  18fa 190a 1e8 5ba
  11b7 11b9 1e9 214c
  11e4 11b7 1e9 2e99
  f6b f55 1ea 200f
  f55 1719 1ea 2946
  1719 f6b 1ea 1ef
  12d7 126f 1eb 2a53
  126f 1aec 1eb 2f87
  1aec 12d7 1eb 3239
  3d0 32c 1ec 577
  32c 4b1 1ec 260f
  4b1 3d0 1ec 1f5e
  3a9 3aa 1ed 41d
  3aa 963 1ed 3104
  bf7 bf4 1ee 16c7
  bf4 d83 1ee 239
  d83 bf7 1ee 4c2
  f53 f6b 1ef 2d84
  1719 f53 1ef 2ad8
  537 3a6 1f0 2f95
  3a6 960 1f0 23bb
  3b4 393 1f1 286f
  407 3b4 1f1 ac7
  3b9 500 1f2 25e3
  500 501 1f2 2459
  501 3b9 1f2 2ec
  17f3 17f2 1f3 20bc
  17f2 1b30 1f3 546
  1b30 17f3 1f3 2ee
  7fa 8c8 1f4 2263
  8c8 8a6 1f4 214
  b46 f30 1f5 201
  f30 f3c 1f5 512
  f3c b46 1f5 259f
  1b4a 1678 1f6 2b0a
  1678 1b50 1f6 3061
  1b50 1b4a 1f6 2c18
  f36 1322 1f7 9cc
  1322 1324 1f7 25da
  937 934 1f8 2af4
  934 132c 1f8 2f5b
  132c 937 1f8 305
  9c8 1b85 1f9 2a7f
  1b85 1677 1f9 3084
  1311 c0a 1fa 3d0
  c0a 1312 1fa 2530
  1312 1311 1fa 2aea
  3e2 5cc 1fb 574
  5cc 5c5 1fb 71f
  c3c c37 1fc 1b26
  c37 1993 1fc 4a4
  1993 c3c 1fc 6b1
  1b2b 1b2a 1fd 34c
  1b2a 1b4c 1fd 240
  1b4c 1b2b 1fd 2dea
  e19 e23 1fe fa6
  1468 1467 1ff 479
  1467 14ed 1ff 2126
  14ed 1468 1ff 3d6
  1246 1250 200 32c2
  1250 12f9 200 2ed4
  12f9 1246 200 31d4
  b46 f6f 201 246a
  f6f f30 201 2759
  e22 e2d 202 f9c
  c13 d83 203 4c2
  d83 e9b 203 25a9
  e9b c13 203 272
  1285 181b 204 319
  181b 181c 204 809
  181c 1285 204 2dfe
  1a52 1933 205 2ab2
  1933 1a8c 205 31bb
  1a8c 1a52 205 30b5
  176d 1733 206 2fc6
  1733 176e 206 2b04
  176e 176d 206 261a
  12af 12bb 207 399
  12bb 12bc 207 776
  12bc 12af 207 2585
  185c 1868 208 430
  1868 1b3b 208 778
  1b3b 185c 208 249b
  dc7 dd1 209 a13
  dd1 dc6 209 331
  17ef 17f0 20a 2f1
  17f0 1b5a 20a 760
  1b5a 17ef 20a 2444
  164c 1782 20b 2884
  1782 211 20b 25dc
  e37 e31 20c 380
  e31 1bb6 20c 292
  1bb6 e37 20c 2d3b
  87c 884 20d 290
  884 879 20d 8ed
  e15 e12 20e cd8
  e12 e1a 20e 27e
  e1a e15 20e d5c
  121e 1283 20f 284c
  1283 121b 20f 2b81
  503 502 210 2235
  502 1812 210 27b
  1812 503 210 2ed9
  5ca 5cd 211 415
  5cd 5ce 211 c34
  90e 5a5 212 27a4
  5a5 9a8 212 804
  9a8 90e 212 420
  ae3 9de 213 24e
  9de b6e 213 eaa
  b6e ae3 213 a4d
  850 8a6 214 1f43
  8c8 850 214 287
  505 503 215 abd
  503 17fc 215 1fe8
  17fc 505 215 3203
  1394 5ec 216 256
  5ec 13cf 216 2022
  3cd 536 217 2b2d
  536 32d 217 2636
  647 66a 218 1a26
  66a 66b 218 537
  18b1 18b2 219 1a84
  18b2 18e5 219 222
  18e5 18b1 219 22b
  3ae 3ad 21a 8a0
  3af 3ae 21a 204c
  1b5b 1b5d 21b 21bb
  1b5d 1b60 21b 7b9
  1b60 1b5b 21b 2d5
  16f 1bbc 21c 2ec2
  1bbc c98 21c 584
  169e 169f 21d 2455
  169f 1693 21d 6bc
  2d0 3e3 21e 3da
  3e3 3e5 21e 9ff
  3e5 2d0 21e 4c3
  36c 4f3 21f 446
  4f3 96f 21f 560
  96f 36c 21f 3098
  a02 d8f 220 4c0
  ed7 c00 221 2ee2
  c00 ed9 221 24c
  ed9 ed7 221 1fda
  18b2 18d1 222 23a
  18d1 18e5 222 249d
  306 2de 223 2e2
  ae0 aec 224 207e
  aec 513 224 7a3
  59b 903 225 28b4
  903 90a 225 3ce
  90a 59b 225 72f
  1561 155d 226 32eb
  155d 15af 226 31ea
  15af 1561 226 2fae
  e06 dfa 227 478
  dfa f5e 227 43f
  f5e e06 227 2d4
  deb de9 228 619
  de9 df2 228 8d0
  df2 deb 228 699
  10cc 1221 229 2f5c
  1221 1282 229 7ce
  1282 10cc 229 32a9
  9f9 9fc 22a 2897
  9fc e4c 22a 3297
  e4c 9f9 22a 228d
  18e5 18e7 22b 28d0
  18e7 18b1 22b 3a3
  cf2 cd6 22c 1958
  cd6 e5a 22c 608
  e5a cf2 22c 3a1
  8ea 3ab 22d 48c
  3ab 8f9 22d 2511
  8f9 8ea 22d 242
  6e1 762 22e 262
  762 916 22e 29fe
  3d5 1535 22f 593
  1535 3d6 22f 1fcb
  e55 c1b 230 2407
  c1b f75 230 2710
  f75 e55 230 2eb
  5c9 5c8 231 11e1
  5c8 1395 231 4de
  1395 5c9 231 50b
  d6f d74 232 3df
  d74 15b6 232 e61
  1377 1371 233 454
  1371 1378 233 3ad
  1378 1377 233 d91
  aee ea9 234 2603
  ea9 ebf 234 2c2
  ebf aee 234 26d3
  167b 167d 235 2d4e
  167d 167c 235 32fb
  3e0 3df 236 2259
  3df 92b 236 487
  92b 3e0 236 785
  e95 e94 237 409
  e94 1791 237 777
  1791 e95 237 948
  90b 84f 238 6fe
  84f 918 238 2637
  918 90b 238 246
  bf4 c7b 239 283
  c7b d83 239 1f61
  18b2 18df 23a 264e
  18df 18d1 23a 391
  3d6 2da 23b 1fcb
  2da 534 23b 826
  534 3d6 23b 67c
  11a1 12a8 23c 2f5
  12a8 12b3 23c 22e4
  12b3 11a1 23c 20b8
  f9c 11a8 23d 97a
  11a8 11a9 23d 655
  11a9 f9c 23d 4f7
  127b 13c4 23e 2b27
  13c4 14ff 23e 32df
  14ff 127b 23e 2b6e
  567 98b 23f 29ef
  98b 133e 23f d52
  133e 567 23f 2f43
  1b2a 17a3 240 2e37
  17a3 1b4c 240 285f
  ad3 ad2 241 186c
  b86 ad3 241 2420
  896 8ea 242 241c
  8f9 896 242 6c8
  125b 1101 243 2907
  1101 1281 243 2dc1
  bda bdd 244 1842
  dc6 bd8 245 181f
  87d 90b 246 2578
  918 87d 246 a72
  ccb b51 247 4d1
  b51 ccc 247 646
  ccc ccb 247 18fb
  12bb 12b0 248 245b
  12b0 12c1 248 295
  12c1 12bb 248 ab2
  3e1 3e2 249 1fee
  3e2 5e5 249 3f5
  558 15c9 24a 578
  15c9 559 24a 3255
  1665 99e 24b 2e7b
  99e 1666 24b 52c
  1666 1665 24b 709
  c00 edc 24c 2373
  edc ed9 24c 3fe
  16e8 16ec 24d 585
  16ec 1701 24d 2a5a
  1701 16e8 24d 848
  ae3 e4a 24e 679
  e4a 9de 24e 24d5
  1650 1633 24f 8aa
  1633 17d7 24f 1b77
  19fa 19ff 250 8ea
  19ff 93e 250 659
  9af 21c 251 1f92
  21c 1156 251 634
  1156 9af 251 26c
  3d3 57a 252 958
  57a 306 252 2de0
  1983 19ca 253 1b0a
  19ca 1a4e 253 374
  1a4e 1983 253 727
  9cd 9ca 254 96a
  9ca 9ce 254 2dbe
  9ce 9cd 254 2ee8
  17c7 17bc 255 bce
  17bc 17c8 255 466
  1394 14fa 256 23e9
  1181 1182 257 219f
  1182 1187 257 39c
  1187 1181 257 4f8
  169b 1697 258 1e4d
  1697 16a1 258 450
  16a1 169b 258 5d8
  1874 187a 259 23f0
  187a 187e 259 1d4d
  187e 1874 259 ac4
  4b4 3cb 25a 2ba
  3cb 4f5 25a 2a06
  4f5 4b4 25a 6f1
  877 87f 25b 35b
  87f f9f 25b 31c
  f9f 877 25b 24dd
  1506 147a 25c e8b
  147a 1508 25c 28db
  5a9 5a6 25d 1b28
  5a6 5d1 25d 48f
  5d1 5a9 25d 48e
  1925 18a6 25e 2d6
  18a6 1929 25e 736
  1929 1925 25e 598
  73c 810 25f 266
  810 917 25f 4ad
  917 73c 25f 26bb
  1895 9ae 260 3287
  9ae 18e4 260 3286
  18e4 1895 260 3312
  583 584 261 29f5
  584 57f 261 7a4
  6e1 8b9 262 2258
  8b9 762 262 29c
  924 554 263 559
  554 120b 263 242f
  120b 924 263 9f3
  137d 137a 264 101a
  1670 137d 264 686
  f7d f7e 265 10ef
  16b9 f7d 265 4ea
  73c 948 266 2ba9
  948 810 266 26cc
  1215 1234 267 32bf
  1234 11ca 267 2e83
  139e 1547 268 2464
  1547 1818 268 d08
  1818 139e 268 602
  1898 18df 269 573
  18df 18d5 269 264e
  eab cdf 26a 33f
  cdf ebc 26a 26e
  ebc eab 26a 2ae7
  1b55 1b56 26b 2c8e
  1b56 1b58 26b 367
  1b58 1b55 26b 333c
  114b 9af 26c 1ebf
  1156 114b 26c 762
  367 369 26d 24b9
  369 38e 26d 25f2
  cdf ce0 26e 15bb
  ce0 ebc 26e 733
  16e9 1768 26f 3290
  1768 9df 26f 272f
  318 2ce 270 5fa
  2ce 3d8 270 7b2
  3d8 318 270 45a
  15b2 15b3 271 2ada
  15b4 15b2 271 2adb
  c9c c13 272 95e
  e9b c9c 272 21bf
  3d5 3d4 273 2b5
  3d4 183f 273 23e5
  183f 3d5 273 593
  de0 da2 274 2106
  da2 1598 274 343
  af8 e9d 275 297c
  e9d af6 275 2fc
  3c1 3c4 276 353
  3c4 3c6 276 41b
  429 323 277 5fb
  323 42b 277 34e
  42b 429 277 1ab7
  98c 560 278 28b
  560 1538 278 2535
  1538 98c 278 4d6
  93f 955 279 31e
  955 93c 279 268f
  fc6 1063 27a f86
  1063 1062 27a 5bb
  502 501 27b 2ec
  501 1812 27b 324b
  912 911 27c 287c
  911 1516 27c 33d
  1516 912 27c bcb
  11e6 120e 27d 314d
  120e 11e4 27d 2f44
  e10 e1a 27e fc6
  fc9 873 27f a43
  fca fc9 27f 496
  13cc 13cb 280 1f25
  17e5 17e7 281 1244
  17e7 1b6c 281 8e2
  34b 4f2 282 2286
  4f2 52e 282 2163
  bf4 bf2 283 1723
  bf2 c7b 283 417
  140d 1530 284 23fd
  1530 14b1 284 27a1
  1a73 1a6f 285 2e95
  1a99 1a73 285 2a73
  95c 170 286 1dfc
  c98 95c 286 2f3
  8c8 8da 287 24a8
  8da 850 287 29d
  3b6 387 288 27a5
  18b3 18a2 289 1c69
  18b4 18b3 289 2a54
  12a4 12ac 28a 33a
  12ac 12b4 28a 1b14
  12b4 12a4 28a 292f
  98f 560 28b 2724
  16cd 16cc 28c 34b
  16cc 16ce 28c 27c0
  16ce 16cd 28c 7be
  1395 1380 28d 3bb
  1380 1670 28d 686
  1670 1395 28d 50b
  e0c e10 28e f54
  e11 e0c 28e 4b5
  9a8 5ad 28f ae6
  5ad 15bf 28f 30f
  15bf 9a8 28f 792
  87c 87d 290 16a1
  1b29 1b34 291 333a
  1b34 1b64 291 2c00
  1b64 1b29 291 31b0
  e31 e35 292 f0d
  e35 1bb6 292 516
  a4a b56 293 4a2
  b56 b57 293 fcc
  b57 a4a 293 a19
  11a5 12a9 294 e4d
  12a9 12b1 294 459
  12b1 11a5 294 4b0
  12b0 12ca 295 2b0b
  12ca 12c1 295 2938
  f4c f35 296 52b
  1324 f4c 296 1ed4
  1372 1374 297 74b
  1374 1373 297 3fd
  f9f f9e 298 31c
  f9e fa0 298 7c3
  fa0 f9f 298 b3c
  425 44c 299 aca
  44c 4c5 299 349
  4c5 425 299 93b
  1a1e 1a03 29a 2707
  1a88 1a1e 29a 23ab
  a06 a0a 29b 651
  a0a 1809 29b 256a
  74f 762 29c 1687
  8b9 74f 29c 328
  887 850 29d 14df
  8da 887 29d 471
  129f 18c8 29e 2d3
  18c8 18e6 29e 24c4
  18e6 129f 29e 403
  1a1d 1a19 29f 361
  1a19 1a1e 29f 2707
  1a1e 1a1d 29f 2d04
  17db 17ea 2a0 414
  17ea 17eb 2a0 b66
  17eb 17db 2a0 f51
  1166 1150 2a1 817
  1b3f 1868 2a2 28c5
  1b40 1b3f 2a2 98a
  15fb 9c2 2a3 2ab
  9c2 165b 2a3 25ec
  165b 15fb 2a3 55d
  14f6 149c 2a4 2e66
  1aff 14f6 2a4 3264
  1351 136e 2a5 7b8
  136e 136f 2a5 2d80
  9b3 161a 2a6 442
  1651 9b3 2a6 2270
  b6d cb6 2a7 cf6
  cb6 cc0 2a7 1448
  cc0 b6d 2a7 4d4
  2d7 332 2a9 448
  350 2d7 2a9 5c8
  1221 123d 2aa 2f5c
  123d 12f7 2aa 2cc3
  12f7 1221 2aa 2c0a
  15fb 1603 2ab 26d5
  18ec 18f8 2ac 2622
  18f8 18e0 2ac 3057
  15e9 15e8 2ad 210a
  15e8 15fd 2ad 4da
  15fd 15e9 2ad 4c1
  64b 640 2ae 32a
  640 8f5 2ae 283b
  8f5 64b 2ae 21be
  95c c97 2af 2f3
  c97 c9b 2af 36d
  c9b 95c 2af 311
  b2d b2a 2b0 1589
  186b 9ef 2b1 29e7
  9ef 186c 2b1 437
  186c 186b 2b1 291b
  c9c 172 2b2 21bf
  1250 11ae 2b3 3121
  11ae 1253 2b3 32b1
  1253 1250 2b3 492
  5e8 5bb 2b4 23c3
  5bb 5ee 2b4 470
  5ee 5e8 2b4 60b
  3d5 572 2b5 253a
  572 3d4 2b5 2d16
  9b7 9b8 2b6 23e8
  9b8 12d9 2b6 31ca
  12d9 9b7 2b6 5f2
  15ec 15ea 2b7 434
  15ea 17ad 2b7 102d
  1463 144c 2b8 379
  144c 1502 2b8 288b
  1502 1463 2b8 5d2
  3ca 39a 2b9 4e3
  39a 1826 2b9 84e
  1826 3ca 2b9 2b88
  4b3 3cb 2ba 2d3a
  4b4 4b3 2ba 8db
  1366 1368 2bb 32d2
  1368 1526 2bb 473
  1526 1366 2bb 31e6
  1a61 194d 2bc 2542
  194d 1a8b 2bc b0e
  1a8b 1a61 2bc 4e7
  628 62b 2bd 988
  62b 629 2bd 1486
  877 876 2be 165d
  87e 877 2be 35b
  644 668 2bf 1011
  668 66a 2bf 537
  66a 644 2bf 2e4
  b40 b37 2c0 2ef
  b37 f91 2c0 2d44
  f91 b40 2c0 5a7
  1873 186c 2c1 291b
  1874 1873 2c1 2371
  ea9 af7 2c2 2a60
  af7 ebf 2c2 2e67
  3f5 48f 2c3 2e8
  48f 538 2c3 2af5
  538 3f5 2c3 235b
  163a 1639 2c4 1ed7
  1639 190b 2c4 4b4
  190b 163a 2c4 7cb
  54a 552 2c5 557
  553 54a 2c5 81a
  1362 1525 2c6 221e
  1538 1362 2c6 30e1
  3c2 32e 2c7 3e6
  32e 44e 2c7 82e
  44e 3c2 2c7 304
  def df2 2c8 bee
  df2 f4f 2c8 2702
  159e 159c 2c9 75c
  159c 159f 2c9 1fae
  159f 159e 2c9 243d
  539 38a 2ca 2da8
  38a 972 2ca 2f4b
  e48 a6d 2cb 25fc
  a6d ea2 2cb 254a
  ea2 e48 2cb 2932
  924 11bc 2cc 9f3
  11bc 12da 2cc 30ae
  12da 924 2cc 271a
  185d 1864 2cd 3068
  1864 1b43 2cd 2b51
  1b43 185d 2cd 2ffb
  a77 b5d 2ce 6de
  b5d b5e 2ce dc6
  b5e a77 2ce 3c3
  35e 361 2cf 475
  361 360 2cf 336
  f8c f8d 2d0 2378
  f8d f90 2d0 381
  f90 f8c 2d0 26d7
  1645 163c 2d1 16fe
  163c 1654 2d1 365
  1654 1645 2d1 389
  1223 1224 2d2 28e4
  1224 1227 2d2 259c
  1227 1223 2d2 2eb9
  129f 18f4 2d3 26ec
  18f4 18c8 2d3 2072
  f5e f60 2d4 d5f
  17ef 1b5b 2d5 2444
  1b60 17ef 2d5 a45
  1925 192a 2d6 28e1
  192a 18a6 2d6 27b2
  d9d d9b 2d7 1c9b
  159b d9d 2d7 31d
  373 53b 2d8 2f15
  53b 407 2d8 2ad4
  323 2b2 2d9 965
  430 323 2d9 34e
  34d 2e5 2da 7e8
  2e5 3bf 2da 84d
  3bf 34d 2da 351
  135d 986 2db 2ed
  986 135e 2db 780
  135e 135d 2db 2598
  375 377 2dc 21e5
  377 378 2dc 6be
  12f3 1078 2dd 8e5
  1078 12f4 2dd 329f
  12f4 12f3 2dd 2e56
  1458 1465 2de 1269
  1465 1415 2de 2cb9
  1370 135e 2df 878
  135e 1373 2df 780
  1373 1370 2df 3fd
  18ef 1899 2e0 2ad6
  1899 18f0 2e0 a58
  18f0 18ef 2e0 31a
  18fa 1902 2e1 302
  1902 1904 2e1 169d
  1904 18fa 2e1 5ba
  306 56f 2e2 24f3
  56f 2de 2e2 8a1
  ae5 e4b 2e3 2716
  e4b b86 2e3 230b
  642 644 2e4 e9b
  66a 642 2e4 4bc
  1a80 ec6 2e5 358
  ec6 1a85 2e5 395
  1a85 1a80 2e5 5f8
  16f6 16f3 2e6 6ee
  16f3 16ff 2e6 4ef
  16ff 16f6 2e6 404
  b2e 9d1 2e7 436
  9d1 b33 2e7 d43
  b33 b2e 2e7 51f
  3f5 34d 2e8 2a38
  34d 48f 2e8 27f0
  10eb 1199 2e9 2f38
  1199 11a8 2e9 321a
  11a8 10eb 2e9 97a
  16b8 1326 2ea 334
  1326 16c2 2ea 3bc
  16c2 16b8 2ea 3b8
  f75 c3f 2eb 287f
  502 3b9 2ec 2e68
  135b 986 2ed 5af
  135d 135b 2ed 188d
  1b30 1b53 2ee 46f
  1b53 17f3 2ee 7fe
  b36 b37 2ef 37a
  b40 b36 2ef 6ec
  de2 1599 2f0 4ae
  1599 15a3 2f0 b1d
  17ef 17ee 2f1 6df
  17ee 17f0 2f1 2931
  167c 16c6 2f2 2f32
  c98 c97 2f3 1885
  1279 1539 2f4 2c77
  1539 153b 2f4 2dce
  153b 1279 2f4 32c6
  11a1 114c 2f5 29ce
  114c 12a8 2f5 1ca0
  44e 2ea 2f6 e60
  2ea 1813 2f6 40d
  1813 44e 2f6 2dec
  1361 1359 2f7 28c2
  151a 1361 2f7 204e
  d3d d89 2f8 203d
  d89 e84 2f8 2557
  ce8 a7d 2f9 152c
  a7d e49 2f9 29ba
  f86 16ca 2fb 504
  16ca 1afe 2fb 296b
  1afe f86 2fb 30e
  afd af6 2fc 1175
  190a 1927 2fd 2eb5
  1927 18b3 2fd 24ac
  141b 148b 2fe 27b0
  148b 1517 2fe 4f2
  1517 141b 2fe 2346
  372 375 2ff 2925
  375 374 2ff 3cd
  16fa 1706 300 25d6
  1706 1709 300 b5d
  12c5 12c6 301 2780
  12c6 12b4 301 2bf8
  18fa 190b 302 7cb
  190b 1902 302 5c1
  2b3 4ea 303 621
  4ea 2b4 303 400
  3c7 3c2 304 29ad
  44e 3c7 304 2dec
  132c 1afd 305 b69
  1afd 937 305 3208
  1897 163d 306 21aa
  163d 18b4 306 580
  1568 1567 307 1f5d
  1567 15a8 307 8bc
  c14 c25 308 4a9
  c25 c79 308 1e62
  c79 c14 308 481
  3ac 362 309 2483
  362 3ad 309 623
  3ad 3ac 309 8a0
  10b4 10e2 30a 27f8
  10e2 1672 30a 4dd
  1672 10b4 30a 289f
  17b8 17f5 30b 2ac6
  17f5 17f6 30b 2959
  16ce 1318 30c 20ec
  1318 1723 30c 2ce8
  1723 16ce 30c 3bf
  a37 b63 30d 1e6c
  b63 ce8 30d 2a0e
  15d2 f86 30e 39d
  1afe 15d2 30e 31cb
  5ad 1802 30f 2d03
  1802 15bf 30f 264f
  1118 1140 310 396
  1140 1141 310 1b50
  1141 1118 310 3e7
  c9b c9c 311 95e
  922 554 312 22d3
  554 1804 312 559
  1b63 1b61 313 d33
  1b61 1b67 313 315
  1b67 1b63 313 8e3
  fa9 fa1 314 e8d
  fa1 fc9 314 515
  fc9 fa9 314 496
  1b61 1b6f 315 3c4
  1b6f 1b67 315 c01
  ad8 aeb 316 541
  aeb d6a 316 540
  d6a ad8 316 1d1c
  1119 1116 317 1ad7
  1116 1160 317 55c
  1160 1119 317 526
  3c3 3c0 318 2b45
  1285 1288 319 2d20
  1288 181b 319 30f3
  12bf 18ef 31a 26c8
  18f0 12bf 31a 2b14
  55f 910 31b 850
  910 92b 31b e00
  92b 55f 31b 4f1
  87f f9e 31c 1b4d
  159b 159c 31d 2143
  93f 940 31e c45
  940 955 31e 6b6
  43a 439 31f 6fb
  4fa 43a 31f 271b
  12a5 18c9 320 8af
  18c9 18c7 320 747
  3ce 3cd 321 4e8
  11e7 11e8 322 31f4
  11e8 11e9 322 32bc
  11e9 11e7 322 2f26
  9b5 162f 323 819
  162f 1336 323 2653
  f54 16c5 324 2746
  16c5 171d 324 2a35
  171d f54 324 38c
  431 3ee 325 627
  3ee 4b2 325 39b
  4b2 431 325 1f5a
  1687 16af 326 22d5
  16af 1715 326 2e1f
  1715 1687 326 79c
  1525 153a 327 a7b
  153a 1539 327 2dce
  8b9 8cc 328 22fa
  8cc 74f 328 388
  332 2d6 329 448
  2d6 354 329 b40
  354 332 329 2439
  64b 15c7 32a 27de
  15c7 640 32a 245c
  187f 187e 32b ac4
  187e 188d 32b 2cdf
  dfd f59 32c 4b6
  f59 f5a 32c 822
  f5a dfd 32c 821
  632 96c 32d 273c
  96c 631 32d 28f5
  1b7e 1b7f 32e 2ea1
  1b7f 1ba0 32e 445
  1ba0 1b7e 32e 2fe4
  cdf 543 32f 33f
  543 ea3 32f 41a
  ea3 cdf 32f 25c0
  bd2 bd1 330 1568
  dd1 bd2 330 35c
  bd4 dc6 331 181f
  1b48 1b94 332 bd9
  1b94 1b3d 332 2cd9
  14a1 14a5 333 1543
  14a5 1ab5 333 2bee
  1ab5 14a1 333 421
  16b8 16c1 334 67e
  16c1 1326 334 2467
  1205 1207 335 2ca2
  1207 1776 335 2abb
  1776 1205 335 31b9
  1824 360 336 24fe
  12c4 1287 337 32ca
  1287 181d 337 6c3
  181d 12c4 337 2ec9
  97a 97b 338 2b85
  97b 1519 338 26ca
  1519 97a 338 356
  360 1adc 339 24c6
  1adc 362 339 623
  12a4 12c8 33a 25f3
  12c8 12ac 33a 6f0
  1176 15d5 33b 359
  15d5 1170 33b 513
  2f7 331 33c 490
  358 2f7 33c 654
  911 8fe 33d 2a10
  8fe 1516 33d 2b47
  57b 582 33e 82f
  582 581 33e 2b0d
  eab 543 33f 264c
  1297 1295 340 10bc
  1295 12b2 340 2564
  12b1 129b 341 1229
  12b2 12b1 341 4b0
  53e 943 342 253f
  943 540 342 2d8a
  da2 da4 343 1ee0
  11aa 12e2 344 22d2
  12e2 1305 344 306b
  1305 11aa 344 302c
  1578 15b9 345 32f0
  15b9 1562 345 3146
  116a 1294 346 67b
  1294 12c3 346 89d
  12c3 116a 346 78f
  504 517 347 2b7a
  517 36d 347 29e5
  15e5 165d 348 2a72
  165d 165e 348 312d
  44c 42f 349 1980
  42f 4c5 349 3ef
  2e8 32e 34a 49b
  3c0 2e8 34a 65a
  16cd 16b5 34b 2e31
  1b0d 1b2a 34c 59d
  1b2b 1b0d 34c 3338
  1408 14a6 34d 14e9
  14ef 1408 34d 27a3
  430 42b 34e 1a36
  1292 128c 34f 32cc
  128c 181c 34f 6a8
  181c 1292 34f 809
  56e 2df 350 1f7d
  2df 56f 350 8a1
  56f 56e 350 419
  3bf 1839 351 310a
  1839 34d 351 27f0
  1b46 1b03 352 a59
  1b03 1b99 352 268a
  1b99 1b46 352 2cba
  3c1 3c2 353 3e6
  3c2 3c4 353 963
  1a25 1a1b 354 3326
  1a1b 1aad 354 5ef
  11e6 11bd 355 2713
  12d2 11e6 355 32bb
  59f 97a 356 285e
  1519 59f 356 811
  194c 1968 357 3319
  1aa6 194c 357 315d
  ee6 ec6 358 23c8
  1a80 ee6 358 64c
  1176 1177 359 1772
  1177 15d5 359 2736
  1ff e30 35a 55e
  e30 200 35a 505
  87e 87f 35b 1bf2
  dd1 ddc 35c a13
  e99 179f 35d 2484
  179f 1798 35d 293a
  1a1f 1a0a 35e 2e0f
  1a0a 1aad 35e 2b7d
  1aad 1a1f 35e 5ef
  b26 b28 35f 1553
  b28 b34 35f 583
  b34 b26 35f 582
  92e 973 360 1f71
  973 1512 360 306d
  1a1d 1a9b 361 2478
  1a9b 1a19 361 2b19
  16aa 16b0 362 36e
  16b0 16b9 362 a61
  16b9 16aa 362 385
  1417 145e 363 c61
  145e 1461 363 5ea
  1461 1417 363 67a
  43a 4fb 364 4fe
  4fb 180a 364 323e
  180a 43a 364 252b
  163c 1657 365 2655
  1657 1654 365 2485
  1260 181f 366 2441
  181f 1820 366 cdd
  1820 1260 366 2a4f
  1b56 1b5f 367 1f95
  1b5f 1b58 367 2e06
  145 1507 368 2492
  1507 1510 368 53c
  1510 145 368 2600
  57e 580 369 220c
  580 583 369 c13
  cec aac 36a 193d
  ace ac9 36b 178e
  cbf ace 36b 2ae1
  bf9 c13 36c 18bd
  c13 c9b 36c 95e
  c97 bfc 36d 139c
  16aa 16ad 36e 1a8e
  16ad 16b0 36e 429
  15e6 15e1 36f 4af
  15e1 15ec 36f 434
  15ec 15e6 36f 84c
  1129 1160 370 526
  1160 1197 370 2522
  cf6 1a68 371 2593
  1a68 1a8a 371 527
  1a8a cf6 371 265a
  1b05 1b77 372 51c
  1b77 1b06 372 829
  19fd 19f9 373 4b9
  19f9 1a08 373 61f
  1a08 19fd 373 449
  19ca 1a4c 374 511
  1a4c 1a4e 374 dff
  dfe f56 375 8b3
  f56 f58 375 55a
  f58 dfe 375 63d
  986 983 376 23c9
  1373 986 376 780
  699 177f 377 2128
  177f 7aa 377 2e3c
  1258 11e6 378 314d
  11e6 1af3 378 32bb
  1af3 1258 378 2c5a
  1456 144c 379 12bb
  1463 1456 379 2120
  b2c b37 37a 84f
  15fe 17af 37b 425
  17af 15f7 37b 2158
  154c 154e 37c 32ea
  154e 138e 37c 3040
  134f 1349 37d 1c10
  1360 134f 37d 271d
  110c 10fd 37e 16c3
  10fd 1132 37e 4e4
  1132 110c 37e 9c5
  1675 1678 37f 32f9
  1678 1b4b 37f 2b0a
  e30 e31 380 a06
  e37 e30 380 505
  f8d e0f 381 3f9
  e0f f90 381 2aec
  12d4 1097 382 7c4
  1af3 12d4 382 2f8d
  ec8 ecb 383 1ca7
  ecb 1a85 383 945
  168a 1688 384 29ed
  16e2 168a 384 24ec
  16a8 16aa 385 1af8
  514 b3f 386 3be
  b3f eac 386 53e
  eac 514 386 2611
  656 655 387 1ab0
  655 920 387 5fd
  920 656 387 767
  75b 74f 388 1552
  8cc 75b 388 606
  1631 1645 389 3fb
  1654 1631 389 3d3
  16f2 f6c 38a 2ab7
  f6c 1761 38a 525
  1761 16f2 38a 228a
  14e7 1ac1 38b 451
  1ac1 1ac6 38b 2638
  1ac6 14e7 38b 2337
  16df f54 38c 2b01
  171d 16df 38c 2ecd
  1b4d 1b2f 38d 3134
  1b2f 1b99 38d 2cba
  1b99 1b4d 38d 2703
  3de 3ef 38e 21b8
  3ef 5cc 38e 532
  5cc 3de 38e 574
  ae6 a2e 38f 3e0
  a2e ae8 38f 24a7
  ae8 ae6 38f 1293
  1910 1b7c 390 97b
  1b7c 1b7e 390 2ea1
  1b7e 1910 390 1f41
  18df 18e0 391 573
  18e0 18d1 391 658
  d11 ada 392 3299
  ada d9f 392 31c0
  d9f d11 392 24f8
  1706 16f0 393 5c2
  16f0 1707 393 2569
  1707 1706 393 858
  1b8a 9b2 394 328b
  9b2 1b8b 394 328a
  1b8b 1b8a 394 3160
  ec6 ec5 395 1fa6
  1118 1117 396 1aa1
  1117 1140 396 4c6
  1931 192f 397 294f
  192f 1964 397 2fd8
  1964 1931 397 411
  9d0 16b3 398 2a44
  16b3 1716 398 2b66
  1716 9d0 398 252c
  12af 12ba 399 999
  12ba 12bb 399 245b
  167c 1680 39a 32fb
  1680 1718 39a 2b12
  1718 167c 39a cea
  3ee 413 39b 2291
  413 4b2 39b 1f2f
  1182 1188 39c 85f
  1188 1187 39c 518
  f88 f86 39d 1d4a
  1fc e26 39e 594
  e26 1fd 39e 54c
  378 379 39f 6be
  379 37a 39f 26e7
  f38 df4 3a0 40b
  df4 f3d 3a0 25ea
  f3d f38 3a0 4f4
  cf3 cf2 3a1 183b
  e5a cf3 3a1 2956
  b17 b12 3a2 146b
  e45 b17 3a2 2209
  18cc 18b1 3a3 3c2
  18e7 18cc 3a3 25ca
  1453 19fe 3a4 47e
  19fe 1a0c 3a4 4e0
  1a0c 1453 3a4 a2b
  98f 127c 3a5 b02
  12dd 98f 3a5 2a33
  b17 b0e 3a6 561
  b0e b31 3a6 678
  b31 b17 3a6 768
  2d8 317 3a7 468
  317 2d9 3a7 775
  10cc 10ca 3a8 31c2
  10ca 1235 3a8 2fe6
  1235 10cc 3a8 2a40
  e0f f8e 3a9 3f9
  f8e 1bb8 3a9 cad
  1bb8 e0f 3a9 2ebb
  308 2c9 3aa 6dd
  2c9 3db 3aa 860
  3db 308 3aa 476
  413 411 3ab 85c
  411 661 3ab e73
  661 413 3ab 5eb
  1733 9e0 3ac 2a80
  176f 1733 3ac 2b04
  1371 1397 3ad 3b4
  1397 1378 3ad 857
  16ed 16ee 3ae 3303
  16ee 1704 3ae 2571
  1704 16ed 3ae 53f
  19d2 edb 3af 4ca
  edb 1a5a 3af 226b
  1f9 e1d 3b0 5a5
  e1d 1fa 3b0 562
  973 939 3b1 2496
  939 1514 3b1 3020
  1514 973 3b1 311d
  1a64 1a06 3b2 2dd9
  1a06 1a65 3b2 331f
  1a65 1a64 3b2 2eeb
  5c7 5c9 3b3 11e1
  1371 5e3 3b4 1dc8
  16f1 1714 3b5 3307
  1714 1807 3b5 2e2f
  1807 16f1 3b5 3217
  569 133e 3b6 2b8b
  133e 565 3b6 d52
  13b4 1543 3b7 68f
  1543 1544 3b7 2e96
  1544 13b4 3b7 44c
  16c2 16c3 3b8 c17
  eff efe 3b9 7a8
  16f4 eff 3b9 c4e
  edc c05 3ba 2374
  c05 ede 3ba 222a
  ede edc 3ba 3fe
  1395 151e 3bb 278f
  151e 1380 3bb 2c0e
  1326 1325 3bc 1a22
  131b 131c 3bd f81
  131c 16c2 3bd c17
  514 f91 3be 5a7
  f91 b3f 3be 2801
  16d5 16ce 3bf ae2
  1723 16d5 3bf 2ff9
  11a5 12b2 3c0 4b0
  12b2 12c9 3c0 2564
  1111 1113 3c1 1bf3
  1113 1162 3c1 2a8f
  18cc 18f1 3c2 8e8
  18f1 18b1 3c2 26a2
  b5e b5f 3c3 c7b
  b5f a77 3c3 23d9
  1b61 1b5d 3c4 7b9
  1b5d 1b6f 3c4 6db
  e98 e34 3c5 87a
  1870 186d 3c6 8a3
  186d 1872 3c6 a48
  1872 1870 3c6 a4a
  1f6 e13 3c7 5c5
  e13 1f7 3c7 57f
  11e5 12ef 3c8 32ba
  12ef 12e0 3c8 2fb1
  1178 15d5 3c9 513
  15d5 126f 3c9 2f87
  5cf 5ef 3ca 20ef
  5ef 5f0 3ca 728
  5f0 5cf 3ca 3d2
  11cb 11d0 3cb 32b4
  11d0 17fd 3cb 32b5
  17fd 11cb 3cb 319b
  1643 9b4 3cc 94e
  9b4 1644 3cc 4c8
  1644 1643 3cc 6b8
  51b 374 3cd 2ee1
  903 59e 3ce 2aa0
  59e 90a 3ce 2937
  17d9 17d0 3cf e2a
  17d0 17da 3cf 572
  17da 17d9 3cf 554
  1310 c0a 3d0 27bc
  1311 1310 3d0 2bf6
  e26 e27 3d1 a0c
  e2e e26 3d1 54c
  5f0 5ca 3d2 1214
  162f 1631 3d3 b22
  1654 162f 3d3 535
  1146 1159 3d4 4cd
  1159 116e 3d4 4e9
  116e 1146 3d4 1c4a
  a04 d39 3d5 269f
  d39 d3b 3d5 329d
  d3b a04 3d5 91b
  14ed 1414 3d6 2175
  9c6 e09 3d7 4b7
  e09 e0a 3d7 2558
  e0a 9c6 3d7 87e
  157c 156b 3d8 326d
  156b 15ba 3d8 2d41
  15ba 157c 3d8 1ed6
  44c 628 3d9 aca
  62e 44c 3d9 1c8b
  2cf 3e3 3da 5aa
  1347 135f 3db 1db0
  135f 1360 3db 6d0
  1863 15d0 3dc 24d7
  15d0 1866 3dc 2e09
  1445 1446 3dd 11c3
  1510 1445 3dd 53c
  319 3ed 3de 4d8
  3ed 431 3de 627
  431 319 3de 596
  d6f d71 3df e94
  d71 d74 3df 58d
  ae6 aeb 3e0 540
  aeb a2e 3e0 24a4
  545 d90 3e1 202c
  d90 d92 3e1 5f0
  d92 545 3e1 497
  1370 1374 3e2 3fd
  1374 1375 3e2 883
  1375 1370 3e2 2b24
  449 947 3e3 2f27
  947 961 3e3 283c
  961 449 3e3 2f74
  55d 11c8 3e4 306f
  11c8 11c1 3e4 2f52
  1056 103f 3e5 25a0
  103f 10ec 3e5 24ba
  10ec 1056 3e5 477
  1141 1142 3e7 886
  1142 1118 3e7 887
  1b5e 1b5f 3e8 333d
  1b5f 1b91 3e8 1f95
  1b91 1b5e 3e8 2902
  34e 536 3e9 749
  15d9 34e 3e9 5b7
  d55 bd0 3ea 1aec
  bd0 dd2 3ea 605
  dd2 d55 3ea 604
  3b0 94f 3eb 28cc
  94f 517 3eb 21cd
  e1d e1e 3ec a0f
  e24 e1d 3ec 562
  c3e 543 3ed 41a
  543 e7d 3ed 24ee
  dd6 dce 3ee 402
  180b dd6 3ee 2769
  42f 314 3ef 408
  314 4c5 3ef 22a1
  dbe dd2 3f0 8cd
  dd2 bd2 3f0 605
  186e 1871 3f1 31db
  1871 1884 3f1 2e9a
  1884 186e 3f1 2c76
  1b1a 1b23 3f2 26cf
  1b23 1b9c 3f2 3339
  1b9c 1b1a 3f2 2c54
  8e1 495 3f3 607
  495 900 3f3 24be
  900 8e1 3f3 44f
  111b 111a 3f4 16a9
  111a 11a3 3f4 46e
  5c3 5e5 3f5 21e4
  e5e 9f5 3f6 2a18
  9f5 1731 3f6 2e85
  1731 e5e 3f6 9dc
  dfb e00 3f7 4ec
  e00 e01 3f7 891
  e01 dfb 3f7 60d
  f59 f57 3f8 2296
  f57 f5c 3f8 3fc
  f5c f59 3f8 b2b
  f8d f8e 3f9 29ee
  b16 b11 3fa 509
  b11 b18 3fa 705
  b18 b16 3fa 1442
  1631 1653 3fb 2873
  1653 1645 3fb 21df
  f57 f66 3fc a92
  f66 f5c 3fc 1f29
  ede ed9 3fe 2963
  e13 e14 3ff a40
  e1b e13 3ff 57f
  40d 2b4 400 46d
  4ea 40d 400 2353
  3a7 3a2 401 2b65
  180f 3a7 401 704
  dd6 ea4 402 29b1
  ea4 dce 402 732
  18c6 129f 403 407
  18e6 18c6 403 82b
  16fe 16f6 404 e54
  eaf ab3 405 2a23
  ab3 1811 405 2805
  1811 eaf 405 444
  12f4 1079 406 453
  1079 12f5 406 243b
  12f5 12f4 406 2cb5
  18e1 129f 407 23c5
  42f 4e8 408 2182
  4e8 314 408 42c
  e9a e94 409 2507
  bef bed 40a 1705
  bed c7a 40a 6ea
  c7a bef 40a 54a
  f38 f73 40b 2fc9
  f73 df4 40b 2837
  118a 115f 40c bed
  115f 118c 40c 5a0
  118c 118a 40c 6a7
  2ea 34c 40d 9d6
  34c 1813 40d 2cf5
  1431 1 40e 663
  1460 1431 40e 2686
  4a2 811 40f 455
  811 8d6 40f 232f
  3b0 516 410 514
  516 1ab1 410 327a
  1932 1931 411 2ba1
  1964 1932 411 2cd8
  191f 18ae 412 503
  18ae 1924 412 2431
  1924 191f 412 25d1
  f5d f5c 413 d60
  f5c 169e 413 1f29
  17db 17da 414 554
  17da 17ea 414 268e
  5ca 5c6 415 11e0
  5c6 5cd 415 472
  18e9 18db 416 3185
  bf2 c14 417 17ed
  c14 c7b 417 481
  112f 110c 418 2926
  110c 12ed 418 9c5
  12ed 112f 418 4a1
  56f 580 419 a9b
  580 56e 419 220c
  c3e ea3 41a 25bf
  3c4 529 41b b9f
  529 3c6 41b 657
  13d6 56c 41c 2ad9
  56c 1ada 41c 3186
  1ada 13d6 41c 31ee
  3a9 1ad6 41d 7a1
  1545 1546 41e 2661
  1546 1547 41e d08
  1547 1545 41e 4a8
  9ab 9ad 41f 2f80
  9ad 9eb 41f 243f
  9eb 9ab 41f 2f62
  589 90e 420 2978
  9a8 589 420 792
  14a3 14a1 421 26cd
  1ab5 14a3 421 2f9e
  35b 35d 422 27b1
  12a7 12b5 423 7b4
  12b5 12b9 423 707
  12b9 12a7 423 23d4
  1161 1120 424 58e
  1162 1161 424 164f
  17ec 17af 425 28bc
  2d2 333 426 556
  333 3d1 426 2719
  3d1 2d2 426 6d8
  14fb 13cd 427 26a7
  13cd 15c5 427 23d0
  153b 153a 428 2dce
  153a 153c 428 2f55
  153c 153b 428 2a9d
  16ad f87 429 66c
  f87 16b0 429 8d8
  1290 12b6 42a d7b
  12b6 12c3 42a 690
  12c3 1290 42a 89d
  1dc b40 42b 617
  b40 1dd 42b 618
  2b0 314 42c 9b2
  925 923 42d 744
  923 9a9 42d 2f58
  9a9 925 42d 6d3
  55e 564 42e ead
  564 565 42e 689
  565 55e 42e 672
  351 353 42f 2a7d
  353 350 42f 2c7a
  185c 1867 430 300a
  1867 1868 430 2d68
  92d 931 431 3002
  931 932 431 2f60
  932 92d 431 327b
  14f0 13a0 432 2489
  13a0 1509 432 b09
  1509 14f0 432 6a9
  11c0 123e 433 23a6
  123e 1263 433 2998
  1263 11c0 433 263e
  15e1 15ea 434 ed0
  1883 1892 435 3137
  1892 15b5 435 28a4
  b2e b34 436 582
  b34 9d1 436 b0f
  9ef 1871 437 2651
  1871 186c 437 211c
  1a20 19e9 438 130c
  19e9 1a5c 438 2d08
  9dc d2b 439 29b4
  d2b 1832 439 3296
  1832 9dc 439 2e3f
  3f3 2f9 43a 939
  2f9 15d9 43a 5b7
  15d9 3f3 43a 20c7
  da4 15a3 43b 4c5
  15a3 1592 43b ebe
  1733 175f 43c 2fc6
  175f 1760 43c 31b2
  1760 1733 43c 3309
  1316 1315 43d 2843
  1315 1723 43d 43e
  1723 1316 43d 2ce8
  1315 16e5 43e 2ed6
  16e5 1723 43e 2ff9
  dfa dfd 43f db5
  dfd f5e 43f 821
  5b6 5cb 440 725
  5cb 8eb 440 24cb
  8eb 5b6 440 88b
  17a4 17a0 441 c25
  17a0 17b0 441 2186
  9b3 1618 442 4b8
  1618 161a 442 1042
  157e 15a8 443 2623
  15a8 15b1 443 8bc
  b77 eaf 444 2ab8
  1811 b77 444 763
  1b7f 1b93 445 30ea
  36c 968 446 276d
  968 4f3 446 2d5d
  34f 2f4 447 a7c
  2f4 3da 447 914
  3da 34f 447 552
  14c3 19fd 449 660
  1a08 14c3 449 66d
  1259 109f 44a 2c78
  1226 1227 44b 2eb9
  1272 1226 44b 2d14
  1544 1545 44c 2fa7
  17e8 1b62 44e 499
  1b62 1b65 44e 2987
  1b65 17e8 44e 2682
  761 8e1 44f 23a4
  900 761 44f b7e
  1697 16b1 450 1f15
  16b1 16a1 450 84a
  14e7 1ac0 451 a9a
  1ac0 1ac1 451 2a24
  133f 133c 452 293f
  133c 1340 452 7d5
  1340 133f 452 913
  12f4 1adb 453 329f
  1adb 1079 453 2802
  1377 13b9 454 7ae
  13b9 1371 454 794
  4a2 8f8 455 24bf
  8f8 811 455 46b
  b0b b09 456 f23
  b09 b31 456 66b
  b31 b0b 456 678
  1a83 ed0 457 847
  ed0 1aa3 457 c27
  1aa3 1a83 457 5fe
  332 352 458 2439
  352 351 458 29f3
  12a9 12b5 459 707
  12b5 12b1 459 7b3
  3d8 3df 45a 2709
  3df 318 45a 2259
  1a79 1a7a 45b 24f4
  1a7a 1a7b 45b 8c5
  f7f e78 45c 2262
  e78 f8f 45c 26af
  9bc e42 45d 4f6
  e42 15ed 45d 5fc
  15ed 9bc 45d 8c6
  dba d56 45e 5d0
  d56 dbc 45e 595
  dbc dba 45e da0
  206 15ff 45f 6aa
  15ff 207 45f 567
  1a57 19b8 460 2967
  19b8 1a9a 460 2a83
  1a9a 1a57 460 461
  1a4e 1a57 461 22c7
  1a9a 1a4e 461 727
  1522 1375 462 270f
  1375 1532 462 8b0
  1532 1522 462 2b77
  1056 1035 463 1438
  1035 123c 463 494
  123c 1056 463 25a0
  d13 1831 464 311e
  17d7 17f8 465 27d1
  17f8 17d1 465 29b2
  17bc 17bd 466 1f2c
  17bd 17c8 466 4f9
  3cf 49a 467 853
  49a 1825 467 2754
  2d8 1554 468 501
  1554 317 468 3194
  e05 e03 469 d98
  e03 e78 469 26af
  e78 e05 469 600
  9fd 9ed 46a 2dd4
  9ed a00 46a 280d
  810 811 46b 14aa
  8f8 810 46b 4ad
  1276 1273 46c 290c
  1273 127c 46c 29b8
  127c 1276 46c add
  40d 2b5 46d 52e
  111a 12d0 46e 734
  12d0 11a3 46e 2a74
  1b30 1b28 46f 2447
  1b28 1b53 46f bf0
  5bb 4b2 470 1f2e
  4b2 5ee 470 1f2f
  3ab 887 471 48c
  8da 3ab 471 2380
  5c6 5c5 472 1147
  5c5 5cd 472 71f
  1368 1529 473 752
  1529 1526 473 30eb
  566 133b 474 94a
  133b 569 474 325d
  35e 523 475 21e3
  523 361 475 599
  3db 531 476 47b
  531 308 476 23a7
  103c 1056 477 1560
  10ec 103c 477 23e1
  df9 dfa 478 8d5
  e06 df9 478 5cd
  1461 1467 479 96e
  1468 1461 479 67a
  f85 f83 47a 1f06
  f83 f89 47a 681
  f89 f85 47a 57c
  3db 3dc 47b 23ac
  3dc 531 47b 69c
  511 df8 47c 550
  df8 df9 47c 8d5
  df9 511 47c 8d4
  8ff 8fd 47d f37
  1505 8ff 47d 2985
  1453 1a0d 47e 5a2
  1a0d 19fe 47e 76a
  11e2 11e4 47f 2e99
  11e4 120c 47f 30db
  120c 11e2 47f 2ee7
  b00 1d1 480 1e2b
  1d1 b30 480 673
  b30 b00 480 675
  c79 c7b 481 e19
  13d8 145b 482 5ed
  145b 14f5 482 29d2
  14f5 13d8 482 674
  123a 10f7 483 32ad
  1240 123a 483 30cd
  edb 1a6b 484 4ca
  1a6b 1a6d 484 232d
  1a6d edb 484 48d
  17b0 17b4 485 b4b
  17b4 17a5 485 1eea
  161c 164c 486 1b51
  3df 530 487 2bbc
  530 92b 487 4f1
  509 9bd 488 24d1
  9bd 9be 488 2a7b
  9be 509 488 3016
  1185 1188 489 518
  1188 1289 489 71e
  1289 1185 489 61d
  546 93a 48a a1b
  93a 936 48a 2aed
  bfd c00 48b 15d9
  c00 1816 48b 722
  1816 bfd 48b 2729
  8ea 887 48c 241d
  1a6d 1a90 48d 56f
  1a90 edb 48d 265e
  5ae 5a9 48e 1a89
  5a6 5a5 48f 1c28
  5a5 5d1 48f 27a4
  2f8 331 490 64e
  1331 217 491 1ea2
  1336 1331 491 a03
  1251 1250 492 22d9
  1253 1251 492 302d
  17e7 1b63 493 96f
  1b63 1b66 493 8e3
  1b66 17e7 493 8e2
  10ea 123c 494 29fd
  112e 1161 495 58e
  1161 118f 495 653
  118f 112e 495 23d3
  fca fa9 496 2591
  c26 545 497 4b2
  d92 c26 497 2176
  1341 133c 498 5a6
  133c 13d6 498 3027
  13d6 1341 498 32d0
  17e8 1b9a 499 27f7
  1b9a 1b62 499 252e
  2f6 32f 49a 609
  32f 2f5 49a 50a
  2e9 32e 49b 82e
  2e7 330 49c 9b9
  330 2e6 49c 49d
  330 3bf 49d 631
  3bf 2e6 49d 84d
  dac 158b 49e 80e
  158b 158d 49e 1c7c
  158d dac 49e 4fa
  b4b f30 49f 512
  f30 f32 49f 2370
  156a 1568 4a0 307f
  157c 156a 4a0 1ed6
  12ed 1829 4a1 2c62
  1829 112f 4a1 2e6f
  a4a e51 4a2 23a9
  e51 b56 4a2 26b7
  1cf e4f 4a3 90c
  e4f 1d0 4a3 69a
  c37 c38 4a4 1b74
  c38 1993 4a4 98e
  e5d e61 4a5 92e
  e61 eaa 4a5 277a
  eaa e5d 4a5 2260
  1669 166b 4a6 c3c
  166b 1a94 4a6 32f7
  1a94 1669 4a6 31d2
  158a 1561 4a7 1fd4
  1561 15a9 4a7 3219
  15a9 158a 4a7 30e4
  1547 13a1 4a8 22b3
  c14 c7a 4a9 54a
  c7a c25 4a9 a29
  125d 120e 4aa 2f44
  120e 12e0 4aa 3250
  12e0 125d 4aa 2fb1
  1b68 1b6b 4ab 2674
  1b6b 1b72 4ab 24bd
  1b72 1b68 4ab 2c89
  8f8 917 4ad 2960
  de2 daa 4ae 2282
  daa 1599 4ae 5b6
  e3d 15e1 4af bf3
  15e6 e3d 4af 100c
  18ad 18ae 4b1 1a83
  18ae 18f5 4b1 28b3
  18f5 18ad 4b1 59a
  c26 c7c 4b2 6b0
  c7c 545 4b2 e3d
  127a 1667 4b3 2c90
  1667 1666 4b3 709
  1639 1850 4b4 20cf
  1850 190b 4b4 244d
  e0b e0c 4b5 b79
  e11 e0b 4b5 63f
  dfd f58 4b6 2339
  f58 f59 4b6 2296
  9c6 e08 4b7 712
  e08 e09 4b7 d75
  9b3 1634 4b8 a1e
  1634 1618 4b8 7c7
  19fd 1a5b 4b9 21ed
  1a5b 19f9 4b9 2692
  191c 1921 4ba 292a
  1921 1926 4ba 296f
  1926 191c 4ba 2838
  12ba 12ae 4bb 999
  645 642 4bc 6f9
  66a 645 4bc 1a26
  300 32c 4bd 6ce
  32c 2ff 4bd 2360
  2fd 32d 4be 2348
  32d 2fc 4be 6d2
  178a 178b 4bf 2169
  178b 178c 4bf 6e0
  178c 178a 4bf 216a
  a02 ead 4c0 27cb
  ead d8f 4c0 2456
  1602 15e9 4c1 d86
  c13 bf7 4c2 18bd
  3e5 1ad8 4c3 3188
  1ad8 2d0 4c3 2357
  19c4 1a5e 4c4 2e0d
  1a5e 19c1 4c4 2e62
  da4 da3 4c5 1ee0
  1117 1145 4c6 9e6
  1145 1140 4c6 65b
  1f3 e0b 4c7 6d6
  e0b 1f4 4c7 63f
  9b4 1659 4c8 2c0f
  1659 1644 4c8 c28
  18ee 18d6 4c9 b9a
  18d6 18f5 4c9 59a
  18f5 18ee 4c9 d10
  19d2 1a6b 4ca 298c
  1491 974 4cb 4ce
  974 1ab3 4cb 3096
  1ab3 1491 4cb 28c3
  35a 971 4cc 2ff5
  971 358 4cc 310c
  1146 928 4cd 6d1
  928 1159 4cd 85d
  1491 1493 4ce 3145
  1493 974 4ce 7c5
  14d2 14d0 4cf 11b7
  14d0 1a07 4cf 6e1
  1a07 14d2 4cf 5ce
  3b9 53d 4d0 2e68
  53d 365 4d0 3007
  ccb e47 4d1 20e6
  e47 b51 4d1 2233
  e85 d28 4d2 2d37
  d28 182f 4d2 2ef0
  182f e85 4d2 217b
  15b5 1880 4d3 28a4
  1880 188e 4d3 66f
  cc0 e7f 4d4 23fe
  e7f b6d 4d4 2442
  9ce 9cf 4d5 569
  9df 9ce 4d5 2ee8
  1539 98c 4d6 314a
  155c 155d 4d7 3294
  155d 1560 4d7 32eb
  1560 155c 4d7 876
  319 2c4 4d8 79f
  2c4 3ed 4d8 8fd
  1636 163a 4d9 1ed7
  163a 18b4 4d9 9a7
  18b4 1636 4d9 580
  15e8 15e6 4da 218f
  15e6 15fd 4da 84c
  18f6 1921 4db 2a70
  1921 1922 4db 3148
  1922 18f6 4db 3316
  12dd 11c8 4dc 315f
  11c8 1837 4dc 306f
  1837 12dd 4dc 7f4
  10e2 10b7 4dd 258a
  10b7 1672 4dd 296c
  5c8 5f0 4de 1214
  5f0 1395 4de a79
  600 5ff 4df 1b1d
  5ff 65e 4df 694
  65e 600 4df 2318
  19fe 1a2a 4e0 1be2
  1a2a 1a0c 4e0 53b
  1684 1686 4e1 2dd7
  1686 16e2 4e1 2bb3
  b5f b60 4e2 e1c
  e7a b5f 4e2 5c4
  3ca 528 4e3 243a
  528 39a 4e3 29bf
  10fd 10fb 4e4 155c
  10fb 1132 4e4 282c
  55d 557 4e5 50f
  1837 55d 4e5 306f
  9d7 ded 4e6 5bf
  ded dee 4e6 910
  dee 9d7 4e6 6bb
  1993 1a61 4e7 25f4
  1a8b 1993 4e7 6b1
  39f 3cd 4e8 2519
  3ce 39f 4e8 8ae
  1150 116e 4e9 101b
  f89 f7d 4ea 925
  16b9 f89 4ea a61
  d12 d13 4eb 311e
  dfb dff 4ec 711
  dff e00 4ec bc7
  f9c 10d7 4ed 2cc7
  10d7 10de 4ed 32aa
  10de f9c 4ed 5b4
  15b6 1890 4ee 233c
  1890 d70 4ee 2e49
  16f3 f43 4ef 1f50
  f43 16ff 4ef 8a4
  2d3 30d 4f0 6da
  30d 2d4 4f0 2198
  530 55f 4f1 2773
  148b 1513 4f2 248c
  1513 1517 4f2 748
  552 551 4f3 557
  551 8ed 4f3 2bc3
  8ed 552 4f3 2a12
  f34 f38 4f4 1d65
  20b 1611 4f5 666
  1611 20c 4f5 66a
  9bc e41 4f6 729
  e41 e42 4f6 d4c
  11a9 11aa 4f7 3190
  1144 1181 4f8 20b5
  1187 1144 4f8 5a3
  17bd 17bf 4f9 544
  17bf 17c8 4f9 922
  158d 1599 4fa 7ea
  1599 dac 4fa 5b6
  19fc 1a9c 4fb 2a3a
  1a9c 1a20 4fb 276b
  593 5d4 4fc a2f
  5d4 902 4fc 2592
  902 593 4fc 2e73
  14c9 14c8 4fd 1d6d
  14c8 14d3 4fd 5b9
  14d3 14c9 4fd 558
  43a 9e9 4fe 271b
  9e9 4fb 4fe 312f
  15a0 1596 4ff 32f5
  1596 188a 4ff 30e3
  188a 15a0 4ff 2b37
  113f 114a 500 1aa3
  114a 1168 500 713
  1168 113f 500 59b
  2d8 350 501 5c8
  350 1554 501 2c7a
  1788 15d0 502 b39
  15d0 1789 502 24d7
  1789 1788 502 ba4
  18f6 18ae 503 28b3
  191f 18f6 503 2a70
  f86 f87 504 1d4b
  f87 16ca 504 2597
  e37 200 505 92a
  11ea 11e8 506 32bc
  11e8 1276 506 2fd1
  191e 191d 507 318d
  191d 1b88 507 30dc
  1b88 191e 507 26d6
  f13 f0c 508 10ba
  f0c 170c 508 833
  170c f13 508 2365
  b16 b31 509 768
  b31 b11 509 66b
  32f 3da 50a 22a3
  3da 2f5 50a 914
  180c c9f 50c c64
  c9f 184e 50c 50e
  184e 180c 50c 2e6a
  13e7 13e9 50d 113d
  13e9 1469 50d 71b
  1469 13e7 50d 719
  c9f ca0 50e 1905
  ca0 184e 50e 2566
  55d 120a 50f 3060
  120a 557 50f 239c
  115e 1169 510 641
  1169 118c 510 2477
  118c 115e 510 5a0
  19ca 19cb 511 1b02
  19cb 1a4c 511 723
  b4b f3c 512 259e
  1178 1170 513 1599
  520 516 514 2d8b
  fa1 f9e 515 7c3
  f9e fc9 515 1b0e
  e35 e39 516 531
  e39 1bb6 516 26c2
  de5 de7 517 5f7
  de7 deb 517 619
  deb de5 517 930
  1185 1187 518 21fb
  fdd 1064 519 18b7
  1064 1300 519 2be8
  1925 191b 51a 598
  191b 1926 51a 2838
  1926 1925 51a a3b
  5a3 5a0 51b 1d47
  5a0 5ad 51b 5ff
  5ad 5a3 51b ae6
  1b05 1b07 51c 269e
  1b07 1b77 51c 308d
  f96 9b9 51d 53d
  9b9 f99 51d 2a11
  f99 f96 51d 53a
  11c1 11c2 51e 249a
  11c2 1222 51e 2efa
  1222 11c1 51e 70f
  b33 b4e 51f 80a
  b4e b2e 51f 7d8
  dfc df6 520 64b
  df6 dfe 520 64d
  dfe dfc 520 63d
  1da b35 521 75f
  b35 1db 521 6ad
  1b57 1b59 522 227b
  1b59 1b5a 522 2443
  1b5a 1b57 522 5e3
  1ac2 1ac8 523 3334
  1ac8 1ac7 523 63b
  1236 10c0 524 32a8
  10c0 12e9 524 313b
  12e9 1236 524 3117
  f6c f92 525 30cb
  f92 1761 525 2e55
  1129 1119 526 1a49
  1a68 1963 527 bd7
  1963 1a8a 527 2626
  1438 1422 528 6ab
  1422 1439 528 2a67
  1439 1438 528 944
  170b 170f 529 2f2a
  170f 170d 529 739
  2bb 31a 52a 8ba
  31a 416 52a 98c
  416 2bb 52a 8c9
  f37 f35 52b 1e83
  f4c f37 52b 8ca
  99e 994 52c e17
  994 1666 52c af9
  16be 171b 52d 25e7
  171b 1687 52d 22d5
  304 2b5 52e 90e
  40d 304 52e 601
  f98 9b9 52f 2a11
  9b9 11a9 52f 2bc2
  11a9 f98 52f 2e70
  103e 11b6 530 1a81
  11b6 122a 530 2615
  122a 103e 530 88c
  e35 15de 531 28ce
  15de e39 531 2e14
  3ef 5bc 532 1dbe
  5bc 5cc 532 964
  13ea 1438 533 255c
  1438 1460 533 23fa
  128a 1292 534 32cb
  1292 181b 534 809
  181b 128a 534 31da
  1654 165c 535 265d
  165c 162f 535 2653
  2cd 334 536 65f
  334 3d8 536 832
  3d8 2cd 536 7b2
  668 66b 537 288f
  1a3c 1932 538 2a99
  1932 1a3e 538 2bb7
  1a3e 1a3c 538 95d
  18d9 18c0 539 2589
  18c0 18dc 539 1d6f
  18dc 18d9 539 26ea
  f99 f97 53a 3055
  19e4 1a0c 53b 9a2
  1a2a 19e4 53b 568
  1507 1445 53c a77
  927 9b9 53d 5a8
  f96 927 53d 2ed1
  b3f b39 53e 5f6
  b39 eac 53e 260d
  1704 170d 53f 2943
  170d 16ed 53f 739
  ae6 d6a 540 1d18
  ad8 ad9 541 155f
  ad9 aeb 541 2410
  fad fcb 542 624
  fcb 10ed 542 2506
  10ed fad 542 2f09
  f7a f81 543 2762
  f8f f7a 543 2669
  17bd 17be 544 2899
  17be 17bf 544 1c35
  ef9 efc 545 294a
  efc e45 545 8d1
  17f2 17db 546 a70
  17db 1b30 546 f51
  3d2 3d1 547 99e
  3d1 15d8 547 2719
  15d8 3d2 547 7d6
  163b 18fb 548 1673
  18fb 190b 548 5c1
  190b 163b 548 244d
  1896 1922 549 3313
  1922 1b8b 549 2241
  1b8b 1896 549 328a
  c14 bef 54a 17ed
  59d 5d4 54b 5de
  5d4 964 54b a2f
  964 59d 54b 273e
  e2e 1fd 54c 991
  9c9 9c4 54d 27d9
  9c4 1722 54d 3243
  1722 9c9 54d 85a
  1314 92e 54e 327c
  92e 149a 54e 2b7e
  185b 185f 54f 757
  185f 1860 54f 956
  1860 185b 54f 5f3
  511 df7 550 77d
  df7 df8 550 d03
  bf8 bfb 551 14be
  bfb f77 551 cd1
  f77 bf8 551 26bf
  3da 52f 552 27a2
  52f 34f 552 590
  11d0 11ce 553 31d5
  11ce 11dc 553 2e3b
  11dc 11d0 553 32b5
  17db 17d9 554 a70
  a00 9ff 555 3298
  9ff ea2 555 2bfe
  ea2 a00 555 2ef5
  2d1 333 556 266d
  54a 551 557 789
  14ce 14c9 558 7a2
  14d3 14ce 558 1184
  924 1804 559 30c3
  f56 f57 55a 219c
  f57 f58 55a 2296
  434 386 55b ba6
  386 529 55b 2dbb
  529 434 55b b9f
  1116 1118 55c 1aa1
  1118 1160 55c 887
  15f9 15fb 55d a66
  165b 15f9 55d 5df
  1ff 9c1 55e 1e45
  9c1 e30 55e 667
  19f3 19f1 55f 11f2
  19f1 1a0d 55f 76a
  1a0d 19f3 55f 76b
  4f3 38f 560 a2c
  38f 96f 560 2f51
  b17 e43 561 2209
  e43 b0e 561 22b5
  e24 1fa 562 9be
  540 941 563 2d8a
  941 1ad4 563 31f7
  3f4 527 564 2294
  527 94e 564 308e
  94e 3f4 564 5f9
  1594 1597 565 1a5a
  1597 1598 565 799
  1ee dff 566 764
  dff 1ef 566 711
  15eb 207 567 1e53
  1a2a 1a59 568 22ca
  1a59 19e4 568 677
  9ce 9d5 569 6ef
  9d5 9cf 569 2ad0
  3d6 575 56a 698
  575 574 56a 26b2
  19cc 1a47 56b 6d9
  1a47 1a48 56b abb
  1a48 19cc 56b 589
  8eb 5b3 56c 24cb
  5b3 910 56c 25dd
  910 8eb 56c 850
  1548 13d5 56d 26fa
  13d5 154d 56d 20e4
  154d 1548 56d 25ae
  365 366 56e 266a
  366 367 56e 2758
  1a6d ed5 56f 5dd
  ed5 1a90 56f 2695
  18db 18d9 570 2d23
  18d9 18e8 570 26ea
  11b9 11bb 571 217c
  11bb 11bd 571 24d8
  11bd 11b9 571 2713
  17d0 17cf 572 6f6
  17cf 17da 572 ed4
  3e2 3de 574 1fee
  9c3 9c0 575 79a
  9c0 1674 575 b93
  1674 9c3 575 22f5
  1473 152f 576 2d24
  152f 147e 576 27aa
  3d0 96a 577 2fe1
  96a 32c 577 2360
  558 55e 578 2849
  55e 15c9 578 796
  127d 10d8 579 2b74
  10d8 12e3 579 2766
  12e3 127d 579 696
  3d7 528 57a 29bf
  528 32b 57a 2e91
  936 937 57b 24ce
  937 1ba2 57b 3050
  f89 16b0 57c a61
  16b0 f85 57c 8d8
  76a 8af 57d cfc
  916 76a 57d 8be
  17ba 17b9 57e 2715
  17b9 17f4 57e 8b4
  17f4 17ba 57e 2678
  e1b 1f7 57f 9d4
  163d 1636 580 7e0
  990 98f 581 b02
  1bb4 990 581 31a7
  b2e b26 582 144d
  b28 b2d 583 1589
  b2d b34 583 676
  c99 c98 584 1469
  1bbc c99 584 23cb
  16e8 16eb 585 3304
  1154 12de 586 1fdc
  12de 1153 586 2f2e
  1137 1139 587 1c99
  1139 1145 587 65b
  1145 1137 587 895
  9da 9cd 588 2f7b
  9db 9da 588 5b5
  1a48 1a49 589 2ba2
  1a49 19cc 589 98b
  5d3 58c 58a 22e5
  58c 5d4 58a 2592
  5d4 5d3 58a 2a25
  1a01 19ff 58b 331d
  19ff 1a0a 58b 2c3e
  1a0a 1a01 58b 2bc5
  631 65f 58c 2ccd
  65f 651 58c 2359
  d71 d72 58d ef7
  d72 d74 58d a6c
  112e 1120 58e 78d
  ce2 d91 58f 6e3
  d91 1811 58f 763
  1811 ce2 58f 2e59
  4f2 34f 590 6a3
  52f 4f2 590 2096
  59c 5a2 591 1c29
  5a2 135f 591 6d0
  135f 59c 591 772
  17c0 1b0b 592 1c92
  1b0b 1b10 592 28fc
  1b10 17c0 592 76d
  183f 1535 593 2951
  1fc e18 594 1e44
  e18 e26 594 684
  d56 dd2 595 604
  dd2 dbc 595 8cd
  3fa 319 596 6ca
  431 3fa 596 1cc1
  554 54d 597 22d3
  54d 1858 597 a0b
  1858 554 597 242f
  1929 191b 598 2d8e
  395 361 599 2de8
  523 395 599 2e4e
  18d6 18ad 59a 2422
  115d 113f 59b 669
  1168 115d 59b fca
  1300 1301 59c 2b64
  1301 1302 59c 28f8
  1302 1300 59c 236e
  1b0d 1b25 59d 3069
  1b25 1b2a 59d 24b0
  557 1858 59e 716
  1858 558 59e 2b2b
  15ed 15e9 59f 5fc
  15e9 15ee 59f d86
  15ee 15ed 59f 993
  115f 115e 5a0 fc9
  11de 11df 5a1 9ba
  11df 1202 5a1 2c17
  1202 11de 5a1 30a9
  1453 1a08 5a2 5e6
  1a08 1a0d 5a2 61f
  1184 1144 5a3 715
  1187 1184 5a3 21fb
  1679 160a 5a4 1c76
  160a 17cc 5a4 b85
  17cc 1679 5a4 701
  1f9 9bf 5a5 1e43
  9bf e1d 5a5 685
  1341 14f8 5a6 3008
  14f8 133c 5a6 7d5
  514 b40 5a7 618
  927 12d9 5a8 5f2
  12d9 9b9 5a8 300b
  39a 397 5a9 22f4
  397 3cf 5a9 853
  3cf 39a 5a9 84e
  2cf 318 5aa 5fa
  318 3e3 5aa 2402
  3c6 94d 5ab 2ede
  94d 3f4 5ab 2294
  32b 2ee 5ac 9d9
  132b 1893 5ad 2f33
  53f 53e 5ae 23da
  1856 53f 5ae 3070
  985 986 5af 23c9
  135b 985 5af 931
  1184 1172 5b0 177c
  1197 1184 5b0 715
  30e 2bf 5b1 845
  2bf 3f7 5b1 992
  3f7 30e 5b1 255a
  50d 9c9 5b2 2bd4
  9c9 9ca 5b2 85a
  9ca 50d 5b2 96a
  408 304 5b3 6b5
  304 40a 5b3 601
  40a 408 5b3 1c6a
  10de 10eb 5b4 2b9b
  10eb f9c 5b4 97a
  9db 9ec 5b5 3200
  9ec 9da 5b5 21b4
  daa dac 5b6 1c8a
  2f9 34e 5b7 7e9
  12a0 129d 5b8 125e
  129d 12b5 5b8 7b3
  12b5 12a0 5b8 7b4
  14c8 19e4 5b9 9a2
  19e4 14d3 5b9 9a1
  1904 190a 5ba 20f3
  fe1 1062 5bb 17dc
  1063 fe1 5bb 6fd
  11b5 11b7 5bc 9e4
  11b7 11e2 5bc 2e99
  11e2 11b5 5bc 2415
  dcd dce 5bd 13f7
  dce ea7 5bd 732
  ea7 dcd 5bd 28e3
  9c0 9c8 5be 328c
  9d7 dec 5bf 7ba
  dec ded 5bf c06
  5ba 5e4 5c0 1d97
  5e4 13b9 5c0 794
  13b9 5ba 5c0 7db
  18fb 1902 5c1 168d
  1705 16f0 5c2 3033
  1706 1705 5c2 25d6
  b70 ad0 5c3 88d
  ad0 e79 5c3 280f
  e79 b70 5c3 205d
  e7a 133a 5c4 2a94
  133a b5f 5c4 23d9
  1f6 9c7 5c5 1e42
  9c7 e13 5c5 6d7
  12f0 12ee 5c6 2b39
  130b 12f0 5c6 73e
  95f 3b9 5c7 25e3
  9f8 1881 5c9 2494
  1881 1882 5c9 2b41
  1882 9f8 5c9 6bd
  1308 1252 5ca 2bb2
  1252 1806 5ca 3257
  1806 1308 5ca 3113
  d46 d48 5cb ddf
  d48 d72 5cb 717
  d72 d46 5cb 797
  1753 e9f 5cc 9c9
  e9f 1757 5cc 2e4a
  1757 1753 5cc 8c0
  e00 df9 5cd bc7
  e06 e00 5cd b8a
  1a07 1a40 5ce 2032
  1a40 14d2 5ce a53
  1f1 e08 5cf 7fc
  e08 1f2 5cf 712
  dba dda 5d0 82c
  dda d56 5d0 a60
  116d 111e 5d1 d01
  111e 118d 5d1 6f2
  118d 116d 5d1 813
  1457 1463 5d2 1093
  1502 1457 5d2 2f57
  bd6 c27 5d3 758
  c27 c7d 5d3 86d
  c7d bd6 5d3 e48
  1147 1148 5d4 1f90
  1148 1154 5d4 1fdc
  1154 1147 5d4 6ae
  5f2 561 5d5 8d6
  561 5f5 5d5 759
  5f5 5f2 5d5 1ee3
  9cc 9ce 5d6 6ef
  9ce 1722 5d6 2dbe
  1722 9cc 5d6 2ed2
  1c7 aec 5d7 7a3
  aec 1c8 5d7 7a5
  16a1 1ad1 5d8 217e
  1ad1 169b 5d8 2e9b
  9f5 a01 5d9 3292
  a01 176a 5d9 2867
  176a 9f5 5d9 2e85
  11b2 11b4 5da 27c6
  11b4 11b5 5da 9e4
  11b5 11b2 5da 64f
  1158 1155 5db 9a8
  1159 1158 5db 85d
  18ca 18b0 5dc 7f5
  18b0 18cb 5dc 68a
  18cb 18ca 5dc 1c4f
  1a6d 1aa1 5dd 27a6
  1aa1 ed5 5dd 2b33
  59d 1661 5de 2210
  1661 5d4 5de 2a25
  165b 1833 5df 2c45
  1833 15f9 5df 22cc
  188d 1890 5e0 2ce2
  1890 15b7 5e0 233c
  7f9 23d 5e1 1f7f
  94b 7f9 5e1 a2d
  ae7 9e5 5e2 720
  e80 ae7 5e2 df9
  17f1 1b57 5e3 1f60
  1b5a 17f1 5e3 760
  11d4 11d9 5e4 2526
  11d9 122f 5e4 250c
  122f 11d4 5e4 2527
  b2f b1e 5e5 6c6
  b1e b4d 5e5 1e77
  b4d b2f 5e5 7ac
  1453 1451 5e6 1092
  1451 1a08 5e6 66d
  172d 1701 5e7 3018
  16f8 1727 5e8 2db9
  1727 1700 5e8 2584
  439 521 5e9 2bbe
  521 3a9 5e9 2d34
  145e 56d 5ea 26e9
  56d 1461 5ea 1f46
  5ee 413 5eb 1f2f
  661 5ee 5eb 968
  19a9 19b3 5ec 13a9
  19b3 1a9e 5ec 7d4
  1a9e 19a9 5ec 7d3
  13d8 1ae5 5ed 3262
  1ae5 145b 5ed 304d
  be8 be5 5ee 16b5
  be5 c7e 5ee 7d0
  c7e be8 5ee 7d1
  1a1b 1a1f 5ef 3327
  d90 c7a 5f0 a29
  c7a d92 5f0 6ea
  166b 166c 5f1 3159
  166c 166d 5f1 2fde
  927 9b7 5f2 2300
  185a 185b 5f3 2d7a
  1860 185a 5f3 7ee
  1206 1225 5f4 9ae
  1225 12d5 5f4 30ff
  12d5 1206 5f4 30be
  b21 b23 5f5 1296
  b23 b4e 5f5 7d8
  b4e b21 5f5 7d7
  b3f 155a 5f6 2ddc
  155a b39 5f6 287d
  de5 de6 5f7 7e5
  de6 de7 5f7 c88
  1a85 1aaf 5f8 62c
  1aaf 1a80 5f8 2e12
  3a1 3f4 5f9 2983
  94e 3a1 5f9 2230
  429 4ea 5fb 21b3
  4ea 323 5fb 621
  e42 15e9 5fc 210a
  655 97d 5fd 2966
  97d 920 5fd 2789
  1a7b 1a83 5fe bb7
  5a0 58a 5ff 8a2
  58a 5ad 5ff 2850
  e09 e05 600 d75
  e78 e09 600 2673
  40d 40a 601 1b70
  154d 139e 602 2540
  1818 154d 602 25ae
  ff9 105c 603 137d
  105c 15c0 603 919
  15c0 ff9 603 9e1
  d56 d55 604 1ade
  bd0 bd2 605 1568
  495 75b 606 607
  8cc 495 606 23b7
  8e1 75b 607 23a3
  cd6 e58 608 2be7
  e58 e5a 608 224e
  2f6 15ca 609 630
  15ca 32f 609 247b
  160d 160b 60a 1c2a
  160b 17cf 60a 810
  17cf 160d 60a 6f6
  5ee 5f1 60b 968
  5f1 5e8 60b 2091
  397 38c 60c 22ec
  49a 397 60c 853
  e01 e07 60d 6f7
  e07 dfb 60d cb1
  11f7 11e1 60e 798
  11e1 1827 60e 284e
  1827 11f7 60e 2817
  11f2 11dd 60f 786
  11dd 11f7 60f 798
  11f7 11f2 60f d9b
  e9f 1751 610 9c9
  1751 d78 610 9c8
  dd8 eb7 611 80c
  eb7 1583 611 784
  1583 dd8 611 73b
  18b6 18b8 612 e8f
  18b8 18c9 612 747
  18c9 18b6 612 8a6
  1536 8c0 613 2e47
  8c0 15dd 613 294b
  15dd 1536 613 68b
  5f7 5f4 614 74a
  5f4 5ff 614 694
  5ff 5f7 614 10b4
  503 509 615 2ed9
  509 1bbd 615 3016
  1bbd 503 615 1fe8
  9d6 167a 616 72d
  167a 167b 616 2942
  1dc 9d4 617 1e32
  9d4 b40 617 6ec
  514 1dd 618 1e33
  de7 de9 619 f06
  e94 e8b 61a 2314
  e8b 178f 61a 7e3
  178f e94 61a 6b9
  1549 154b 61b 7b5
  154e 1549 61b 32ea
  9fb d2a 61c 2efb
  d2a 1869 61c 317a
  1869 9fb 61c 3266
  1186 1185 61d 16d6
  1289 1186 61d 2973
  8e0 787 61e 23a0
  787 90d 61e 260b
  90d 8e0 61e 928
  19f9 1a0d 61f 76b
  17aa 17a9 620 110d
  17a9 17b2 620 ba0
  17b2 17aa 620 28bd
  2b3 323 621 965
  19ff 1a06 622 8ea
  1a06 1a09 622 6f3
  1a09 19ff 622 2c3e
  1adc 3ad 623 263d
  fad 12fe 624 27ab
  12fe fcb 624 2687
  1b02 1b2c 625 9d8
  1b2c 179d 625 227d
  61c 180d 626 2e57
  180d 619 626 28aa
  3ed 3ee 627 285c
  1642 1641 628 1d48
  1641 1643 628 91d
  1643 1642 628 6b8
  3a4 448 629 1f70
  448 1ad7 629 30fd
  1ad7 3a4 629 3260
  dab dde 62a 1fbc
  dde 15a4 62a 82a
  15a4 dab 62a 91c
  c24 95d 62b 647
  95d eec 62b 765
  eec c24 62b 2705
  1a85 1a86 62c 945
  1a86 1aaf 62c 2c1e
  110b 1121 62d e96
  1121 1130 62d 75e
  1130 110b 62d 7cf
  512 b4c 62e 6cb
  b4c de4 62e 7a7
  de4 512 62e 9e2
  3a8 54d 62f 2b32
  2f6 358 630 654
  358 15ca 630 310c
  330 535 631 844
  535 3bf 631 310a
  1894 18eb 632 3311
  18eb 18ec 632 3315
  18ec 1894 632 2a7a
  553 54d 633 a0b
  54d 183d 633 2b32
  183d 553 633 81a
  21b 1156 634 228c
  1ec df7 635 82d
  df7 1ed 635 77d
  52a 438 636 282e
  438 906 636 a67
  906 52a 636 bb2
  1a67 1a3e 637 95d
  1a3e 1a97 637 23e0
  1a97 1a67 637 2dac
  1350 134f 638 1bbb
  134f 152d 638 68e
  152d 1350 638 724
  e8d 1838 639 2aab
  1838 15d3 639 2e80
  665 75c 63a 75a
  75c 7b0 63a 1dc2
  7b0 665 63a e76
  1ac8 1aca 63b 3330
  1aca 1ac7 63b 2aca
  2c8 335 63c 731
  335 3db 63c 23ac
  3db 2c8 63c 860
  f58 dfc 63d 2339
  1311 1a74 63e 30f6
  1a74 1aa0 63e b4a
  1aa0 1311 63e 288c
  e11 1f4 63f 9e3
  1e8 dec 640 803
  dec 1e9 640 7ba
  115e 1168 641 fca
  1168 1169 641 c99
  df3 df0 642 dce
  df0 dfe 642 8b3
  dfe df3 642 64d
  bf3 bf6 643 1539
  bf6 eea 643 2342
  eea bf3 643 2635
  1497 1495 644 2fb2
  1495 1503 644 32e5
  1503 1497 644 32e6
  114e 1149 645 1a72
  1149 1166 645 817
  1166 114e 645 816
  b51 1664 646 2430
  1664 ccc 646 2e21
  c24 f6d 647 a0a
  f6d 95d 647 2747
  1b38 1b3c 648 2252
  1b3c 1b3a 648 9f1
  18c2 18c4 649 2a51
  18c4 18c6 649 221c
  18c6 18c2 649 82b
  1935 c36 64a 1459
  c36 1965 64a acc
  1965 1935 64a 68d
  df8 df6 64b d03
  dfc df8 64b bc8
  1a80 1a7f 64c 9f8
  df6 df3 64d 738
  2f8 3f3 64e 939
  11b5 11df 64f 2c61
  11df 11b2 64f 9ba
  be3 be0 650 1541
  be0 d8e 650 6e4
  d8e be3 650 8ab
  a06 a0b 651 9fa
  a0b a0a 651 25e4
  1b6c 1b6d 652 2890
  1b6d 190e 652 9fc
  1161 1108 653 16cc
  1108 118f 653 29f2
  11a8 1239 655 2fe9
  1239 11a9 655 2e70
  3b1 516 656 327a
  516 53e 656 2a16
  53e 3b1 656 23da
  529 96d 657 2ea7
  96d 3c6 657 2ede
  18e0 18f7 658 3057
  18f7 18d1 658 271e
  19ff 1a00 659 331d
  1a00 93e 659 2f40
  3c0 2e7 65a 9a5
  1139 1140 65b 1b9f
  16b7 16b3 65c 74d
  16b3 171f 65c 2f0e
  171f 16b7 65c e7d
  333 130e 65d 31ae
  130e 15d8 65d b9d
  15d8 333 65d 2719
  11c2 11c5 65e 249a
  11c5 11c6 65e 2824
  2cc 334 65f e28
  14c3 1531 660 2cef
  1531 19fd 660 2307
  178d 178f 661 a01
  178f e8d 661 7e3
  178c 178e 662 26e3
  178e 178d 662 2a20
  1431 144 663 2c80
  1330 1331 664 6e5
  1331 1332 664 a03
  1332 1330 664 a02
  1a50 1a51 665 258c
  1a51 1a9f 665 332e
  1a9f 1a50 665 332d
  20b 9c2 666 1e54
  e2f e30 667 a06
  507 ae8 668 72b
  ae8 132d 668 24a7
  132d 507 668 2793
  113c 113f 669 1b10
  115d 113c 669 73a
  1605 20c 66a 1e56
  1611 1605 66a 2c6b
  b09 b11 66b e56
  16ad 16c8 66c 26b9
  16c8 f87 66c 2597
  1451 14c3 66d 1d85
  940 9f6 66e 300d
  9f6 155b 66e 2f48
  155b 940 66e 6b6
  1880 187f 66f 330f
  31a 2ba 670 8ba
  2ba 3fc 670 9fd
  3fc 31a 670 9ad
  1350 135a 671 724
  135a 152e 671 2587
  152e 1350 671 2c7b
  565 98b 672 d52
  98b 55e 672 796
  1d0 b30 673 69a
  56c 13d8 674 2517
  14f5 56c 674 3186
  b11 b00 675 e56
  b30 b11 675 705
  b35 b34 676 b0f
  1a07 19e4 677 9a1
  1a59 1a07 677 2032
  b0e b0b 678 1062
  ae3 ace 679 187d
  ace e4a 679 2d90
  1468 1417 67a 766
  12c9 1294 67b 2700
  534 965 67c 2edb
  965 3d6 67c 698
  76c 76b 67d ed8
  76b 8c7 67d 9ab
  8c7 76c 67d 802
  16b8 16b6 67e 2cd3
  16b6 16c1 67e 2935
  2e2 145e 67f 26e9
  145e 2e3 67f 215c
  1542 153f 680 31cd
  f83 f80 681 b36
  f80 f89 681 925
  f68 f69 682 260c
  f69 16e1 682 257d
  16e1 f68 682 b23
  16a7 1717 683 319c
  1717 1726 683 2aa6
  1726 16a7 683 3132
  e25 e26 684 a0c
  e1c e1d 685 a0f
  1380 137d 686 10f9
  16d3 16d1 687 2390
  16d1 16d6 687 f1c
  16d6 16d3 687 a12
  3c5 3c9 688 6c9
  3c9 434 688 2042
  434 3c5 688 20a6
  564 566 689 2d21
  18b0 18f0 68a 2b14
  18f0 18cb 68a 6ac
  75a 1536 68b 2a6d
  15dd 75a 68b 3199
  134b 134d 68c 28ac
  134d 1529 68c 3049
  1529 134b 68c 752
  194d 1935 68d 186b
  1965 194d 68d b0e
  134f 1844 68e 271d
  1844 152d 68e 2dc0
  13b4 154a 68f 24cd
  154a 1543 68f 2fcf
  12b6 118c 690 6a7
  118c 12c3 690 2477
  405 3eb 691 7f9
  3eb 44b 691 8d2
  44b 405 691 9bb
  113d 21e 692 1f8f
  21e 1147 692 93e
  1147 113d 692 6ae
  1e6 de6 693 854
  de6 1e7 693 7e5
  5f4 65e 694 25df
  1886 187a 695 278d
  187a 1887 695 23f0
  1887 1886 695 2864
  872 127d 696 2d95
  12e3 872 696 303e
  204 e41 697 8b2
  e41 205 697 729
  965 575 698 2b4c
  ded deb 699 c06
  df2 ded 699 bee
  e4f b30 69a 2367
  119e 875 69b 2472
  875 11a0 69b 25eb
  11a0 119e 69b a04
  3dc 3e1 69c 21b7
  3e1 531 69c c16
  11d6 11d2 69d 2745
  11d2 1781 69d 2dee
  1781 11d6 69d 3212
  1668 1a95 69e 32f6
  19c5 1a81 69f 2823
  1a82 19c5 69f 29f0
  ab7 aad 6a0 158e
  aad b7a 6a0 865
  b7a ab7 6a0 866
  13c6 99c 6a1 76f
  99c 13c7 6a1 2513
  13c7 13c6 6a1 2f0f
  9a5 11ea 6a2 309e
  11ea 11eb 6a2 2ecb
  11eb 9a5 6a2 3283
  4f1 34f 6a3 2edf
  4f2 4f1 6a3 2286
  1e4 de3 6a4 997
  de3 1e5 6a4 72a
  9d5 9d0 6a5 328f
  9d0 16e7 6a5 3086
  16e7 9d5 6a5 2ad0
  15cd f8b 6a6 2ffd
  15cf 15cd 6a6 254c
  12b6 118a 6a7 d04
  128c 12c4 6a8 32cd
  12c4 181c 6a8 2dfe
  13b0 14f0 6a9 2df8
  1509 13b0 6a9 28f6
  206 9bc 6aa 1e52
  9bc 15ff 6aa 8c6
  140f 1422 6ab 1ff1
  1438 140f 6ab 255c
  18af 18cb 6ac 28d6
  18f0 18af 6ac a58
  9d4 1db 6ad 1e32
  1154 113d 6ae a28
  124c 1256 6af 2cab
  1256 1ae2 6af 324a
  1ae2 124c 6af 2fc0
  c26 c7e 6b0 7d1
  c7e c7c 6b0 a83
  1a8b c3c 6b1 292e
  35c 1acd 6b2 8fe
  1acd 35a 6b2 2ff5
  2ed 4b4 6b3 8db
  4b4 2ec 6b3 2379
  19d7 19d6 6b4 6f8
  19d6 19d9 6b4 7c0
  19d9 19d7 6b4 ad1
  408 435 6b5 76e
  435 304 6b5 9d2
  19af 19c4 6b7 2e0d
  19c4 1a53 6b7 2ed3
  1a53 19af 6b7 2842
  1644 1642 6b8 2b16
  178f 1799 6b9 2c9d
  1799 e94 6b9 777
  16d8 f19 6ba af8
  f19 16da 6ba 9de
  16da 16d8 6ba e3a
  dee df5 6bb 79b
  df5 9d7 6bb ce4
  169f 16b1 6bc a71
  16b1 1693 6bc 1f15
  155d 9f8 6bd 3294
  1882 155d 6bd 314e
  377 379 6be 2b73
  519 3af 6bf 942
  3af 547 6bf 28c7
  547 519 6bf 254d
  dca dc8 6c0 1249
  66b 75d 6c1 28f3
  75d 682 6c1 a36
  1496 92e 6c2 2b7e
  1511 1496 6c2 81b
  1287 18e3 6c3 2fdc
  18e3 181d 6c3 2891
  932 93e 6c4 327e
  93e 1aa9 6c4 2f40
  1aa9 932 6c4 327d
  1125 117f 6c5 23c1
  117f 1ad9 6c5 2fc5
  1ad9 1125 6c5 2853
  b2f b4e 6c6 7d7
  b4e b1e 6c6 80a
  1a00 935 6c7 3280
  935 1aa9 6c7 327d
  1aa9 1a00 6c7 2f40
  84f 896 6c8 6fe
  8f9 84f 6c8 250d
  3c5 3c8 6c9 275d
  3c8 3c9 6c9 d7d
  3fa 40e 6ca 7c6
  40e 319 6ca 83f
  512 de3 6cb 72a
  de3 b4c 6cb 2287
  610 8f0 6cc 2381
  8f0 8f2 6cc a44
  8f2 610 6cc 26c6
  14cd c6c 6cd 751
  c6c 14e9 6cd 202e
  14e9 14cd 6cd 8dd
  300 3f5 6ce 212b
  3f5 32c 6ce 235b
  142f 1430 6cf 1361
  14ee 142f 6cf c5d
  5a2 1360 6d0 ad6
  1146 1163 6d1 8dc
  1163 928 6d1 bfa
  32d 3f6 6d2 2636
  3f6 2fc 6d2 212f
  926 925 6d3 2c19
  9a9 926 6d3 3256
  e6e e6a 6d4 223f
  e6a e70 6d4 c9f
  e70 e6e 6d4 2413
  11b3 11b1 6d5 2e42
  11b1 12db 6d5 78a
  12db 11b3 6d5 7b0
  1f3 9c6 6d6 1e41
  9c6 e0b 6d6 87e
  e12 e13 6d7 a40
  3d1 2d3 6d8 77e
  19cc 1995 6d9 af0
  1995 1a47 6d9 888
  2d3 1bb5 6da 77e
  1bb5 30d 6da 301e
  1b5d 1b5e 6db 2819
  1b5e 1b6f 6db 2be0
  1a86 ecb 6dc 945
  1aa7 1a86 6dc 26c9
  308 2ca 6dd 85b
  a77 e52 6de 246e
  e52 b5d 6de 2677
  17df 17ee 6df 714
  17ef 17df 6df a45
  178b 1ba1 6e0 31e3
  1ba1 178c 6e0 26e3
  14d0 14d3 6e1 1184
  14d3 1a07 6e1 9a1
  1a66 1a3c 6e2 332b
  1a3c 1a67 6e2 95d
  1a67 1a66 6e2 2d9f
  ce2 ac6 6e3 1337
  ac6 d91 6e3 2aa8
  be0 c80 6e4 70b
  c80 d8e 6e4 2105
  1330 9b6 6e5 2c08
  9b6 1331 6e5 87d
  3fc 3fd 6e6 2783
  3fd 524 6e6 902
  524 3fc 6e6 9ad
  89e fcb 6e7 a47
  fcb fca 6e7 2687
  99f 13c8 6e8 77b
  13c8 1bac 6e8 27d3
  1bac 99f 6e8 299c
  359 53a 6e9 3107
  53a 15ca 6e9 247b
  15ca 359 6e9 2f69
  bed d92 6ea 2061
  1709 1721 6eb 2b83
  1721 f07 6eb 276f
  33d 245 6ed c33
  245 915 6ed 2614
  915 33d 6ed 23b3
  16f6 16f5 6ee a4b
  9cc 9d5 6ef 2572
  12aa 12ac 6f0 1ba4
  12c8 12aa 6f0 8cb
  34c 4b4 6f1 2abd
  4f5 34c 6f1 2cf5
  111e 1157 6f2 820
  1157 118d 6f2 2264
  1a06 1a63 6f3 2dd9
  1a63 1a09 6f3 3320
  b04 b05 6f4 1236
  b05 efa 6f4 8ad
  efa b04 6f4 8ac
  b78 ad6 6f5 1f57
  ad6 b7a 6f5 866
  b7a b78 6f5 263f
  17d0 160d 6f6 a9c
  e01 e05 6f7 d98
  e05 e07 6f7 b54
  19d7 1a45 6f8 93a
  1a45 19d6 6f8 a57
  641 642 6f9 b1f
  645 641 6f9 1aa0
  19bd 959 6fa 29a6
  959 1aac 6fa 274e
  1aac 19bd 6fa 325e
  43a 3b5 6fb ad8
  c99 544 6fc 23cb
  c9a c99 6fc 26fc
  1063 119f 6fd 24b7
  119f fe1 6fd a52
  90b 896 6fe 2577
  a72 ade 6ff 1597
  ae7 a72 6ff df9
  92c 579 700 779
  579 938 700 272b
  938 92c 700 2a1d
  17cc 17cd 701 254b
  17cd 1679 701 bfb
  1124 1130 702 1452
  1130 1131 702 75e
  1131 1124 702 77c
  381 3bb 703 2bfd
  3bb 15c1 703 2fc2
  15c1 381 703 cff
  1ad6 3a7 704 7a1
  b30 b18 705 2367
  f07 f05 706 1bce
  f05 1700 706 790
  1700 f07 706 2584
  12a9 12b9 707 a20
  e74 e5d 708 92e
  1851 e74 708 2f59
  1667 1665 709 2f7a
  1280 1285 70a 814
  1285 181d 70a 2ec9
  181d 1280 70a 2891
  be0 bde 70b 17a3
  bde c80 70b 7ec
  549 3a5 70c 2a47
  3a5 54a 70c 789
  54a 549 70c 2af7
  15f8 15fa 70d 955
  15fa 15f9 70d a66
  1b1f 1b20 70e 2b5c
  1b20 17b8 70e 26fe
  11c0 11c1 70f 2c3c
  1222 11c0 70f 3074
  1496 1497 710 2fb2
  1497 149a 710 2a3e
  149a 1496 710 2b7e
  dfb 1ef 711 1e3f
  9c6 1f2 712 1e41
  114a 115c 713 1a29
  115c 1168 713 c99
  17df 17dd 714 fdc
  17dd 17ee 714 2660
  1197 1144 715 259a
  557 120b 716 239c
  120b 1858 716 242f
  d48 d73 717 896
  d73 d72 717 a6c
  bdd dd3 718 8d9
  dd3 dd0 718 c4b
  1414 13e7 719 10e2
  2c3 336 71a 7e1
  336 3ed 71a 285c
  3ed 2c3 71a 8fd
  13e9 141d 71b 11d7
  141d 1469 71b 2e1d
  1260 1261 71c c24
  1261 181e 71c 31a1
  181e 1260 71c 2441
  32a 4dd 71d a3f
  4dd 4e2 71d 726
  4e2 32a 71d 22f7
  1188 1286 71e b64
  1286 1289 71e 32c8
  5cc 5cd 71f 964
  ae7 15be 720 24a2
  15be 9e5 720 2796
  363 364 721 737
  364 1baa 721 783
  1baa 363 721 31b4
  c00 1815 722 2ee2
  1815 1816 722 2cfb
  19cb 19cc 723 af0
  19cc 1a4c 723 98b
  152d 135a 724 2757
  5b6 1ba3 725 27e1
  1ba3 5cb 725 3155
  4dd 466 726 2268
  466 4e2 726 9c6
  1a9a 1983 727 2b02
  5ef 137e 728 2803
  137e 5f0 728 a79
  9bc 205 729 1e52
  512 1e5 72a 1e3a
  507 eed 72b 2a65
  eed ae8 72b 2c31
  1861 1867 72c 791
  1867 1863 72c 300a
  9d6 9cc 72d 877
  9cc 167a 72d 2ed2
  515 b07 72e 840
  b07 d5d 72e 1b7b
  d5d 515 72e 22d4
  59d 59b 72f 1c72
  90a 59d 72f 2210
  12ad 12af 730 1ad9
  12af 12c5 730 2585
  2c7 335 731 ab4
  ea4 ea7 732 28b6
  ce0 95d 733 765
  95d ebc 733 26b1
  111a 117b 734 16f5
  bdc bdf 735 18d8
  bdf dd3 735 8da
  dd3 bdc 735 8d9
  18a6 192b 736 83e
  192b 1929 736 2cfe
  361 364 737 2de8
  9d8 df3 738 7bc
  df6 9d8 738 a84
  170f 16ed 739 28ae
  115a 113c 73a 839
  115d 115a 73a eb0
  ea5 dd8 73b 2855
  1583 ea5 73b 7cc
  1376 1379 73c eae
  1379 1532 73c a63
  1532 1376 73c 8b0
  1175 126c 73d 2c48
  126c f9b 73d 3227
  130b 1084 73e 29c9
  196a 1af8 73f 2e7e
  1af8 199a 73f 2969
  3f1 406 740 9fe
  406 40e 740 a88
  40e 3f1 740 7c6
  682 8d9 741 ab3
  8d9 66d 741 2545
  308 3f9 742 23a7
  3f9 405 742 7f9
  405 308 742 85b
  2a4 444 743 b8f
  444 2a5 743 77f
  925 922 744 2ee9
  86b 884 745 8ed
  884 8a3 745 8f6
  8a3 86b 745 1f6f
  136f 1730 746 295a
  1730 14f7 746 320f
  18b8 18c7 747 100a
  1513 1785 748 2d31
  1785 1517 748 32e3
  34e 3f6 749 2a3f
  3f6 536 749 2636
  5f7 602 74a 89c
  602 5f4 74a a3d
  1372 1377 74b 7ae
  1377 1374 74b b7f
  4e4 63c 74c 2288
  63c 641 74c b1f
  641 4e4 74c 782
  16b7 16de 74d 2cf6
  16de 16b3 74d 2b66
  619 615 74e 1164
  615 13a4 74e 74f
  615 617 74f 119c
  617 13a4 74f 90a
  45c 7a1 750 787
  7a1 7a7 750 1bc8
  7a7 45c 750 837
  c6f c6c 751 7ca
  14cd c6f 751 1eef
  1368 134b 752 29c1
  db2 bc5 753 801
  bc5 db9 753 b45
  db9 db2 753 830
  1b16 17d4 754 e69
  17d4 1b1d 754 903
  1b1d 1b16 754 946
  385 3a1 755 23b4
  3a1 52c 755 2230
  52c 385 755 2b71
  56a 149b 756 2911
  149b 149d 756 3144
  149d 56a 756 2efc
  185b 185e 757 2bc9
  185e 185f 757 b26
  bd6 c7e 758 a83
  c7e c27 758 7d0
  561 602 759 996
  602 5f5 759 89c
  665 8ad 75a b9b
  8ad 75c 75a 872
  f50 f51 75b aa1
  f51 df1 75b 1fec
  159e 159d 75c 21c2
  e6f e5f 75d 329e
  e5f 1851 75d 2f59
  1851 e6f 75d 2f1f
  1121 1131 75e 2480
  1da 9d1 75f 1e30
  9d1 b35 75f b0f
  17f0 17f1 760 26ba
  12f6 11e3 761 908
  11e3 181e 761 2790
  181e 12f6 761 31a1
  12c2 114b 762 2391
  d91 b77 763 212e
  1ee 511 764 1e3e
  511 dff 764 8d4
  ce0 eec 765 2704
  1436 1417 766 1ff2
  920 98e 767 2c0d
  98e 656 767 aa5
  b16 b17 768 146b
  36b 36f 769 2b72
  36f 370 769 2538
  19f1 19fe 76a 11c1
  19f9 19f3 76b 1286
  db7 db3 76c 10ca
  db3 db9 76c 830
  db9 db7 76c 89f
  17bf 17c0 76d 1bd7
  1b10 17bf 76d 922
  408 403 76e 1d3b
  403 435 76e 7a0
  13c5 99c 76f 2922
  13c6 13c5 76f 1b82
  1a71 19c6 770 be6
  19c6 1a79 770 24f4
  1a79 1a71 770 2007
  1596 1591 771 32f2
  1591 188b 771 2fcd
  188b 1596 771 30e3
  904 59c 772 272c
  135f 904 772 c0f
  bca bc3 773 b5e
  bc3 db8 773 8b5
  db8 bca 773 96b
  12a9 1152 774 e4d
  1152 12b3 774 8f3
  12b3 12a9 774 a20
  317 534 775 2edb
  534 2d9 775 826
  12bb 12bd 776 ab2
  12bd 12bc 776 ab1
  1799 1791 777 20cc
  1868 1b3e 778 28c5
  1b3e 1b3b 778 2d71
  56b 579 779 2a09
  92c 56b 779 2e8f
  1b11 1b1a 77a 85e
  1b1a 1b14 77a 2c54
  99f 1520 77b 2c9e
  1520 13c8 77b 2c6a
  1281 1124 77c 2be5
  511 1ed 77d 1e3e
  3d1 1bb5 77e 99e
  325 2a5 77f a8d
  444 325 77f 7f2
  15ad 1574 781 2ef1
  4e5 4e4 782 852
  641 4e5 782 1ad5
  364 365 783 266a
  365 1baa 783 3007
  eb7 eb8 784 1f94
  eb8 1583 784 7ab
  563 3e0 785 2a95
  92b 563 785 2905
  11f2 11f3 786 2d0c
  11f3 11dd 786 303f
  45c 7b2 787 1c88
  7b2 7a1 787 7c8
  1107 110d 788 1d8d
  110d 1133 788 86a
  1133 1107 788 86f
  3a5 551 789 3173
  11b1 9b8 78a e9e
  9b8 12db 78a 23e8
  851 853 78b 16cf
  853 183e 78b 25bd
  15e5 15e0 78c ecf
  15e0 15e7 78c bdc
  15e7 15e5 78c 2a72
  112e 1133 78d fbd
  1133 1120 78d 86a
  9ef 9f7 78e 2c7f
  9f7 9f9 78e 2fbb
  9f9 9ef 78e 3291
  1169 116a 78f e30
  12c3 1169 78f 2477
  f05 f08 790 836
  f08 1700 790 dfc
  1861 1862 791 c2b
  1862 1867 791 2d68
  15bf 589 792 2e4b
  ea1 a6d 793 254a
  a6d f70 793 2e38
  f70 ea1 793 2965
  5e4 1371 794 1dc8
  d96 d9a 795 a56
  d9a d9c 795 1d0d
  d9c d96 795 7fa
  d49 d46 797 c08
  d72 d49 797 ef7
  11dd 11e1 798 2ab4
  1597 159b 799 2143
  9c3 9be 79a 2a19
  dee df3 79b dce
  df3 df5 79b 7bc
  16e3 1687 79c 2d18
  1715 16e3 79c a8c
  d42 d41 79d 1a93
  d41 d49 79d 927
  d49 d42 79d 93c
  914 831 79e 29fb
  831 944 79e 26e2
  944 914 79e cfe
  319 2c5 79f 83f
  403 433 7a0 949
  433 435 7a0 cce
  3a9 3a7 7a1 2d34
  14cd 14c9 7a2 8dd
  14ce 14cd 7a2 1ec9
  1c7 513 7a3 1e22
  584 92f 7a4 ad4
  92f 57f 7a4 ad5
  a75 1c8 7a5 1e21
  aec a75 7a5 207d
  167d 1b03 7a6 2fe8
  1b03 1b42 7a6 21de
  1b42 167d 7a6 21f8
  b4c df4 7a7 1198
  df4 de4 7a7 7c2
  ef6 efe 7a8 2347
  eff ef6 7a8 2499
  d47 d8a 7a9 1f2b
  d8a da0 7a9 99c
  da0 d47 7a9 9bd
  9ee 942 7aa 2bd5
  942 9f7 7aa a50
  9f7 9ee 7aa 3270
  eb8 157f 7ab 23ad
  b4d bb0 7ac 8f5
  bb0 b2f 7ac a35
  111c 863 7ad 1298
  863 116b 7ad 93f
  116b 111c 7ad 940
  1372 13b9 7ae dc3
  1612 1614 7af c60
  1614 1634 7af 7c7
  1634 1612 7af a46
  12da 11b3 7b0 2f89
  12db 12da 7b0 271a
  174f 175f 7b1 330d
  175f 176d 7b1 2fc6
  129d 12b1 7b3 1229
  12a7 12a0 7b4 133d
  1549 1525 7b5 a7b
  3bd 52f 7b6 9c7
  52f 1558 7b6 27a2
  1558 3bd 7b6 3171
  394 519 7b7 d09
  519 15db 7b7 2f19
  15db 394 7b7 3221
  1351 136d 7b8 2560
  136d 136e 7b8 2bbf
  1b61 1b60 7b9 adb
  9d7 1e9 7ba 1e3b
  18c5 18c3 7bb 3162
  18c3 18f2 7bb 31c3
  9d8 df5 7bc cdb
  2be 337 7bd 875
  337 3f7 7bd 2862
  3f7 2be 7bd 992
  16ce 16cf 7be ae2
  16cf 16cd 7be b57
  1198 1042 7bf 223c
  1042 119d 7bf 2469
  119d 1198 7bf 807
  19d6 198a 7c0 fe0
  198a 19d9 7c0 8de
  126e f97 7c1 83c
  f97 12e6 7c1 2fbc
  12e6 126e 7c1 2d9b
  de8 de4 7c2 e27
  df4 de8 7c2 2837
  fa1 fa0 7c3 ae7
  12d4 1ba6 7c4 3277
  1ba6 1097 7c4 317e
  1493 1511 7c5 81b
  1511 974 7c5 2d1c
  3fa 3f1 7c6 1dbf
  1614 1618 7c7 f87
  69b 7a1 7c8 1ad2
  7b2 69b 7c8 7e7
  159d 15a1 7c9 2039
  15a1 d9d 7c9 b4e
  c6f c73 7ca 905
  c73 c6c 7ca d22
  18fa 163a 7cb 2b3a
  1580 ea5 7cc 225e
  165e 165f 7cd 2c30
  165f 17b1 7cd 1fe2
  1221 1220 7ce 90d
  1220 1282 7ce 2f7f
  1130 116b 7cf 940
  116b 110b 7cf bff
  be5 c27 7d0 147d
  c26 be8 7d1 15fe
  1982 197e 7d2 b48
  197e 1a98 7d2 2742
  1a98 1982 7d2 2b08
  19a8 19a9 7d3 179c
  1a9e 19a8 7d3 950
  19b3 19b6 7d4 1386
  19b6 1a9e 7d4 951
  14f8 1340 7d5 3232
  15bf 3d2 7d6 264f
  15d8 15bf 7d6 2fd5
  b2f b21 7d7 126c
  b23 b2e 7d8 144d
  294 467 7d9 bf5
  467 295 7d9 835
  10f2 123a 7da 32ad
  123a 11a7 7da 3163
  5be 5ba 7db 1016
  13b9 5be 7db dc3
  196b 1954 7dc 1343
  1954 1992 7dc 24b5
  1992 196b 7dc 7dd
  1981 196b 7dd 18db
  4bf 51c 7de 2541
  51c 8d2 7de 8b9
  8d2 4bf 7de 1fc3
  1255 1251 7df 2d6a
  1251 12ce 7df 302d
  12ce 1255 7df 30d0
  1338 1636 7e0 2157
  163d 1338 7e0 2c23
  2c2 336 7e1 2425
  5bb 5e6 7e2 23c3
  5e6 8e9 7e2 9df
  8e9 5bb 7e2 2423
  e8b e8d 7e3 207a
  337 2bd 7e4 875
  2bd 415 7e4 9ce
  415 337 7e4 28e7
  de5 1e7 7e5 1e39
  179d 179c 7e6 252a
  179c 17f9 7e6 2fa0
  7b2 7b8 7e7 1ffa
  7b8 69b 7e7 2272
  34d 2e4 7e8 2a6f
  2fa 34e 7e9 2a71
  158d 158f 7ea 1bd2
  158f 1599 7ea b1d
  17e9 17d5 7eb 242b
  17d5 1b26 7eb b06
  1b26 17e9 7eb e70
  bde c15 7ec 14a4
  c15 c80 7ec 84b
  bee bf1 7ed 1516
  bf1 ed6 7ed 2741
  ed6 bee 7ed 8df
  16ca 185a 7ee 2f12
  1860 16ca 7ee 296b
  f60 f79 7ef 279b
  f79 e04 7ef 28a5
  1312 c0f 7f0 2531
  c0f 1313 7f0 b00
  1313 1312 7f0 2d67
  3ea 5b4 7f1 1e47
  5b4 5b5 7f1 849
  5b5 3ea 7f1 a82
  441 325 7f2 815
  444 441 7f2 1b4b
  16ef 1703 7f3 8d3
  1703 1714 7f3 3308
  1714 16ef 7f3 3307
  130f 12dd 7f4 2a33
  1837 130f 7f4 2fa3
  18ca 18dd 7f5 bbb
  18dd 18b0 7f5 aa8
  448 44a 7f6 2a49
  44a 453 7f6 3143
  453 448 7f6 a5a
  166b 166a 7f7 c3c
  166a 166e 7f7 324f
  166e 166b 7f7 3159
  de9 dea 7f8 f90
  f4e de9 7f8 8d0
  3f9 3eb 7f9 1e46
  d9c d9e 7fa db3
  d9e d96 7fa 94d
  1494 1490 7fb 210f
  1490 149e 7fb dda
  149e 1494 7fb 2364
  1f1 e07 7fc 1e40
  e07 e08 7fc b54
  1359 182a 7fd 32d4
  1b53 1b54 7fe 2f65
  1b54 17f3 7fe 8ec
  407 398 7ff 2870
  398 4b1 7ff 1f5e
  4b1 407 7ff ac7
  1676 1b09 800 32fa
  1b09 1b12 800 2e22
  db2 db8 801 f9e
  db8 bc5 801 8b5
  675 76c 802 828
  8c7 675 802 238a
  1e8 de5 803 1e39
  de5 dec 803 930
  5a5 5a3 804 1c73
  5a3 9a8 804 ae6
  167d 1b00 805 2d4e
  1b00 1b4f 805 2d5c
  1b4f 167d 805 2fe8
  11c6 11cb 806 879
  11cb 11c9 806 32b3
  7c1 1198 807 23f1
  119d 7c1 807 2af1
  cbe e83 808 237b
  e83 b6b 808 28e8
  b33 b1e 80a d49
  412 4f0 80b 2338
  4f0 602 80b a3d
  602 412 80b 996
  dd8 dd7 80c 1038
  dd7 eb7 80c ab8
  1759 cea 80d 22b8
  cea 175b 80d 2376
  175b 1759 80d bbc
  dac 15a4 80e 91c
  15a4 158b 80e 21a9
  36d 53d 80f 2e48
  53d 502 80f 2e68
  160b 1679 810 1c76
  1679 17cf 810 dd4
  1519 1505 811 2915
  b10 efa 812 8ac
  efa ef9 812 907
  1145 116d 813 9e6
  118d 1145 813 895
  1280 1284 814 2d0a
  1284 1285 814 2d20
  43f 325 815 8e1
  441 43f 815 1c46
  1153 114e 816 19d6
  1149 1150 817 1aa4
  7ce 7ba 818 a8b
  7ba 980 818 2791
  980 7ce 818 2e35
  9b5 1630 819 871
  1630 162f 819 b22
  183d 54a 81a 2af7
  1493 1496 81b 2c63
  424 446 81c a23
  446 447 81c e68
  447 424 81c a15
  1b11 1b10 81d c00
  1b10 1b98 81d 28fc
  1b98 1b11 81d 85e
  14e6 14e4 81e 1d29
  1508 14e6 81e 2466
  c4f c50 81f 10d4
  c50 1984 81f 2c24
  1984 c4f 81f 987
  111e 116c 820 aee
  116c 1157 820 9f2
  f5a f5e 821 b2c
  f59 f5b 822 b2b
  f5b f5a 822 2325
  11e0 1049 823 f7c
  1049 1272 823 1fc6
  3d4 571 824 2d16
  571 3d3 824 958
  415 2bc 825 9ce
  2bc 416 825 8c9
  416 415 825 282f
  13af 14f1 827 22f6
  14f1 14f2 827 baa
  14f2 13af 827 22c1
  675 773 828 8bf
  773 76c 828 1132
  1b77 1b0d 829 321f
  dde 159a 82a 9f6
  159a 15a4 82a 234e
  18e6 18c2 82b 283a
  dba db9 82c 89f
  db9 dda 82c b45
  1ec 9d8 82d 1e3d
  9d8 df7 82d a84
  2e9 44e 82e e60
  57b 58f 82f 2c3b
  58f 582 82f b31
  db3 db2 830 f9f
  355 356 831 24c5
  356 357 831 22d8
  357 355 831 2adf
  334 3e7 832 2663
  3e7 3d8 832 2709
  f0c f0a 833 f8d
  f0a 170c 833 2b84
  1267 1265 834 2150
  1265 12d1 834 31a5
  12d1 1267 834 3038
  315 295 835 b5f
  467 315 835 893
  f05 f02 836 1c77
  f02 f08 836 93d
  7a7 8ad 837 872
  8ad 45c 837 ba7
  17d c81 838 9b0
  c81 17e 838 9af
  113b 113c 839 1ba0
  115a 113b 839 99a
  1b24 1b08 83a 874
  324 2ac 83b a05
  2ac 414 83b b2a
  414 324 83b 23d6
  126e 12d6 83c 2eed
  12d6 f97 83c 2e1a
  395 968 83d 271f
  968 15d7 83d 276d
  15d7 395 83d 313e
  18a6 1927 83e 2812
  1927 192b 83e 2eb5
  40e 2c5 83f 2063
  515 d5e 840 aa0
  d5e b07 840 ac6
  2b9 338 841 8e0
  338 3fc 841 2783
  3fc 2b9 841 9fd
  b99 b9b 842 1149
  b9b d45 842 934
  d45 b99 842 87c
  15fc 1600 843 1d68
  1600 1652 843 a2a
  1652 15fc 843 1ecb
  330 4ba 844 2ddb
  4ba 535 844 2eec
  30e 2c0 845 2183
  be9 bec 846 15e6
  bec eb9 846 2979
  eb9 be9 846 929
  1a87 ed0 847 25d8
  1701 16ef 848 3018
  5b4 5b6 849 b4d
  5b6 5b5 849 88b
  169a 16a1 84a 1951
  16b1 169a 84a d29
  c15 c7f 84b 8ce
  c7f c80 84b ec6
  15ec 15fd 84c b4f
  3cf 1826 84e 27ef
  b2c b38 84f 2336
  b38 b37 84f b51
  55f 8eb 850 273b
  928 220 851 1f8e
  220 1158 851 a91
  1158 928 851 85d
  4e3 4e4 852 2244
  4e5 4e3 852 8bb
  1e6 512 854 1e3a
  512 de6 854 9e2
  c4b c53 855 8e6
  c53 196a 855 b5a
  196a c4b 855 b5b
  370 371 856 2538
  371 372 856 2b5f
  137a 1378 857 f56
  1707 1708 858 b5c
  1708 1706 858 b5d
  17eb 1b27 859 af5
  1b27 1b28 859 26fb
  1b28 17eb 859 2447
  1722 9ca 85a 2dbe
  405 2ca 85b 206e
  3f0 411 85c 1da9
  413 3f0 85c 2291
  1b98 1b1a 85e 26cf
  1182 1189 85f b65
  1189 1188 85f b64
  f7e 16bc 861 bb1
  16bc 1821 861 2804
  78c 1ae9 862 2a15
  1ae9 768 862 2eb0
  c95 95a 863 880
  95a f78 863 a6b
  f78 c95 863 2788
  907 81c 864 28ee
  81c 91d 864 2659
  91d 907 864 2184
  aad ab3 865 15ea
  ab3 b7a 865 2a23
  ad6 ab7 866 1713
  6cf 764 867 26a0
  764 76e 867 970
  76e 6cf 867 f83
  145d 1434 868 c87
  1434 1559 868 27d0
  1559 145d 868 23ae
  1c3 e81 869 9b3
  e81 1c4 869 9b6
  110d 1120 86a 1c49
  339 2aa 86b a24
  2aa 418 86b b60
  418 339 86b 245f
  1399 139d 86c ebd
  139d 13b5 86c 9e5
  13b5 1399 86c 8fb
  c27 d8e 86d 8ab
  d8e c7d 86d 201a
  1990 1989 86e 889
  1989 1999 86e c02
  1999 1990 86e 9b7
  1133 1165 86f adf
  1165 1107 86f af6
  18d2 18f1 870 269d
  18f1 192d 870 8e8
  192d 18d2 870 2e94
  9b5 1641 871 8f2
  1641 1630 871 1d48
  7a7 75c 872 1b95
  104b 1190 873 235d
  1190 1196 873 ddd
  1196 104b 873 2516
  1b1e 1b08 874 3335
  1b24 1b1e 874 f0f
  155f 155c 876 8d7
  1560 155f 876 32ec
  9d6 1681 877 2227
  1681 9cc 877 2572
  136f 135e 878 2d80
  1370 136f 878 295a
  11c6 1274 879 2f79
  1274 11cb 879 32b4
  e98 15e3 87a b74
  15e3 e34 87a 299d
  c50 c4e 87b 10d4
  c4e 1a54 87b 9cb
  1a54 c50 87b 2bc6
  b9d b99 87c 8c3
  d45 b9d 87c 1a92
  9b6 218 87d 1ea6
  218 1331 87d 1ea2
  e0a e0b 87e b79
  19c3 19bf 87f 331b
  19bf 1a93 87f 3225
  c95 1537 880 2214
  1537 95a 880 27b3
  baa d97 881 8c7
  d97 d98 881 20d3
  d98 baa 881 bb9
  12cb 1334 882 2c07
  1334 1335 882 2551
  1335 12cb 882 23a5
  1374 1376 883 b7f
  1376 1375 883 8b0
  f13 16db 884 afd
  16db 183a 884 27ba
  183a f13 884 279f
  462 315 885 932
  315 464 885 893
  464 462 885 1c2d
  1141 1143 886 b81
  1143 1142 886 b82
  1142 1160 887 2522
  1995 19d6 888 fe0
  19d6 1a47 888 a57
  1990 19d9 889 ad2
  19d9 1989 889 8de
  10d1 107f 88a 19b6
  107f 12f1 88a cb0
  12f1 10d1 88a 9f5
  8eb 5b5 88b 273b
  10ec 103e 88c 24ba
  122a 10ec 88c 20fa
  b70 1ba9 88d 275b
  1ba9 ad0 88d 29d0
  1bc b58 88e 962
  b58 1bd 88e 957
  1aa2 ed0 88f c27
  ed0 1add 88f 27ed
  1add 1aa2 88f 2896
  1136 1134 890 1eb6
  1134 1163 890 9fb
  1163 1136 890 8dc
  e00 e02 891 b8a
  e02 e01 891 b89
  13b5 13b6 892 9e5
  13b6 13b7 892 c23
  13b7 13b5 892 1ca2
  467 464 893 1b2c
  15d3 15d1 894 1f3f
  15d1 178a 894 258b
  178a 15d3 894 216a
  118d 1137 895 20df
  d48 d9e 896 94d
  d9e d73 896 23f9
  3e5 3e4 897 9ff
  3e4 3e6 897 2b6d
  3e6 3e5 897 2c12
  1683 1689 898 1fd0
  1689 16ba 898 2b06
  16ba 1683 898 a11
  9ff a05 899 26cb
  a05 ef2 899 30bc
  ef2 9ff 899 9f7
  db4 db6 89a 10c9
  db6 159a 89a b68
  159a db4 89a 9f6
  f63 f7d 89b 1081
  f7d f80 89b 925
  f80 f63 89b a69
  5f7 5f5 89c 1d2a
  1294 1290 89d f8f
  b19 9cb 89e 938
  9cb b32 89e 99b
  b32 b19 89e 1131
  dba db7 89f b96
  3ae 3ac 8a0 2f7e
  58b 58a 8a2 2ca6
  5a0 58b 8a2 1f02
  186f 186d 8a3 2e25
  1870 186f 8a3 2a46
  f43 f47 8a4 29cc
  f47 16ff 8a4 2155
  1b20 17ca 8a5 d57
  17ca 1b9e 8a5 280b
  1b9e 1b20 8a5 26fe
  12fd 18b6 8a6 1f74
  18c9 12fd 8a6 23bf
  c2b c2a 8a7 1cc9
  c2a c54 8a7 a09
  c54 c2b 8a7 989
  f7c e89 8a8 2382
  e89 f8e 8a8 cad
  f8e f7c 8a8 2ffe
  13c9 13a2 8a9 1cde
  13a2 13d0 8a9 b43
  13d0 13c9 8a9 a62
  1617 1633 8aa 218e
  1650 1617 8aa 2029
  c27 be3 8ab 147d
  b10 b04 8ac 1270
  b05 ef7 8ad 1cb8
  ef7 efa 8ad dc0
  3ce 967 8ae 30d8
  967 39f 8ae 2546
  12a5 12fc 8af 2b7b
  12fc 18c9 8af 23bf
  1b1b 1b19 8b1 2293
  1b19 1b1d 8b1 946
  1b1d 1b1b 8b1 2001
  204 e40 8b2 1e50
  e40 e41 8b2 b0b
  df0 f56 8b3 c5c
  17b9 17af 8b4 2158
  17af 17f4 8b4 28bc
  bc3 bc5 8b5 1155
  607 609 8b6 1d1a
  609 1398 8b6 8c2
  1398 607 8b6 9d0
  11bf 12e4 8b7 2ff3
  12e4 55d 8b7 3060
  857 864 8b8 8f1
  864 882 8b8 9cd
  882 857 8b8 d48
  51c 665 8b9 246d
  665 8d2 8b9 e76
  443 4e3 8bb 924
  4e5 443 8bb 1b4c
  1567 15b1 8bc 2887
  14a6 1830 8bd 2806
  1830 1437 8bd 9ed
  916 742 8be 25f8
  675 7b1 8bf 1f1e
  7b1 773 8bf 960
  1757 176c 8c0 287b
  176c 1753 8c0 22f8
  11a6 11a7 8c1 3009
  11a7 11a8 8c1 2fe9
  11a8 11a6 8c1 321a
  609 1399 8c2 bb3
  1399 1398 8c2 8fb
  b96 b99 8c3 1087
  b9d b96 8c3 904
  b1a b1f 8c4 11d1
  b1f bb0 8c4 a35
  bb0 b1a 8c4 a34
  1a7a 1a7c 8c5 28f0
  1a7c 1a7b 8c5 bb7
  15ed 15ff 8c6 8fa
  baa ba9 8c7 1215
  ba9 d97 8c7 aed
  bd9 bd7 8c8 172b
  bd7 de1 8c8 bfd
  de1 bd9 8c8 a1c
  f3f f37 8ca 2995
  f4c f3f 8ca 2148
  12c8 1663 8cb 2ca5
  1663 12aa 8cb 249e
  19d8 1a44 8cc b98
  1a44 1a45 8cc 9a4
  1a45 19d8 8cc 93a
  dbe dbc 8cd f5f
  c15 c81 8ce a87
  c81 c7f 8ce 9b0
  f23 f24 8cf 1783
  f24 16e5 8cf df4
  16e5 f23 8cf 2ed6
  f4e df2 8d0 2702
  ef5 e45 8d1 2cd5
  efc ef5 8d1 2afa
  3eb 3e8 8d2 2015
  3e8 44b 8d2 208b
  16ef 172d 8d3 3018
  172d 1703 8d3 30a4
  df9 dff 8d4 bc7
  df8 dfa 8d5 bc8
  5f2 661 8d6 911
  661 561 8d6 e73
  155e 155c 8d7 2d6c
  155f 155e 8d7 293d
  f87 f85 8d8 1d4b
  bdd bdc 8d9 1842
  bdf be2 8da 17ce
  be2 dd3 8da dec
  2ed 4b3 8db 20dd
  1146 1136 8dc 1c9a
  14e9 14c9 8dd db2
  198a 1989 8de df6
  beb bee 8df 188e
  ed6 beb 8df 2266
  2b8 338 8e0 23ed
  43f 44f 8e1 933
  44f 325 8e1 20a9
  1b66 1b6c 8e2 2912
  1b67 1b66 8e3 bd2
  1422 1437 8e4 1efa
  1437 151b 8e4 9ed
  151b 1422 8e4 2a67
  12f2 1078 8e5 2229
  12f3 12f2 8e5 2e32
  c4b c54 8e6 989
  c54 c53 8e6 1173
  32d 960 8e7 2348
  960 51d 8e7 23bb
  18cc 192d 8e8 2db3
  352 354 8e9 2439
  354 355 8e9 24c5
  355 352 8e9 2ba8
  19fa 1a06 8ea 2ae3
  c15 bdb 8eb 14a4
  bdb c82 8eb 9b5
  c82 c15 8eb a87
  1b54 1b57 8ec 2755
  1b57 17f3 8ec 1f60
  86b 879 8ed 1d09
  12d3 1268 8ee 2581
  1268 12d4 8ee 2646
  12d4 12d3 8ee 3010
  eb5 eb4 8ef 29c7
  eb4 eba 8ef 8f0
  eba eb5 8ef 294c
  eb4 eb9 8f0 29c8
  eb9 eba 8f0 2979
  857 868 8f1 1f69
  868 864 8f1 a6d
  9b5 215 8f2 1e96
  215 1641 8f2 1e8d
  1152 1151 8f3 19d7
  1151 12b3 8f3 20b8
  bc4 bc7 8f4 118c
  bc7 dda 8f4 a60
  dda bc4 8f4 a5f
  b4d 9cb 8f5 b83
  9cb bb0 8f5 938
  848 8a3 8f6 1fe7
  982 5be 8f7 1f9d
  5be 983 8f7 bdd
  983 982 8f7 240a
  66e 664 8f8 966
  664 66f 8f8 be0
  66f 66e 8f8 bdf
  fe2 182b 8f9 2e72
  182b fc6 8f9 2919
  15ed 15ef 8fa 993
  13b5 1398 8fb 1d19
  12e2 12e1 8fc 30a2
  12e1 1302 8fc 25bb
  1302 12e2 8fc 28f8
  35c 97c 8fe 2a5c
  97c 1acd 8fe 31f1
  47f 481 8ff 2031
  481 4e1 8ff 9f9
  4e1 47f 8ff 982
  155f 1562 900 32ec
  1562 15ba 900 3146
  15ba 155f 900 2d41
  1b15 1b0a 901 213c
  3fd 402 902 1ff5
  402 524 902 212d
  17d4 17d6 903 d0b
  17d6 1b1d 903 b77
  b91 b96 904 954
  b9d b91 904 1283
  c6f c74 905 b62
  c74 c73 905 b41
  3b1 547 906 2c1c
  547 1ab1 906 28c7
  1ab1 3b1 906 327a
  efa efb 907 dc0
  efb ef9 907 22dc
  12f5 11e3 908 26ff
  12f6 12f5 908 2cb5
  c03 c9a 909 c37
  ea8 c03 909 263a
  617 13a5 90a bec
  13a5 13a4 90a 25a2
  9d3 b47 90b 953
  b47 b49 90b 10b9
  b49 9d3 90b 2012
  1cf 515 90c 1e2a
  515 e4f 90c 22d4
  121a 1220 90d 2f14
  1221 121a 90d 2d15
  304 2b6 90e 9d2
  299 328 90f b3e
  328 455 90f 21fa
  455 299 90f b9e
  ded def 910 bee
  def dee 910 bef
  5f2 5f1 911 2185
  5f1 661 911 968
  1b06 1b99 912 2703
  1b99 1b01 912 268a
  1340 134e 913 32cf
  134e 133f 913 276c
  e3d 15df 915 2658
  15df 15e0 915 bdc
  15e0 e3d 915 bf3
  45f 459 916 1f0c
  459 8ad 916 ba7
  8ad 45f 916 b9b
  104a 1030 917 227a
  1030 104c 917 ed6
  104c 104a 917 97c
  17b1 17f7 918 2e7f
  17f7 15e5 918 2693
  105c 105d 919 1733
  105d 15c0 919 26a3
  45e 4bf 91a a49
  4bf 664 91a 1fc3
  664 45e 91a 966
  d3b d3c 91b 2bf4
  d3c a04 91b 2c06
  dac dab 91c 1c8a
  1641 214 91d 1e8d
  214 1643 91d 1e86
  150f 1351 91e 2560
  182a 150f 91e 3177
  e93 1794 91f 22c4
  1794 1796 91f 972
  1796 e93 91f a68
  16e9 1770 920 29e9
  1770 176f 920 2e51
  1059 feb 921 180c
  feb 1309 921 a8f
  1309 1059 921 a8e
  1b10 17c8 922 c00
  14d6 14da 923 e6e
  14da 1a41 923 b1b
  1a41 14d6 923 aac
  443 4eb 924 92d
  4eb 4e3 924 235c
  8ee 819 926 27dc
  819 90c 926 259b
  90c 8ee 926 2285
  d41 d45 927 1a92
  d45 d49 927 c08
  6eb 8e0 928 28fe
  90d 6eb 928 296e
  be6 be9 929 1880
  eb9 be6 929 2220
  e37 201 92a 92c
  a05 a03 92b 26cb
  1809 a05 92b 256a
  e2b 201 92c 1e4c
  e37 e2b 92c 2d3b
  443 444 92d 1b4b
  444 4eb 92d b8f
  e74 e61 92e 2c5d
  1979 1985 92f 947
  1985 1986 92f e91
  1986 1979 92f 96d
  deb dec 930 c06
  984 985 931 2a86
  135b 984 931 1490
  462 476 932 969
  476 315 932 2099
  43f 427 933 1d08
  427 44f 933 994
  b9b d46 934 c09
  d46 d45 934 c08
  1b52 1b51 935 29b7
  1b51 1b55 935 2c8e
  1b55 1b52 935 2f47
  1997 19db 936 a16
  19db 19dc 936 c0a
  19dc 1997 936 a0d
  8db 698 937 2576
  698 8dc 937 219a
  8dc 8db 937 a27
  b19 bb0 938 a34
  19d7 19d8 93a 1bac
  424 425 93b 1d83
  4c5 424 93b a23
  d49 d71 93c ef7
  d71 d42 93c e93
  f02 f00 93d 1dd5
  f00 f08 93d 983
  21d 1147 93e 1fcd
  863 864 93f 126f
  864 116b 93f a6d
  1130 111c 940 1452
  580 570 941 a9b
  581 580 941 c13
  518 3af 942 204c
  519 518 942 d09
  12c0 12be 943 d1e
  12be 18dd 943 aa8
  18dd 12c0 943 bd8
  1439 143a 944 c18
  143a 1438 944 23fa
  1b19 1b16 946 ffd
  1979 1975 947 1103
  1975 1985 947 9c2
  1791 1792 948 2e34
  1792 e95 948 2245
  403 3fe 949 1efc
  3fe 433 949 2362
  566 56a 94a 2d0f
  56a 133b 94a 2efc
  56c 133b 94b 2c49
  133b 149d 94b 2efc
  149d 56c 94b 2d2f
  11e1 11dc 94c 2ae9
  11dc 1201 94c 2ab9
  1201 11e1 94c 284e
  d48 d96 94d ed9
  213 9b4 94e 1e7e
  1643 213 94e 1e86
  1896 132b 94f 3289
  18b5 1896 94f 2faa
  1a8e 19a8 950 286c
  1a9e 1a8e 950 951
  19b6 1a8e 951 2d89
  17c6 17d3 952 db8
  17d3 17d6 952 b77
  17d6 17c6 952 9b4
  9d3 b59 953 d0f
  b59 b47 953 b17
  b91 b94 954 9ca
  b94 b96 954 fc5
  15f8 1601 955 203c
  1601 15fa 955 a64
  185f 1861 956 c2b
  1861 1860 956 2cc4
  b54 1bd 957 a3e
  b58 b54 957 f5e
  127a 9a3 959 2e00
  9a3 1acf 959 2836
  1acf 127a 959 308f
  6af 54e 95a 1ebb
  54e 763 95a a6e
  763 6af 95a 9ac
  d7a 1752 95b 2040
  1752 1762 95b 30f8
  1762 d7a 95b 25a6
  326 29f 95c aeb
  29f 43c 95c c22
  43c 326 95c 23b2
  e38 e3a 95f d42
  e3a e40 95f 980
  e40 e38 95f bbe
  7b1 7b4 960 984
  7b4 773 960 1f59
  1914 1913 961 2991
  1913 1ba0 961 234d
  1bc 9e6 962 1e16
  9e6 b58 962 2271
  3c2 3c5 963 29ad
  3c5 3c4 963 20a6
  5bc 5cd 964 c34
  66e 45e 966 1e88
  1044 1046 967 a25
  1046 1047 967 c35
  1047 1044 967 9db
  462 460 969 1cd1
  460 476 969 9f0
  9cd 50d 96a 2de4
  db8 dd9 96b ac1
  dd9 bca 96b d5a
  4ff 9b1 96c 2f22
  9b1 1ae6 96c 2c85
  1ae6 4ff 96c 24ae
  1986 1988 96d c3d
  1988 1979 96d ae1
  1461 57d 96e 1f46
  57d 1467 96e ac8
  17e7 1b65 96f 2910
  1b65 1b63 96f 2987
  764 763 970 9ac
  763 76e 970 1ce5
  90f 8c3 971 975
  8c3 91c 971 239e
  91c 90f 971 29eb
  1794 1797 972 af4
  1797 1796 972 2cc8
  c16 c83 973 a96
  c83 c84 973 ec3
  c84 c16 973 d74
  933 1466 974 2ad2
  1466 14df 974 b33
  14df 933 974 dde
  714 8c3 975 22c6
  90f 714 975 d13
  14a2 1ab8 976 2267
  1ab8 1ab9 976 e5d
  1ab9 14a2 976 12c4
  1b31 1b15 977 3141
  1b9c 1b31 977 30ef
  91a 4b9 978 2a59
  4b9 929 978 27db
  929 91a 978 9b8
  2f1 34b 979 22b7
  34b 2f0 979 25ee
  1910 1b7b 97b 2ac9
  1b7b 1b7c 97b 2e75
  1047 104a 97c ee8
  104c 1047 97c 9db
  37a 37c 97d 2b30
  37c 52d 97d 3044
  33b 29d 97e b03
  29d 445 97e c42
  445 33b 97e 1e98
  16bb f55 97f 2946
  f55 16bd 97f b75
  16bd 16bb 97f e82
  e3a e3e 980 fbb
  e3e e40 980 b0b
  f28 f31 981 1faa
  f31 1bb9 981 28be
  1bb9 f28 981 27c3
  4dd 47f 982 a3f
  4e1 4dd 982 2398
  f00 eff 983 b24
  eff f08 983 c4e
  7b1 6b0 984 1da7
  6b0 7b4 984 9d3
  8ac 780 985 203a
  780 8b1 985 acd
  8b1 8ac 985 986
  54b 8ac 986 a00
  8b1 54b 986 2058
  c53 c4f 987 1136
  1984 c53 987 b5a
  628 62f 988 2c69
  62f 62b 988 2c87
  c4b c2b 989 1bca
  1b40 1b41 98a 300f
  1b41 1b3f 98a 2f64
  1a49 1a4c 98b c51
  31a 436 98c 25c9
  436 416 98c 25ad
  17a1 17a2 98d a10
  17a2 17a3 98d e25
  17a3 17a1 98d 2cb8
  1992 1993 98e 25f4
  14e7 14e6 98f 1cb2
  14e6 1acb 98f 2466
  1acb 14e7 98f a9a
  1859 11e0 990 2e6b
  e2e 1fe 991 995
  15ee 15ef 993 c57
  427 44d 994 ace
  44d 44f 994 1f28
  9c1 1fe 995 1e45
  561 412 996 1cb0
  1e4 9d3 997 1e38
  9d3 de3 997 2012
  110e 110a 998 1d0b
  110a 116c 998 a7d
  116c 110e 998 aee
  12af 12ae 999 1ad9
  1141 113b 99a 1b50
  115a 1141 99a b81
  9cb 1d5 99b 1e2e
  1d5 b32 99b 9b1
  d8a baa 99c 1fc4
  baa da0 99c bb9
  2ab 339 99d a24
  339 414 99d 263c
  414 2ab 99d b2a
  3d2 1bb5 99e 2f4c
  1cd d5e 99f a9e
  d5e 1ce 99f aa0
  1612 1605 9a0 a75
  1605 1613 9a0 2895
  1613 1612 9a0 c60
  14c8 1a0c 9a2 a94
  db0 daf 9a3 cb3
  daf dd9 9a3 aae
  dd9 db0 9a3 ac1
  1a44 1a46 9a4 2c53
  1a46 1a45 9a4 a74
  3c0 1ade 9a5 2b45
  1ade 2e7 9a5 9b9
  9fa 1778 9a6 326b
  1778 ca2 9a6 29d1
  163a 18f9 9a7 2b3a
  18f9 18b4 9a7 2a54
  113d 1155 9a8 a28
  1158 113d 9a8 1fbe
  11e3 107b 9a9 1458
  107b 181f 9a9 9aa
  181f 11e3 9a9 2790
  107b 1041 9aa 1946
  1041 181f 9aa cdd
  76b 69f 9ab 1e48
  69f 8c7 9ab ae3
  764 6af 9ac 277b
  524 31a 9ad 25c9
  1206 1776 9ae 31b9
  1776 1225 9ae 2fd0
  958 17e 9af 1de0
  c81 958 9af e22
  17d c7f 9b0 1df3
  1d4 b32 9b1 b2d
  2af 314 9b2 233b
  1c3 9e3 9b3 1e09
  9e3 e81 9b3 2e07
  17c2 17c6 9b4 1e7f
  17d6 17c2 9b4 b35
  bdb bd9 9b5 180b
  bd9 c82 9b5 a1c
  9e5 1c4 9b6 1e20
  198c 1990 9b7 10d9
  1999 198c 9b7 ac5
  756 91a 9b8 28f2
  929 756 9b8 2f0b
  1ade 330 9b9 3218
  11de 11b2 9ba c2c
  2cb 405 9bb 206e
  44b 2cb 9bb 2427
  9fe d2b 9bc 29ea
  d2b 9fd 9bc 29b4
  d96 d47 9bd ed9
  da0 d96 9bd a56
  e24 1fb 9be 9c0
  2a9 30b 9bf a4e
  30b 418 9bf 251e
  418 2a9 9bf b60
  e18 1fb 9c0 1e44
  14d5 14d1 9c1 11e6
  14d1 19da 9c1 b2f
  19da 14d5 9c1 aef
  1975 1998 9c2 bc9
  1998 1985 9c2 afb
  15b6 15b4 9c3 20c9
  15b7 15b6 9c3 233c
  608 60c 9c4 1ca3
  60c 13b8 9c4 b2e
  13b8 608 9c4 b13
  1132 12ed 9c5 277c
  466 467 9c6 1b2c
  467 4e2 9c6 bf5
  3bd 39d 9c7 27bb
  39d 52f 9c7 2096
  1751 1752 9c8 2e44
  1752 d78 9c8 276a
  1753 1751 9c9 2b96
  b91 b9e 9ca b73
  b9e b94 9ca bda
  c4e c66 9cb 9d1
  c66 1a54 9cb 224b
  f36 1321 9cc a9f
  1321 1322 9cc c7f
  864 862 9cd 126f
  862 882 9cd a7a
  19dc 1a0b 9cf edb
  1a0b 1a38 9cf a18
  1a38 19dc 9cf a0d
  60f 607 9d0 bc1
  1398 60f 9d0 1d9a
  c4e c4a 9d1 ffc
  c4a c66 9d1 ad9
  435 2b6 9d2 2051
  6b0 780 9d3 acd
  780 7b4 9d3 1f54
  e1b 1f8 9d4 9dd
  4f0 4ef 9d5 2338
  4ef 4f6 9d5 2388
  4f6 4f0 9d5 224a
  2eb 34c 9d6 2c52
  303 283 9d7 b1c
  283 4bd 9d7 b34
  4bd 303 9d7 2173
  1b02 1b2d 9d8 c83
  1b2d 1b2c 9d8 2a22
  32b 4b3 9d9 2d35
  4b3 2ee 9d9 20dd
  1323 1328 9da b6a
  1328 1329 9da 2075
  1329 1323 9da c84
  104c 1044 9db 1cbd
  1731 1732 9dc 31ed
  9bf 1f8 9dd 1e43
  f19 16db 9de 27ba
  16db 16da 9de c86
  5e6 5ce 9df b56
  5ce 8e9 9df 23f8
  801 7da 9e0 f27
  7da 1045 9e0 aa6
  1045 801 9e0 a86
  ffa ff9 9e1 2177
  15c0 ffa 9e1 28d3
  de4 de6 9e2 c88
  e11 1f5 9e3 9e9
  11b4 11b7 9e4 2c21
  139d 13b6 9e5 26db
  1117 116d 9e6 d00
  11ec 1277 9e7 2bfa
  1277 1ad0 9e7 29c4
  1ad0 11ec 9e7 3210
  280 31b 9e8 b80
  31b 470 9e8 1f37
  470 280 9e8 c8e
  9c7 1f5 9e9 1e42
  160f 163f 9ea ade
  163f 17cb 9ea deb
  17cb 160f 9ea 26c1
  587 92a 9eb 2a48
  92a 5b0 9eb 2b18
  c38 c2d 9ec 1b74
  c2d 1991 9ec adc
  1830 151b 9ed 2b86
  9e4 afe 9ee a08
  afe d5e 9ee ac6
  d5e 9e4 9ee a9e
  8e4 816 9ef 2689
  816 8f4 9ef 24d2
  8f4 8e4 9ef 22ac
  460 46f 9f0 ac0
  46f 476 9f0 1fff
  1b3c 1b3d 9f1 275f
  1b3d 1b3a 9f1 2cd9
  1164 1157 9f2 b7b
  116c 1164 9f2 cd4
  120b 11bc 9f3 3000
  282 33a 9f4 b55
  33a 4bd 9f4 2121
  4bd 282 9f4 b34
  11e5 10d1 9f5 22d0
  12f1 11e5 9f5 32ba
  dde db4 9f6 201d
  1775 9ff 9f7 a81
  1a80 1a84 9f8 2e12
  1a84 1a7f 9f8 2e1b
  481 69f 9f9 ae3
  69f 4e1 9f9 2016
  a06 a0c 9fa 1f6a
  a0c a0b 9fa c96
  1134 222 9fb c36
  222 1163 9fb 1f8c
  1b6d 1b6e 9fc 2c2f
  1b6e 190e 9fc 2575
  3f1 3dd 9fe 1fed
  3dd 406 9fe 244e
  3e3 3e4 9ff 2411
  54b 79e a00 2236
  79e 8ac a00 203b
  178d 1790 a01 2ceb
  1790 178f a01 2c9d
  1332 1333 a02 c9a
  1333 1330 a02 2c26
  1336 1332 a03 28a6
  fc4 119e a04 2921
  11a0 fc4 a04 1fc7
  324 2ad a05 20b0
  e2f e31 a06 c9b
  19c2 1a70 a07 2d99
  1a70 1bb3 a07 ca5
  1bb3 19c2 a07 2ef6
  9e4 afa a08 a41
  afa afe a08 10db
  c2a c70 a09 c9c
  c70 c54 a09 aa4
  c24 95a a0a a6b
  95a f6d a0a 2748
  553 1858 a0b 2b2b
  e25 e27 a0c ca8
  1a38 1997 a0d e66
  1303 12e1 a0e 31d3
  12e1 1307 a0e 2b38
  1307 1303 a0e 3174
  e1c e1e a0f caa
  17a1 1797 a10 24c7
  1797 17a2 a10 af4
  1323 1683 a11 c84
  16ba 1323 a11 e20
  16d6 16d7 a12 cab
  16d7 16d3 a12 cac
  dc7 ddc a13 1db1
  ba2 ba4 a14 108f
  ba4 bab a14 af2
  bab ba2 a14 ac9
  41b 424 a15 1ea7
  447 41b a15 1fab
  1997 19da a16 e0c
  19da 19db a16 1d80
  27e 33c a17 bac
  33c 483 a17 2295
  483 27e a17 cb4
  1a0b 19f5 a18 a55
  19f5 1a38 a18 1f4a
  b57 1777 a19 24f2
  1777 a4a a19 27fd
  c59 c58 a1a ff7
  c58 14d7 a1a b0c
  14d7 c59 a1a afc
  546 93f a1b 3022
  de1 c82 a1c e87
  f51 f52 a1d aa1
  f52 f66 a1d 2ec5
  f66 f51 a1d a92
  9b3 20f a1e 1e5b
  20f 1634 a1e 1e58
  ba8 ba6 a1f b04
  ba6 ba9 a1f a73
  ba9 ba8 a1f 11e3
  12b3 12b9 a20 22e4
  28a 313 a21 b63
  313 473 a21 2351
  473 28a a21 bcc
  1362 133f a22 28c6
  133f 1524 a22 276c
  1524 1362 a22 2a27
  4c5 446 a23 22a1
  1044 1045 a25 1cbc
  1045 1046 a25 d02
  da8 bba a26 a97
  bba daf a26 aae
  daf da8 a26 b97
  766 8db a27 2326
  8dc 766 a27 247c
  d90 c25 a29 202a
  1600 163f a2a 1ee4
  163f 1652 a2a ade
  1452 1453 a2b 1092
  1a0c 1452 a2b a94
  391 38f a2c 2cb4
  4f3 391 a2c b49
  88b 7f9 a2d 2616
  94b 88b a2d 26e0
  108c 1af5 a2e 2c11
  1af5 1af4 a2e 2f35
  593 964 a2f 2722
  28d 329 a30 b70
  329 477 a30 234b
  477 28d a30 bd6
  1597 1595 a31 1a5a
  1595 159f a31 32f4
  159f 1597 a31 1fae
  603 562 a32 2743
  562 605 a32 bfc
  605 603 a32 210b
  14e c74 a33 b41
  c74 14f a33 b3d
  b19 b1a a34 1130
  b1f b2f a35 126c
  75d 75e a36 2d56
  75e 682 a36 cc9
  c52 c70 a37 aa4
  c70 d7f a37 c2f
  d7f c52 a37 c65
  11b6 103b a38 1a81
  103b 1230 a38 a39
  1230 11b6 a38 28a9
  103b 1032 a39 1b21
  1032 1230 a39 d3b
  1a6c 19d3 a3a 2835
  19d3 1a70 a3a ca5
  1a70 1a6c a3a 1e9a
  191f 1925 a3b 25d1
  1926 191f a3b 296f
  98d 11d9 a3c 22f0
  11d9 11e9 a3c 2f26
  11e9 98d a3c 205a
  4f0 5f4 a3d 22c9
  b54 1be a3e bca
  32a 47f a3f 23b6
  e12 e14 a40 cd8
  9e4 b62 a41 d9a
  b62 afa a41 bf9
  13be 13b7 a42 f38
  13b7 13d4 a42 c23
  880 873 a43 aa9
  fc9 880 a43 1b0e
  8f0 43b a44 2811
  43b 8f2 a44 26ac
  1b60 17df a45 251a
  20e 1612 a46 1e57
  1634 20e a46 1e58
  89e fcc a47 25f6
  fcc fcb a47 2506
  186d e59 a48 1f19
  e59 1872 a48 224f
  45e 4be a49 20af
  4be 4bf a49 2048
  1872 1876 a4a 2276
  1876 1870 a4a 2570
  16f6 16f7 a4b cdf
  16f7 16f5 a4b ce0
  198b 1994 a4c b6b
  1994 19cb a4c a85
  19cb 198b a4c 1b02
  b6e f74 a4d 2d19
  f74 ae3 a4d 28e5
  2a8 30b a4e 22af
  1361 134d a4f 204e
  134d 15d6 a4f 2f82
  15d6 1361 a4f 3138
  942 9ec a50 21b4
  11bd 11be a51 24d8
  11be 1264 a51 323f
  1264 11bd a51 2bf3
  1064 fe1 a52 18e1
  119f 1064 a52 2900
  19db 14d2 a53 1d80
  1a40 19db a53 2026
  316 2a2 a54 abf
  2a2 450 a54 c05
  450 316 a54 2479
  1a0b 1a39 a55 c58
  1a39 19f5 a55 202b
  da0 d9a a56 2085
  1a45 1a47 a57 a74
  1899 18af a58 1dbc
  1b45 1b03 a59 2c7c
  1b46 1b45 a59 30ec
  453 961 a5a 324d
  961 448 a5a 283c
  1a58 1a9f a5b 332d
  1a9f 1ab0 a5b 239a
  1ab0 1a58 a5b 2c2e
  1799 179a a5c 2b31
  179a 179e a5c 2a2b
  179e 1799 a5c 20cc
  1a78 1aa5 a5d 31d6
  1aa5 1a92 a5d 3165
  2fe 96a a5e 286d
  96a 537 a5e 2fe1
  bc5 bc4 a5f 1155
  dda bc5 a5f b45
  bc7 d56 a60 1ade
  13b8 13c9 a62 b2e
  13d0 13b8 a62 21ab
  1379 137c a63 20f4
  137c 1532 a63 2b77
  1600 15fa a64 1d68
  1601 1600 a64 1f93
  19d8 19d5 a65 1bac
  19d5 1a42 a65 ce2
  1a42 19d8 a65 a93
  15fa 15fb a66 cf2
  438 562 a67 1f00
  562 906 a67 2743
  e92 e93 a68 2080
  1796 e92 a68 ae9
  f65 f63 a69 1013
  f80 f65 a69 2197
  13b2 14f1 a6a baa
  14f1 14fb a6a 25d3
  14fb 13b2 a6a c50
  c24 f78 a6b 2787
  d73 d74 a6c cfa
  868 116b a6d bff
  54e 54f a6e b07
  54f 763 a6e 1d64
  1668 157d a6f 262d
  157d 166a a6f 30b7
  166a 1668 a6f 259d
  17f2 17d9 a70 1fac
  169f 16c7 a71 2c79
  16c7 16b1 a71 d29
  918 848 a72 2633
  ba6 bab a73 ac9
  bab ba9 a73 aed
  1a46 1a47 a74 abb
  20d 1605 a75 1e56
  1612 20d a75 1e57
  c61 c56 a76 b30
  c56 1998 a76 ae4
  1998 c61 a76 bc0
  1443 1445 a77 1192
  c62 541 a78 abe
  541 c6d a78 a80
  c6d c62 a78 1b75
  137e 1395 a79 278f
  862 856 a7a ae8
  856 882 a7a 1fb5
  1549 153a a7b 2d77
  34f 2f3 a7c 2cb0
  110a 1167 a7d c47
  1167 116c a7d cd4
  1256 1207 a7e 22e7
  1207 12cf a7e 307a
  12cf 1256 a7e 324a
  33c 27d a7f bac
  27d 484 a7f c26
  484 33c a7f 2019
  541 c74 a80 b3d
  c74 c6d a80 b62
  a08 9ff a81 2bfe
  1775 a08 a81 2b8c
  3e9 3ea a82 2222
  5b5 3e9 a82 22e6
  bd6 c7c a83 1e61
  df6 df7 a84 d03
  1994 1995 a85 f7e
  1995 19cb a85 af0
  1043 801 a86 b67
  1045 1043 a86 1cbc
  c82 c81 a87 e22
  406 2c6 a88 2399
  2c6 40e a88 2063
  29e 33b a89 b03
  33b 43c a89 2433
  43c 29e a89 c22
  1879 187d a8a bf4
  187d 187e a8a 2cdf
  187e 1879 a8a 1d4d
  7ce 1339 a8b 30ab
  1339 7ba a8b 2dbc
  168a 16e3 a8c 24b8
  1715 168a a8c 2b92
  325 2a6 a8d 20a9
  105d 1059 a8e 1733
  1309 105d a8e 2b7c
  feb fec a8f 16d9
  fec 1309 a8f 2d88
  17d2 17c4 a90 ba2
  17c4 17d4 a90 d0b
  17d4 17d2 a90 d0a
  21f 1158 a91 1fbe
  f57 f51 a92 219c
  1a42 1a43 a93 204d
  1a43 19d8 a93 b98
  14c8 1452 a94 1e8f
  27c 310 a95 bd4
  310 484 a95 2304
  484 27c a95 c26
  c16 c8e a96 bf7
  c8e c83 a96 ccf
  da8 dae a97 c7c
  dae bba a97 cd7
  c77 c60 a98 b20
  c60 14d6 a98 d11
  14d6 c77 a98 d12
  b8c 9f0 a99 b9c
  9f0 b9e a99 bcd
  b9e b8c a99 b47
  1acb 1ac0 a9a 3036
  56f 570 a9b 24f3
  17d0 17d7 a9c c8f
  17d7 160d a9c 1b77
  c51 c63 a9d b42
  c63 c65 a9d f69
  c65 c51 a9d bab
  1cd 9e4 a9e 1e2c
  f36 1320 a9f 1d66
  1320 1321 a9f ef1
  515 1ce aa0 1e2a
  f50 f52 aa1 d14
  29c 307 aa2 b14
  307 445 aa2 c1d
  445 29c aa2 c42
  bd3 bcf aa3 14f8
  bcf c8e aa3 bf6
  c8e bd3 aa3 bf7
  c52 c54 aa4 1173
  98e 991 aa5 2354
  991 656 aa5 2426
  7da 7db aa6 1baf
  7db 1045 aa6 d02
  79d 79e aa7 181a
  79e 8d1 aa7 2236
  8d1 79d aa7 dc7
  12be 18b0 aa8 e78
  880 881 aa9 b21
  881 873 aa9 1205
  310 27b aaa bd4
  27b 489 aaa c5a
  489 310 aaa 20ce
  8d5 7fe aab 253d
  7fe 8e7 aab 2406
  8e7 8d5 aab 226c
  14d7 14d6 aac d12
  1a41 14d7 aac 1f33
  90a 5d5 aad 24a3
  5d5 1661 aad 2e1c
  1661 90a aad 2210
  bba dd9 aae d59
  210 1651 aaf 2270
  1410 1436 ab0 1ff2
  1436 1464 ab0 2ae4
  1464 1410 ab0 1ff3
  12bd 12be ab1 d1f
  12be 12bc ab1 d1e
  12c1 12bd ab2 28c8
  682 75f ab3 cc9
  75f 8d9 ab3 2bc7
  2c7 406 ab4 2399
  406 335 ab4 244e
  981 982 ab5 2bad
  982 987 ab5 2a85
  987 981 ab5 c6d
  307 29b ab6 b14
  29b 454 ab6 c62
  454 307 ab6 2408
  76f 8cd ab7 23e2
  8cd 8d4 ab7 c2e
  8d4 76f ab7 2322
  dd7 e54 ab8 255f
  e54 eb7 ab8 2101
  d36 d2f ab9 12ec
  d2f e56 ab9 c0b
  e56 d36 ab9 c0c
  198e 1987 aba 10da
  1987 1996 aba ba1
  1996 198e aba b84
  1a46 1a48 abb 2cb3
  87a 878 abc 1c97
  878 881 abc bcf
  881 87a abc b21
  504 503 abd 2235
  505 504 abd 2d3e
  c62 c72 abe c15
  c72 541 abe e12
  316 2a3 abf 2372
  460 458 ac0 1e23
  458 46f ac0 20b7
  db8 db0 ac1 f9e
  111d 866 ac2 d4b
  866 1165 ac2 c30
  1165 111d ac2 adf
  27a 33e ac3 bf1
  33e 489 ac3 22de
  489 27a ac3 c5a
  187f 1874 ac4 330f
  1999 1a41 ac5 2013
  1a41 198c ac5 b1b
  afe b07 ac6 1176
  4b1 3b4 ac7 2904
  57d 57f ac8 220b
  57f 1467 ac8 ad5
  ba6 ba2 ac9 101f
  425 628 aca 2bd1
  327 286 acb b46
  286 468 acb c5f
  468 327 acb 23e3
  c36 c35 acc 179f
  c35 1965 acc 2a13
  6b0 8b1 acd 21a3
  427 41e ace 1eae
  41e 44d ace 224d
  19ac 1933 acf 31bb
  1933 1a62 acf 3317
  5bf 5b7 ad0 f4b
  5b7 5dd ad0 b61
  5dd 5bf ad0 21d3
  19d4 19d7 ad1 1bff
  19d9 19d4 ad1 ad2
  1990 19d4 ad2 1c61
  bc9 bce ad3 b94
  bce c86 ad3 b4c
  c86 bc9 ad3 1e69
  584 13e1 ad4 d2f
  13e1 92f ad4 d2e
  92f 1467 ad5 2126
  5a2 13ce ad6 de7
  13ce 1360 ad6 28cf
  33e 279 ad7 bf1
  279 48a ad7 c76
  48a 33e ad7 2117
  43a 962 ad8 30a5
  962 3b5 ad8 2b40
  c4a c51 ad9 fab
  c51 c66 ad9 bab
  b9f ba0 ada eb7
  ba0 bad ada b7d
  bad b9f ada c90
  1b61 1b62 adb d33
  1b62 1b60 adb 252e
  c2d c4b adc 1bca
  c4b 1991 adc b5b
  1277 1276 add 2bfa
  127c 1277 add 3089
  160f 1652 ade 2195
  1133 111d adf fbd
  18c7 192c ae0 27e4
  192c 12a6 ae0 22e3
  1988 19cd ae1 bb4
  19cd 1979 ae1 d53
  16d5 16cf ae2 1f47
  481 8c7 ae3 22d1
  c56 c59 ae4 ff7
  c59 1998 ae4 afb
  e69 1734 ae5 213a
  1734 1735 ae5 f1f
  1735 e69 ae5 1753
  fa1 fa2 ae7 d3c
  fa2 fa0 ae7 d3d
  860 856 ae8 b8e
  862 860 ae8 1204
  e99 e92 ae9 bdb
  1796 e99 ae9 2484
  278 31d aea c11
  31d 48a aea 22c2
  48a 278 aea c76
  326 2a0 aeb 215a
  33a 281 aec b55
  281 470 aec c8e
  470 33a aec 23d1
  bab d97 aed 20ca
  111e 110e aee 1bf4
  1996 14d5 aef be1
  19da 1996 aef e0c
  454 29a af1 c62
  29a 455 af1 b9e
  455 454 af1 2404
  ba4 bac af2 1ff9
  bac bab af2 20ca
  696 7b6 af3 2087
  7b6 8bd af3 21d9
  8bd 696 af3 b3a
  1794 17a2 af4 1f31
  17eb 1b26 af5 b66
  1b26 1b27 af5 2340
  869 1107 af6 1f6b
  1165 869 af6 bb8
  32a 292 af7 b6e
  292 47d af7 c8c
  47d 32a af7 23b6
  16d8 1710 af8 2da1
  1710 f19 af8 2642
  994 9a0 af9 275c
  e38 e2b afa bd5
  e2b e39 afa 26c2
  e39 e38 afa d42
  c59 1985 afb d45
  14d7 14d8 afc 1f33
  14d8 c59 afc d45
  f13 171e afd 303d
  171e 16db afd 2c75
  edf ee2 afe 1f45
  1a5a edf afe 25fa
  31d 277 aff c11
  277 48d aff c98
  48d 31d aff 20bf
  c0f 1963 b00 2626
  c49 c4d b01 fac
  c4d d7f b01 c65
  d7f c49 b01 bc6
  990 127c b02 3089
  ba8 bad b04 1fdd
  bad ba6 b04 b7d
  9d2 b43 b05 e13
  b43 b59 b05 b17
  b59 9d2 b05 d15
  17d5 1b17 b06 f2d
  1b17 1b26 b06 2340
  54e 46e b07 2033
  46e 54f b07 c6c
  1249 11de b08 232c
  11de 1254 b08 30a9
  1254 1249 b08 304a
  13a0 139f b09 1aa6
  139f 1509 b09 2409
  868 866 b0a bb5
  866 110b b0a d4b
  110b 868 b0a bff
  e3e e41 b0b d4c
  c58 c77 b0c e51
  c77 14d7 b0c d12
  50e d82 b0d 1e84
  d82 d8b b0d cb8
  d8b 50e b0d de4
  1965 1a8b b0e 25e1
  276 340 b10 c3b
  340 48d b10 22b2
  48d 276 b10 c98
  31b 27f b11 b80
  27f 483 b11 cb4
  483 31b b11 239d
  b66 eef b12 2d94
  eef a57 b12 2b94
  609 608 b13 1d1a
  13b8 609 b13 daa
  1770 1773 b15 2d06
  1773 1774 b15 2f21
  1774 1770 b15 3276
  f2f f2e b16 1ad1
  f2e 1320 b16 c59
  1320 f2f b16 d51
  b43 b47 b17 fe9
  599 58e b18 1d5f
  58e 5d5 b18 cd2
  5d5 599 b18 24a3
  8a8 7bb b19 1fad
  7bb 8b3 b19 202d
  8b3 8a8 b19 d80
  1024 10df b1a 28c0
  10df 10e0 b1a b86
  10e0 1024 b1a 1fb0
  14da 198c b1b ffe
  303 284 b1c 2116
  158f 15a3 b1d ebe
  c5d 14d5 b1e f50
  14d5 14db b1e be1
  14db c5d b1e b99
  63c 642 b1f d5d
  c77 d7c b20 e0d
  d7c c60 b20 cbb
  880 87a b21 1b9d
  1630 1631 b22 2b87
  f6a f68 b23 27fe
  16e1 f6a b23 2d30
  e44 eff b24 2499
  f00 e44 b24 200d
  340 275 b25 c3b
  275 48e b25 cbe
  48e 340 b25 211b
  185e 1b40 b26 300f
  1b40 185f b26 def
  1210 1212 b27 2253
  1212 1213 b27 d2b
  1213 1210 b27 2b9e
  146a 1442 b28 1e76
  766 67c b29 247c
  67c 76d b29 cc6
  76d 766 b29 fb0
  f5c f5b b2b d60
  f5a f5f b2c 23c7
  f5f f5e b2c d5f
  1d4 d7e b2d d4f
  d7e b32 b2d d82
  60c 13c9 b2e 1cdd
  14d1 14d2 b2f 11b7
  14d2 19da b2f 1d80
  c55 c56 b30 f25
  c61 c55 b30 bc3
  58f 590 b31 29c5
  590 582 b31 2670
  99b 99d b32 209e
  99d 99e b32 e17
  99e 99b b32 2ce7
  1466 14de b33 d2d
  14de 14df b33 c7a
  17c4 17c2 b35 b6f
  17d6 17c4 b35 d0b
  f7b f80 b36 2197
  f83 f7b b36 21f4
  11c9 11ca b37 32b2
  11ca 11c2 b37 2efa
  e8a e1f b38 295d
  15ce 15d0 b39 21b6
  1788 15ce b39 312b
  66e 696 b3a bdf
  8bd 66e b3a 2278
  219 12cc b3b 2a8b
  12cc a0 b3b 2590
  fa0 1194 b3c 23cf
  1194 f9f b3c 240e
  541 14f b3d 1e13
  298 328 b3e 21d8
  274 309 b3f c5b
  309 48e b3f 229c
  48e 274 b3f cbe
  2d6 1729 b40 2b98
  1729 354 b40 2ff6
  14e c73 b41 1e19
  c51 c75 b42 cfd
  c75 c63 b42 d1d
  13a2 13b3 b43 1a2e
  13b3 13d0 b43 b88
  ee4 ee3 b44 2941
  ee3 166d b44 1efe
  166d ee4 b44 2fde
  327 287 b46 208a
  b8d b8c b47 11c0
  b9e b8d b47 b73
  1982 1aa8 b48 2e13
  1aa8 197e b48 2cfd
  39c 391 b49 267b
  4f3 39c b49 3039
  1a74 195f b4a 2999
  195f 1aa0 b4a 3124
  17b0 1b0e b4b 2828
  1b0e 17b4 b4b d6d
  bce bcc b4c 1282
  bcc c86 b4c b72
  5b4 5b7 b4d b61
  5b7 5b6 b4d d6e
  d9c d9d b4e 1c9b
  15a1 d9c b4e db3
  bbd bbb b50 b78
  bbb c87 b50 be5
  c87 bbd b50 e7e
  b38 b3a b51 d71
  b3a b37 b51 2d44
  960 2fd b52 2348
  c4c c3a b53 dc9
  c3a c55 b53 cc2
  c55 c4c b53 bc3
  e05 e08 b54 d75
  5e6 5cf b56 23d8
  16cf 16d0 b57 d76
  16d0 16cd b57 2b60
  8ce 8b2 b58 2556
  8b2 8dd b58 23f5
  8dd 8ce b58 caf
  309 273 b59 c5b
  273 490 b59 ceb
  490 309 b59 228f
  1984 196a b5a 2e7e
  1707 170a b5c d79
  170a 1708 b5c 2d64
  1708 1709 b5d 234c
  bc1 bc3 b5e 109e
  bca bc1 b5e ba8
  315 296 b5f 2099
  5b4 5dd b61 1d52
  c6f c6d b62 1aee
  289 313 b63 20a0
  1189 1286 b64 2384
  1182 118a b65 bed
  118a 1189 b65 d7c
  17ea 1b26 b66 e70
  803 801 b67 ec0
  1043 803 b67 cc0
  db6 1585 b68 2607
  1585 159a b68 1e4b
  132c 3bc b69 30c6
  3bc 1afd b69 31b1
  1323 1321 b6a c7f
  1321 1328 b6a 21cb
  198b 19cd b6b d54
  19cd 1994 b6b bb4
  b50 508 b6c c69
  508 b52 b6c b95
  b52 b50 b6c 1d43
  272 341 b6d c6f
  341 490 b6d 221f
  490 272 b6d ceb
  32a 293 b6e 22f7
  17c3 17c2 b6f c04
  17c4 17c3 b6f d87
  28c 329 b70 20be
  28f 30c b71 20c1
  30c 290 b71 2114
  bcc 50b b72 c21
  50b c86 b72 e59
  b91 b8d b73 1254
  e98 15e4 b74 d8b
  15e4 15e3 b74 2db4
  f55 f4a b75 2149
  f4a 16bd b75 1ed3
  1a76 1a74 b76 29a4
  1a74 1bb2 b76 30f6
  1bb2 1a76 b76 1fde
  17d3 1b1d b77 2001
  bbd c88 b78 d8d
  c88 bbb b78 c94
  e0a e0c b79 d8e
  10e0 1048 b7a b86
  1048 10e3 b7a bd1
  10e3 10e0 b7a 20eb
  1103 1157 b7b 1eb5
  1164 1103 b7b d32
  341 271 b7c c6f
  271 491 b7c d06
  491 341 b7c 211d
  ba0 ba6 b7d 101f
  714 761 b7e d13
  900 714 b7e 252f
  1377 1376 b7f d91
  115a 1143 b81 d93
  1143 1144 b82 20b5
  1144 1142 b82 259a
  1d6 9cb b83 1e2e
  b4d 1d6 b83 d39
  1996 1997 b84 e0c
  1997 198e b84 e66
  160a 160f b85 1ccd
  160f 17cc b85 26c1
  10df 1048 b86 1f0e
  c43 c57 b87 1dcc
  c57 d7c b87 cbb
  d7c c43 b87 cba
  13a1 13d0 b88 2147
  e02 e03 b89 d99
  e03 e01 b89 d98
  f81 f82 b8b 25c5
  f82 f8c b8b 1dd3
  f8c f81 b8b 1f4f
  752 8e6 b8c 23b8
  8e6 8f3 b8c 22eb
  8f3 752 b8c 24bc
  8cb 7e7 b8d 2405
  7e7 8d8 b8d 233f
  8d8 8cb b8d 21d0
  860 883 b8e c97
  883 856 b8e 1f53
  2a4 4eb b8f 2200
  14e5 14e7 b90 1cb2
  14e7 1ac5 b90 2337
  1ac5 14e5 b90 c4c
  dad da9 b91 1c89
  da9 daf b91 b97
  daf dad b91 cb3
  270 31e b92 c81
  31e 491 b92 2273
  491 270 b92 d06
  9c5 1674 b93 296d
  bc9 c8e b94 ccf
  c8e bce b94 bf6
  508 b53 b95 d9f
  b53 b52 b95 270a
  dba dbb b96 da0
  dbb db7 b96 2102
  da9 da8 b97 1e85
  1a43 1a44 b98 2bed
  14d9 c5d b99 c0d
  14db 14d9 b99 f2f
  18ee 18ed b9a 26b5
  665 45f b9b 246d
  b8c bae b9c d73
  bae 9f0 b9c d34
  130e 588 b9d 20c0
  588 15d8 b9d 2fd5
  3c4 434 b9f 20a6
  17a9 1aed ba0 2a8a
  1aed 17b2 ba0 277e
  1987 14db ba1 fae
  14db 1996 ba1 be1
  17c5 17c4 ba2 d87
  17d2 17c5 ba2 21b5
  31e 26f ba3 c81
  26f 496 ba3 d21
  496 31e ba3 20b4
  1789 178a ba4 2169
  178a 1788 ba4 258b
  c69 c68 ba5 c1c
  c68 c6a ba5 da6
  c6a c69 ba5 cae
  434 532 ba6 20f1
  532 386 ba6 2f02
  459 45c ba7 1e24
  bbc bc1 ba8 bf8
  bca bbc ba8 1168
  1933 1964 ba9 2ab2
  1964 1a5d ba9 2fd8
  13b2 14f2 baa 24e4
  c65 c66 bab 1cae
  995 993 bad fde
  993 99d bad c68
  99d 995 bad d40
  d8c c88 bae c94
  c88 d8d bae 205c
  d8d d8c bae 2170
  e90 e28 baf 2968
  c6a 14c7 bb0 1e8e
  14c7 14e9 bb0 db2
  14e9 c6a bb0 cae
  f7e 1725 bb1 2c84
  1725 16bc bb1 2ff7
  65e 52a bb2 2866
  906 65e bb2 2318
  609 139b bb3 daa
  139b 1399 bb3 dab
  1988 1994 bb4 eea
  865 866 bb5 c67
  868 865 bb5 1f69
  26e 343 bb6 c95
  343 496 bb6 2122
  496 26e bb6 d21
  1a7c 1a83 bb7 2dda
  555 869 bb8 bc4
  1165 555 bb8 c30
  d98 da0 bb9 2085
  465 47e bba 1b2b
  47e 76d bba da9
  76d 465 bba cc6
  18ca 189b bbb f26
  189b 18dd bbb 2103
  174a 1759 bbc 258d
  175b 174a bbc 2419
  1b03 1b48 bbd 2c7c
  1b48 1b71 bbd 2a8c
  1b71 1b03 bbd 21de
  203 e38 bbe 1e4e
  e40 203 bbe 1e50
  3be 972 bbf 257e
  972 1ace bbf 2808
  1ace 3be bbf 2fb5
  c64 c61 bc0 ebf
  1998 c64 bc0 bc9
  604 607 bc1 1ec2
  60f 604 bc1 210c
  4fc 4fa bc2 2caa
  963 4fc bc2 311f
  c61 c4c bc3 db4
  555 228 bc4 1f87
  228 869 bc4 d38
  343 26d bc5 c95
  26d 497 bc5 d36
  497 343 bc5 225c
  c71 c49 bc6 ca1
  d7f c71 bc6 1eb2
  dfc dfa bc8 db5
  1975 c64 bc9 1025
  508 1be bca 1e1c
  b54 508 bca d9f
  1516 145d bcb 2f78
  473 28b bcc 20f7
  9f0 b93 bcd f24
  b93 b9e bcd bda
  17c6 17bc bce ca9
  17c7 17c6 bce db8
  878 886 bcf d61
  886 881 bcf d84
  c5a c44 bd0 1d42
  c44 c72 bd0 cb6
  c72 c5a bd0 c15
  1048 1046 bd1 c35
  1046 10e3 bd1 2041
  1b67 1b68 bd2 2b2c
  1b68 1b66 bd2 2c89
  26c 311 bd3 ca6
  311 497 bd3 2254
  497 26c bd3 d36
  202 e2b bd5 1e4c
  e38 202 bd5 1e4e
  477 28e bd6 20fb
  1a68 195e bd7 2594
  12c7 12c0 bd8 22ed
  18dd 12c7 bd8 2103
  1b48 1b45 bd9 2c7c
  1b45 1b94 bd9 30df
  b93 b94 bda ea8
  e96 e92 bdb 207f
  e99 e96 bdb e1b
  15df 15e7 bdc 2a87
  5be 1372 bdd dc3
  311 26b bde ca6
  26b 49b bde d4a
  49b 311 bde 20ae
  66f 696 bdf 2079
  664 670 be0 24f5
  670 66f be0 dc4
  1114 1112 be2 1b9e
  1112 116d be2 d01
  116d 1114 be2 d00
  5e7 5ea be3 1f62
  5ea 5ef be3 28bf
  5ef 5e7 be3 20ef
  4de 6eb be4 21e1
  6eb 7b5 be4 296e
  7b5 4de be4 c38
  bbb ba3 be5 10fd
  ba3 c87 be5 cdc
  1a71 1a73 be6 2e95
  1a73 19c6 be6 308c
  b42 b41 be7 c72
  b41 d85 be7 dd0
  d85 b42 be7 2528
  1455 144a be8 fd0
  144a 14de be8 cf8
  14de 1455 be8 d2d
  26a 345 be9 cb7
  345 49b be9 2129
  49b 26a be9 d4a
  806 8b2 bea 219d
  8b2 8c2 bea 1fbf
  8c2 806 bea 216c
  9e2 aef beb e74
  aef b62 beb bf9
  b62 9e2 beb da4
  617 13a9 bec 211a
  13a9 13a5 bec dca
  1182 115f bed 219f
  def df0 bef dcd
  df0 dee bef dce
  1b28 1b52 bf0 2d5e
  1b52 1b53 bf0 2f47
  345 269 bf2 cb7
  269 49c bf2 d5b
  49c 345 bf2 2243
  15e0 15e1 bf3 dcf
  1879 187c bf4 1dd7
  187c 187d bf4 1d02
  294 4e2 bf5 21a4
  bcf bce bf6 12b8
  c16 bd3 bf7 1501
  bbc bbf bf8 cb9
  bbf bc1 bf8 fd6
  aef afa bf9 1001
  221 928 bfa 1f8e
  1163 221 bfa 1f8c
  17cd 17ce bfb f1e
  17ce 1679 bfb dd4
  562 8f0 bfc 244f
  8f0 605 bfc 2381
  bd7 c16 bfd 1501
  c16 de1 bfd d74
  268 320 bfe cc5
  320 49c bfe 223d
  49c 268 bfe d5b
  1b69 1b67 c01 2b2c
  1b6f 1b69 c01 2ae6
  1989 1986 c02 c3d
  1986 1999 c02 f41
  320 267 c03 cc5
  267 49d c03 d68
  49d 320 c03 2238
  17c1 17c2 c04 1f2d
  17c3 17c1 c04 ccc
  2a1 450 c05 2095
  266 346 c07 cd3
  346 49d c07 2231
  49d 266 c07 d68
  b9b d47 c09 1f2b
  d47 d46 c09 ddf
  19db 19dd c0a 2026
  19dd 19dc c0a de0
  d2f d33 c0b 189e
  d33 e56 c0b 21e7
  d37 d36 c0c 1507
  e56 d37 c0c 2515
  c5b c5d c0d 1c26
  14d9 c5b c0d cca
  243 302 c0e 205f
  302 244 c0e 2a07
  1342 904 c0f 24d4
  135f 1342 c0f 1db0
  346 265 c10 cd3
  265 49e c10 d77
  49e 346 c10 2124
  1346 134a c12 1d2b
  134a 1364 c12 29e1
  1364 1346 c12 d67
  581 583 c13 2e02
  b60 b65 c14 d17
  b65 b66 c14 dea
  c62 c5a c15 1c25
  432 531 c16 2201
  131c 16c3 c17 2113
  1439 143b c18 2349
  143b 143a c18 de8
  264 305 c19 cd9
  305 49e c19 222c
  49e 264 c19 d77
  c9f 95e c1a c64
  95e 15dc c1a 227c
  15dc c9f c1a 27e6
  e36 e29 c1b f9a
  e29 e96 c1b d81
  e96 e36 c1b c79
  c67 c68 c1c c70
  c69 c67 c1c 1dcb
  307 4be c1d 2141
  4be 445 c1d c52
  d7b d6e c1e 1d71
  d6e 187c c1e d28
  187c d7b c1e d4d
  305 263 c1f cd9
  263 4a5 c1f d8a
  4a5 305 c1f 20aa
  256 347 c20 cda
  347 4a3 c20 2225
  4a3 256 c20 d89
  bcb 50b c21 c91
  bcc bcb c21 121d
  13b6 13d4 c23 2377
  1260 120d c24 322a
  120d 1261 c24 2e16
  1798 17a0 c25 293a
  17a4 1798 c25 20c4
  1aa2 1aa3 c27 c49
  1632 1644 c28 21f5
  1659 1632 c28 2b10
  321 257 c29 ce9
  257 4a3 c29 d89
  4a3 321 c29 2234
  262 348 c2a ce8
  348 4a5 c2a 2134
  4a5 262 c2a d8a
  185f 1862 c2b def
  11b0 11b2 c2c 2813
  11de 11b0 c2c 24ab
  c2a c28 c2d 1d40
  c28 d88 c2d db6
  d88 c2a c2d c9c
  8cd 6ad c2e 22cb
  6ad 8d4 c2e 2311
  c70 c30 c2f e08
  c30 d7f c2f 1eb2
  866 555 c30 c67
  348 261 c31 ce8
  261 4aa c31 d94
  4aa 348 c31 2237
  258 321 c32 ce9
  321 4a6 c32 2127
  4a6 258 c32 d96
  33d 246 c33 25b3
  5bc 5ce c34 23f8
  1048 1047 c35 df3
  1134 223 c36 1fb8
  c03 1ad5 c37 27f4
  1ad5 c9a c37 26fc
  4df 4de c38 22ae
  7b5 4df c38 2027
  34a 259 c39 cf0
  259 4a6 c39 d96
  4a6 34a c39 221b
  260 322 c3a cef
  322 4aa c3a 221d
  4aa 260 c3a d94
  1669 166a c3c 259d
  1989 1988 c3d df6
  322 25f c3e cef
  25f 4ae c3e d9d
  4ae 322 c3e 20a7
  25a 34a c3f cf0
  34a 4ad c3f 20a8
  4ad 25a c3f d9e
  410 40f c40 1edd
  40f 4dc c40 c71
  4dc 410 c40 23e4
  312 25b c41 cf4
  25b 4ad c41 d9e
  4ad 312 c41 2137
  25e 349 c43 cf3
  349 4ae c43 2138
  4ae 25e c43 d9d
  349 25d c44 cf3
  25d 4af c44 da1
  4af 349 c44 2218
  93f 540 c45 314b
  25c 312 c46 cf4
  312 4af c46 223a
  4af 25c c46 da1
  110a 867 c47 1eb4
  867 1167 c47 df0
  1a36 1a37 c48 1edb
  1a37 1a39 c48 d6b
  1a39 1a36 c48 c58
  1aa2 1a72 c49 2bff
  1b0 9dd c4a 1e0a
  9dd b5e c4a c7b
  b5e 1b0 c4a d3f
  dd3 dd4 c4b dec
  dd4 dd0 c4b 2ded
  1a12 14e5 c4c cf5
  1ac5 1a12 c4c 1ecf
  933 148 c4d 1e17
  148 146a c4d dae
  146a 933 c4d 2559
  16f4 f08 c4e dfc
  6b8 1211 c4f 1a0e
  1211 1212 c4f d2b
  1212 6b8 c4f c66
  13cb 13b2 c50 1f44
  1a49 1a4d c51 2dcd
  1a4d 1a4c c51 dff
  43e 445 c52 1e98
  4be 43e c52 20af
  1959 19c0 c53 2050
  19c0 19ce c53 2202
  19ce 1959 c53 fa5
  102f 102d c54 1c18
  102d 1237 c54 c55
  1237 102f c54 29ac
  102d 1030 c55 1c64
  1030 1237 c55 204f
  247 31c c56 25b4
  31c 248 c56 251c
  15ee 15f0 c57 e03
  15f0 15ef c57 e02
  1a0b 1a36 c58 1eb8
  f2e 131e c59 1a9c
  131e 1320 c59 ef1
  df0 df1 c5c dcd
  df1 f56 c5c 1fec
  14ee 151b c5d 29a2
  151b 142f c5d 2b86
  19c8 19c7 c5e 19f5
  19c7 1aa4 c5e c7e
  1aa4 19c8 c5e 24c9
  285 468 c5f 208f
  1613 1614 c60 e0a
  1417 1403 c61 21ba
  1403 145e c61 215c
  11d1 11d2 c63 2d1d
  11d2 69a c63 2745
  180c 95e c64 27ec
  c4d c52 c65 10d5
  6ab 6b8 c66 1a8b
  1212 6ab c66 1ec1
  865 555 c67 c92
  993 994 c68 116a
  994 99d c68 e17
  1bf 508 c69 1e1c
  b50 1bf c69 dc5
  249 33f c6a 251d
  33f 24a c6a 248d
  1978 1976 c6b 114f
  1976 19cd c6b d53
  19cd 1978 c6b d54
  46e 46a c6c 1fd3
  46a 54f c6c 1f27
  5c1 981 c6d 2d5f
  987 5c1 c6d 25d4
  194 bae c6e d34
  bae 195 c6e d35
  c67 c5f c70 c73
  c5f c68 c70 f30
  40f 2c1 c71 232e
  2c1 4dc c71 225a
  9d2 b41 c72 d1b
  b42 9d2 c72 e13
  14b c5f c73 1e26
  c67 14b c73 dcc
  510 b6c c74 e8c
  b6c b6d c74 d44
  b6d 510 c74 2442
  592 59a c75 1cdf
  8fd 592 c75 d23
  b0a b14 c77 ff6
  b14 d7e c77 d82
  d7e b0a c77 d58
  8c6 7e3 c78 22f1
  7e3 8ca c78 2246
  8ca 8c6 c78 213d
  e96 e97 c79 e1b
  14de c5f c7a f30
  c5f 14df c7a de9
  9dd b5f c7b e1c
  da8 da6 c7c 1f35
  da6 dae c7c d69
  7d1 7d0 c7d 1b05
  7d0 8b6 c7d 206a
  8b6 7d1 c7d 1fea
  19c7 1aae c7e 24ef
  1aae 1aa4 c7e 2d13
  1323 1322 c7f e20
  24b 30f c80 248e
  30f 24c c80 23ee
  1247 124b c82 32c3
  124b 124e c82 2d29
  124e 1247 c82 283d
  1b02 1b2e c83 2a0c
  1b2e 1b2d c83 2ea2
  1329 1683 c84 e23
  1742 1748 c85 1fd6
  1748 174b c85 27ea
  174b 1742 c85 27a8
  16db 16dc c86 2c75
  16dc 16da c86 23db
  145d 1533 c87 2f78
  1533 1434 c87 2d72
  de4 de7 c88 e27
  1aa 510 c89 1e05
  510 b64 c89 28ad
  b64 1aa c89 d6f
  eb6 eb5 c8a 23ec
  eb5 edd c8a 20b9
  edd eb6 c8a 2d28
  160e 15f4 c8b 10b2
  15f4 17c1 c8b df7
  17c1 160e c8b ccc
  291 47d c8c 20a4
  73d 7d0 c8d 206a
  7d0 8a8 c8d 1faf
  8a8 73d c8d d80
  17d0 17d8 c8f e2a
  17d8 17d7 c8f 27d1
  bad d82 c90 cb8
  d82 b9f c90 1e93
  bcb c78 c91 e37
  c78 50b c91 e01
  229 555 c92 1f87
  865 229 c92 dd6
  24d 342 c93 23ef
  342 24e c93 2358
  d8c bbb c94 2082
  a0c a0d c96 e2e
  a0d a0b c96 e2f
  860 85e c97 11a8
  85e 883 c97 d41
  115c 1169 c99 e30
  1332 1625 c9a 2c8c
  1625 1333 c9a e2d
  e32 e31 c9b e31
  d88 c70 c9c e08
  859 85c c9d 1172
  85c 886 c9d d84
  886 859 c9d d83
  e68 e65 c9e 1365
  e65 e70 c9e e81
  e70 e68 c9e c9f
  e6a e68 c9f 1665
  5fb 13bd ca0 d25
  13bd 13be ca0 f38
  13be 5fb ca0 270b
  542 c49 ca1 e67
  c71 542 ca1 d24
  132f 1330 ca2 2c08
  1330 1337 ca2 2c26
  1337 132f ca2 ca3
  1334 132f ca3 2c07
  1337 1334 ca3 30f0
  d0f e7c ca4 301d
  e7c 188c ca4 30f5
  19d3 1bb3 ca5 2d58
  24f 31f ca7 235a
  31f 250 ca7 22a6
  e28 e27 ca8 e36
  17bb 17bc ca9 2052
  17c6 17bb ca9 1e7f
  e1f e1e caa e39
  16d6 16d8 cab 2e28
  16d8 16d7 cab e3a
  16d7 16ee cac 2571
  16ee 16d3 cac 2a26
  e89 1bb8 cad 2882
  14e9 c69 cae 202e
  7d2 8ce caf 22fb
  8dd 7d2 caf 27ae
  107f 12f2 cb0 20dc
  12f2 12f1 cb0 2fd4
  1f0 dfb cb1 1e3f
  e07 1f0 cb1 1e40
  9aa 926 cb2 284a
  926 f95 cb2 3256
  f95 9aa cb2 2e97
  db0 dad cb3 e3c
  ba7 bb2 cb5 dac
  bb2 bb3 cb5 e35
  bb3 ba7 cb5 d31
  c44 151 cb6 dfb
  151 c72 cb6 1e1e
  bad d8b cb8 1fdd
  bbc c8c cb9 daf
  c8c bbf cb9 e64
  c45 c43 cba 1e73
  d7c c45 cba ea4
  c57 c60 cbb 1c71
  251 344 cbc 22a9
  344 252 cbc 21c5
  c48 c47 cbd d07
  c47 c75 cbd d65
  c75 c48 cbd cfd
  18ba 18d3 cbf d0e
  18d3 18d4 cbf 100b
  18d4 18ba cbf 28d5
  1028 803 cc0 1f26
  1043 1028 cc0 1db9
  c46 c4c cc1 dc9
  c4c c75 cc1 d1d
  c75 c46 cc1 d65
  c3a c41 cc2 1e6e
  c41 c55 cc2 e58
  18d8 1895 cc3 281a
  11ed 11ee cc4 1f9c
  11ee 11f1 cc4 2c94
  11f1 11ed cc4 d92
  67c 465 cc6 1b79
  253 30a cc7 21c7
  30a 254 cc7 20f0
  c39 154 cc8 1e18
  154 c45 cc8 e04
  c45 c39 cc8 ccb
  75e 75f cc9 e4b
  c60 c5b cca 1c71
  14d9 c60 cca d11
  c45 c76 ccb ea4
  c76 c39 ccb cde
  17c3 160e ccc 2167
  b97 b95 ccd 1017
  b95 c8a ccd d62
  c8a b97 ccd d70
  433 2b7 cce 227f
  2b7 435 cce 2051
  bc9 c83 ccf 1e68
  b87 9f3 cd0 d0d
  9f3 b8a cd0 ce6
  b8a b87 cd0 110f
  bfb f76 cd1 2df4
  f76 f77 cd1 2b75
  58e 58d cd2 2036
  58d 5d5 cd2 1e5d
  1167 1164 cd4 d90
  11a4 1152 cd5 2537
  1152 11a5 cd5 e4d
  5dd 432 cd6 f2a
  5e5 5dd cd6 21d3
  bb8 bba cd7 112c
  dae bb8 cd7 d5e
  e15 e14 cd8 e50
  255 347 cda 20f2
  9d8 1eb cdb 1e3d
  1eb df5 cdb 1e3c
  ba3 ba7 cdc 1090
  ba7 c87 cdc d31
  1041 1820 cdd 2030
  c42 c39 cde ce7
  c76 c42 cde d19
  16f6 16fb cdf e54
  16fb 16f7 cdf 21b2
  16f7 16f8 ce0 e53
  b08 b00 ce1 d6a
  b00 b09 ce1 e56
  b09 b08 ce1 e55
  19d5 19f5 ce2 1c00
  19f5 1a42 ce2 202b
  4c8 6e2 ce3 2083
  6e2 765 ce3 2cb6
  765 4c8 ce3 2084
  1ea 9d7 ce4 1e3b
  df5 1ea ce4 1e3c
  c40 c1b ce5 2710
  c1b c8d ce5 e98
  c8d c40 ce5 e4c
  9f3 bae ce6 d35
  bae b8a ce6 d73
  c41 c39 ce7 cee
  c42 c41 ce7 e58
  1717 167c cea 2f32
  1718 1717 cea 2aa6
  501 4fe cec 2459
  4fe 9e7 cec 2fb4
  9e7 501 cec 324b
  b73 b75 ced db1
  b75 b76 ced e65
  b76 b73 ced cfb
  155 c39 cee 1e18
  c41 155 cee e18
  16b5 16de cf1 3211
  16de 16cb cf1 2cf6
  15fa 15fc cf2 1d68
  15fc 15fb cf2 26d5
  14e3 14e5 cf5 1dab
  1a12 14e3 cf5 ded
  b6d f93 cf6 28d8
  f93 cb6 cf6 2d8c
  128d 118b cf7 2078
  118b 12b6 cf7 d04
  12b6 128d cf7 d7b
  144a c68 cf8 da6
  c68 14de cf8 f30
  4d4 7d3 cf9 2139
  7d3 8a9 cf9 1fef
  8a9 4d4 cf9 1ef6
  d73 d75 cfa d63
  d75 d74 cfa e61
  b76 b77 cfb 2ab8
  b77 b73 cfb 212e
  76a 767 cfc 1d76
  767 8af cfc 203e
  c51 c48 cfd fab
  33d 914 cfe 23b3
  944 33d cfe 2aba
  37e 381 cff 2109
  15c1 37e cff 2f94
  1117 1114 d00 1ad6
  1112 111e d01 1bf4
  7db 1046 d02 2041
  118b 118a d04 d7c
  1a0 50c d05 1dfa
  50c b71 d05 d30
  b71 1a0 d05 dc8
  542 c47 d07 d0c
  c48 542 d07 e67
  1546 1818 d08 300c
  394 518 d09 30de
  17d4 17d5 d0a e69
  17d5 17d2 d0a 242b
  542 159 d0c 1dec
  159 c47 d0c e29
  b87 c89 d0d df1
  c89 9f3 d0d f1a
  18ba 18b7 d0e fb8
  18b7 18d3 d0e d50
  9d3 1e3 d0f 1e38
  1e3 b59 d0f 1e37
  18f5 18f6 d10 28b3
  18f6 18ee d10 3316
  14d9 14d6 d11 e6e
  90f 761 d13 25aa
  f50 f53 d14 2a3d
  f53 f52 d14 e6f
  1e2 9d2 d15 1e36
  b59 1e2 d15 1e37
  9e2 aed d16 da5
  aed aee d16 2603
  aee 9e2 d16 e74
  b60 9dd d17 e1c
  9dd b65 d17 e63
  149e 148f d18 dda
  148f 14af d18 1a74
  14af 149e d18 dd9
  c58 c42 d19 fa8
  c76 c58 d19 e51
  cfe 1756 d1a 220d
  1756 1758 d1a 20b3
  1758 cfe d1a 2180
  9d2 1e1 d1b 1e36
  1e1 b41 d1b 1e35
  b5a b5b d1c dbe
  b5b b5c d1c 2e54
  b5c b5a d1c dba
  c4c c63 d1d db4
  12c0 12bc d1e 28ed
  12bd 12bf d1f 2e89
  12bf 12be d1f e78
  1e0 b39 d20 1e34
  b39 b41 d20 dd0
  b41 1e0 d20 1e35
  c5e c6c d22 1d41
  c73 c5e d22 dfe
  8fc 592 d23 1e7b
  8fd 8fc d23 e7b
  15a 542 d24 1dec
  c71 15a d24 e40
  5fb 5fa d25 1bba
  5fa 13bd d25 da8
  bb7 bb5 d26 fee
  bb5 c8c d26 d88
  c8c bb7 d26 daf
  cd9 d51 d27 1ac4
  d51 1875 d27 d78
  1875 cd9 d27 e72
  d6e d70 d28 1c4d
  d70 187c d28 1d02
  16c7 169a d29 26b3
  4c7 765 d2a 2084
  765 8ae d2a 2d0b
  8ae 4c7 d2a 1dc9
  1211 1213 d2b e80
  5f9 5fb d2c 1bba
  5fb 13ba d2c 2d91
  13ba 5f9 d2c d7f
  1466 1455 d2d 10fe
  13e1 13e2 d2e e83
  13e2 92f d2e 218c
  584 145c d2f 2a08
  145c 13e1 d2f 1fbb
  50c b72 d30 e84
  b72 b71 d30 2ea4
  bb3 c87 d31 e7a
  224 1103 d32 1f8b
  1164 224 d32 1f8a
  1b63 1b62 d33 2987
  194 9f0 d34 1df0
  9f3 195 d35 1deb
  5da 13c1 d37 1196
  13c1 13ca d37 e10
  13ca 5da d37 d66
  227 869 d38 1fb7
  b4d 1d7 d39 1e77
  15aa 1561 d3a 3219
  1561 15ae d3a 2fae
  15ae 15aa d3a 316e
  1032 1231 d3b 1ffe
  1231 1230 d3b 2cdb
  fa1 fa3 d3c e8d
  fa3 fa2 d3c 2014
  fa2 fa4 d3d e8e
  fa4 fa0 d3d 23cf
  18b6 189f d3e dd7
  189f 18b7 d3e d50
  18b7 18b6 d3e e8f
  b5e 1b1 d3f dc6
  996 995 d40 1c16
  99d 996 d40 209e
  85e 885 d41 e5f
  885 883 d41 1f72
  e39 e3a d42 e90
  9d1 1d9 d43 1e30
  1d9 b33 d43 1e2f
  b6c b69 d44 d47
  b69 b6d d44 28d8
  14d8 1985 d45 e91
  14f3 13fc d46 2333
  13fc 150e d46 2b57
  150e 14f3 d46 22dd
  b67 b69 d47 efe
  b6c b67 d47 e95
  22b 857 d48 1f86
  882 22b d48 e43
  1d8 b1e d49 1e31
  b33 1d8 d49 1e2f
  111d 110b d4b e96
  e3e e42 d4c 2056
  1878 d7b d4d 1f32
  187c 1878 d4d 1dd7
  b22 b20 d4e 126d
  b20 f1e d4e dd2
  f1e b22 d4e e47
  1d3 d7e d4f 1eab
  189f 18d3 d50 1c9f
  f33 f2f d51 22c0
  1320 f33 d51 1d66
  1976 1979 d53 1103
  198b 1978 d54 11ea
  ae4 b74 d55 261b
  b74 1ae8 d55 21b1
  1ae8 ae4 d55 2eae
  f12 f18 d56 2e6d
  f18 f1d d56 19e8
  f1d f12 d56 d95
  1b20 1b95 d57 3004
  1b95 17ca d57 2f8f
  b08 b0a d58 e55
  d7e b08 d58 1eab
  bba bb9 d59 112c
  bb9 dd9 d59 d5a
  bb9 bca d5a 1168
  e1a e87 d5c 27b7
  e87 e15 d5c 2914
  63c 643 d5d 25f9
  643 642 d5d e9b
  bbd bb8 d5e 10c7
  dae bbd d5e d8d
  f5f f60 d5f e9d
  f5d f5b d60 272d
  878 86a d61 1d8c
  86a 886 d61 da2
  b95 baf d62 f07
  baf c8a d62 e16
  d73 15a5 d63 23f9
  15a5 d75 d63 2c5b
  1a5 9de d64 1e01
  9de b6f d64 24d5
  b6f 1a5 d64 e6c
  c47 c46 d65 1e71
  5db 5da d66 d7e
  13ca 5db d66 1e79
  1343 1346 d67 1fd1
  1364 1343 d67 1dae
  da6 c88 d69 205c
  c88 dae d69 d8d
  1d2 b00 d6a 1e2b
  b08 1d2 d6a 1e2d
  1a37 1a3a d6b 2c04
  1a3a 1a39 d6b 2090
  648 66d d6c 19d4
  66d 7af d6c 2545
  7af 648 d6c db9
  1b0e 1b0f d6d 2074
  1b0f 17b4 d6d 2529
  5b7 5b8 d6e ea2
  5b8 5b6 d6e 27e1
  b64 1ab d6f df5
  b9c b97 d70 1148
  c8a b9c d70 2065
  b38 b3b d71 1f51
  b3b b3a d71 ea3
  15f6 160e d72 10b2
  160e 163f d72 deb
  163f 15f6 d72 1ee4
  b8c b8a d73 118e
  c84 de1 d74 df2
  16cf 16d1 d76 1fa5
  16d1 16d0 d76 2a31
  d51 d54 d78 1a3f
  d54 1875 d78 250a
  1707 170b d79 280e
  19c 9f1 d7a 1df1
  9f1 b79 d7a 2e5c
  b79 19c d7a db0
  1290 128d d7b e1d
  118b 1189 d7c 23a2
  3c8 3ca d7d 28dd
  3ca 3c9 d7d 2b88
  5a7 5da d7e 1b29
  5db 5a7 d7e da7
  5fe 5f9 d7f dee
  13ba 5fe d7f 103c
  8b3 73d d80 21a6
  e29 e2a d81 f13
  e2a e96 d81 207f
  b14 b32 d82 1131
  855 859 d83 1068
  886 855 d83 da2
  85c 881 d84 1205
  8b4 80b d85 21c3
  80b 8bf d85 2118
  8bf 8b4 d85 208e
  1602 15ee d86 227e
  17c5 17c3 d87 e3f
  bb5 c85 d88 e3e
  c85 c8c d88 ecc
  1798 15e4 d8b 20c4
  1571 1575 d8c eb5
  1575 1577 d8c 1ae7
  1577 1571 d8c 2274
  e0a e0d d8e 27ac
  e0d e0c d8e eac
  2f0 51f d8f 25ee
  225 1164 d90 1f8a
  1167 225 d90 1f89
  1378 1376 d91 eae
  693 11ed d92 dc1
  11f1 693 d92 eaf
  115a 115b d93 eb0
  115b 1143 d93 20ff
  f11 f12 d95 1049
  f1d f11 d95 dd3
  695 691 d97 1311
  691 11f4 d97 e33
  11f4 695 d97 e45
  e04 e03 d99 2880
  9e4 1cc d9a 1e2c
  1cc b62 d9a 1e28
  11f4 11f2 d9b f57
  11f7 11f4 d9b 1ceb
  598 596 d9c 1d46
  596 5de d9c e5c
  5de 598 d9c e06
  b54 b53 d9f eb2
  dbc dbb da0 eb3
  86a 855 da2 dbc
  9b0 21b da3 228c
  1cb 9e2 da4 1e29
  b62 1cb da4 1e28
  9e2 1ca da5 1e29
  1ca aed da5 1e27
  144a c6a da6 eb8
  5d7 5a7 da7 dd1
  5db 5d7 da7 f8a
  5fa 611 da8 e62
  611 13bd da8 1d98
  47e 673 da9 2223
  673 76d da9 1d55
  13b8 139b daa 21ab
  139b 139c dab ebc
  139c 1399 dab ebd
  ba7 bb1 dac e0f
  bb1 bb2 dac 1e63
  1c9 a75 dad 1e21
  a75 aed dad 2a29
  aed 1c9 dad 1e27
  147 146a dae 1e76
  bbc bb7 daf 112d
  b79 19d db0 ea0
  b73 50c db1 e84
  50c b75 db1 ec4
  14c7 14c9 db2 1d6d
  15a1 d9e db3 27c7
  c61 c63 db4 ebf
  dfc dfd db5 2339
  c28 15d db6 e57
  15d d88 db6 1fd5
  1b44 178e db7 216e
  178e 1b9b db7 3109
  1b9b 1b44 db7 2aac
  17c7 17d3 db8 ec1
  64e 648 db9 e07
  7af 64e db9 1d5a
  507 b5a dba e42
  b5c 507 dba 2a65
  1609 160c dbb 1c75
  160c 1640 dbb 2a63
  1640 1609 dbb e71
  854 855 dbc faa
  86a 854 dbc 1f68
  a07 a0a dbd 2a6e
  a0a e82 dbd 25e4
  e82 a07 dbd 2d7d
  b5a a31 dbe e46
  a31 b5b dbe 239f
  1232 1257 dbf 32c1
  1257 1270 dbf 20c6
  1270 1232 dbf 3026
  ef7 efb dc0 27ad
  693 692 dc1 13cf
  692 11ed dc1 1f16
  d84 d5f dc2 1f1f
  d5f d86 dc2 1f38
  d86 d84 dc2 ffa
  670 671 dc4 ec9
  671 66f dc4 20ba
  b50 1c0 dc5 1e75
  b5d 1b1 dc6 e21
  8d1 8df dc7 2647
  8df 79d dc7 24ca
  b71 1a1 dc8 e41
  c46 c3a dc9 e4e
  13a9 13aa dca ece
  13aa 13a5 dca ecd
  c8d c1a dcb e92
  c1a c8f dcb 1d3f
  c8f c8d dcb e4c
  c67 14c dcc 1e72
  15e0 15e2 dcf ecf
  15e2 15e1 dcf ed0
  b39 d85 dd0 287d
  5a4 5a7 dd1 1bcc
  5d7 5a4 dd1 e2b
  b20 f1a dd2 e11
  f1a f1e dd2 1ec0
  b25 f11 dd3 e24
  f1d b25 dd3 19e1
  17ce 17cf dd4 ed4
  404 612 dd5 1c6b
  612 61d dd5 e5a
  61d 404 dd5 e86
  865 22a dd6 1fb6
  189c 189f dd7 1d92
  18b6 189c dd7 1f74
  9e3 1c2 dd8 1e09
  1c2 b4f dd8 1e1f
  b4f 9e3 dd8 2ac5
  13ff 149e dd9 2363
  14af 13ff dd9 1a7c
  1490 148f dda 1852
  b7b 50f ddb de1
  50f b7c ddb ed7
  b7c b7b ddb 2ca8
  17f 958 ddc 1de0
  958 c84 ddc df2
  c84 17f ddc e6b
  1190 1027 ddd 2161
  1027 1196 ddd 2697
  149 933 dde 1e17
  14df 149 dde 1e10
  d47 d48 ddf ed9
  19dd 19de de0 eda
  19de 19dc de0 edb
  198 50f de1 1df2
  b7b 198 de1 ea7
  1c1 a51 de2 1e1d
  a51 b4f de2 2412
  b4f 1c1 de2 1e1f
  b7d 50f de3 ed7
  50f c89 de3 f03
  c89 b7d de3 df1
  c8a 50e de4 e16
  d8b c8a de4 2065
  102c 1031 de5 1c17
  1031 104b de5 235d
  104b 102c de5 e99
  184 c78 de6 e01
  c78 185 de6 dfd
  5a2 5de de7 e06
  5de 13ce de7 1fc9
  143b 143c de8 ede
  143c 143a de8 edd
  c5f 14a de9 1e26
  14a 14df de9 1e10
  b65 b61 dea e6a
  b61 b66 dea 24e0
  160e 17cb deb 2167
  be2 dd4 dec ee5
  14e8 14e3 ded 1ee1
  1a12 14e8 ded f10
  5f6 5f9 dee 1c5e
  5fe 5f6 dee e88
  867 226 df0 1f88
  226 1167 df0 1f89
  b87 b7d df1 1031
  958 de1 df2 e87
  1048 1049 df3 1f0e
  1049 1047 df3 ee8
  f24 1af9 df4 2881
  1af9 16e5 df4 302f
  b63 1ab df5 e49
  b64 b63 df5 2df9
  198a 1988 df6 eea
  15f4 15f5 df7 103e
  15f5 17c1 df7 2053
  64b 64a df8 e38
  64a 64c df8 eec
  64c 64b df8 27de
  e80 a72 df9 28da
  1865 1861 dfa 2cc4
  1866 1865 dfa 2fce
  c44 152 dfb 1e74
  c78 c8b dfd e5b
  c8b 185 dfd ef2
  14d c5e dfe 1e1a
  c73 14d dfe 1e19
  1a4d 1a4e dff 22c7
  910 5d0 e00 29d3
  5d0 92b e00 2905
  184 50b e01 1ddd
  15f0 15f8 e02 203c
  15ee 15f1 e03 227e
  15f1 15f0 e03 ef4
  153 c45 e04 1e73
  14bf 14bd e05 1c23
  14bd 14e8 e05 ea9
  14e8 14bf e05 e34
  5a2 598 e06 1c29
  64e 652 e07 e79
  652 648 e07 fb3
  d88 c30 e08 1dc7
  b1d f04 e09 e4f
  f04 f09 e09 e3b
  f09 b1d e09 e9c
  1613 1615 e0a 2ccb
  1615 1614 e0a ef9
  f8a f88 e0b e7f
  f8b f8a e0b 2601
  c77 c76 e0d e51
  c76 d7c e0d ea4
  5d6 5a1 e0e e75
  5a1 5d7 e0e e2b
  5d7 5d6 e0e efa
  ba7 ba1 e0f 1090
  ba1 bb1 e0f e2c
  13c1 135a e10 1b1a
  135a 13ca e10 2757
  b20 b1c e11 1203
  b1c f1a e11 e1e
  150 541 e12 1e13
  c72 150 e12 1e1e
  b42 b43 e13 efc
  f09 f06 e14 e3b
  f06 f0a e14 2d3d
  f0a f09 e14 efd
  168c 168f e15 1c0a
  168f 16bd e15 e82
  16bd 168c e15 eb4
  baf 50e e16 e1f
  c41 156 e18 1e6e
  c79 95b e19 e26
  95b c7b e19 1f61
  b67 aa8 e1a e97
  aa8 b68 e1a eff
  b68 b67 e1a efe
  128f 128d e1d 1f23
  1290 128f e1d f00
  b1c b1d e1e 11d0
  b1d f1a e1e e9c
  190 50e e1f 1de7
  baf 190 e1f ec8
  16ba 1322 e20 2e8b
  b5d 1b2 e21 1e6f
  c82 958 e22 e87
  1329 1684 e23 f02
  1684 1683 e23 2191
  b25 f1e e24 e47
  f1e f11 e24 1ea4
  17a2 1b35 e25 274a
  1b35 17a3 e25 285f
  174 95b e26 1ded
  c79 174 e26 ed1
  de8 de7 e27 f06
  2cc 44b e28 2427
  44b 334 e28 208b
  158 c47 e29 1e71
  17d9 17d8 e2a f09
  5a1 5a4 e2b 1ccc
  ba1 b98 e2c f61
  b98 bb1 e2c f4c
  1625 1635 e2d 2a34
  1635 1333 e2d 2474
  a0c a0e e2e f0c
  a0e a0d e2e f0b
  a0d a69 e2f 1f13
  a69 a0b e2f 28e0
  115c 116a e30 28d2
  e32 e33 e31 f0e
  e33 e31 e31 f0d
  60e 60b e32 1bfc
  60b 610 e32 ec5
  610 60e e32 26c6
  691 693 e33 13cf
  693 11f4 e33 f57
  14e8 1a11 e34 f10
  1a11 14bf e34 f16
  bb2 957 e35 e44
  957 bb3 e35 f11
  e28 e29 e36 f13
  e29 e27 e36 f12
  bcb d63 e37 eed
  d63 c78 e37 e5b
  649 64a e38 e89
  64b 649 e38 1d07
  e1f e20 e39 f15
  e20 e1e e39 f14
  16da 16d7 e3a 23eb
  f04 f06 e3b 1c2c
  db0 db1 e3c f19
  db1 dad e3c 1fa1
  178 545 e3d 1e02
  c7c 178 e3d ee2
  bb5 957 e3e f11
  957 c85 e3e f55
  17c5 17cb e3f 25f1
  17cb 17c3 e3f 2167
  c71 15b e40 1e6d
  b70 1a1 e41 e85
  b71 b70 e41 275b
  507 1b4 e42 1e0f
  1b4 b5a e42 1e0c
  882 22c e43 1fb5
  18a 957 e44 1dde
  bb2 18a e44 ee1
  11f4 11f6 e45 1ceb
  11f6 695 e45 1cc7
  1b3 a31 e46 1e0d
  b5a 1b3 e46 1e0c
  b25 b22 e47 135a
  17a bd6 e48 1ddb
  c7d 17a e48 ee9
  b63 1ac e49 1e6c
  7b7 7b6 e4a 20c3
  7b6 8bb e4a 2087
  8bb 7b7 e4a 2189
  75e 760 e4b 287a
  760 75f e4b 28f9
  c8f c40 e4c f9b
  157 c3a e4e 1df7
  c46 157 e4e 1e12
  b1d f03 e4f ea1
  f03 f04 e4f 1cd0
  e15 e16 e50 f21
  e16 e14 e50 f20
  b1b d68 e52 1d0f
  d68 f03 e52 e9f
  f03 b1b e52 ea1
  16f7 16f9 e53 21c8
  16f9 16f8 e53 f22
  16fe 16fb e54 2f93
  b09 b0a e55 f23
  c28 15e e57 1e70
  c42 c55 e58 f25
  50b 183 e59 1ddd
  183 c86 e59 ef5
  612 61e e5a f67
  61e 61d e5a 2764
  d63 c8b e5b f0a
  596 5d6 e5c 1dce
  5d6 5de e5c f89
  1ab8 1aba e5d 3331
  1aba 1ab9 e5d f28
  428 63b e5e 1c45
  63b 649 e5e e89
  649 428 e5e ed5
  85e 858 e5f 1134
  858 885 e5f f32
  d75 15b6 e61 20c9
  5fa 5fc e62 1bb9
  5fc 611 e62 f94
  9dd 1af e63 1e0a
  1af b65 e63 1e0b
  bbe bbf e64 ecb
  c8c bbe e64 ecc
  b75 9f2 e65 ed3
  9f2 b76 e65 f29
  1a38 198e e66 1ef0
  c48 c49 e67 f2b
  446 2ae e68 21d2
  2ae 447 e68 2043
  1b16 17d5 e69 f2d
  1ae b61 e6a 1e07
  b65 1ae e6a 1e0b
  c84 180 e6b ec3
  b6f 1a6 e6c 1e6b
  1ad a37 e6d 1e08
  a37 b61 e6d 2279
  b61 1ad e6d 1e07
  14d9 14da e6e f2f
  f53 f54 e6f 2ad8
  f54 f52 e6f 2936
  17ea 17e9 e70 27d4
  1607 1609 e71 1dd1
  1640 1607 e71 1dd2
  cda cd9 e72 12b9
  1875 cda e72 2021
  411 561 e73 1cb0
  aee aef e74 f34
  595 5a1 e75 1dd0
  5d6 595 e75 1dce
  7b0 8d2 e76 2368
  4cb 4b5 e77 21dc
  4b5 767 e77 203e
  767 4cb e77 1f48
  12bf 18b0 e78 2b14
  64e 64a e79 eec
  64a 652 e79 f64
  bb3 bb6 e7a f99
  bb6 c87 e7a e7e
  8fd 8fe e7b f37
  8fe 8fc e7b 2717
  b6a aa8 e7c eff
  aa8 b6f e7c 1e6b
  b6f b6a e7c 2255
  171f 16b8 e7d 2cd3
  bb6 bbd e7e 10c7
  f84 f88 e7f 1d4a
  f8a f84 e7f 1f07
  1211 1214 e80 1f08
  1214 1213 e80 32bd
  e65 e72 e81 1f18
  e72 e70 e81 2454
  168f 16bb e82 1b18
  13e1 13e3 e83 1fe5
  13e3 13e2 e83 f39
  b73 b72 e84 1f36
  b70 1a2 e85 1e6a
  400 404 e86 1dc0
  61d 400 e86 1dc1
  5f3 5f6 e88 1dac
  5fe 5f3 e88 f80
  63b 64a e89 f64
  bc6 bc2 e8a 1154
  bc2 d63 e8a eeb
  d63 bc6 e8a eed
  147f 147a e8b 240c
  1506 147f e8b 2534
  510 1a9 e8c 1e05
  1a9 b6c e8c 1e06
  fa9 fa3 e8d f3c
  fa2 fa5 e8e 2028
  fa5 fa4 e8e f3d
  18b7 18b8 e8f f3e
  e39 e3b e90 2e14
  e3b e3a e90 f40
  14d8 1986 e91 f41
  15f c1a e92 1e0e
  c8d 15f e92 1dd8
  d44 d42 e93 1a3e
  d71 d44 e93 e94
  d6f d44 e94 1c9c
  1a8 b67 e95 1e03
  b6c 1a8 e95 1e06
  111d 1121 e96 f43
  1a7 aa8 e97 1e04
  b67 1a7 e97 1e03
  c1b 160 e98 1e11
  160 c8d e98 1dd8
  1029 102c e99 1d34
  104b 1029 e99 1eed
  13af 13bc e9a 22c1
  13bc 13bf e9a 106c
  13bf 13af e9a eca
  643 644 e9b f44
  f09 f1a e9c f8c
  f5f f61 e9d f47
  f61 f60 e9d 279b
  11af 9b8 e9e 2821
  11b1 11af e9e 2eaf
  d68 f01 e9f f31
  f01 f03 e9f 1d4c
  9f2 19d ea0 1df6
  b79 9f2 ea0 fa9
  b1d b1b ea1 11d0
  5b7 5b9 ea2 f4b
  5b9 5b8 ea2 f4a
  b3b b3c ea3 f4e
  b3c b3a ea3 f4d
  11fc 11fb ea5 3014
  11fb 1243 ea5 2f7c
  1243 11fc ea5 22f3
  14f9 1415 ea6 243e
  1415 180e ea6 2cb9
  180e 14f9 ea6 22b4
  b7b 199 ea7 1e66
  b93 b92 ea8 f2e
  b92 b94 ea8 f4f
  14bd 14c0 ea9 1c6c
  14c0 14e8 ea9 1ee1
  9de 1a4 eaa 1e01
  1a4 b6e eaa 1dfe
  1a3 aa5 eab 1dff
  aa5 b6e eab 2d19
  b6e 1a3 eab 1dfe
  e0d e0e eac f53
  e0e e0c eac f54
  55e 552 ead 2849
  552 564 ead 2a12
  1378 1379 eae f56
  11f1 11f2 eaf 2d0c
  11f2 693 eaf f57
  115d 115b eb0 f58
  17e6 17e1 eb1 11d4
  17e1 17e8 eb1 eef
  17e8 17e6 eb1 2682
  b54 b55 eb2 f5e
  b55 b53 eb2 f5d
  dbc dbd eb3 f5f
  dbd dbb eb3 1e92
  f4d 168c eb4 1d23
  16bd f4d eb4 1ed3
  1571 157a eb5 1f58
  157a 1575 eb5 1ea0
  4d1 70d eb6 209d
  70d 7b3 eb6 2768
  7b3 4d1 eb6 1fb3
  b9f b98 eb7 f42
  b98 ba0 eb7 f61
  144a 144b eb8 f62
  144b c6a eb8 1e8e
  6d0 6a3 eb9 1bd1
  6a3 76b eb9 f36
  76b 6d0 eb9 ed8
  100a 106c eba 1929
  106c 1245 eba ebb
  1245 100a eba 214d
  106c 100d ebb 1331
  100d 1245 ebb 2612
  139b 13a1 ebc 2147
  13a1 139c ebc 22b3
  139c 139d ebd f66
  158f 1592 ebe 1b2f
  c64 c63 ebf f69
  802 801 ec0 ef0
  803 802 ec0 f6a
  1b0a 17d3 ec1 f6b
  1565 1569 ec2 1ea9
  1569 156c ec2 1e80
  156c 1565 ec2 1105
  c83 180 ec3 ef6
  50c 19f ec4 1dfa
  19f b75 ec4 1dfb
  60b 606 ec5 1d1b
  606 610 ec5 1ec3
  c7f bd5 ec6 f60
  bd5 c80 ec6 2105
  a1e d80 ec7 1e59
  d80 d81 ec7 10f8
  d81 a1e ec7 1e89
  baf 191 ec8 1e64
  670 672 ec9 1c85
  672 671 ec9 f6f
  13a6 13af eca 10ae
  13bf 13a6 eca f1b
  bbe bb4 ecb f63
  bb4 bbf ecb f70
  c85 bbe ecc f65
  13aa 13b0 ecd f71
  13b0 13a5 ecd 28f6
  13a9 13b2 ece 24e4
  13b2 13aa ece 1f44
  15e5 15e2 ecf 2693
  15e2 15ea ed0 f72
  c79 175 ed1 1e62
  1325 1327 ed2 1109
  1327 131b ed2 f05
  19e 9f2 ed3 1df6
  b75 19e ed3 1dfb
  17ce 17da ed4 268e
  420 428 ed5 1d8b
  649 420 ed5 1d8a
  1030 102b ed6 1c64
  102b 104c ed6 f45
  b7d b7c ed7 f74
  76c 6d0 ed8 f9d
  19dd 19df eda f76
  19df 19de eda f75
  19de 1a0b edb 1eb8
  18a3 18a7 edc 1c1c
  18a7 18d2 edc 269d
  18d2 18a3 edc f3f
  143c 143d edd f77
  143d 143a edd 2609
  143b 146e ede f78
  146e 143c ede 1ec5
  13db 13de edf 105a
  13de 14c4 edf f5c
  14c4 13db edf f2c
  63d 636 ee0 1bbc
  636 651 ee0 f46
  651 63d ee0 2359
  bb2 18b ee1 1e63
  c7c 179 ee2 1e61
  1622 17dc ee3 efb
  17dc 17dd ee3 2a66
  17dd 1622 ee3 f79
  627 65c ee4 f17
  65c 65d ee4 2eb8
  65d 627 ee4 f7a
  be2 dd5 ee5 2269
  dd5 dd4 ee5 f7b
  9f1 19b ee6 1df1
  19b b74 ee6 1df5
  b74 9f1 ee6 27cc
  1646 1620 ee7 1afa
  1620 17e3 ee7 f3b
  17e3 1646 ee7 f3a
  1049 104a ee8 f7c
  c7d 17b ee9 1e67
  198a 1994 eea f7e
  bc2 bc0 eeb 102a
  bc0 d63 eeb f0a
  64e 64c eec f7f
  bcb bc6 eed 11ee
  f2a 131a eee ef3
  131a 131b eee f81
  131b f2a eee f05
  17e1 17e3 eef f3a
  17e3 17e8 eef 1169
  800 801 ef0 f27
  802 800 ef0 1ca8
  131e 1321 ef1 21cb
  c8b 186 ef2 1e65
  f2a 1319 ef3 f35
  1319 131a ef3 fc4
  15f1 15f2 ef4 f84
  15f2 15f0 ef4 204b
  182 c86 ef5 1e69
  c83 181 ef6 1e68
  19a aaf ef8 1df4
  aaf b74 ef8 21b1
  b74 19a ef8 1df5
  1615 1616 ef9 f88
  1616 1614 ef9 f87
  5d7 5d8 efa f8a
  5d8 5d6 efa f89
  1622 1621 efb 125c
  1621 17dc efb 1da6
  b42 b44 efc 2afe
  b44 b43 efc f8b
  f0a f0b efd f8d
  f0b f09 efd f8c
  b68 b69 efe 2555
  b6a b68 eff f8e
  1290 1291 f00 f8f
  1291 128f f00 1dc5
  10e7 10e6 f01 2356
  10e6 10e9 f01 2355
  10e9 10e7 f01 2cca
  1329 1685 f02 215e
  1685 1684 f02 2dd7
  50f 197 f03 1df2
  197 c89 f03 1def
  7d7 7da f04 1c04
  7da 800 f04 f27
  800 7d7 f04 f59
  1327 f2a f05 1b93
  de8 de9 f06 f90
  b95 b92 f07 f4f
  b92 baf f07 1e64
  802 804 f08 f6a
  804 806 f08 219d
  806 802 f08 1c57
  17d9 17e0 f09 1fac
  17e0 17d8 f09 f91
  bc0 c8b f0a f33
  a0e a0f f0b f92
  a0f a0d f0b 1f24
  a0c a68 f0c 2089
  a68 a0e f0c 1e51
  e33 e35 f0d f93
  e34 e33 f0e 2a8e
  1b24 1b1f f0f 30da
  1a12 1a11 f10 f97
  bb5 bb3 f11 f99
  e29 e2c f12 f9a
  e28 e2a f13 2968
  e20 e22 f14 f9c
  e1f e21 f15 295d
  e21 e20 f15 2888
  1a11 1a14 f16 1d86
  1a14 14bf f16 f5b
  627 626 f17 12f7
  626 65c f17 1e7c
  1909 1907 f18 1679
  1907 1920 f18 29d4
  1920 1909 f18 1fd7
  db0 db2 f19 f9e
  db2 db1 f19 f9f
  196 9f3 f1a 1deb
  c89 196 f1a 1def
  627 13a6 f1b f7a
  13bf 627 f1b ff9
  16d1 16dd f1c 1fa5
  16dd 16d6 f1c 29c6
  13da 13d9 f1d f49
  13d9 13db f1d fa2
  13db 13da f1d f2c
  17cd 17e9 f1e 1ff7
  17e9 17ce f1e 27d4
  1734 1736 f1f 2f31
  1736 1735 f1f fa3
  e16 e19 f20 fa6
  e15 e17 f21 2914
  e17 e16 f21 2869
  16f9 16fa f22 26f8
  16fa 16f8 f22 2db9
  b0b b0a f23 fa7
  9f0 193 f24 1df0
  193 b93 f24 1dea
  c42 c56 f25 fa8
  189d 189b f26 1f75
  18ca 189d f26 1c9d
  1aba 1abb f28 3332
  1abb 1ab9 f28 21d7
  9f2 b78 f29 fa9
  b78 b76 f29 265f
  3ec 432 f2a 1d53
  5dd 3ec f2a 1d52
  c48 c4a f2b fab
  c4a c49 f2b fac
  14c4 13da f2c 1d96
  1b16 1b17 f2d fad
  192 b92 f2e 1de8
  b93 192 f2e 1dea
  14db 14da f2f fae
  d68 b0d f31 1cc3
  b0d f01 f31 1d62
  858 556 f32 ffb
  556 885 f32 1f9a
  bc0 bb4 f33 f70
  bb4 c8b f33 1e65
  aee af0 f34 26d3
  af0 aef f34 faf
  f2a f27 f35 1be5
  f27 1319 f35 f7d
  6a3 6a0 f36 1cd3
  6a0 76b f36 1e48
  8ff 8fe f37 2b47
  13bd 13b7 f38 f6e
  13e3 13e4 f39 fb1
  13e4 13e2 f39 fb2
  17e1 1646 f3a 1a73
  1620 1622 f3b 125c
  1622 17e3 f3b ff3
  fa9 faa f3c 2d93
  faa fa3 f3c fb6
  fa5 fa6 f3d fb5
  fa6 fa4 f3d fb7
  18b7 18b9 f3e fb8
  18b9 18b8 f3e fb9
  189a 18a3 f3f 1d36
  18d2 189a f3f 1d37
  e3b e3c f40 fbc
  e3c e3a f40 fbb
  14d8 1999 f41 2013
  18d b98 f42 1de4
  b9f 18d f42 1dee
  111d 112e f43 fbd
  112e 1121 f43 23d3
  643 666 f44 27e7
  666 644 f44 fbe
  102b 102a f45 1db8
  102a 104c f45 1cbd
  636 633 f46 1cba
  633 651 f46 1db7
  f5f f62 f47 2606
  f62 f61 f47 fbf
  6b3 6b6 f48 1bdb
  6b6 76e f48 f83
  76e 6b3 f48 f96
  1345 13d9 f49 1cb6
  13da 1345 f49 1daf
  5b9 5ba f4a 1d97
  5ba 5b8 f4a fc1
  5bf 5b9 f4b fc0
  b98 18c f4c 1de4
  18c bb1 f4c 1de9
  b3c b3f f4d 2ddc
  b3f b3a f4d 2801
  b3b b3d f4e fc3
  b3d b3c f4e fc2
  b95 b94 f4f fc5
  c5d 14d4 f50 f95
  14d4 14d5 f50 11e6
  17eb 1b30 f51 2447
  c5c c6b f52 1bcb
  c6b 14d4 f52 f98
  14d4 c5c f52 f95
  e0d e0f f53 2aec
  e0f e0e f53 2ebb
  e0e e10 f54 fc6
  957 189 f55 1dde
  189 c85 f55 1de6
  137a 1379 f56 fc7
  115d 115e f58 fca
  115e 115b f58 fc9
  7d5 7d7 f59 1d21
  800 7d5 f59 1d20
  1a10 19e2 f5a 1123
  19e2 1a14 f5a f5b
  1a14 1a10 f5a fa1
  19e2 14bf f5b 1bc6
  13de 1434 f5c 116b
  1434 14c4 f5c 24ff
  b55 b56 f5d fcc
  b56 b53 f5d 2bfb
  b58 b55 f5e 2af3
  dbe dbd f5f fcd
  17c bd5 f60 1df8
  c7f 17c f60 1df3
  ba1 ba0 f61 fce
  144a 1450 f62 fd0
  1450 144b f62 fcf
  187 bb4 f63 1de3
  bbe 187 f63 1df9
  63b 652 f64 fba
  188 bbe f65 1df9
  c85 188 f65 1de6
  139c 139e f66 2464
  139e 139d f66 2540
  612 613 f67 104e
  613 61e f67 f68
  613 619 f68 1164
  619 61e f68 28aa
  c64 c65 f69 fd2
  803 804 f6a fd3
  1b0a 1b1b f6b 213c
  1b1b 17d3 f6b 2001
  ddd dc0 f6c 1eba
  dc0 157a f6c 1ea1
  157a ddd f6c 1f58
  c2c c3b f6d 1b73
  c3b c8f f6d f9b
  c8f c2c f6d fb4
  1390 13b7 f6e 1ca2
  13bd 1390 f6e 1d98
  672 674 f6f fd5
  674 671 f6f 1c37
  bc0 bbf f70 fd6
  13aa 13b1 f71 1f4e
  13b1 13b0 f71 2cbf
  15e2 17a6 f72 2aee
  17a6 15ea f72 fd7
  189e 18a1 f73 1d93
  18a1 18cd f73 27df
  18cd 189e f73 1c9e
  b7d b7e f74 fd8
  b7e b7c f74 230d
  19df 19e0 f75 1d6c
  19e0 19de f75 1ec6
  19dd 19ea f76 2076
  19ea 19df f76 fd9
  143c 143e f77 1ed0
  143e 143d f77 fdb
  143b 147e f78 223b
  147e 146e f78 fda
  17dd 17de f79 fdc
  17de 1622 f79 ff3
  65d 13a6 f7a fdd
  dd5 dd6 f7b fdf
  dd6 dd4 f7b 2769
  11e0 104a f7c 20a5
  f27 f21 f7d 1cfa
  f21 1319 f7d 1d00
  198a 1995 f7e fe0
  64e 64f f7f 1d5a
  64f 64c f7f fe1
  5fd 5f3 f80 1e9c
  5fe 5fd f80 fe2
  131a 131c f81 2565
  646 652 f82 fb3
  652 658 f82 fba
  658 646 f82 108b
  6b6 6cf f83 1afc
  15f1 15f3 f84 fe3
  15f3 15f2 f84 fe4
  fbc 1063 f85 24b7
  1063 10d4 f85 f86
  10d4 fbc f85 1acd
  fc6 10d4 f86 1ad3
  1616 1618 f87 fe6
  1615 1617 f88 284b
  1617 1616 f88 1d61
  5d8 5de f89 1fc9
  5db 5d8 f8a fe7
  b44 b45 f8b fe8
  b45 b43 f8b fe9
  f0b f1a f8c 1ec0
  f0c f0b f8d fea
  b6a b6b f8e 25a8
  b6b b68 f8e 28e8
  1294 1291 f8f feb
  de8 dea f90 2d07
  17e0 17e2 f91 283e
  17e2 17d8 f91 2dbd
  a0e a10 f92 1e78
  a10 a0f f92 fec
  e33 e3f f93 2664
  e3f e35 f93 28ce
  5fc 601 f94 1ae1
  601 611 f94 1f96
  c5d c5c f95 1c26
  6a7 6b3 f96 1ce6
  76e 6a7 f96 1ce5
  1a12 1a13 f97 1ecf
  1a13 1a11 f97 1da5
  c6b 14cf f98 1aef
  14cf 14d4 f98 11b8
  bb5 bb6 f99 fee
  c3b c40 f9b 1ab9
  e20 e2d f9c 2503
  76c 772 f9d 1132
  772 6d0 f9d fcb
  db3 db1 f9f fef
  772 6ba fa0 fc8
  6ba 775 fa0 112a
  775 772 fa0 fcb
  1a14 1a15 fa1 1eac
  1a15 1a10 fa1 ff0
  13d9 13dc fa2 2aae
  13dc 13db fa2 ff2
  1736 1737 fa3 ff4
  1737 1735 fa3 20d0
  1960 1958 fa4 1441
  1958 19ce fa4 fa5
  19ce 1960 fa4 fd1
  1958 1959 fa5 18a8
  e16 e23 fa6 24f0
  b0b b0c fa7 ff5
  b0c b0a fa7 ff6
  c58 c56 fa8 ff7
  b79 b78 fa9 2779
  854 556 faa 1edc
  556 855 faa ffb
  c4a c4d fac ffc
  1b16 1b18 fad ffd
  1b18 1b17 fad 273f
  1987 14da fae ffe
  af0 af1 faf 1002
  af1 aef faf 1001
  6a1 766 fb0 1c7b
  76d 6a1 fb0 1d55
  13e3 1402 fb1 1004
  1402 13e4 fb1 1d5c
  13e4 13e5 fb2 1003
  13e5 13e2 fb2 22e2
  646 648 fb3 1a25
  c29 c2c fb4 1c6f
  c8f c29 fb4 1d3f
  fa5 fae fb5 1006
  fae fa6 fb5 1d59
  faa fab fb6 1007
  fab fa3 fb6 20a1
  fa6 fa7 fb7 1008
  fa7 fa4 fb7 264d
  18ba 18b9 fb8 1d24
  18b9 18bb fb9 1009
  18bb 18b8 fb9 100a
  63b 658 fba 1bef
  e3c e3e fbb 2073
  e3b e3d fbc 2658
  e3d e3c fbc 100c
  666 667 fbe 1beb
  667 644 fbe 1011
  f62 f63 fbf 1012
  f63 f61 fbf 1013
  5bf 5c0 fc0 1015
  5c0 5b9 fc0 1da3
  5ba 5bd fc1 1016
  5bd 5b8 fc1 2eb6
  b3d b3e fc2 27c8
  b3e b3c fc2 27d7
  b3b f0e fc3 1f98
  f0e b3d fc3 1cf7
  1319 1317 fc4 fe5
  1317 131a fc4 2913
  b95 b96 fc5 1017
  e0e e1a fc6 27cd
  137a 137b fc7 101a
  137b 1379 fc7 20f4
  6d1 6ba fc8 1982
  772 6d1 fc8 1111
  115f 115b fc9 2239
  775 6d0 fcb 1b7d
  b55 b57 fcc 268d
  dbe dbf fcd 1dba
  dbf dbd fcd 101c
  ba1 ba2 fce 101e
  ba2 ba0 fce 101f
  1450 1451 fcf 1d85
  1451 144b fcf 1021
  1455 1450 fd0 1022
  19ce 19cf fd1 21ff
  19cf 1960 fd1 1023
  c64 1971 fd2 1025
  1971 c65 fd2 1f67
  803 805 fd3 1f26
  805 804 fd3 25bc
  230 854 fd4 1edc
  854 231 fd4 1fb4
  672 676 fd5 1029
  676 674 fd5 1028
  bc0 bc1 fd6 102a
  17a6 17a7 fd7 102c
  17a7 15ea fd7 102d
  b7d b7f fd8 1031
  b7f b7e fd8 1030
  19ea 19eb fd9 1032
  19eb 19df fd9 1d7f
  147e 147f fda 27aa
  147f 146e fda 1035
  143e 143f fdb 1036
  143f 143d fdb 2c20
  17df 17de fdc 2e2b
  65d 13a7 fdd 1bd4
  13a7 13a6 fdd 1037
  637 993 fde 1b67
  995 637 fde 100d
  dd5 dd7 fdf 2681
  dd7 dd6 fdf 1038
  64f 650 fe1 103b
  650 64c fe1 2df7
  5fe 1386 fe2 103c
  1386 5fd fe2 200c
  15f1 15f7 fe3 242e
  15f7 15f3 fe3 2509
  15f3 15f4 fe4 103e
  15f4 15f2 fe4 103d
  f22 1317 fe5 1c43
  1319 f22 fe5 1d00
  1616 1619 fe6 1d70
  1619 1618 fe6 1042
  5db 5dc fe7 1e79
  5dc 5d8 fe7 1f49
  b44 b46 fe8 2c81
  b46 b45 fe8 259f
  b45 b47 fe9 1048
  f0c f11 fea 1049
  f11 f0b fea 1ea4
  1294 1295 feb 2700
  1295 1291 feb 104b
  a10 a11 fec 1053
  a11 a0f fec 1052
  7d6 7d4 fed 1d9f
  7d4 807 fed 2104
  807 7d6 fed 1c05
  bb7 bb6 fee 1056
  db3 db4 fef 1057
  db4 db1 fef 201d
  1a15 1a16 ff0 1058
  1a16 1a10 ff0 1ce7
  621 62c ff1 1019
  62c 62d ff1 fff
  62d 621 ff1 101d
  13dc 13dd ff2 2ac2
  13dd 13db ff2 105a
  17de 17e3 ff3 1169
  1736 1738 ff4 29fc
  1738 1737 ff4 105b
  b0b b0d ff5 1062
  b0d b0c ff5 1cc3
  b0c b14 ff6 1063
  113e 113a ff8 1b4f
  113a 116e ff8 102e
  116e 113e ff8 101b
  625 627 ff9 12f7
  13bf 625 ff9 1005
  a69 d84 ffa 1f13
  d86 a69 ffa 1f9e
  858 855 ffb 1068
  c4e c4d ffc 1069
  1b19 1b18 ffd 2c03
  1987 198c ffe 106b
  62c 13bc fff 106c
  13bc 62d fff 216d
  169c 16a5 1000 1c30
  16a5 16bc 1000 2804
  16bc 169c 1000 1cd7
  af1 afa 1001 106e
  af0 af2 1002 106d
  af2 af1 1002 1cdc
  13e4 13e6 1003 1d60
  13e6 13e5 1003 1072
  13e3 140d 1004 2077
  140d 1402 1004 1071
  62c 625 1005 1026
  13bf 62c 1005 106c
  fa5 faf 1006 2069
  faf fae 1006 1075
  faa fac 1007 1073
  fac fab 1007 215f
  fa6 fa8 1008 1d5e
  fa8 fa7 1008 1074
  18b9 18bc 1009 1d31
  18bc 18bb 1009 1076
  18bb 18c7 100a 27e4
  18d3 18cf 100b 102f
  15e6 e3c 100c 218f
  635 637 100d 1c63
  995 635 100d 1c62
  61a 61f 100e 100f
  61f 621 100e 109f
  621 61a 100e 101d
  61a 620 100f 102b
  620 61f 100f 110e
  1a02 19e7 1010 1523
  19e7 1a18 1010 1046
  1a18 1a02 1010 1045
  667 668 1011 107f
  f62 f64 1012 2879
  f64 f63 1012 1081
  f65 f61 1013 2d69
  11df 11f9 1014 2c61
  11f9 1224 1014 2f72
  1224 11df 1014 28e4
  5bf 5c3 1015 21e4
  5c3 5c0 1015 1086
  5be 5bd 1016 1f9d
  b97 b96 1017 1087
  19fb 1a0e 1018 1043
  1a0e 1a0f 1018 10bb
  1a0f 19fb 1018 1033
  621 623 1019 103a
  623 62c 1019 1026
  137d 137b 101a 1089
  1150 113e 101b 1aa4
  dbf dc0 101c 108c
  dc0 dbd 101c 1eba
  62d 61a 101d 11c8
  ba1 ba3 101e 1090
  ba3 ba2 101e 108f
  1025 1023 1020 1145
  1023 1208 1020 1050
  1208 1025 1020 2d97
  1451 1452 1021 1092
  1452 144b 1021 1eb0
  1455 1457 1022 1093
  1457 1450 1022 1d89
  19cf 19d0 1023 1094
  19d0 1960 1023 2b6f
  42a 42c 1024 1a86
  42c 622 1024 1060
  622 42a 1024 1061
  1975 1971 1025 1098
  623 625 1026 127a
  104d 1018 1027 104a
  1018 104e 1027 1040
  104e 104d 1027 109b
  676 677 1028 1cac
  677 674 1028 109c
  672 685 1029 1d82
  685 676 1029 109d
  bc2 bc1 102a 109e
  61a 614 102b 119d
  614 620 102b 1064
  17a6 17a8 102c 10a2
  17a8 17a7 102c 1cf5
  17a7 17ad 102d 10a1
  113a 1138 102e 1c4b
  1138 116e 102e 1c4a
  18a0 18cf 102f 1bf8
  18d3 18a0 102f 1c9f
  b7f b80 1030 1ca5
  b80 b7e 1030 10a4
  b87 b7f 1031 10a5
  19ea 19ec 1032 24b1
  19ec 19eb 1032 10a9
  1a0f 1a18 1033 1d45
  1a18 19fb 1033 1046
  104e 1019 1034 1040
  1019 104f 1034 105d
  104f 104e 1034 10aa
  147f 1480 1035 2534
  1480 146e 1035 1f01
  143e 1440 1036 10ac
  1440 143f 1036 10ab
  13a7 13a8 1037 10af
  13a8 13a6 1037 10ae
  dd8 dd6 1038 29b1
  1016 1007 1039 1055
  1007 1017 1039 108e
  1017 1016 1039 10b0
  621 622 103a 109f
  622 623 103a 120f
  64f 657 103b 10b1
  657 650 103b 2d47
  13ba 1386 103c 2e81
  15f4 15f6 103d 10b2
  15f6 15f2 103d 1fc1
  15f3 15f5 103e 289e
  7db 7d9 103f 1baf
  7d9 1050 103f 1083
  1050 7db 103f 206d
  1018 1019 1040 111b
  101a 1009 1041 1079
  1009 101c 1041 104f
  101c 101a 1041 11c4
  1619 161a 1042 10b3
  19fb 1a21 1043 110c
  1a21 1a0e 1043 1077
  1008 809 1044 10d6
  809 1012 1044 1078
  1012 1008 1044 104d
  1a05 1a02 1045 17fd
  1a18 1a05 1045 1cf3
  19e7 19fb 1046 18f3
  1015 1013 1047 1126
  1013 1022 1047 1067
  1022 1015 1047 107c
  b45 b48 1048 297b
  b48 b47 1048 10b9
  f0c f12 1049 10ba
  1022 1018 104a 111a
  104d 1022 104a 10eb
  1295 1296 104b 10bc
  1296 1291 104b 1e5a
  80a 80e 104c 106f
  80e 1007 104c 10d0
  1007 80a 104c 10bd
  1012 1013 104d 10c1
  1013 1008 104d 10c0
  612 60a 104e 107a
  60a 613 104e 10c2
  1009 1052 104f 1bfa
  1052 101c 104f 1059
  1023 104d 1050 10eb
  104d 1208 1050 1104
  101b 101e 1051 1223
  101e 104f 1051 1054
  104f 101b 1051 105d
  a11 a12 1052 10c3
  a12 a0f 1052 1f9b
  a10 a13 1053 10c4
  a13 a11 1053 1c93
  101e 1209 1054 105c
  1209 104f 1054 1113
  1012 1007 1055 10bd
  1016 1012 1055 10c1
  bb7 bb8 1056 10c6
  bb8 bb6 1056 10c7
  db3 db5 1057 10ca
  db5 db4 1057 10c9
  1a15 1a17 1058 3321
  1a17 1a16 1058 3323
  1021 101c 1059 1224
  1052 1021 1059 105e
  13dd 13de 105a 10ce
  1738 1739 105b 10cf
  1739 1737 105b 21f2
  101e 1020 105c 1288
  1020 1209 105c 2c8a
  1019 101b 105d 1194
  7ef 1021 105e 1085
  1052 7ef 105e 116f
  7e1 7e4 105f 1a7a
  7e4 80d 105f 1095
  80d 7e1 105f 1096
  42c 55a 1060 1a03
  55a 622 1060 120f
  61f 42a 1061 1ab6
  622 61f 1061 109f
  b0e b0d 1062 10d2
  b0c b15 1063 1cd9
  b15 b14 1063 10d1
  614 60a 1064 10c2
  60a 620 1064 1b6f
  809 7e0 1065 1070
  7e0 80a 1065 10ee
  80a 809 1065 1078
  442 638 1066 1b0d
  638 658 1066 108b
  658 442 1066 10a3
  1013 1016 1067 10c1
  1016 1022 1067 111a
  858 859 1068 10d3
  c4e c4f 1069 10d4
  c4f c4d 1069 10d5
  808 7dd 106a 108a
  7dd 809 106a 1070
  809 808 106a 10d6
  1987 198d 106b 10da
  198d 198c 106b 10d9
  af0 af5 106d 2b93
  af5 af2 106d 10dc
  af1 afb 106e 1ce9
  afb afa 106e 10db
  80a 80d 106f 10ee
  80d 80e 106f 11ef
  7dd 7e0 1070 1b5c
  140e 1402 1071 10e1
  13e6 13e7 1072 10e3
  13e7 13e5 1072 10e2
  faa fad 1073 27ab
  fad fac 1073 10e9
  fa8 fb0 1074 10e6
  fb0 fa7 1074 10e5
  faf fbf 1075 10e8
  fbf fae 1075 10e7
  18bc 18bd 1076 10ea
  18bd 18bb 1076 2e11
  14c1 1a0e 1077 1bc7
  1a21 14c1 1077 10b7
  80a 1012 1078 10bd
  101a 10d9 1079 10c8
  10d9 1009 1079 1080
  409 60a 107a 1bc4
  612 409 107a 1c6b
  101f 101d 107b 1257
  101d 10db 107b 1125
  10db 101f 107b 10b8
  1022 1023 107c 10eb
  1023 1015 107c 10ec
  6c8 6e4 107d 1a64
  6e4 10c8 107d 10b5
  10c8 6c8 107d 10b6
  80e 8a2 107e 1c3a
  8a2 10d9 107e 1080
  10d9 80e 107e 10d0
  667 669 107f 10ed
  669 668 107f 2e24
  8a2 1009 1080 1c51
  f64 f7d 1081 10ef
  6cb 10c8 1082 10b6
  10c8 10c9 1082 1261
  10c9 6cb 1082 201b
  7d9 808 1083 1c03
  808 1050 1083 1137
  10c3 10c2 1084 1097
  10c2 10c4 1084 10f2
  10c4 10c3 1084 10f3
  7ef 1053 1085 1325
  1053 1021 1085 1c4c
  5c3 5c4 1086 10f5
  5c4 5c0 1086 1c44
  b97 b99 1087 10f7
  104e 1203 1088 10aa
  1203 1204 1088 2b05
  1204 104e 1088 109b
  137d 137f 1089 10f9
  137f 137b 1089 2619
  7d8 7dd 108a 1c02
  808 7d8 108a 1c03
  638 646 108b 1a6f
  dbf dc1 108c 10fc
  dc1 dc0 108c 10fb
  7ee 7f2 108d 15db
  7f2 1054 108d 10cc
  1054 7ee 108d 10cd
  1007 10d9 108e 10d0
  10d9 1017 108e 10c8
  ba3 ba4 108f 10fd
  147d 14b9 1091 1c1e
  14b9 14c1 1091 1121
  14c1 147d 1091 10b7
  1455 1463 1093 10fe
  19cf 19d1 1094 10ff
  19d1 19d0 1094 1100
  7e4 7f0 1095 19eb
  7f0 80d 1095 11ef
  7e0 7e1 1096 1b17
  80d 7e0 1096 10ee
  771 10c2 1097 109a
  10c3 771 1097 19cb
  1975 1976 1098 1103
  1976 1971 1098 1102
  101f 1051 1099 10b8
  1051 124d 1099 10a7
  124d 101f 1099 1ba3
  771 6e6 109a 10a6
  6e6 10c2 109a 111c
  1204 104d 109b 1104
  677 67a 109c 1106
  67a 674 109c 1d04
  685 686 109d 1107
  686 676 109d 1cb3
  bc2 bc3 109e 1108
  10c7 10c6 10a0 32a7
  10c6 10ce 10a0 10be
  10ce 10c7 10a0 127b
  17a7 17ae 10a1 1cf9
  17ae 17ad 10a1 2952
  17a6 17a9 10a2 268c
  17a9 17a8 10a2 110d
  440 442 10a3 1bee
  658 440 10a3 1bef
  b80 b81 10a4 1110
  b81 b7e 10a4 250e
  b87 b88 10a5 110f
  b88 b7f 10a5 1cad
  771 778 10a6 1119
  778 6e6 10a6 10dd
  1051 1248 10a7 161b
  1248 124d 10a7 28b5
  6d8 6db 10a8 1a43
  6db 778 10a8 10dd
  778 6d8 10a8 10de
  19ec 19ed 10a9 1112
  19ed 19eb 10a9 1b8e
  104f 1203 10aa 1113
  1440 1441 10ab 1115
  1441 143f 10ab 1114
  143e 146f 10ac 1ef1
  146f 1440 10ac 1c79
  1010 1053 10ad 1c3f
  1053 10da 10ad 10cb
  10da 1010 10ad 1c12
  13a8 13af 10ae 22f6
  13a7 13ab 10af 1117
  13ab 13a8 10af 1116
  1017 1018 10b0 111b
  1018 1016 10b0 111a
  64f 66c 10b1 1d69
  66c 657 10b1 111d
  1619 161b 10b3 1b2a
  161b 161a 10b3 1120
  5f8 5f7 10b4 1cb4
  5ff 5f8 10b4 1b61
  6e4 10c3 10b5 19cb
  10c3 10c8 10b5 1159
  6cb 6c8 10b6 1a42
  1a21 147d 10b7 110b
  10db 1051 10b8 1c40
  b48 b49 10b9 1122
  f13 f12 10ba 279f
  1a0e 19e2 10bb 10df
  19e2 1a0f 10bb 1123
  1297 1296 10bc 1124
  10c6 10c2 10be 10f2
  10c2 10ce 10be 111c
  7e2 7df 10bf 1adc
  7df 80b 10bf 10fa
  80b 7e2 10bf 21c3
  1013 1014 10c0 1126
  1014 1008 10c0 10c5
  614 613 10c2 1127
  a11 a1a 10c3 1c95
  a1a a12 10c3 1128
  a10 a14 10c4 1ec8
  a14 a13 10c4 1129
  1014 1050 10c5 218b
  1050 1008 10c5 1137
  bb7 bb9 10c6 112d
  bb9 bb8 10c6 112c
  101a 1017 10c8 115d
  db5 db6 10c9 237f
  db7 db5 10ca 2164
  1053 1054 10cb 1325
  1054 10da 10cb 1c11
  7f2 ff8 10cc 18fc
  ff8 1054 10cc 1c11
  7ef 7ee 10cd 160a
  1054 7ef 10cd 1325
  13dd 13df 10ce 1c7f
  13df 13de 10ce 112e
  1738 173a 10cf 237c
  173a 1739 10cf 112f
  b15 b19 10d1 1130
  b19 b14 10d1 1131
  b0e b0f 10d2 22b5
  b0f b0d 10d2 1d62
  858 85a 10d3 1134
  85a 859 10d3 1135
  c4f c52 10d5 1136
  1008 808 10d6 1137
  19e5 1472 10d7 1846
  1472 1a21 10d7 110b
  1a21 19e5 10d7 110c
  6d7 770 10d8 10e4
  770 774 10d8 111e
  774 6d7 10d8 116d
  198d 1990 10d9 1c61
  198e 198d 10da 1139
  afb afe 10db 113a
  af6 af2 10dc 113b
  6db 6e6 10dd 18e9
  6d7 6d8 10de 1ac9
  778 6d7 10de 10e4
  14be 19e2 10df 1bc6
  1a0e 14be 10df 1bc7
  131d f2c 10e0 1ad0
  f2c 1327 10e0 111f
  1327 131d 10e0 1109
  140e 141e 10e1 113e
  141e 1402 10e1 1d84
  1414 13e5 10e2 2175
  13e6 13e8 10e3 113c
  13e8 13e7 10e3 113d
  778 770 10e4 1119
  fb0 fc4 10e5 26c3
  fc4 fa7 10e5 23bc
  fa8 fb1 10e6 1140
  fb1 fb0 10e6 1b12
  fbf fc1 10e7 2988
  fc1 fae 10e7 1d7e
  faf fc0 10e8 21bd
  fc0 fbf 10e8 2bce
  fad 10ee 10e9 2e39
  10ee fac 10e9 1141
  18bc 18be 10ea 1142
  18be 18bd 10ea 1143
  1023 1024 10ec 1145
  1024 1015 10ec 1fb0
  667 678 10ed 1caa
  678 669 10ed 1146
  f64 f7e 10ef 2c84
  6c7 6b7 10f0 1ac8
  6b7 774 10f0 112b
  774 6c7 10f0 111e
  14ac 14b7 10f1 1be4
  14b7 14b8 10f1 1ab8
  14b8 14ac 10f1 1bf1
  10c6 10c4 10f2 2ade
  10c4 10c5 10f3 2b2f
  10c5 10c3 10f3 1159
  653 64d 10f4 1118
  64d 655 10f4 2966
  655 653 10f4 1ae5
  5c5 5c4 10f5 1147
  6b4 6b2 10f6 1c86
  6b2 76f 10f6 210e
  76f 6b4 10f6 1b3a
  b97 b9a 10f7 1148
  b9a b99 10f7 1149
  d80 a68 10f8 1e51
  a68 d81 10f8 1e9e
  1380 137f 10f9 114b
  7df 7dc 10fa 1bae
  7dc 80b 10fa 1bb0
  dc1 dc2 10fb 1bf0
  dc2 dc0 10fb 1ea1
  dbf dc3 10fc 1e95
  dc3 dc1 10fc 114d
  bbb ba4 10fd 2082
  1466 1463 10fe 25c7
  19cf 1a56 10ff 20c8
  1a56 19d1 10ff 2794
  19d1 19d2 1100 114e
  6ae 6a9 1101 1abd
  6a9 775 1101 1133
  775 6ae 1101 112a
  1976 1977 1102 114f
  1977 1971 1102 2009
  1204 1208 1104 2954
  1564 1565 1105 1b43
  156c 1564 1105 110a
  677 67b 1106 1151
  67b 67a 1106 1152
  685 689 1107 1153
  689 686 1107 1150
  bc2 bc4 1108 1154
  bc4 bc3 1108 1155
  1325 131d 1109 1a47
  1563 1564 110a 1b35
  156c 1563 110a 1138
  1472 147d 110b 1548
  19fb 19e5 110c 18f3
  17aa 17a8 110d 1c90
  426 61f 110e 1ab6
  620 426 110e 113f
  b8a b88 110f 1158
  b80 b82 1110 1157
  b82 b81 1110 1156
  772 773 1111 1132
  773 6d1 1111 1f59
  19ec 19ee 1112 1bd6
  19ee 19ed 1112 115a
  1209 1203 1113 2928
  1441 1443 1114 115b
  1443 143f 1114 2706
  1440 147c 1115 1c7e
  147c 1441 1115 1be0
  13ab 13ac 1116 115c
  13ac 13a8 1116 24e5
  13a7 13ae 1117 1c8f
  13ae 13ab 1117 1c39
  63e 64d 1118 1ab1
  653 63e 1118 1144
  771 770 1119 1a1c
  1017 1019 111b 115d
  6e6 10ce 111c 1243
  66c 91f 111d 23f3
  91f 657 111d 115e
  770 6c7 111e 1a45
  f2c f29 111f 1b94
  f29 1327 111f 1b93
  161b 161c 1120 115f
  14b9 14bb 1121 1c6e
  14bb 14c1 1121 1c22
  b48 b4a 1122 1161
  b4a b49 1122 1160
  1a10 1a0f 1123 1cf6
  1297 1298 1124 1162
  1298 1296 1124 1d22
  101d 1021 1125 1224
  1021 10db 1125 1c4c
  1015 1014 1126 2049
  614 615 1127 1163
  615 613 1127 1164
  a1a a1b 1128 1166
  a1b a12 1128 1aea
  a14 a15 1129 1167
  a15 a13 1129 1165
  6ba 6ae 112a 1a3a
  6b7 6b5 112b 1b88
  6b5 774 112b 1b87
  bbc bb9 112d 1168
  13df 13e0 112e 116c
  13e0 13de 112e 116b
  173a 173b 112f 116e
  173b 1739 112f 24c0
  b15 b1a 1130 1170
  6a9 6a5 1133 1b7c
  6a5 775 1133 1b7d
  85e 85a 1134 1171
  85a 85b 1135 1c14
  85b 859 1135 1172
  c53 c52 1136 1173
  156c 156d 1138 1e81
  156d 1563 1138 1c0f
  198e 198f 1139 1ef0
  198f 198d 1139 1c66
  afb aff 113a 1174
  aff afe 113a 1176
  af6 afc 113b 1175
  afc af2 113b 1d0e
  13e6 1401 113c 1d73
  1401 13e8 113c 1bb6
  13e8 13e9 113d 1178
  140e 141f 113e 2a98
  141f 141e 113e 1177
  40b 426 113f 1b6e
  620 40b 113f 1b6f
  fa8 fb2 1140 1d72
  fb2 fb1 1140 1179
  10ee 10f0 1141 117a
  10f0 fac 1141 22c8
  18bc 18c0 1142 1d6f
  18c0 18be 1142 2731
  18be 18bf 1143 117c
  18bf 18bd 1143 117b
  639 63e 1144 1b65
  653 639 1144 1b66
  1025 1024 1145 2604
  678 679 1146 117e
  679 669 1146 117d
  5c6 5c4 1147 1180
  b9c b9a 1148 1181
  b9a b9b 1149 1fc5
  8a1 89f 114a 1c0c
  89f 1180 114a 1c27
  1180 8a1 114a 1bed
  1380 1381 114b 1182
  1381 137f 114b 28df
  14cf 14ce 114c 1d74
  14ce 14d0 114c 1184
  14d0 14cf 114c 1183
  dc3 dc4 114d 1185
  dc4 dc1 114d 1bfe
  19d1 19d3 114e 2d58
  19d3 19d2 114e 298c
  1978 1977 114f 1186
  689 68a 1150 118b
  68a 686 1150 1188
  677 687 1151 1cda
  687 67b 1151 118a
  67b 680 1152 1be7
  680 67a 1152 1189
  685 75c 1153 1dc2
  75c 689 1153 1b95
  bc6 bc4 1154 118c
  b82 b83 1156 118d
  b83 b81 1156 118f
  b80 b89 1157 1ccf
  b89 b82 1157 1b90
  b8a b8b 1158 118e
  b8b b88 1158 1ac2
  10c5 10c8 1159 1261
  19ee 19ef 115a 1190
  19ef 19ed 115a 1191
  1441 1444 115b 1bea
  1444 1443 115b 1192
  13ab 13ad 115c 1c3c
  13ad 13ac 115c 1193
  101a 1019 115d 1194
  91f 920 115e 2cd1
  920 657 115e 2789
  161b 161d 115f 1197
  161d 161c 115f 1abb
  b4a b4c 1160 1198
  b4c b49 1160 2287
  b48 b4b 1161 259e
  b4b b4a 1161 29e0
  1297 1299 1162 119a
  1299 1298 1162 1199
  614 616 1163 119d
  616 615 1163 119c
  a15 a19 1165 1b81
  a19 a13 1165 1caf
  a1a a2f 1166 119f
  a2f a1b 1166 11a1
  a14 a16 1167 11a0
  a16 a15 1167 11a2
  17de 17e8 1169 27f7
  993 992 116a 117f
  992 994 116a 275c
  13e0 1434 116b 27d0
  13df 13ef 116c 1b64
  13ef 13e0 116c 11a3
  6c9 6d7 116d 1afd
  774 6c9 116d 1b87
  173a 173c 116e 11a5
  173c 173b 116e 11a6
  7ed 7ef 116f 160a
  1052 7ed 116f 1b8c
  b15 b1b 1170 1d0f
  b1b b1a 1170 11a7
  85e 85f 1171 11a8
  85f 85a 1171 1c1f
  85b 85c 1172 11a9
  afb b01 1174 1cfd
  b01 aff 1174 11aa
  afd afc 1175 1d5d
  aff b07 1176 1b62
  141f 1420 1177 11ad
  1420 141e 1177 1ddf
  13e8 13eb 1178 1bc1
  13eb 13e9 1178 11ac
  fb2 fb3 1179 1aa5
  fb3 fb1 1179 11af
  10ee 10f1 117a 11ae
  10f1 10f0 117a 21a8
  18bf 18c8 117b 24c4
  18c8 18bd 117b 27e3
  18be 18c1 117c 2732
  18c1 18bf 117c 11b0
  679 67f 117d 1ba7
  67f 669 117d 27f1
  678 67d 117e 11b2
  67d 679 117e 11b1
  63a 992 117f 1ae3
  993 63a 117f 1b67
  5c6 5c7 1180 11b4
  5c7 5c4 1180 1c54
  b9c ba5 1181 11b5
  ba5 b9a 1181 2066
  1380 1382 1182 2c0e
  1382 1381 1182 11b6
  14d0 14d1 1183 11b7
  14d1 14cf 1183 11b8
  dc3 dc5 1185 11b9
  dc5 dc4 1185 1a9a
  1978 197c 1186 11bb
  197c 1977 1186 11ba
  5aa 5d9 1187 1a57
  5d9 5df 1187 1195
  5df 5aa 1187 11ab
  68a 697 1188 11e2
  697 686 1188 1cc8
  680 681 1189 11bd
  681 67a 1189 1d3e
  687 688 118a 1d3d
  688 67b 118a 1be9
  689 68b 118b 1b9c
  68b 68a 118b 11bc
  bc6 bc7 118c 11be
  b82 b84 118d 1b99
  b84 b83 118d 11bf
  b8c b8b 118e 11c0
  b83 b86 118f 26bd
  b86 b81 118f 230b
  19ee 19f1 1190 11c1
  19f1 19ef 1190 11c2
  19ef 19f0 1191 11eb
  19f0 19ed 1191 1bec
  1444 1445 1192 11c3
  13ad 13cd 1193 2aeb
  13cd 13ac 1193 26a7
  101a 101b 1194 11c4
  5d9 5e0 1195 11c5
  5e0 5df 1195 1a8d
  5da 5df 1196 1af1
  5df 13c1 1196 1a8d
  161b 161e 1197 1bde
  161e 161d 1197 11c6
  b4a df4 1198 25ea
  1299 129a 1199 23c6
  129a 1298 1199 2708
  129b 1299 119a 11c7
  68a 68c 119b 11bc
  68c 7a3 119b 1b48
  7a3 68a 119b 11e2
  616 617 119c 216f
  61a 616 119d 11c8
  7cb 7d2 119e 1acb
  7d2 80c 119e 25ce
  80c 7cb 119e 1b41
  a1a a65 119f 1ca4
  a65 a2f 119f 11cb
  a14 a1e 11a0 1e59
  a1e a16 11a0 1b32
  a2f a30 11a1 1b46
  a30 a1b 11a1 11ca
  a16 a17 11a2 11c9
  a17 a15 11a2 1b86
  13ef 1413 11a3 11cc
  1413 13e0 11a3 2ddd
  19ef 19f2 11a4 11c2
  19f2 1a27 11a4 1b47
  1a27 19ef 11a4 11eb
  173a 174f 11a5 237d
  174f 173c 11a5 1b25
  173c 173d 11a6 11cf
  173d 173b 11a6 11ce
  b1b b1c 11a7 11d0
  b1c b1a 11a7 11d1
  860 85f 11a8 11d2
  85b 85d 11a9 1bc2
  85d 85c 11a9 11d3
  b01 b02 11aa 11d5
  b02 aff 11aa 1b71
  5a8 5aa 11ab 1af2
  5df 5a8 11ab 1af1
  13eb 13ec 11ac 11d9
  13ec 13e9 11ac 11d7
  141f 1424 11ad 11da
  1424 1420 11ad 11d8
  10ee 10f3 11ae 27ff
  10f3 10f1 11ae 11dc
  fb3 fb4 11af 11db
  fb4 fb1 11af 1bb8
  18c1 18c2 11b0 2cee
  18c2 18bf 11b0 283a
  67d 67e 11b1 11de
  67e 679 11b1 1ba9
  678 683 11b2 1ce4
  683 67d 11b2 1b56
  6e7 6d9 11b3 1a19
  6d9 776 11b3 11cd
  776 6e7 11b3 2171
  5c6 5c8 11b4 11e0
  5c8 5c7 11b4 11e1
  b9c ba8 11b5 2067
  ba8 ba5 11b5 11e3
  1382 1383 11b6 11e5
  1383 1381 11b6 32d7
  14d1 14d4 11b8 11e6
  dc3 dc7 11b9 1db1
  dc7 dc5 11b9 11e7
  197c 197f 11ba 2e98
  197f 1977 11ba 1f64
  1978 197d 11bb 11ea
  197d 197c 11bb 11e9
  68b 68c 11bc 11ed
  680 684 11bd 1b97
  684 681 11bd 11ec
  bc6 bc8 11be 11ee
  bc8 bc7 11be 1a67
  b84 b85 11bf 11f0
  b85 b83 11bf 2b6b
  b8d b8b 11c0 11f1
  19ee 19fe 11c1 1be2
  19f1 19f2 11c2 11f2
  1444 1446 11c3 11f3
  101c 101b 11c4 11f5
  5d9 1352 11c5 11e4
  1352 5e0 11c5 11f6
  161e 161f 11c6 11f8
  161f 161d 11c6 11f7
  129b 129c 11c7 11f9
  129c 1299 11c7 2654
  62d 616 11c8 22df
  a16 a18 11c9 1b37
  a18 a17 11c9 11fd
  a30 a32 11ca 11fb
  a32 a1b 11ca 1b84
  a65 a66 11cb 11fc
  a66 a2f 11cb 1b4a
  13ef 1416 11cc 1200
  1416 1413 11cc 11ff
  6d9 6d6 11cd 1a96
  6d6 776 11cd 1afe
  173d 174a 11ce 23f7
  174a 173b 11ce 22d6
  173c 173e 11cf 1b34
  173e 173d 11cf 1202
  b1c b1f 11d1 1203
  860 861 11d2 1204
  861 85f 11d2 1c38
  873 85c 11d3 1205
  17e4 17e1 11d4 1a4b
  17e6 17e4 11d4 1213
  b01 b03 11d5 1d4f
  b03 b02 11d5 1206
  1649 1648 11d6 198e
  1648 17e4 11d6 11f4
  17e4 1649 11d6 11df
  13ec 141d 11d7 1ae0
  1424 1425 11d8 1af9
  1425 1420 11d8 120a
  13eb 13ed 11d9 1a4d
  13ed 13ec 11d9 1209
  141f 1428 11da 292c
  1428 1424 11da 1208
  fb3 fb5 11db 120d
  fb5 fb4 11db 120c
  10f3 10f4 11dc 120b
  10f4 10f1 11dc 32ab
  1369 1352 11dd 11e8
  1352 136a 11dd 11e4
  136a 1369 11dd 1211
  67d 699 11de 1b59
  699 67e 11de 1212
  17e4 17e5 11df 1213
  17e5 1649 11df 1220
  5ca 5c8 11e0 1214
  7a3 697 11e2 1bb5
  ba9 ba5 11e3 1215
  5d9 136a 11e4 1a39
  1382 1384 11e5 1216
  1384 1383 11e5 1217
  dc8 dc5 11e7 1218
  1357 1352 11e8 1225
  1369 1357 11e8 120e
  197d 1982 11e9 121a
  1982 197c 11e9 27fb
  198b 197d 11ea 1b09
  1a27 19f0 11eb 1bab
  684 69c 11ec 2800
  69c 681 11ec 121c
  68b 68d 11ed 1aca
  68d 68c 11ed 121b
  bcb bc8 11ee 121d
  7f0 80e 11ef 1c3a
  b84 cd4 11f0 1ac3
  cd4 b85 11f0 121f
  b8d b8e 11f1 121e
  b8e b8b 11f1 1b45
  19f3 19f2 11f2 1221
  1444 1447 11f3 1c19
  1447 1446 11f3 1222
  1648 164a 11f4 1a7d
  164a 17e4 11f4 1a4b
  101c 101d 11f5 1224
  101d 101b 11f5 1223
  1352 1353 11f6 1225
  1353 5e0 11f6 1226
  161f 1623 11f7 1228
  1623 161d 11f7 1b3c
  161e 1620 11f8 1227
  1620 161f 11f8 1afa
  129b 129d 11f9 1229
  129d 129c 11f9 122a
  1692 1690 11fa 1b19
  1690 16be 11fa 25e7
  16be 1692 11fa 1a51
  a30 a33 11fb 122c
  a33 a32 11fb 122f
  a65 a67 11fc 1cef
  a67 a66 11fc 122b
  a18 a1c 11fd 122e
  a1c a17 11fd 122d
  5e2 1356 11fe 135e
  1356 136a 11fe 1211
  136a 5e2 11fe 1207
  1416 1432 11ff 1af0
  1432 1413 11ff 1231
  13ef 1423 1200 1b78
  1423 1416 1200 1230
  6c6 6ca 1201 1a65
  6ca 777 1201 2810
  777 6c6 1201 1ac7
  173e 173f 1202 1232
  173f 173d 1202 26ad
  b20 b1f 1203 1233
  862 861 1204 1234
  b03 b04 1206 1236
  b04 b02 1206 1235
  5ac 5e2 1207 1219
  136a 5ac 1207 1a39
  1428 1459 1208 1239
  1459 1424 1208 1afb
  13ed 13ee 1209 123a
  13ee 13ec 1209 1ae9
  1425 1426 120a 123b
  1426 1420 120a 1d91
  10f3 10f5 120b 2cf4
  10f5 10f4 120b 123d
  fb5 fbe 120c 1ac0
  fbe fb4 120c 123e
  fb3 fb6 120d 1b1c
  fb6 fb5 120d 123c
  1369 136b 120e 19b9
  136b 1357 120e 2c50
  55a 623 120f 1240
  18ac 18ad 1210 1ab5
  18ad 18d5 1210 2422
  18d5 18ac 1210 1a54
  1356 1369 1211 13d7
  69a 67e 1212 24f6
  17e6 17e5 1213 1244
  baa ba5 1215 1fc4
  1382 1396 1216 2701
  1396 1384 1216 23ea
  1384 1385 1217 1248
  1385 1383 1217 2c60
  dc8 dc9 1218 1249
  dc9 dc5 1218 1b11
  5ac 5e1 1219 1238
  5e1 5e2 1219 1297
  197d 1983 121a 1b0a
  1983 1982 121a 2e13
  68d 68e 121b 124c
  68e 68c 121b 124e
  69c 69d 121c 124d
  69d 681 121c 1d03
  bcc bc8 121d 124f
  b8d b8f 121e 1254
  b8f b8e 121e 1251
  cd4 cd7 121f 1252
  cd7 b85 121f 1253
  190c 1649 1220 17fb
  19f3 19f4 1221 1255
  19f4 19f2 1221 1a13
  1447 1448 1222 1256
  1448 1446 1222 256e
  101d 101e 1223 1257
  1357 1353 1225 258e
  1353 1354 1226 1259
  1354 5e0 1226 1b03
  161e 1621 1227 1c0b
  1621 1620 1227 125c
  161f 1624 1228 1b00
  1624 1623 1228 125d
  129d 129e 122a 125e
  129e 129c 122a 125f
  a67 a79 122b 1263
  a79 a66 122b 1262
  a30 a4b 122c 1b5f
  a4b a33 122c 1a8f
  a1c a4c 122d 1267
  a4c a17 122d 1ba8
  a18 a1d 122e 1265
  a1d a1c 122e 1a85
  a33 a34 122f 1264
  a34 a32 122f 1266
  1423 1462 1230 2767
  1462 1416 1230 1af3
  1432 1458 1231 1269
  1458 1413 1231 27cf
  173e 1740 1232 126a
  1740 173f 1232 2281
  b20 b21 1233 126d
  b21 b1f 1233 126c
  862 863 1234 126f
  863 861 1234 126e
  b04 b06 1235 1270
  b06 b02 1235 1b96
  b03 b05 1236 1d51
  10b9 10b8 1237 1245
  10b8 10ba 1237 1271
  10ba 10b9 1237 1272
  5ac 5ab 1238 1a88
  5ab 5e1 1238 1a38
  145a 1459 1239 2c35
  13ed 13f0 123a 1275
  13f0 13ee 123a 1273
  1425 1427 123b 1a75
  1427 1426 123b 1274
  fb6 fb7 123c 1278
  fb7 fb5 123c 1ac1
  10f5 10f6 123d 1277
  10f6 10f4 123d 2ad5
  fbe fc2 123e 1279
  fc2 fb4 123e 1bdf
  10bd 10bb 123f 124b
  10bb 10be 123f 29c0
  10be 10bd 123f 1246
  55a 624 1240 1c5b
  624 623 1240 127a
  6e0 10be 1241 1246
  10be 10c7 1241 2893
  10c7 6e0 1241 127b
  6fd 77a 1242 125a
  77a 793 1242 1247
  793 6fd 1242 150b
  6e6 6de 1243 18e9
  6de 10ce 1243 125b
  17e6 17e7 1244 2910
  77a 10b8 1245 125a
  10b9 77a 1245 1488
  6e0 10bd 1246 13c5
  77a 779 1247 153e
  779 793 1247 1250
  1384 1387 1248 2696
  1387 1385 1248 127d
  dca dc9 1249 127e
  6f1 779 124a 1250
  779 77e 124a 1258
  77e 6f1 124a 12ab
  10b9 10bb 124b 1272
  10bd 10b9 124b 148c
  68d 698 124c 1280
  698 68e 124c 1a6c
  69c 69e 124d 2e58
  69e 69d 124d 2248
  68e 68f 124e 1281
  68f 68c 124e 1b48
  bcc bcd 124f 1282
  bcd bc8 124f 1ad4
  6f1 793 1250 17d7
  b8f b90 1251 1a99
  b90 b8e 1251 1a61
  cd4 cd8 1252 1284
  cd8 cd7 1252 2cb7
  cdb b85 1253 26bc
  b91 b8f 1254 1283
  19f3 19f6 1255 1286
  19f6 19f4 1255 1285
  1447 1449 1256 19f6
  1449 1448 1256 1287
  101f 101e 1257 1288
  779 6e3 1258 1881
  6e3 77e 1258 1268
  1353 1355 1259 258f
  1355 1354 1259 1289
  6fd 10b8 125a 1a34
  6de 6e0 125b 1833
  6e0 10ce 125b 127b
  1624 1626 125d 128c
  1626 1623 125d 128b
  12a0 129e 125e 128f
  129e 129f 125f 26ec
  129f 129c 125f 23c5
  10d2 10bc 1260 28d9
  10bc 10d3 1260 126b
  10d3 10d2 1260 1a52
  10c5 10c9 1261 2be1
  a79 a7a 1262 2712
  a7a a66 1262 1b57
  a67 ae6 1263 1d18
  ae6 a79 1263 1293
  a33 a35 1264 1a94
  a35 a34 1264 1292
  a18 a1f 1265 1b58
  a1f a1d 1265 1290
  a34 a52 1266 130b
  a52 a32 1266 1ba6
  a1c a4d 1267 1a98
  a4d a4c 1267 1291
  6e3 77d 1268 127c
  77d 77e 1268 12b2
  1432 1465 1269 2d7b
  173e 1741 126a 1b53
  1741 1740 126a 1295
  10bc 10b8 126b 1271
  10b8 10d3 126b 1a34
  b22 b21 126d 1296
  863 89f 126e 1298
  89f 861 126e 1c0c
  b10 b06 1270 129b
  10bc 10ba 1271 284d
  10ba 10bb 1272 292d
  13f0 13f2 1273 1a5d
  13f2 13ee 1273 129e
  1427 1429 1274 12a5
  1429 1426 1274 1d9c
  13ed 13f1 1275 1aae
  13f1 13f0 1275 129d
  a34 a36 1276 1292
  a36 d3f 1276 1a63
  d3f a34 1276 130b
  10f5 10f8 1277 2672
  10f8 10f6 1277 12a3
  fb6 fb8 1278 12a2
  fb8 fb7 1278 12a1
  fbe fc5 1279 12a4
  fc5 fc2 1279 12a0
  624 625 127a 12a9
  6e3 6dd 127c 17d6
  6dd 77d 127c 1294
  1387 1388 127d 12ae
  1388 1385 127d 32d9
  dcb dc9 127e 12af
  6be 6c1 127f 1749
  6c1 77c 127f 1ffb
  77c 6be 127f 128d
  68d 69b 1280 1ad2
  69b 698 1280 219a
  68e 690 1281 1a70
  690 68f 1281 12b5
  bce bcd 1282 12b8
  b9d b8f 1283 1a9b
  cd4 cd9 1284 1acf
  cd9 cd8 1284 12b9
  19f6 19f7 1285 12ba
  19f7 19f4 1285 12bc
  19f9 19f6 1286 2692
  1449 144c 1287 12bf
  144c 1448 1287 12bb
  101f 1020 1288 1ba3
  1355 1358 1289 2cd0
  1358 1354 1289 12c3
  77b 6bc 128a 129c
  6bc 77c 128a 128d
  77c 77b 128a 1f99
  1626 1632 128b 232a
  1632 1623 128b 1b5e
  1624 1627 128c 1a68
  1627 1626 128c 12c6
  6bc 6be 128d 1839
  5b2 5c2 128e 19bc
  5c2 5e1 128e 1297
  5e1 5b2 128e 12b1
  12a0 12a1 128f 12c7
  12a1 129e 128f 2bca
  a1f a20 1290 19ed
  a20 a1d 1290 12ca
  a4d a6a 1291 12c9
  a6a a4c 1291 12cc
  a35 a36 1292 12cb
  ae8 a79 1293 2c31
  6dd 6da 1294 1a18
  6da 77d 1294 1a1a
  1741 1742 1295 2199
  1742 1740 1295 2de1
  b22 b23 1296 12d4
  5c2 5e2 1297 12e6
  111c 89f 1298 12d8
  1412 149f 1299 19fe
  149f 14a7 1299 129a
  14a7 1412 1299 12b3
  149f 147b 129a 129f
  147b 14a7 129a 1a23
  b12 b06 129b 12dd
  6b9 6bc 129c 19a1
  77b 6b9 129c 1a3b
  13f1 13f8 129d 12e4
  13f8 13f0 129d 1a62
  13f2 13f3 129e 12e7
  13f3 13ee 129e 1b07
  149f 14a0 129f 19f7
  14a0 147b 129f 12a6
  fc5 fc8 12a0 24a5
  fc8 fc2 12a0 2d0d
  fb8 fb9 12a1 2e4d
  fb9 fb7 12a1 12e8
  fb6 fc3 12a2 1b3d
  fc3 fb8 12a2 2f6b
  10f8 10f9 12a3 12ea
  10f9 10f6 12a3 32ae
  fbe fc6 12a4 1ad3
  fc6 fc5 12a4 2919
  1427 142a 12a5 12eb
  142a 1429 12a5 1ed5
  14a0 14a4 12a6 12ac
  14a4 147b 12a6 13b3
  a8c cca 12a7 1559
  cca cf7 12a7 12c5
  cf7 a8c 12a7 12b0
  cf4 c20 12a8 1a04
  c20 19c9 12a8 1303
  19c9 cf4 12a8 12be
  624 626 12a9 12f0
  626 625 12a9 12f7
  d0b cb1 12aa 18b8
  cb1 d0c 12aa 12b7
  6ed 6f1 12ab 153b
  77e 6ed 12ab 12b4
  14a0 14a2 12ac 18bb
  14a2 14a4 12ac 12c4
  cb0 cf8 12ad 12c2
  cf8 d0c 12ad 12f2
  d0c cb0 12ad 12b7
  1387 1389 12ae 130a
  1389 1388 12ae 12f9
  dcb dcc 12af 1310
  dcc dc9 12af 1b30
  caf a8c 12b0 12b6
  cf7 caf 12b0 1996
  5af 5b2 12b1 19e2
  5e1 5af 12b1 1a38
  77d 6ea 12b2 12ce
  6ea 77e 12b2 12b4
  14a7 14a8 12b3 1a09
  14a8 1412 12b3 12d7
  6ea 6ed 12b4 15ce
  690 691 12b5 1316
  691 68f 12b5 1311
  caf cbb 12b6 12c1
  cbb a8c 12b6 13f8
  cb1 cb0 12b7 18cf
  bcf bcd 12b8 131b
  cda cd8 12b9 2772
  19f6 19fc 12ba 23e7
  19fc 19f7 12ba 26f6
  1456 1448 12bb 2924
  19f7 19f8 12bc 132a
  19f8 19f4 12bc 1a69
  1967 194b 12bd 3318
  194b 19a0 12bd 1326
  19a0 1967 12bd 12d3
  cf6 cf4 12be 19a0
  19c9 cf6 12be 134c
  1449 144d 12bf 132f
  144d 144c 12bf 288b
  199c c22 12c0 19fa
  c22 19b9 12c0 12c8
  19b9 199c 12c0 19b3
  caf cad 12c1 172f
  cad cbb 12c1 12cd
  cb0 cf7 12c2 1996
  cf7 cf8 12c2 18b9
  1358 135a 12c3 2587
  135a 1354 12c3 1b1a
  1ab9 14a4 12c4 21da
  cca ac8 12c5 1858
  ac8 cf7 12c5 18b9
  1627 1628 12c6 1334
  1628 1626 12c6 253e
  12a0 12a2 12c7 133d
  12a2 12a1 12c7 133f
  c22 19ba 12c8 19a6
  19ba 19b9 12c8 12d1
  a4d a6f 12c9 133c
  a6f a6a 12c9 1a3c
  a20 a21 12ca 1344
  a21 a1d 12ca 1aa7
  a35 a38 12cb 1349
  a38 a36 12cb 1320
  a6a a6b 12cc 134a
  a6b a4c 12cc 1b85
  cad a86 12cd 12d0
  a86 cbb 12cd 1577
  6e5 6ea 12ce 18a4
  77d 6e5 12ce 1a1a
  146d 146c 12cf 12da
  146c 14a8 12cf 12ed
  14a8 146d 12cf 1302
  cac a86 12d0 12e9
  cad cac 12d0 18e8
  195d 19b9 12d1 197b
  19ba 195d 12d1 12e3
  1405 13fe 12d2 1495
  13fe 146c 12d2 12ee
  146c 1405 12d2 12da
  1966 1967 12d3 17ef
  19a0 1966 12d3 12f3
  b22 b24 12d4 135a
  b24 b23 12d4 1352
  1934 1938 12d5 14c0
  1938 19b0 12d5 12fc
  19b0 1934 12d5 1332
  196d 1981 12d6 18db
  199a 196d 12d6 1324
  140b 1412 12d7 187e
  14a8 140b 12d7 12ed
  111c 1122 12d8 1369
  1122 89f 12d8 1c27
  1011 100b 12d9 179e
  100b 106c 12d9 1331
  106c 1011 12d9 12f1
  146d 1405 12da 141e
  19b4 197e 12db 13cb
  197e 19b7 12db 2cfd
  19b7 19b4 12db 1406
  a38 a3b 12dc 14f0
  a3b d23 12dc 14b4
  d23 a38 12dc 1320
  b12 b13 12dd 136f
  b13 b06 12dd 1b6d
  ac8 aaa 12de 1835
  aaa d2c 12de 1a07
  d2c ac8 12de 1436
  19b3 197b 12df 13a9
  197b 19b4 12df 130f
  19b4 19b3 12df 12fe
  c0e c10 12e0 1502
  c10 cf5 12e0 1304
  cf5 c0e 12e0 2a8d
  ac2 ac0 12e1 17af
  ac0 c96 12e1 131f
  c96 ac2 12e1 12e2
  c90 ac2 12e2 12e5
  c96 c90 12e2 190c
  19b0 195d 12e3 12fc
  19ba 19b0 12e3 1476
  13f1 13f9 12e4 1354
  13f9 13f8 12e4 13ba
  acd ac2 12e5 1793
  c90 acd 12e5 12f4
  5c2 984 12e6 29cb
  984 5e2 12e6 135e
  13f2 13f4 12e7 137e
  13f4 13f3 12e7 138c
  fb9 fbc 12e8 138a
  fbc fb7 12e8 1acd
  cac ccd 12e9 1314
  ccd a86 12e9 1405
  10f8 10fa 12ea 1388
  10fa 10f9 12ea 1387
  1427 142b 12eb 1a7f
  142b 142a 12eb 1355
  d20 d2f 12ec 19db
  d36 d20 12ec 131c
  146c 140b 12ed 1435
  13fe 1406 12ee 1754
  1406 146c 12ee 1435
  109e 108f 12ef 15b5
  108f 109f 12ef 12f8
  109f 109e 12ef 2c78
  624 629 12f0 1c8c
  629 626 12f0 1367
  1057 1011 12f1 1445
  106c 1057 12f1 1929
  cf8 d0d 12f2 195c
  193d 1966 12f3 12f5
  19a0 193d 12f3 14e5
  c90 c91 12f4 143e
  c91 acd 12f4 132b
  193d 199f 12f5 1398
  199f 1966 12f5 1470
  acd c92 12f6 132b
  c92 c93 12f6 2a3b
  c93 acd 12f6 17d3
  108f 108d 12f8 130e
  108d 109f 12f8 165e
  1389 138a 12f9 13aa
  138a 1388 12f9 2f07
  ffe 106d 12fa 18f4
  106d 107c 12fa 13cd
  107c ffe 12fa 136b
  1961 195a 12fb 18d4
  195a 19ad 12fb 1306
  19ad 1961 12fb 331a
  1938 195d 12fc 187a
  19e3 144f 12fd 13bb
  144f 1a22 12fd 19f4
  1a22 19e3 12fd 2d17
  19b4 19b5 12fe 1406
  19b5 19b3 12fe 1386
  194f 1946 12ff 1464
  1946 199e 12ff 131a
  199e 194f 12ff 1338
  6d2 6bd 1300 1590
  6bd 77f 1300 1366
  77f 6d2 1300 1312
  1483 1482 1301 1328
  1482 1484 1301 2620
  1484 1483 1301 145b
  1474 146d 1302 1963
  14a8 1474 1302 1a09
  c20 c22 1303 1557
  c22 19c9 1303 19fa
  c10 c19 1304 182a
  c19 cf5 1304 19c5
  a5b a58 1305 17b6
  a58 cef 1305 136c
  cef a5b 1305 1371
  195a 195b 1306 1529
  195b 19ad 1306 13fe
  1939 1936 1307 166b
  1936 19a1 1307 1341
  19a1 1939 1307 1373
  7f0 7e6 1308 19eb
  7e6 812 1308 189d
  812 7f0 1308 1c3b
  196c 197a 1309 1734
  197a 19a4 1309 132d
  19a4 196c 1309 134b
  1387 1394 130a 23e9
  1394 1389 130a 1a0b
  d3f a52 130b 1a9e
  19e6 19e9 130c 14f6
  1a20 19e6 130c 1776
  d1c d1e 130d 1348
  d1e d1f 130d 13c0
  d1f d1c 130d 19bf
  108a 108d 130e 1330
  108f 108a 130e 1404
  197b 1973 130f 1896
  1973 19b4 130f 13cb
  dcb dcd 1310 13f7
  dcd dcc 1310 13c9
  695 68f 1311 1b72
  77f 780 1312 1f54
  780 6d2 1312 203a
  199b 194f 1313 131e
  194f 199c 1313 1394
  199c 199b 1313 19b3
  cac cb2 1314 1427
  cb2 ccd 1314 1350
  c2f c33 1315 1423
  c33 cbd 1315 1319
  cbd c2f 1315 18a0
  690 692 1316 13e7
  692 691 1316 13cf
  c94 c0b 1317 1321
  c0b c9e 1317 13ab
  c9e c94 1317 2e15
  cce a96 1318 136a
  a96 cd0 1318 1976
  cd0 cce 1318 134e
  c33 c36 1319 179f
  c36 cbd 1319 1399
  1946 1948 131a 172c
  1948 199e 131a 1417
  bcf bd0 131b 13e0
  bd0 bcd 131b 1aec
  d1e d20 131c 18ce
  d36 d1e 131c 13c0
  a3d a40 131d 1816
  a40 ce5 131d 137b
  ce5 a3d 131d 1372
  1943 194f 131e 1464
  199b 1943 131e 18ab
  ac0 cce 131f 13ea
  cce c96 131f 134e
  d23 a36 1320 19fc
  c0d c0b 1321 1820
  c94 c0d 1321 142f
  783 72b 1322 1466
  72b 1092 1322 1384
  1092 783 1322 1391
  a59 cb8 1323 1347
  cb8 cba 1323 1411
  cba a59 1323 1697
  196f 196d 1324 14dc
  199a 196f 1324 13d1
  194b 193e 1326 14bd
  193e 19a0 1326 135d
  d0e cdd 1327 1482
  cdd e7b 1327 1744
  e7b d0e 1327 2ab0
  1481 1482 1328 1972
  1483 1481 1328 141b
  13fd 13f6 1329 156b
  13f6 1489 1329 146a
  1489 13fd 1329 135f
  19f7 1a1a 132a 2432
  1a1a 19f8 132a 1359
  c91 c92 132b 145f
  a25 a22 132c 14d5
  a22 d1d 132c 13a3
  d1d a25 132c 1392
  197a 19a5 132d 1385
  19a5 19a4 132d 13ed
  ff3 833 132e 1540
  833 fff 132e 1378
  fff ff3 132e 135b
  1449 144e 132f 1a46
  144e 144d 132f 1409
  108a 1092 1330 1391
  1092 108d 1330 13eb
  100b 100d 1331 1628
  cbd 1934 1332 1399
  19b0 cbd 1332 19b7
  abe abc 1333 15d7
  abc c9d 1333 138b
  c9d abe 1333 1345
  1627 1629 1334 1991
  1629 1628 1334 140f
  1411 140a 1335 18fe
  140a 1481 1335 1339
  1481 1411 1335 141b
  716 75a 1336 1886
  75a 79a 1336 2e19
  79a 716 1336 141c
  ce2 ceb 1337 13be
  ceb ac6 1337 137a
  199d 194f 1338 1394
  199e 199d 1338 2970
  140a 140c 1339 17a7
  140c 1481 1339 146e
  ca5 cab 133a 156a
  cab cb7 133a 1376
  cb7 ca5 133a 134f
  813 814 133b 1882
  814 1071 133b 13ce
  1071 813 133b 13c6
  a4d a7c 133c 1aac
  a7c a6f 133c 144f
  12a7 12a2 133d 29f7
  107a 1070 133e 1362
  1070 107b 133e 1496
  107b 107a 133e 1458
  12a2 12a3 133f 1420
  12a3 12a1 133f 1422
  72d 1087 1340 1395
  1087 108b 1340 1661
  108b 72d 1340 1363
  1936 1937 1341 17c7
  1937 19a1 1341 147a
  19a6 197a 1342 1385
  197a 19b2 1342 140e
  19b2 19a6 1342 1828
  1969 1954 1343 134d
  196b 1969 1343 13e9
  a20 a22 1344 1430
  a22 a21 1344 1431
  c9d cce 1345 136a
  cce abe 1345 13ea
  abb cb2 1346 1350
  cb2 cb3 1346 1375
  cb3 abb 1346 18c8
  a59 cb7 1347 15b3
  cb7 cb8 1347 1376
  d1c d1d 1348 1927
  d1d d1e 1348 1910
  a35 a39 1349 1aa8
  a39 a38 1349 140d
  a6a ad7 134a 1a3d
  ad7 a6b 134a 1412
  1969 196c 134b 13e9
  19a4 1969 134b 19af
  199d cf6 134c 2593
  19c9 199d 134c 1a14
  1951 1954 134d 187f
  1969 1951 134d 150d
  cd0 c96 134e 185a
  a62 ca5 134f 1358
  cb7 a62 134f 14c5
  abb ccd 1350 1787
  704 703 1351 1517
  703 781 1351 291c
  781 704 1351 13b1
  b24 b26 1352 144e
  b26 b23 1352 144d
  d1b d1a 1353 19c1
  d1a e62 1353 13b2
  e62 d1b 1353 19df
  13f1 1400 1354 1acc
  1400 13f9 1354 1eeb
  142b 142c 1355 2ccf
  142c 142a 1355 13b5
  a47 a56 1356 148f
  a56 cb4 1356 1415
  cb4 a47 1356 1357
  a48 a47 1357 1513
  cb4 a48 1357 1374
  a62 ca4 1358 1382
  ca4 ca5 1358 1478
  1a1a 1a1b 1359 14ec
  1a1b 19f8 1359 1402
  b25 b24 135a 1491
  fff 1000 135b 19a2
  1000 ff3 135b 1446
  195b 19a5 135c 13ed
  19a5 19aa 135c 1444
  19aa 195b 135c 13fe
  193e 193b 135d 14fc
  193b 19a0 135d 14e5
  984 1356 135e 1490
  1407 13fd 135f 1895
  1489 1407 135f 1949
  ca4 a48 1360 1890
  a48 cb3 1360 1374
  cb3 ca4 1360 13d6
  142f 1405 1361 17f3
  1405 1430 1361 141e
  1072 1070 1362 193f
  107a 1072 1362 13f0
  108b 1092 1363 13eb
  1092 72d 1363 1384
  829 834 1364 13a2
  834 897 1364 137c
  897 829 1364 1862
  e66 e65 1365 1814
  e68 e66 1365 14d4
  6bd 6bb 1366 18d7
  6bb 77f 1366 18e2
  629 62a 1367 1486
  62a 626 1367 1e7c
  cfe cfd 1368 16dc
  cfd e66 1368 13b4
  e66 cfe 1368 13b9
  111c 1124 1369 1452
  1124 1122 1369 1456
  c9d a96 136a 1778
  fff ffe 136b 1481
  107c fff 136b 19a2
  a58 a59 136c 1630
  a59 cef 136c 1697
  7cd 7c7 136d 1583
  7c7 80f 136d 13c4
  80f 7cd 136d 1397
  a2c a2d 136e 1729
  a2d d16 136e 19ce
  d16 a2c 136e 1390
  b12 b16 136f 146b
  b16 b13 136f 1442
  cb8 cb9 1370 1465
  cb9 e86 1370 24e6
  e86 cb8 1370 1411
  ad4 a5b 1371 17a8
  cef ad4 1371 247e
  a3b a3d 1372 1549
  ce5 a3b 1372 14b4
  193d 1939 1373 1579
  19a1 193d 1373 1398
  cb4 cb3 1374 18c8
  cb2 ca6 1375 139a
  ca6 cb3 1375 13d6
  cab cb8 1376 1465
  1412 1411 1377 187e
  1411 1487 1377 178a
  1487 1412 1377 19fe
  833 834 1378 176d
  834 fff 1378 1481
  73e 737 1379 1651
  737 785 1379 13cc
  785 73e 1379 13b8
  aa9 ac6 137a 14f4
  ceb aa9 137a 1975
  a40 a5a 137b 1781
  a5a ce5 137b 1987
  834 832 137c 176d
  832 897 137c 13d5
  ff9 1061 137d 1789
  1061 105c 137d 13a5
  13f2 14aa 137e 1a6e
  14aa 13f4 137e 1948
  d15 d14 137f 19e5
  d14 d17 137f 138d
  d17 d15 137f 19dd
  c91 ac3 1380 143e
  ac3 d00 1380 1947
  d00 c91 1380 13c1
  af4 ae2 1381 17e7
  ae2 cfb 1381 14b0
  cfb af4 1381 1698
  a62 ca3 1382 13a1
  ca3 ca4 1382 1890
  1356 135b 1383 1490
  135b 135c 1383 188d
  135c 1356 1383 13d7
  72b 72d 1384 167b
  19a6 19a5 1385 18c3
  19b5 19b6 1386 2dc9
  10fa 1125 1387 151b
  1125 10f9 1387 2f4d
  10f8 10fb 1388 2ab6
  10fb 10fa 1388 146d
  758 785 1389 1522
  785 786 1389 1514
  786 758 1389 2e0c
  fb9 fe0 138a 28e6
  fe0 fbc 138a 2825
  abc cbc 138b 13da
  cbc c9d 138b 15be
  13f4 13f5 138c 1474
  13f5 13f3 138c 145a
  d14 d16 138d 19ee
  d16 d17 138d 19ce
  a3f a3e 138e 172a
  a3e ca3 138e 1403
  ca3 a3f 138e 13a1
  d18 d1b 138f 19c1
  d1b e71 138f 143a
  e71 d18 138f 197e
  a45 a2c 1390 1536
  d16 a45 1390 1872
  108a 783 1391 188f
  a28 a25 1392 1610
  d1d a28 1392 1927
  1942 193f 1393 17f4
  193f 19a2 1393 1727
  19a2 1942 1393 13a6
  199d 199c 1394 1a14
  72d 1091 1395 1457
  1091 1087 1395 1440
  1081 1080 1396 13f2
  1080 1082 1396 1418
  1082 1081 1396 1460
  80f 810 1397 14aa
  810 7cd 1397 26cc
  19a1 199f 1398 1728
  c36 1934 1399 1459
  ca8 ca6 139a 15f4
  cb2 ca8 139a 1427
  6fe 6f3 139b 156c
  6f3 787 139b 13ac
  787 6fe 139b 23a0
  bfe bfc 139c 154b
  c97 bfe 139c 1467
  aa2 ab1 139d 1788
  ab1 cb5 139d 1429
  cb5 aa2 139d 1471
  a27 a28 139e 1610
  a28 d19 139e 19ad
  d19 a27 139e 194a
  abf ac1 139f 14ce
  ac1 e4e 139f 2798
  e4e abf 139f 14b3
  10a8 10a7 13a0 140a
  10a7 10a9 13a0 1473
  10a9 10a8 13a0 1493
  a62 a3f 13a1 15e1
  829 ffe 13a2 185b
  ffe 834 13a2 1481
  a22 a23 13a3 1430
  a23 d1d 13a3 1910
  5c1 5b3 13a4 19a4
  5b3 5cb 13a4 24cb
  5cb 5c1 13a4 2d5f
  105b 105c 13a5 1575
  1061 105b 13a5 141a
  1945 1942 13a6 1870
  19a2 1945 13a6 2840
  70a 708 13a7 17c0
  708 784 13a7 1489
  784 70a 13a7 13d4
  b27 b24 13a8 144e
  b24 f1c 13a8 1491
  f1c b27 13a8 19a7
  19a9 197b 13a9 1988
  1389 138b 13aa 1a15
  138b 138a 13aa 1574
  c0b c08 13ab 1799
  c08 c9e 13ab 13de
  6f3 6f0 13ac 1567
  6f0 787 13ac 17e5
  196e 1970 13ad 1551
  1970 19b2 13ad 1911
  19b2 196e 13ad 140e
  700 789 13ae 15dc
  789 796 13ae 14d6
  796 700 13ae 1509
  1950 1952 13af 1815
  1952 199f 13af 1468
  199f 1950 13af 1728
  72f 730 13b0 16e2
  730 791 13b0 1414
  791 72f 13b0 141d
  707 704 13b1 152f
  781 707 13b1 14c9
  d1a d1c 13b2 19c2
  d1c e62 13b2 19bf
  1478 147b 13b3 16f6
  14a4 1478 13b3 2385
  cfd d07 13b4 1944
  d07 e66 13b4 1814
  142c 142e 13b5 1925
  142e 142a 13b5 1e7d
  1488 1486 13b6 1986
  1486 14a5 13b6 2685
  14a5 1488 13b6 1543
  710 794 13b7 18d5
  794 10a0 13b7 1434
  10a0 710 13b7 1515
  744 73e 13b8 167c
  785 744 13b8 1522
  e66 e67 13b9 14d4
  e67 cfe 13b9 220d
  13f9 13fa 13ba 1401
  13fa 13f8 13ba 1892
  1454 144f 13bb 159d
  19e3 1454 13bb 15ab
  795 799 13bc 183e
  799 79b 13bc 1475
  79b 795 13bc 1939
  13f5 13f7 13bd 14f9
  13f7 14a6 13bd 193c
  14a6 13f5 13bd 14e9
  ce2 aa0 13be 1804
  aa0 ceb 13be 1984
  ab1 ab9 13bf 16fc
  ab9 d00 13bf 13fb
  d00 ab1 13bf 1429
  d36 d1f 13c0 1507
  ca1 c91 13c1 145f
  d00 ca1 13c1 13fb
  a87 ab4 13c2 16a6
  ab4 cbe 13c2 237b
  cbe a87 13c2 13c7
  71e 720 13c3 15c6
  720 109c 13c3 13fd
  109c 71e 13c3 1426
  7c7 7c4 13c4 1535
  7c4 80f 13c4 1726
  6e0 6df 13c5 1833
  6df 10bd 13c5 1508
  815 813 13c6 13f9
  1071 815 13c6 196f
  a89 a87 13c7 1774
  cbe a89 13c7 14ca
  ac4 cc9 13c8 18c0
  cc9 ce3 13c8 13e2
  ce3 ac4 13c8 1648
  dcd ea6 13c9 266b
  ea6 dcc 13c9 1b52
  ac7 cd2 13ca 13e1
  cd2 cd3 13ca 1499
  cd3 ac7 13ca 18a2
  1973 197e 13cb 143d
  737 736 13cc 155b
  736 785 13cc 1514
  106d 1011 13cd 194f
  1011 107c 13cd 1445
  814 1070 13ce 1918
  1070 1071 13ce 193f
  148c 148d 13d0 186f
  148d 148e 13d0 18ba
  148e 148c 13d0 2b6c
  1980 196f 13d1 13ff
  199a 1980 13d1 2969
  10fa 10fc 13d2 146d
  10fc 117e 13d2 1965
  117e 10fa 13d2 151b
  1099 1096 13d3 13f5
  1096 109a 13d3 2efe
  109a 1099 13d3 14c3
  70f 70a 13d4 15e7
  784 70f 13d4 150c
  832 81b 13d5 1428
  81b 897 13d5 17da
  ca6 ca4 13d6 1478
  135c 1369 13d7 19b9
  1419 141c 13d8 18ec
  141c 148a 13d8 13d9
  148a 1419 13d8 1874
  141c 148c 13d9 186f
  148c 148a 13d9 2586
  abc a98 13da 14e4
  a98 cbc 13da 192f
  745 755 13db 1562
  755 788 13db 2ebc
  788 745 13db 13e5
  a81 a83 13dc 156f
  a83 ccd 13dc 1405
  ccd a81 13dc 1787
  c23 c1f 13dd 174e
  c1f cde 13dd 16ee
  cde c23 13dd 142e
  c08 c11 13de 18b5
  c11 c9e 13de 15f3
  fed 1055 13df 13ef
  1055 105a 13df 14b7
  105a fed 13df 146c
  bcf bd1 13e0 14f8
  bd1 bd0 13e0 1568
  ac7 cd1 13e1 17bd
  cd1 cd2 13e1 1853
  cc9 aab 13e2 18c5
  aab ce3 13e2 1898
  1948 1955 13e3 148d
  1955 195e 13e3 25c8
  195e 1948 13e3 1417
  1073 1072 13e4 1413
  1072 1079 13e4 13f0
  1079 1073 13e4 15bc
  747 745 13e5 17e6
  788 747 13e5 14d9
  19e8 1a03 13e6 1494
  1a03 1a19 13e6 2707
  1a19 19e8 13e6 14e6
  690 694 13e7 1a87
  694 692 13e7 14b2
  72f 1081 13e8 141d
  1081 1091 13e8 1419
  1091 72f 13e8 13fc
  196b 196c 13e9 1876
  ac0 abe 13ea 175a
  108b 108d 13eb 16ca
  1098 109b 13ec 16a8
  109b 109d 13ec 1913
  109d 1098 13ec 18ca
  195b 19a4 13ed 199e
  aba ab2 13ee 180a
  ab2 cdc 13ee 149e
  cdc aba 13ee 143c
  fed 105b 13ef 1497
  105b 1055 13ef 141a
  107a 1079 13f0 243b
  727 725 13f1 1730
  725 797 13f1 1453
  797 727 13f1 1803
  791 1080 13f2 18a9
  1081 791 13f2 141d
  1066 1040 13f3 1433
  1040 106b 13f3 1407
  106b 1066 13f3 18b1
  c21 c2e 13f4 14d8
  c2e 19ba 13f4 1476
  19ba c21 13f4 19a6
  1094 1096 13f5 1719
  1099 1094 13f5 1424
  fba fce 13f6 15a8
  fce 105a 13f6 146c
  105a fba 13f6 143f
  a88 a8c 13f8 1721
  cbb a88 13f8 1425
  748 813 13f9 15f6
  815 748 13f9 17b9
  d30 d32 13fa 15aa
  d32 d38 13fa 241a
  d38 d30 13fa 162b
  ab9 ca1 13fb 1410
  72c 72f 13fc 1756
  1091 72c 13fc 1457
  720 1099 13fd 1424
  1099 109c 13fd 1871
  19aa 19ad 13fe 2aa3
  1972 196f 13ff 1819
  1980 1972 13ff 19f3
  71f 722 1400 16ac
  722 1093 1400 144c
  1093 71f 1400 1761
  13f9 13fb 1401 1e97
  13fb 13fa 1401 1818
  1a1b 1a1c 1402 3326
  1a1c 19f8 1402 1a80
  a3e a42 1403 150e
  a42 ca3 1403 17b5
  108e 108a 1404 1443
  108f 108e 1404 14ae
  a83 a86 1405 17a5
  19b7 19b5 1406 195f
  1040 106e 1407 1935
  106e 106b 1407 147b
  1473 1474 1408 1963
  1474 1475 1408 1477
  1475 1473 1408 2d24
  144e 144f 1409 14af
  144f 144d 1409 159d
  79b 10a7 140a 18c4
  10a8 79b 140a 1953
  ca2 ca1 140b 148b
  ca1 ced 140b 1410
  ced ca2 140b 1907
  f17 f14 140c 17ab
  f14 f1b 140c 14a9
  f1b f17 140c 19c3
  a39 a3a 140d 14f2
  a3a a38 140d 14f0
  197a 196e 140e 1734
  1629 162a 140f 14ed
  162a 1628 140f 14ea
  ab9 ced 1410 195d
  e86 cba 1411 2c1d
  ad7 ad8 1412 155f
  ad8 a6b 1412 1bb7
  106f 1072 1413 18d3
  1073 106f 1413 1974
  730 733 1414 17ae
  733 791 1414 18e4
  a56 a7f 1415 14f3
  a7f cb4 1415 1945
  80f 7c3 1416 1726
  7c3 811 1416 232f
  811 80f 1416 14aa
  195e 199e 1417 2594
  1080 10ae 1418 18f7
  10ae 1082 1418 1542
  1081 1083 1419 1460
  1083 1091 1419 1440
  1061 1055 141a 17bf
  1483 1411 141b 178a
  784 716 141c 1489
  79a 784 141c 19c0
  146d 1430 141e 18d2
  70c 710 141f 1859
  710 10a2 141f 1515
  10a2 70c 141f 156d
  12a2 12a4 1420 25f3
  12a4 12a3 1420 14fa
  71c 742 1421 15ca
  742 782 1421 25f8
  782 71c 1421 142c
  12a6 12a1 1422 26eb
  c2f c32 1423 1462
  c32 c33 1423 14da
  720 1094 1424 151d
  a85 a88 1425 1720
  cbb a85 1425 1577
  792 71e 1426 1866
  109c 792 1426 17f7
  cac ca8 1427 1520
  7fc 81b 1428 1731
  832 7fc 1428 1689
  d00 cb5 1429 1947
  a73 a74 142a 17c3
  a74 cc1 142a 14ad
  cc1 a73 142a 1447
  c34 c32 142b 14da
  c32 c3e 142b 25bf
  c3e c34 142b 1942
  782 78b 142c 15b0
  78b 71c 142c 1480
  7fe 817 142d 253d
  817 818 142d 1461
  818 7fe 142d 1790
  c31 c23 142e 14b1
  cde c31 142e 14bb
  c17 c0d 142f 14a5
  c94 c17 142f 1916
  a20 a23 1430 1a24
  a22 a24 1431 14d5
  a24 a21 1431 1ace
  a61 a2b 1432 1631
  a2b ccc 1432 14cc
  ccc a61 1432 2e21
  1037 1040 1433 153f
  1066 1037 1433 1952
  794 1098 1434 18bc
  1098 10a0 1434 18ca
  1406 140b 1435 1487
  cf8 ac8 1436 18b9
  d2c cf8 1436 195c
  a82 a80 1437 1740
  a80 cc0 1437 145d
  cc0 a82 1437 1448
  1036 1035 1438 17df
  1056 1036 1438 1560
  1406 1407 1439 1895
  1407 140a 1439 17a7
  140a 1406 1439 1487
  d1b e64 143a 19b4
  e64 e71 143a 1f17
  721 71d 143b 170e
  71d 78b 143b 1480
  78b 721 143b 14c8
  cdc cdd 143c 1934
  cdd aba 143c 1482
  1973 1974 143d 1889
  1974 197e 143d 2742
  c90 ac3 143e 184f
  fef fba 143f 1455
  105a fef 143f 17b1
  1083 1087 1440 17b2
  195f 1958 1441 153a
  1960 195f 1441 2dd5
  b18 b13 1442 1ba1
  78e 108a 1443 188f
  108e 78e 1443 158f
  19a5 19a7 1444 18c3
  19a7 19aa 1444 2f17
  1057 107c 1445 1992
  1000 1001 1446 154d
  1001 ff3 1446 18e3
  adf a73 1447 184a
  cc1 adf 1447 1836
  cb6 a82 1448 147e
  19e6 19e7 1449 158a
  19e7 19e8 1449 1523
  19e8 19e6 1449 14f6
  138c 138d 144a 174a
  138d 138e 144a 1533
  138e 138c 144a 3040
  74a 6fa 144b 1615
  6fa 795 144b 1485
  795 74a 144b 1939
  722 108e 144c 158f
  108e 1093 144c 15b9
  b27 b26 144e 1553
  a7c ad5 144f 27fc
  ad5 a6f 144f 1fa3
  c19 c1c 1450 159c
  c1c c1d 1450 184d
  c1d c19 1450 19fb
  aa6 aa1 1451 1531
  aa1 ccf 1451 17e2
  ccf aa6 1451 155e
  725 743 1453 154c
  743 797 1453 17cd
  6f2 6f5 1454 159a
  6f5 793 1454 150b
  793 6f2 1454 17d7
  88a fba 1455 162f
  fef 88a 1455 14b6
  1124 112f 1456 2be5
  112f 1122 1456 2e6f
  72d 72c 1457 167b
  11e3 107a 1458 26ff
  1935 1934 1459 145e
  13f5 1408 145a 14e9
  1408 13f3 145a 1ae2
  1484 1486 145b 29cf
  1486 1483 145b 19b2
  6ce 798 145c 14fd
  798 79c 145c 198a
  79c 6ce 145c 14f1
  a80 acb 145d 1893
  acb cc0 145d 23fe
  1935 1936 145e 17c7
  1936 1934 145e 14c0
  ca1 c92 145f 148b
  1082 1083 1460 150f
  817 7f4 1461 1505
  7f4 818 1461 14a0
  c2f c31 1462 14b1
  c31 c32 1462 29af
  bee bef 1463 1705
  bef bf0 1463 15ac
  bf0 bee 1463 1516
  1943 1946 1464 14cd
  cab cb9 1465 195e
  728 72b 1466 15dd
  783 728 1466 15ff
  c12 bfe 1467 1525
  c97 c12 1467 1885
  1952 195c 1468 17cc
  195c 199f 1468 1470
  c12 c98 1469 1885
  c99 c12 1469 27f3
  13f6 1409 146a 154f
  1409 1489 146a 1937
  fce fed 146c 164e
  10fb 10fc 146d 155c
  140c 141a 146e 14a2
  141a 1481 146e 1972
  723 726 146f 1796
  726 78e 146f 17c5
  78e 723 146f 147f
  195c 1966 1470 149b
  a9e aa2 1471 1569
  cb5 a9e 1471 192e
  aa3 aa7 1472 17d2
  aa7 cd1 1472 15a7
  cd1 aa3 1472 15a0
  10a7 10ab 1473 1940
  10ab 10a9 1473 2187
  13f4 13f6 1474 154f
  13f6 13f5 1474 14f9
  799 715 1475 199a
  715 79b 1475 18c4
  c2e 19b0 1476 19b7
  1474 1476 1477 1a21
  1476 1475 1477 18aa
  ca6 ca5 1478 14b5
  1937 194d 1479 186b
  194d 194e 1479 2542
  194e 1937 1479 16ea
  1937 1950 147a 16ea
  1950 19a1 147a 1728
  814 106b 147b 1941
  106e 814 147b 1918
  c07 c08 147c 16b6
  c08 c09 147c 1799
  c09 c07 147c 14c2
  be5 be3 147d 16ec
  a84 a82 147e 16a5
  cb6 a84 147e 14e0
  722 723 147f 16f8
  78e 722 147f 158f
  71d 71c 1480 1741
  d0e aba 1482 196b
  bf3 bf4 1483 1723
  bf4 bf5 1483 16c7
  bf5 bf3 1483 1539
  7f1 7ec 1484 16f0
  7ec 818 1484 14bf
  818 7f1 1484 14a0
  6fa 789 1485 14d6
  789 795 1485 17d5
  62b 62a 1486 2166
  140a 140b 1487 18fe
  6fb 77a 1488 153e
  10b9 6fb 1488 148c
  708 716 1489 15d3
  140c 1407 148a 17a7
  1407 1418 148a 1949
  1418 140c 148a 1784
  ca2 c92 148b 29d1
  10bd 6fb 148c 1508
  1948 1949 148d 17a9
  1949 1955 148d 1914
  fd6 f9d 148e 152b
  f9d fe2 148e 2e72
  fe2 fd6 148e 16dd
  a47 a55 148f 182d
  a55 a56 148f 16f3
  b25 f1c 1491 19e1
  899 89a 1492 18e5
  89a 1069 1492 18c9
  1069 899 1492 1527
  10a9 10aa 1493 24c2
  10aa 10a8 1493 198f
  19e8 1a02 1494 1523
  1a02 1a03 1494 183d
  1404 13fe 1495 180f
  1405 1404 1495 17f3
  1070 106e 1496 1918
  106e 107b 1496 1946
  fed 1058 1497 177b
  1058 105b 1497 149f
  1065 ff1 1498 1864
  ff1 1067 1498 178b
  1067 1065 1498 1737
  cd2 cd5 1499 26d9
  cd5 cd3 1499 1860
  bfd bfe 149a 154b
  bfe bff 149a 15b2
  bff bfd 149a 15d9
  195c 1962 149b 14cf
  1962 1966 149b 17ef
  7eb 7fd 149c 16a4
  7fd 812 149c 1c5d
  812 7eb 149c 15d0
  7f8 833 149d 186d
  833 89a 149d 1540
  89a 7f8 149d 14e1
  ab2 ac7 149e 1771
  ac7 cdc 149e 18a2
  1058 1059 149f 180c
  1059 105b 149f 1575
  7f4 7f1 14a0 15de
  88b 852 14a1 26e0
  852 88c 14a1 158b
  88c 88b 14a1 14db
  140c 1419 14a2 1784
  1419 141a 14a2 18ae
  755 744 14a3 1562
  744 758 14a3 1522
  758 755 14a3 2e86
  bde bdb 14a4 158c
  c10 c0d 14a5 1502
  c17 c10 14a5 18f8
  c02 c03 14a6 17e8
  c03 c04 14a6 1532
  c04 c02 14a6 155a
  88d 888 14a7 175f
  888 898 14a7 1581
  898 88d 14a7 14c1
  fe6 fe7 14a8 14f5
  fe7 fe8 14a8 16d1
  fe8 fe6 14a8 1811
  f14 f0d 14a9 15d5
  f0d f1b 14a9 190b
  aa9 ac4 14ab 151f
  ac4 ac5 14ab 1604
  ac5 aa9 14ab 14f4
  a74 a71 14ac 17c3
  a71 ce6 14ac 1585
  ce6 a74 14ac 157b
  a74 cc2 14ad 15cb
  cc2 cc1 14ad 1969
  108f 1090 14ae 15b5
  1090 108e 14ae 15b9
  144e 1470 14af 177d
  1470 144f 14af 19f4
  ae2 cc1 14b0 1836
  cc1 cfb 14b0 1969
  c2f c23 14b1 15a1
  694 6b1 14b2 14d1
  6b1 692 14b2 1f16
  add abf 14b3 1632
  e4e add 14b3 2cae
  ce5 d23 14b4 1a11
  ca6 ca7 14b5 15f4
  ca7 ca5 14b5 156a
  88e 88a 14b6 15e2
  fef 88e 14b6 15d6
  1055 ff0 14b7 16bb
  ff0 105a 14b7 17b1
  1002 1000 14b8 154d
  1000 1057 14b8 1992
  1057 1002 14b8 15b4
  ae1 af3 14b9 15c3
  af3 af7 14b9 2a9c
  af7 ae1 14b9 239b
  c09 c0b 14ba 1799
  c0b c0c 14ba 1820
  c0c c09 14ba 2ebf
  cde cdf 14bb 15bb
  cdf c31 14bb 25c0
  826 827 14bc 1645
  827 88e 14bc 14cb
  88e 826 14bc 1563
  1940 193e 14bd 166c
  194b 1940 14bd 2a45
  bf8 bfa 14be 1511
  bfa bfb 14be 2c67
  7ec 7ea 14bf 1688
  7ea 818 14bf 1790
  1936 1938 14c0 166b
  844 88d 14c1 15e9
  898 844 14c1 1801
  c09 c0a 14c2 27c4
  c0a c07 14c2 267f
  109a 109b 14c3 1824
  109b 1099 14c3 1871
  81f 831 14c4 16d7
  831 890 14c4 14fb
  890 81f 14c4 1545
  a43 a62 14c5 15e1
  cb7 a43 14c5 15b3
  1952 1951 14c6 1815
  1951 1953 14c6 150d
  1953 1952 14c6 1779
  af9 cc3 14c7 1822
  cc3 cc4 14c7 2490
  cc4 af9 14c7 2d02
  724 721 14c8 166d
  78b 724 14c8 1868
  759 707 14c9 14e7
  781 759 14c9 299f
  aac a89 14ca 1607
  827 82c 14cb 1773
  82c 88e 14cb 15e2
  a2b a44 14cc 167f
  a44 ccc 14cc 18fb
  1943 1944 14cd 15b6
  1944 1946 14cd 18a7
  abf ac0 14ce 175a
  ac0 ac1 14ce 17af
  195c 1961 14cf 18d4
  1961 1962 14cf 2c9c
  196c 196d 14d0 1876
  196d 196e 14d0 14dc
  196e 196c 14d0 1734
  694 751 14d1 2335
  751 6b1 14d1 24fa
  bf0 bf2 14d2 15ac
  bf2 bf3 14d2 1723
  bf3 bf0 14d2 2635
  82b 82a 14d3 1735
  82a 892 14d3 151a
  892 82b 14d3 14e2
  e68 e67 14d4 162d
  a25 a24 14d5 1598
  6fa 796 14d6 193b
  a90 a94 14d7 15b8
  a94 cbc 14d7 15be
  cbc a90 14d7 1959
  c21 c23 14d8 174e
  c23 c2e 14d8 15a1
  757 747 14d9 1586
  c34 c33 14da 18d0
  83b 88b 14db 168a
  88c 83b 14db 1711
  196f 196e 14dc 1551
  a64 a63 14dd 1759
  a63 a76 14dd 1aad
  a76 a64 14dd 1873
  743 724 14de 154c
  724 749 14de 1868
  749 743 14de 1537
  84c 850 14df 16ff
  887 84c 14df 1622
  ab4 a84 14e0 16a6
  cb6 ab4 14e0 2d8c
  7f6 7f8 14e1 1703
  89a 7f6 14e1 18e5
  830 82b 14e2 178d
  892 830 14e2 2acb
  6cd 6c4 14e3 16d3
  6c4 6ce 14e3 14fd
  6ce 6cd 14e3 1638
  ab5 a98 14e4 151c
  abc ab5 14e4 186e
  193b 193d 14e5 1579
  19e9 19e8 14e6 14f6
  1a19 19e9 14e6 2b19
  716 707 14e7 15d3
  759 716 14e7 1886
  6c4 6c0 14e8 177a
  6c0 798 14e8 1504
  798 6c4 14e8 14fd
  162a 162e 14ea 21e0
  162e 1628 14ea 2329
  6c2 6c4 14eb 177a
  6c4 6cc 14eb 16d3
  6cc 6c2 14eb 2889
  1a1a 1a1d 14ec 2478
  1a1d 1a1b 14ec 3327
  1629 162b 14ed 15ba
  162b 162a 14ed 15bd
  700 6ff 14ee 1556
  6ff 701 14ee 26f3
  701 700 14ee 1861
  a9e aa0 14ef 1802
  aa0 aa1 14ef 17e2
  aa1 a9e 14ef 1569
  a3a a3b 14f0 1696
  754 6ce 14f1 1891
  79c 754 14f1 188a
  a39 a49 14f2 1623
  a49 a3a 14f2 1983
  a56 a7e 14f3 175c
  a7e a7f 14f3 1634
  ac5 ac6 14f4 2b29
  fe6 fda 14f5 17f6
  fda fe7 14f5 17d4
  718 74b 14f7 1805
  74b 78c 14f7 2a15
  78c 718 14f7 1558
  bd3 bd1 14f8 153d
  13f6 13f7 14f9 156b
  12a4 12a5 14fa 29f6
  831 891 14fb 29fb
  891 890 14fb 1524
  193c 193b 14fc 17fa
  193e 193c 14fc 16f7
  a6e ae9 14fe 1603
  ae9 aea 14fe 2765
  aea a6e 14fe 1a01
  7f5 7f4 14ff 17b3
  7f4 816 14ff 1505
  816 7f5 14ff 15e8
  c20 c1f 1500 174d
  c1f c21 1500 174e
  c21 c20 1500 1557
  bd7 bd3 1501 1550
  c0e c0d 1502 17c1
  732 731 1503 181c
  731 78a 1503 16ad
  78a 732 1503 157a
  6c0 6bf 1504 17cf
  6bf 798 1504 1915
  817 816 1505 24d2
  88f 86f 1506 1596
  86f fd6 1506 152b
  fd6 88f 1506 16af
  d37 d1f 1507 155d
  6df 6fb 1508 1602
  6fc 700 1509 1556
  796 6fc 1509 1960
  aab a92 150a 15c8
  a92 ac9 150a 1742
  ac9 aab 150a 152d
  6f5 6fd 150b 15d8
  717 70f 150c 16ab
  784 717 150c 19c0
  1969 1953 150d 19af
  a3e a41 150e 1652
  a41 a42 150e 1832
  1082 1084 150f 1547
  1084 1083 150f 16b2
  bd8 bd9 1510 172b
  bd9 bda 1510 180b
  bf8 bf9 1511 171b
  bf9 bfa 1511 1863
  702 704 1512 1517
  704 705 1512 152e
  705 702 1512 1888
  a42 a47 1513 1518
  a48 a42 1513 17b5
  736 786 1514 190d
  10a0 10a2 1515 192d
  bf0 bf1 1516 2a58
  702 703 1517 1865
  a42 a46 1518 1832
  a46 a47 1518 182d
  ad2 ad1 1519 16b1
  ad1 ae4 1519 2abe
  ae4 ad2 1519 1875
  82a 891 151a 1524
  891 892 151a 2a79
  117e 1125 151b 23c1
  aaa a98 151c 17c4
  ab5 aaa 151c 182c
  720 1093 151d 1761
  1093 1094 151d 1629
  13fc 13fb 151e 1818
  13fb 1499 151e 1eb9
  1499 13fc 151e 297f
  aa9 a99 151f 15d2
  a99 ac4 151f 18c0
  caa ca8 1520 152a
  cac caa 1520 18e8
  f16 f18 1521 15a6
  f18 f19 1521 2818
  f19 f16 1521 2642
  82a 890 1524 15f7
  c01 bfe 1525 15b2
  c12 c01 1525 2ea0
  193a 1939 1526 189c
  1939 193b 1526 1579
  193b 193a 1526 17fa
  ff8 899 1527 18fc
  1069 ff8 1527 196d
  6fc 6fe 1528 156c
  6fe 6ff 1528 179a
  6ff 6fc 1528 1556
  195a 1953 1529 1779
  1953 195b 1529 199e
  ca9 ca8 152a 16c8
  caa ca9 152a 19d1
  86f f9d 152b 17e4
  a7e a7d 152c 175c
  ce8 a7e 152c 16d5
  ac9 aca 152d 178e
  aca aab 152d 1898
  704 706 152e 152f
  706 705 152e 18ff
  707 706 152f 1725
  a7f a80 1530 1634
  a80 a81 1530 1740
  a81 a7f 1530 1576
  aa3 aa1 1531 159b
  aa6 aa3 1531 17d2
  c03 c06 1532 263a
  c06 c04 1532 182f
  138d 138f 1533 256d
  729 74e 1534 15ae
  74e 78f 1534 1831
  78f 729 1534 1554
  7c6 7c4 1535 15cf
  7c7 7c6 1535 184e
  a44 a2c 1536 167f
  a45 a44 1536 15d1
  749 74f 1537 1687
  74f 743 1537 1552
  7c8 7c7 1538 184e
  7c7 7cc 1538 1583
  7cc 7c8 1538 183a
  bf5 bf6 1539 2b70
  1957 1958 153a 18ad
  195f 1957 153a 2999
  6ed 6f0 153b 15ef
  6f0 6f1 153b 16d4
  762 749 153c 1687
  749 782 153c 15b0
  782 762 153c 29fe
  bd3 bd4 153d 1550
  6fb 779 153e 1881
  1037 1039 153f 1600
  1039 1040 153f 184c
  ff3 89a 1540 18c9
  be1 be0 1541 154a
  be3 be1 1541 18a3
  1086 1082 1542 1547
  10ae 1086 1542 19f9
  14a1 1488 1543 190a
  728 729 1544 15fc
  729 72a 1544 1554
  72a 728 1544 15dd
  821 81f 1545 15f0
  890 821 1545 1624
  a9f a9d 1546 156e
  a9d ac3 1546 1920
  ac3 a9f 1546 184f
  1472 1471 1548 18ef
  1471 147d 1548 1c2b
  a3b a3c 1549 1696
  a3c a3d 1549 1712
  bdf be0 154a 17a3
  be1 bdf 154a 17ce
  bfd bfc 154b 1702
  725 724 154c 16df
  1002 1001 154d 1625
  ae1 adf 154e 15c2
  adf ae2 154e 1836
  ae2 ae1 154e 15c3
  13f4 1409 154f 1948
  bd7 bd4 1550 17b0
  196f 1970 1551 1819
  75b 743 1552 17cd
  b27 b28 1553 15a3
  78f 72a 1554 171a
  a26 a25 1555 1598
  a25 a27 1555 1610
  a27 a26 1555 16f2
  c21 c22 1557 19a6
  71a 718 1558 1743
  78c 71a 1558 1855
  a8c a8a 1559 1721
  a8a cca 1559 191b
  c04 c05 155a 2680
  c05 c02 155a 2374
  735 736 155b 16a3
  737 735 155b 170b
  10fd 10fc 155c 1605
  d37 e60 155d 1769
  e60 d1f 155d 19cc
  ab3 aa6 155e 15ea
  ccf ab3 155e 2805
  ad7 ad9 155f 2e1e
  103c 1036 1560 1601
  719 71a 1561 1743
  71a 71b 1561 15bf
  71b 719 1561 1900
  745 744 1562 185c
  88e fee 1563 15d6
  fee 826 1563 170f
  fd4 fe3 1564 1838
  fe3 fe9 1564 1806
  fe9 fd4 1564 15cd
  190d 190f 1565 29bd
  190f 1917 1565 1750
  1917 190d 1565 1617
  6f8 74a 1566 1615
  74a 10b2 1566 196a
  10b2 6f8 1566 18de
  6f2 6f0 1567 16d4
  6f3 6f2 1567 1785
  aa1 aa2 1569 159b
  ca7 cab 156a 1926
  13fd 13f7 156b 18dc
  6fc 6f3 156c 1755
  70e 70c 156d 17d0
  10a2 70e 156d 181b
  a9b a9d 156e 15cc
  a9f a9b 156e 1917
  a81 a82 156f 1740
  a82 a83 156f 16a5
  a5e a54 1570 1792
  a54 a5f 1570 1718
  a5f a5e 1570 159f
  1037 1036 1571 1757
  1036 1038 1571 1601
  1038 1037 1571 1600
  a90 a92 1572 17bb
  a92 a93 1572 15c8
  a93 a90 1572 15b8
  f0f f0d 1573 1732
  f0d f10 1573 15d5
  f10 f0f 1573 294e
  138b 138c 1574 174a
  138c 138a 1574 32db
  1059 105c 1575 1733
  a81 abb 1576 1787
  abb a7f 1576 1945
  a86 a85 1577 17a5
  be9 be8 1578 1880
  be8 bea 1578 15fe
  bea be9 1578 184b
  750 732 157a 17db
  78a 750 157a 2b9f
  cc5 a74 157b 15cb
  ce6 cc5 157b 18e7
  a8a a89 157c 15c7
  a89 a8b 157c 1607
  a8b a8a 157c 15f1
  748 747 157d 1762
  747 74c 157d 1586
  74c 748 157d 17f5
  843 847 157e 1627
  847 88f 157e 1596
  88f 843 157e 167e
  fd5 844 157f 15e9
  844 fe4 157f 1587
  fe4 fd5 157f 17a6
  81b 81c 1580 1780
  81c 81d 1580 1666
  81d 81b 1580 17da
  888 837 1581 15c0
  837 898 1581 1851
  84d 86d 1582 16e4
  86d 894 1582 2753
  894 84d 1582 15e0
  7cd 7cc 1583 16f9
  fcf fcd 1584 1675
  fcd fd5 1584 1809
  fd5 fcf 1584 16bd
  a71 a5f 1585 160d
  a5f ce6 1585 18f1
  757 74c 1586 2330
  844 83e 1587 16e7
  83e fe4 1587 15a2
  a40 a3f 1588 1816
  a3f a43 1588 15e1
  a43 a40 1588 1738
  b28 b2a 1589 15f2
  19e6 19e5 158a 17cb
  19e5 19e7 158a 18f3
  852 845 158b 15fd
  845 88c 158b 15f5
  bdc bdb 158c 187b
  bde bdc 158c 18d8
  70b 70a 158d 174b
  70a 70c 158d 15e7
  70c 70b 158d 17d0
  aae aad 158e 173b
  ab7 aae 158e 1817
  6bf 6bd 1590 1663
  6d2 6bf 1590 1844
  733 734 1591 16c0
  734 735 1591 16a3
  735 733 1591 1936
  a4f a45 1592 1807
  a45 a50 1592 1872
  a50 a4f 1592 1899
  bf5 bf7 1593 16c7
  bf7 bf8 1593 171b
  bf8 bf5 1593 26bf
  7bd 7c4 1594 165b
  7c4 7c5 1594 15cf
  7c5 7bd 1594 1887
  a8d a8f 1595 15b1
  a8f a91 1595 1704
  a91 a8d 1595 193a
  847 86f 1596 16c6
  a72 a73 1597 17ea
  a73 ade 1597 184a
  a26 a24 1598 17a4
  116f 1170 1599 15fb
  1178 116f 1599 165a
  6f2 6f4 159a 1785
  6f4 6f5 159a 176f
  aa3 aa2 159b 1840
  c19 c18 159c 182a
  c18 c1c 159c 18f5
  1454 144d 159d 24fc
  ac1 ac2 159e 17af
  ac2 acc 159e 1793
  acc ac1 159e 2799
  a5f a70 159f 160d
  a70 a5e 159f 15f8
  aa4 aa3 15a0 1840
  cd1 aa4 15a0 17bd
  c2f c2e 15a1 18a0
  83e 840 15a2 16e3
  840 fe4 15a2 17d1
  b27 b29 15a3 191a
  b29 b28 15a3 15f2
  a85 a84 15a4 17f9
  a84 a87 15a4 16a6
  a87 a85 15a4 1720
  6c1 6c2 15a5 1760
  6c2 6c3 15a5 24fb
  6c3 6c1 15a5 1f5f
  f16 f17 15a6 17ab
  f17 f18 15a6 19e8
  aa7 ab0 15a7 1800
  ab0 cd1 15a7 1853
  fba fcd 15a8 1770
  fcd fce 15a8 1675
  a96 a95 15a9 17ff
  a95 a97 15a9 1829
  a97 a96 15a9 1976
  d30 d31 15aa 1857
  d31 d32 15aa 162c
  19e3 19fd 15ab 21ed
  19fd 1454 15ab 2307
  bef bf2 15ac 17ed
  6ea 6e9 15ad 18a4
  6e9 6ec 15ad 282d
  6ec 6ea 15ad 15ce
  729 74d 15ae 1797
  74d 74e 15ae 1810
  823 825 15af 169f
  825 826 15af 1645
  826 823 15af 180e
  749 78b 15b0 1868
  a8d a8e 15b1 17f0
  a8e a8f 15b1 1708
  c01 bff 15b2 1715
  a59 a43 15b3 1630
  100a 1002 15b4 1659
  1057 100a 15b4 1929
  109e 1090 15b5 1722
  1943 1942 15b6 1879
  1942 1944 15b6 1870
  726 727 15b7 1730
  727 728 15b7 15fc
  728 726 15b7 15ff
  a93 a94 15b8 175d
  1090 1093 15b9 1629
  1629 1647 15ba 19ab
  1647 162b 15ba 173a
  cde ce0 15bb 199f
  1076 1073 15bc 17f8
  1079 1076 15bc 2802
  162b 162c 15bd 164b
  162c 162a 15bd 238b
  a94 c9d 15be 1778
  71a 71c 15bf 15ca
  71c 71b 15bf 1741
  82f 837 15c0 1791
  888 82f 15c0 16f1
  83f 842 15c1 163b
  842 fe5 15c1 17c2
  fe5 83f 15c1 15c4
  ae0 adf 15c2 16db
  ae1 ae0 15c2 2617
  ae2 af3 15c3 17e7
  840 83f 15c4 16e3
  fe5 840 15c4 17b4
  1003 1002 15c5 1625
  1002 1004 15c5 1659
  1004 1003 15c5 1642
  71e 71f 15c6 173d
  71f 720 15c6 1761
  a88 a89 15c7 1774
  a8a a88 15c7 1721
  aab a93 15c8 18c5
  ff5 ff2 15c9 1707
  ff2 1061 15c9 17bf
  1061 ff5 15c9 1789
  71a 742 15ca 1855
  cc5 cc2 15cb 1848
  a9b a9c 15cc 1739
  a9c a9d 15cc 16b0
  fd1 fd4 15cd 1611
  fe9 fd1 15cd 182e
  6ec 6ed 15ce 175b
  7c6 7c5 15cf 195a
  7e8 7eb 15d0 178c
  812 7e8 15d0 189d
  a45 a4e 15d1 1807
  a4e a44 15d1 1961
  a9a a99 15d2 17ac
  aa9 a9a 15d2 1975
  708 707 15d3 1725
  827 825 15d4 1645
  825 82a 15d4 15f7
  82a 827 15d4 1735
  f14 f10 15d5 179b
  fef fee 15d6 16e8
  abd abc 15d7 186e
  abe abd 15d7 1884
  6f5 6f7 15d8 1706
  6f7 6fd 15d8 1a4c
  bff c00 15d9 2373
  ffb ffc 15da 1763
  ffc ffd 15da 16a7
  ffd ffb 15da 1869
  7ee 7f1 15db 16f0
  7f1 7f2 15db 1616
  700 702 15dc 1861
  702 789 15dc 1888
  72a 72b 15dd 177f
  7f3 7f1 15de 1616
  7f4 7f3 15de 17b3
  82c 82e 15df 15ec
  82e 88a 15df 166f
  88a 82c 15df 15e2
  84b 84d 15e0 16a0
  894 84b 15e0 1798
  1003 1005 15e3 1642
  1005 100e 15e3 1620
  100e 1003 15e3 18d9
  100f 1005 15e4 1620
  1005 124a 15e4 1764
  124a 100f 15e4 1747
  1110 111b 15e5 16a9
  111b 116f 15e5 15fb
  116f 1110 15e5 16aa
  be9 beb 15e6 184b
  beb bec 15e6 2266
  70f 70c 15e7 1859
  7ff 7f5 15e8 171c
  816 7ff 15e8 2689
  fd5 88d 15e9 1809
  aad aa6 15ea 1812
  a29 a2a 15eb 174c
  a2a a2b 15eb 171f
  a2b a29 15eb 1631
  82c 82d 15ec 166e
  82d 82e 15ec 167d
  86e 870 15ed 16b8
  870 871 15ed 16b4
  871 86e 15ed 161e
  10fe 1100 15ee 16e9
  1100 117a 15ee 1649
  117a 10fe 15ee 1613
  6ed 6ef 15ef 175b
  6ef 6f0 15ef 17e5
  820 81f 15f0 16fa
  821 820 15f0 164c
  a8b a8d 15f1 17f0
  a8d a8a 15f1 191b
  b29 b2a 15f2 172e
  c11 c9f 15f3 1905
  c9f c9e 15f3 27e6
  ca8 ca7 15f4 16c8
  845 841 15f5 161d
  841 88c 15f5 1752
  748 7bd 15f6 17f5
  7bd 813 15f6 1887
  825 890 15f7 1624
  a70 adc 15f8 253b
  adc a5e 15f8 190f
  fd4 fd3 15f9 1611
  fd3 fe8 15f9 170a
  fe8 fd4 15f9 16d1
  fd9 fd7 15fa 179d
  fd7 1062 15fa 175e
  1062 fd9 15fa 17dc
  727 729 15fc 1797
  851 845 15fd 176e
  852 851 15fd 16cf
  c26 bea 15fe 2176
  783 726 15ff 17c5
  1038 1039 1600 181d
  103c 1038 1601 2665
  6df 6e3 1602 17d6
  6e3 6fb 1602 1881
  a6e a6c 1603 17a2
  a6c ae9 1603 1998
  ac4 acf 1604 1648
  acf ac5 1604 188c
  10fd 10fe 1605 1676
  10fe 10fc 1605 165f
  fda fdb 1606 1636
  fdb fdc 1606 1745
  fdc fda 1606 17d4
  aac a8b 1607 193d
  f10 f15 1608 179b
  f15 f23 1608 1783
  f23 f10 1608 2580
  ff4 ff6 1609 1641
  ff6 ffb 1609 1763
  ffb ff4 1609 18dd
  7ed 7ee 160a 16e5
  871 874 160b 16b4
  874 875 160b 164d
  875 871 160b 2472
  ff6 ff5 160c 1641
  ff5 ff7 160c 1660
  ff7 ff6 160c 1821
  a71 a70 160d 161f
  711 718 160e 1841
  718 719 160e 1743
  719 711 160e 1931
  1100 1102 160f 168b
  1102 1104 160f 1680
  1104 1100 160f 1649
  fd1 fd3 1611 171d
  1094 1090 1612 1629
  1090 1095 1612 1722
  1095 1094 1612 1719
  111f 10fe 1613 165f
  117a 111f 1613 1637
  839 83b 1614 161c
  83b 83c 1614 1621
  83c 839 1614 1845
  6f8 6fa 1615 17b7
  7f3 7f2 1616 1938
  18ff 190d 1617 1717
  1917 18ff 1617 17ad
  837 838 1618 173f
  838 839 1618 1656
  839 837 1618 1851
  fd0 fd1 1619 1736
  fd1 fd2 1619 182e
  fd2 fd0 1619 17eb
  fde fdd 161a 16c9
  fdf fde 161a 24ed
  1051 100f 161b 16f4
  100f 1248 161b 1747
  839 83a 161c 1656
  83a 83b 161c 168a
  843 841 161d 1657
  845 843 161d 1693
  871 872 161e 2774
  872 86e 161e 2c68
  a71 a72 161f 17ea
  a72 a70 161f 28da
  100f 100e 1620 1724
  83b 83d 1621 1711
  83d 83c 1621 1692
  84e 84c 1622 1670
  887 84e 1622 241d
  a39 a63 1623 1a90
  a63 a49 1623 1759
  825 821 1624 169f
  1003 1001 1625 196e
  715 70b 1626 17e1
  70b 10af 1626 18af
  10af 715 1626 1902
  843 846 1627 1693
  846 847 1627 16ae
  100b 100c 1628 1633
  100c 100d 1628 25a4
  1900 18fc 162a 16c4
  18fc 1911 162a 1643
  1911 1900 162a 17bc
  d33 d30 162b 189e
  d38 d33 162b 2d4f
  d31 d34 162c 1b3e
  d34 d32 162c 17a1
  e68 e69 162d 1665
  e69 e67 162d 1753
  87b 874 162e 1646
  874 893 162e 1701
  893 87b 162e 293b
  88a 889 162f 166f
  889 fba 162f 1770
  a58 a43 1630 1738
  a61 a29 1631 23a8
  abd abf 1632 1884
  add abd 1632 1962
  100b ffc 1633 16a7
  ffc 100c 1633 17fc
  a7e a80 1634 1893
  fce fcf 1635 1675
  fcf fd0 1635 1736
  fd0 fce 1635 164e
  fda fd9 1636 163e
  fd9 fdb 1636 176c
  117a 117c 1637 1775
  117c 111f 1637 17c8
  6ce 753 1638 1891
  753 6cd 1638 24ea
  73f 73e 1639 1825
  73e 740 1639 167c
  740 73f 1639 1964
  822 824 163a 16eb
  824 1068 163a 188b
  1068 822 163a 189a
  83f 841 163b 16d8
  841 842 163b 1657
  893 870 163c 1701
  870 895 163c 1695
  895 893 163c 1664
  a41 a3c 163d 1652
  a3c ce9 163d 193e
  ce9 a41 163d 1955
  fd8 fd9 163e 179d
  fda fd8 163e 17f6
  18fe 1901 163f 168f
  1901 1915 163f 2eb1
  1915 18fe 163f 1654
  710 70f 1640 1859
  70f 711 1640 16ab
  711 710 1640 18d5
  ff4 ff5 1641 1707
  1004 1005 1642 176a
  18fc 1638 1643 16a2
  1638 1911 1643 1650
  1955 1956 1644 1914
  1956 1957 1644 18ad
  1957 1955 1644 29b9
  876 874 1646 164d
  87b 876 1646 16fb
  738 737 1647 170b
  737 73a 1647 1651
  73a 738 1647 16b7
  ce3 acf 1648 19b5
  1104 117a 1649 1683
  1104 1105 164a 1680
  1105 1106 164a 1684
  1106 1104 164a 1682
  162b 162d 164b 177e
  162d 162c 164b 168c
  821 822 164c 1667
  822 820 164c 1655
  876 875 164d 165d
  fd0 fed 164e 177b
  1109 1161 164f 16cc
  1162 1109 164f 2684
  1638 162d 1650 1686
  162d 1911 1650 17d8
  73e 73a 1651 1825
  a3e a3c 1652 1712
  1105 1109 1653 16cb
  1109 117b 1653 23df
  117b 1105 1653 1684
  1912 18fe 1654 1674
  1915 1912 1654 1691
  822 829 1655 189a
  829 820 1655 1862
  838 83a 1656 2c97
  843 842 1657 167e
  fee ff0 1658 16e8
  ff0 ff1 1658 16d2
  ff1 fee 1658 1864
  100a 1004 1659 22ba
  1174 116f 165a 16be
  1178 1174 165a 2ef3
  7bd 7c3 165b 17ba
  7c3 7c4 165b 1726
  1901 1900 165c 168f
  1900 190f 165c 1750
  190f 1901 165c 16b3
  877 875 165d 25eb
  108d 108c 165e 16ca
  111f 10fc 165f 1965
  ff5 ff9 1660 1789
  ff9 ff7 1660 2177
  1087 1088 1661 1767
  1088 108b 1661 1877
  190d 190c 1662 1717
  190e 190d 1662 25cb
  6be 6bd 1663 1839
  6bf 6be 1663 17cf
  895 896 1664 241c
  896 893 1664 2577
  e6a e69 1665 246f
  81c 81e 1666 28ee
  81e 81d 1666 16c5
  821 823 1667 169f
  823 822 1667 16eb
  a5a a5b 1668 17b6
  a5b a5c 1668 18ac
  a5c a5a 1668 1997
  1905 1903 1669 169e
  1903 1906 1669 1678
  1906 1905 1669 16bf
  1907 1906 166a 16bf
  1906 1908 166a 167a
  1908 1907 166a 29d8
  1939 1938 166b 189c
  193f 193e 166c 16f7
  1940 193f 166c 1727
  723 721 166d 16f8
  724 723 166d 16df
  82c 82b 166e 1773
  82b 82d 166e 178d
  82e 889 166f 1710
  84d 84c 1670 16a0
  84e 84d 1670 1700
  ab1 aa4 1671 1788
  aa4 ab2 1671 1771
  ab2 ab1 1671 16fc
  ff1 ff2 1672 16d2
  ff2 ff4 1672 1707
  ff4 ff1 1672 178b
  163b 1638 1673 1699
  1638 18fb 1673 16a2
  18fd 18fe 1674 168e
  1912 18fd 1674 1677
  10fd 10ff 1676 16c3
  10ff 10fe 1676 16e9
  1903 18fd 1677 169c
  1912 1903 1677 1678
  1912 1906 1678 1690
  1905 1907 1679 16bf
  1909 1905 1679 25fd
  1906 1913 167a 1690
  1913 1908 167a 2991
  72b 72c 167b 177f
  744 740 167c 185c
  82d 82f 167d 181e
  82f 82e 167d 16f1
  88f 842 167e 16bc
  a2b a2c 167f 171f
  1102 1105 1680 1681
  1102 1108 1681 28af
  1108 1105 1681 16cb
  1106 110f 1682 16ed
  110f 1104 1682 1683
  110f 117a 1683 1775
  117b 1106 1684 16f5
  1110 1106 1685 16ed
  1106 111a 1685 16f5
  111a 1110 1685 16a9
  1637 162d 1686 168c
  1638 1637 1686 1699
  7eb 7ea 1688 178c
  7ec 7eb 1688 170c
  7f8 7fc 1689 16e6
  832 7f8 1689 186d
  83a 88b 168a 2cf8
  1100 1101 168b 16de
  1101 1102 168b 2907
  1637 162c 168c 16ef
  18fb 18fd 168d 169b
  18fd 1902 168d 169c
  18fd 18fc 168e 169b
  18fc 18fe 168e 16c4
  18fe 1900 168f 16c4
  1912 1913 1690 1691
  1915 1913 1691 234d
  83d 83e 1692 16ce
  83e 83c 1692 16e7
  845 846 1693 176e
  86d 86c 1694 16e4
  86c 86e 1694 16b8
  86e 86d 1694 2d1b
  870 86c 1695 16b8
  86c 895 1695 1786
  a3a a3c 1696 193e
  cba cef 1697 247f
  cc3 af4 1698 1822
  cfb cc3 1698 199d
  163b 1637 1699 169a
  163b 163c 169a 2e8d
  163c 1637 169a 16fe
  18fb 18fc 169b 16a2
  1903 1902 169c 169d
  1903 1904 169d 169e
  1905 1904 169e 238f
  84b 84c 16a0 16c1
  87c 87b 16a1 16fb
  87b 87d 16a1 2578
  734 736 16a3 1954
  7eb 7ed 16a4 170c
  7ed 7fd 16a4 1b8c
  a84 a83 16a5 17f9
  100b ffd 16a7 179e
  1098 109c 16a8 17f7
  109c 109b 16a8 1871
  1123 1110 16aa 16cd
  116f 1123 16aa 16be
  717 711 16ab 1841
  71f 721 16ac 170e
  721 722 16ac 16f8
  731 78d 16ad 18c2
  78d 78a 16ad 2a4a
  846 84a 16ae 1fdf
  84a 847 16ae 16e0
  fbd 88f 16af 16bc
  fd6 fbd 16af 1765
  a9c a9e 16b0 1802
  a9e a9d 16b0 192e
  ab8 ad1 16b1 17f1
  ad2 ab8 16b1 186c
  1084 1085 16b2 29c9
  1085 1083 16b2 17b2
  190f 1910 16b3 25cc
  1910 1901 16b3 27e0
  870 874 16b4 1701
  be6 be5 16b5 189f
  be8 be6 16b5 1880
  c07 c06 16b6 182f
  c06 c08 16b6 18b5
  73a 73b 16b7 1977
  73b 738 16b7 192b
  a53 a4f 16b9 1768
  a4f a54 16b9 18c7
  a54 a53 16b9 1792
  b2a b2b 16ba 172e
  b2b b2c 16ba 23f4
  ff2 ff0 16bb 16d2
  1055 ff2 16bb 17bf
  fbd 842 16bc 17c2
  fd3 fcf 16bd 171d
  fd5 fd3 16bd 17a6
  1174 1123 16be 16da
  733 732 16c0 17ae
  732 734 16c0 17db
  84b 84a 16c1 16e0
  84a 84c 16c1 16ff
  f15 f14 16c2 179b
  f14 f16 16c2 17ab
  f16 f15 16c2 2a69
  110c 10ff 16c3 2dba
  81e 81f 16c5 16d7
  81f 81d 16c5 16fa
  847 84b 16c6 16e0
  84b 86f 16c6 1798
  ca9 ca7 16c8 18fd
  fdc fdd 16c9 1745
  fde fdc 16c9 1746
  108b 108c 16ca 1877
  1108 1109 16cb 16cc
  110f 1110 16cd 16ed
  1123 110f 16cd 176b
  83d 83f 16ce 16d8
  83f 83e 16ce 16e3
  852 853 16cf 2bb0
  a5c a5d 16d0 18ac
  a5d a6c 16d0 25fb
  a6c a5c 16d0 17a2
  fe7 fd4 16d1 1838
  6cd 6cc 16d3 1847
  6f2 6f1 16d4 17d7
  acb a7e 16d5 1893
  ce8 acb 16d5 2c02
  1183 1185 16d6 171e
  1186 1183 16d6 27f6
  81e 831 16d7 26e2
  83d 841 16d8 1752
  feb fea 16d9 1766
  fea fec 16d9 24cc
  1174 1175 16da 2c48
  1175 1123 16da 1748
  ade adf 16db 184a
  cfa cfd 16dc 1903
  cfe cfa 16dc 2180
  fd7 fd6 16dd 1765
  fe2 fd7 16dd 175e
  1100 10ff 16de 16e9
  10ff 1101 16de 29f4
  725 723 16df 1796
  cc6 cc7 16e1 17e0
  cc7 cc8 16e1 2181
  cc8 cc6 16e1 25c4
  72f 72e 16e2 1756
  72e 730 16e2 17b8
  84d 86c 16e4 1700
  7ed 7ec 16e5 170c
  7ec 7ee 16e5 16f0
  7f8 7f7 16e6 1703
  7f7 7fc 16e6 18d6
  844 83c 16e7 1801
  fef ff0 16e8 17b1
  194e 1950 16ea 1909
  823 824 16eb 185d
  be4 be3 16ec 18a3
  be5 be4 16ec 189f
  c1f c1e 16ee 17e3
  c1e cde 16ee 199f
  1637 1645 16ef 16fe
  1645 162c 16ef 21df
  888 82e 16f1 1710
  a27 a29 16f2 174c
  a29 a26 16f2 2632
  a55 a7d 16f3 28a1
  a7d a56 16f3 175c
  1010 100f 16f4 1724
  1051 1010 16f4 1c40
  1478 1476 16f6 183c
  1476 147b 16f6 1a23
  193f 193c 16f7 180d
  7cd 7ce 16f9 2b8a
  7ce 7cc 16f9 2a37
  820 81d 16fa 1883
  ab2 ab9 16fc 180a
  1475 1477 16fd 18aa
  1477 147a 16fd 28db
  147a 1475 16fd 2771
  84a 850 16ff 1f43
  84e 86c 1700 1786
  bfa bfc 1702 1863
  bfd bfa 1702 2729
  7f6 7f7 1703 170d
  a8f a98 1704 192f
  a98 a91 1704 17c4
  bee bed 1705 188e
  6f5 6f6 1706 176f
  6f6 6f7 1706 17c9
  a8e a90 1708 17bb
  a90 a8f 1708 1959
  af3 af4 1709 17e7
  af4 af8 1709 185f
  af8 af3 1709 2da9
  fd3 fe4 170a 17a6
  fe4 fe8 170a 17d1
  738 735 170b 194d
  7f6 7f5 170d 17de
  7f5 7f7 170d 171c
  71f 71d 170e 173d
  fee 1065 170f 1864
  1065 826 170f 180e
  888 889 1710 175f
  88c 83d 1711 1752
  a3e a3d 1712 172a
  ad1 ab7 1713 17f1
  ad6 ad1 1713 2675
  6f7 6f8 1714 17c9
  6f8 6f9 1714 18de
  6f9 6f7 1714 1a5c
  c01 c02 1715 17e8
  c02 bff 1715 25be
  fbd fd7 1716 1765
  fd7 fd8 1716 179d
  fd8 fbd 1716 182b
  18ff 190c 1717 17fb
  a54 a60 1718 174f
  a60 a5f 1718 18f1
  1095 1096 1719 2e08
  72e 72a 171a 172d
  78f 72e 171a 17d9
  bf7 bf9 171b 18bd
  7ff 7f7 171c 190e
  fd1 fcf 171d 1736
  1183 1184 171e 177c
  1184 1185 171e 21fb
  a2a a2c 171f 1729
  a87 a88 1720 1774
  109e 1095 1722 32a1
  1010 100e 1724 1c12
  708 706 1725 1751
  1940 19a2 1727 2955
  a2a a2d 1729 19ca
  a3f a3d 172a 1816
  bd8 bd7 172b 17b0
  1946 1947 172c 18a7
  1947 1948 172c 17a9
  72c 72a 172d 177f
  72e 72c 172d 1756
  b29 b2b 172e 17aa
  cae cad 172f 18f0
  caf cae 172f 18d1
  726 725 1730 1796
  7fc 81a 1731 1849
  81a 81b 1731 1780
  b2b f0d 1732 17aa
  f0f b2b 1732 22c5
  82b 827 1735 1773
  824 1065 1737 185d
  1067 824 1737 18a1
  a58 a40 1738 1781
  a9b a9a 1739 1777
  a9a a9c 1739 19ac
  1647 1916 173a 1830
  1916 162b 173a 177e
  aa7 aad 173b 1812
  aae aa7 173b 1800
  1075 1076 173c 17f8
  1076 1077 173c 17c6
  1077 1075 173c 19e3
  71e 71d 173d 1758
  7ea 7e9 173e 17e9
  7e9 7fe 173e 2406
  7fe 7ea 173e 1790
  837 836 173f 1791
  836 838 173f 2c25
  71d 71b 1741 1758
  a92 cec 1742 1943
  cdd cf3 1744 183b
  cf3 e7b 1744 2c09
  fdb fdd 1745 18b7
  fde fe3 1746 1808
  fe3 fdc 1746 185e
  124a 1248 1747 297a
  1175 117c 1748 17dd
  117c 1123 1748 176b
  6be 6c0 1749 17cf
  6c0 6c1 1749 1760
  138b 138d 174a 18ee
  709 70a 174b 17c0
  70b 709 174b 17e1
  a27 a2a 174c 194a
  c1d c1f 174d 17e3
  c20 c1d 174d 1a04
  a54 cff 174f 18c7
  cff a60 174f 1921
  1900 1917 1750 17bc
  708 709 1751 17c0
  709 706 1751 198b
  1735 e67 1753 20d1
  13fe 13fd 1754 18dc
  13fd 1406 1754 1895
  6f4 6f3 1755 1785
  6fc 6f4 1755 1960
  1033 1036 1757 17df
  1037 1033 1757 1952
  71e 71b 1758 1866
  a64 a49 1759 1856
  abf abe 175a 1884
  6ec 6ef 175b 256b
  a93 a95 175d 18c6
  a95 a94 175d 17ff
  88d 889 175f 186a
  6c0 6c2 1760 177a
  746 747 1762 17e6
  748 746 1762 17b9
  ff6 ffc 1763 1823
  1005 1006 1764 176a
  1006 124a 1764 28cb
  fd2 fea 1766 17f2
  feb fd2 1766 1813
  1087 1085 1767 17b2
  1085 1088 1767 2940
  a4e a4f 1768 1807
  a53 a4e 1768 178f
  d37 e61 1769 277a
  e61 e60 1769 2323
  1004 1006 176a 214e
  117c 110f 176b 1775
  fd9 fe1 176c 17dc
  fe1 fdb 176c 18e1
  833 832 176d 186d
  851 846 176e 1f42
  6f4 6f6 176f 1981
  889 fcd 1770 186a
  aa4 ac7 1771 17bd
  1176 1173 1772 187c
  1173 1177 1772 27f5
  19e1 19e6 1776 17cb
  1a20 19e1 1776 1a20
  a97 a9a 1777 17ac
  a9b a97 1777 19ae
  a94 a96 1778 17ff
  195a 1952 1779 17cc
  fd0 1058 177b 17eb
  1183 1172 177c 1867
  144e 1471 177d 1a53
  1471 1470 177d 18ef
  1916 162d 177e 17d8
  81a 81c 1780 2659
  a58 a5a 1781 17b6
  1941 199b 1782 18ab
  199b 19b1 1782 1994
  19b1 1941 1782 1901
  f15 f24 1783 2643
  1418 1419 1784 18ec
  84e 895 1786 26e5
  aa2 aa4 1788 1840
  1483 1487 178a 19b2
  ff4 1067 178b 18dd
  7e8 7ea 178c 17e9
  830 82d 178d 17fe
  ace aca 178e 187d
  a53 a78 178f 1967
  a78 a4e 178f 1971
  82f 836 1791 17ca
  a5e a53 1792 197d
  acd acc 1793 17d3
  beb bea 1794 184b
  bea bed 1794 2061
  bed beb 1794 188e
  1911 1916 1795 17d8
  1916 1917 1795 17ad
  1917 1911 1795 17bc
  727 74d 1797 1803
  894 86f 1798 17e4
  6fe 756 179a 261e
  756 6ff 179a 2b5b
  19a8 19a6 179c 18a5
  19a6 19a9 179c 1828
  1011 ffd 179e 194f
  c33 c35 179f 18d0
  aae ab8 17a0 1817
  ab8 ce4 17a0 1834
  ce4 aae 17a0 18a6
  d34 d35 17a1 1d8e
  d35 d32 17a1 241b
  a6e a5c 17a2 19b1
  bdf bde 17a3 18d8
  a26 a4a 17a4 23a9
  a4a a24 17a4 1aaf
  a83 a85 17a5 17f9
  a5d a5b 17a8 18ac
  ad4 a5d 17a8 2c6c
  1947 1949 17a9 18da
  b29 f0d 17aa 190b
  a97 a99 17ac 1829
  1916 18ff 17ad 1830
  730 732 17ae 181c
  bd8 bd4 17b0 181f
  7f5 7f3 17b3 17de
  fe5 fe6 17b4 183f
  fe6 840 17b4 1811
  a48 ca3 17b5 1890
  6f8 6f6 17b7 17c9
  6f6 6fa 17b7 193b
  72e 731 17b8 17d9
  731 730 17b8 181c
  815 746 17b9 1979
  7bd 74c 17ba 17f5
  74c 7c3 17ba 2547
  a8e a92 17bb 1943
  fea fe9 17be 17f2
  fe9 105f 17be 1806
  105f fea 17be 22db
  c0c c0d 17c1 1820
  c0e c0c 17c1 1850
  fbd fe5 17c2 182b
  a73 a71 17c3 17ea
  aaa a91 17c4 1835
  783 78e 17c5 188f
  1076 1078 17c6 2e50
  1078 1077 17c6 2229
  1935 1937 17c7 186b
  117c 117d 17c8 17dd
  117d 111f 17c8 19bd
  82f 835 17ca 181e
  835 836 17ca 2bb6
  19e1 19e5 17cb 1846
  195a 195c 17cc 18d4
  75b 797 17cd 23a3
  be1 be2 17ce 226e
  70e 70b 17d0 18af
  840 fe8 17d1 1811
  aa6 aa7 17d2 1812
  c93 acc 17d3 2dd8
  fdc fe7 17d4 185e
  789 705 17d5 1888
  705 795 17d5 183e
  6df 6dd 17d6 18ea
  78f 731 17d9 18c2
  81d 897 17da 1883
  750 734 17db 1985
  7f6 7f3 17de 1930
  1033 1035 17df 1827
  cc6 cc5 17e0 1848
  cc5 cc7 17e0 1906
  715 709 17e1 199a
  aa0 ccf 17e2 1804
  c1d c1e 17e3 184d
  894 f9d 17e4 2cce
  6ef 787 17e5 260b
  746 745 17e6 189b
  c01 c03 17e8 27f4
  7e8 7e9 17e9 1897
  fd2 1058 17eb 1813
  7c8 7cf 17ec 183a
  7cf 1033 17ec 1827
  1033 7c8 17ec 1973
  be4 be6 17ee 189f
  be6 be7 17ee 2220
  be7 be4 17ee 226f
  1962 1967 17ef 2bc1
  a8b a8e 17f0 1957
  ab8 ab7 17f1 1817
  fd2 fe9 17f2 182e
  142f 1404 17f3 2e74
  1941 193f 17f4 180d
  1942 1941 17f4 1879
  fe6 fd8 17f6 183f
  1098 792 17f7 18bc
  1075 1073 17f8 1933
  193c 193a 17fa 19da
  18ff 1649 17fb 18cb
  ffc 105e 17fc 1823
  105e 100c 17fc 2525
  1a04 1a02 17fd 183d
  1a05 1a04 17fd 2c8f
  830 835 17fe 2b3f
  835 82d 17fe 181e
  aae ab0 1800 18a6
  898 83c 1801 1845
  a9c aa0 1802 1984
  797 74d 1803 2624
  ce2 ccf 1804 2e59
  718 717 1805 1841
  717 74b 1805 19be
  fe3 105f 1806 1808
  fde 105f 1808 2877
  fcd 88d 1809 186a
  aba ab9 180a 195d
  bdb bda 180b 187b
  1058 feb 180c 1813
  1941 193c 180d 1901
  1065 823 180e 185d
  13f7 13fe 180f 18dc
  1404 13f7 180f 193c
  74d 761 1810 23a4
  761 74e 1810 25aa
  d07 e65 1814 1928
  1950 1951 1815 1909
  13fc 13fa 1818 2333
  1972 1970 1819 1950
  79d 79c 181a 188a
  79c 79e 181a 18b2
  10a2 10a3 181b 1904
  10a3 70e 181b 1978
  1038 103a 181d 2aa1
  103a 1039 181d 2123
  ff7 105e 1821 24e8
  105e ff6 1821 1823
  af9 af4 1822 185f
  109a 10ad 1824 2f63
  10ad 109b 1824 1913
  73f 73a 1825 19ba
  1477 1478 1826 183c
  1478 1479 1826 21db
  1479 1477 1826 253c
  19b2 19a9 1828 1988
  a95 a99 1829 18cc
  c10 c18 182a 18f8
  fd8 fe5 182b 183f
  ab5 ab6 182c 1970
  ab6 aaa 182c 1a07
  a46 a55 182d 18be
  c07 c04 182f 2ad7
  1647 18ff 1830 18cb
  74e 78d 1831 2992
  78d 78f 1831 18c2
  a41 a46 1832 19bb
  6de 6df 1833 18ea
  ab8 ad3 1834 186c
  ac8 a91 1835 1858
  5b2 5b1 1837 19e2
  5b1 5b3 1837 25dd
  5b3 5b2 1837 19a4
  fe7 fe3 1838 185e
  6bc 6bd 1839 18d7
  7cc 7cf 183a 2e5e
  cdd cf2 183b 1934
  1477 1476 183c 18aa
  705 799 183e 18ff
  bda bdc 1842 187b
  10a3 10a4 1843 18e6
  10a4 10a5 1843 3023
  10a5 10a3 1843 197f
  6d2 6d3 1844 2133
  6d3 6bf 1844 1915
  898 839 1845 1851
  19e1 1472 1846 18df
  6cd 6ee 1847 2871
  6ee 6cc 1847 231c
  cc6 cc2 1848 18cd
  7fc 819 1849 18d6
  819 81a 1849 27dc
  1039 1041 184c 2030
  1041 1040 184c 1935
  c1c c1e 184d 2c1b
  7c8 7c6 184e 192a
  c90 a9f 184f 190c
  c0e c0f 1850 265b
  c0f c0c 1850 27c5
  148e 148f 1852 18ba
  1490 148e 1852 2446
  ab0 cd2 1853 2ba6
  1068 1060 1854 188b
  1060 106d 1854 191d
  106d 1068 1854 18f4
  a64 a7b 1856 2db7
  a7b a49 1856 196c
  d30 d2e 1857 1922
  d2e d31 1857 1a40
  cca a91 1858 193a
  a9f c96 185a 190c
  cd0 a9f 185a 1917
  829 1068 185b 189a
  1068 ffe 185b 18f4
  745 740 185c 189b
  af9 af8 185f 297c
  cd5 cd6 1860 2d8d
  cd6 cd3 1860 1958
  701 702 1861 1865
  897 820 1862 1883
  701 703 1865 2858
  792 71b 1866 1900
  1173 1172 1867 1923
  1183 1173 1867 2e9e
  ffd 1060 1869 191d
  1060 ffb 1869 18bf
  abd ab5 186e 198c
  141c 148d 186f 1a0a
  1945 1944 1870 18f9
  d16 a50 1872 19ee
  a76 a77 1873 246e
  a77 a64 1873 27bd
  141b 1419 1874 18ae
  148a 141b 1874 27b0
  ae4 ae5 1875 2eae
  196b 196d 1876 18db
  1088 108c 1877 2c11
  16a1 169d 1878 1951
  169d 16a2 1878 28fb
  16a2 16a1 1878 217e
  1943 1941 1879 18ab
  1938 193a 187a 189c
  193a 195d 187a 19d0
  1171 1173 187c 1923
  1176 1171 187c 251b
  ae3 aca 187d 18b3
  140b 1411 187e 18fe
  1951 194e 187f 1909
  194e 1954 187f 28e2
  813 7c5 1882 1887
  7c5 814 1882 1941
  759 75a 1886 2a6d
  1973 1972 1889 1950
  1972 1974 1889 1a0c
  79d 754 188a 2739
  824 1060 188b 18a1
  acf ad0 188c 280f
  ad0 ac5 188c 26a1
  135d 135c 188d 2394
  754 753 1891 26be
  13fa 13ff 1892 254e
  13ff 13f8 1892 1a6a
  10ab 10af 1894 1940
  10af 10b1 1894 18c1
  10b1 10ab 1894 1a02
  1970 1973 1896 1950
  197b 1970 1896 1911
  7e8 7e7 1897 194e
  7e7 7e9 1897 2405
  aca ce3 1898 195b
  a50 cff 1899 19a8
  cff a4f 1899 18c7
  746 740 189b 1990
  7e6 7e8 189d 194e
  d2f d30 189e 1922
  cbd c2e 18a0 19b7
  1067 1060 18a1 18bf
  cd3 cdc 18a2 197a
  be4 be1 18a3 2424
  6e5 6e9 18a4 19a3
  19a7 19a6 18a5 18c3
  19a8 19a7 18a5 2f85
  ce4 ab0 18a6 26da
  1944 1947 18a7 18b4
  1958 1956 18a8 18ad
  1956 1959 18a8 19d8
  791 790 18a9 18e4
  790 1080 18a9 1908
  141b 141a 18ae 2532
  70e 10af 18af 18c1
  5b1 5b0 18b0 1a16
  5b0 5d0 18b0 2b18
  5d0 5b1 18b0 29d3
  7c6 1066 18b1 192a
  106b 7c6 18b1 195a
  79c 6d3 18b2 198a
  6d3 79e 18b2 203b
  ae3 d05 18b3 28e5
  d05 aca 18b3 195b
  1944 19ae 18b4 18f9
  19ae 1947 18b4 18e0
  c06 c11 18b5 2a5d
  89b 106f 18b6 18f2
  106f 1074 18b6 1974
  1074 89b 18b6 18eb
  fdb 1064 18b7 18e1
  d0a cb1 18b8 1989
  d0b d0a 18b8 2491
  148d 148f 18ba 19f1
  14a0 14a1 18bb 190a
  14a1 14a2 18bb 26cd
  794 792 18bc 1968
  a46 a57 18be 19a9
  a57 a55 18be 2b94
  1067 ffb 18bf 18dd
  a99 cc9 18c0 18cc
  70e 10b1 18c1 1978
  715 10a7 18c4 1902
  cc9 a93 18c5 18c6
  cc9 a95 18c6 18cc
  cb4 abb 18c8 1945
  ff3 1069 18c9 18e3
  109d 10a0 18ca 191c
  1647 1649 18cb 198e
  cc6 cea 18cd 2376
  cea cc2 18cd 199c
  d1e a23 18ce 1910
  a23 d20 18ce 1a31
  cae cb0 18cf 18d1
  cb1 cae 18cf 19d2
  c34 c35 18d0 2c38
  caf cb0 18d1 1996
  146d 1473 18d2 1963
  106f 1071 18d3 196f
  1071 1072 18d3 193f
  711 794 18d5 1931
  7f7 819 18d6 190e
  6bc 6bb 18d7 19a1
  100e 106a 18d9 1c41
  106a 1003 18d9 196e
  1947 194a 18da 18e0
  194a 1949 18da 19aa
  10b2 6f9 18de 19e0
  1470 1472 18df 18ef
  19e1 1470 18df 1a1e
  19ae 194a 18e0 25b8
  6bb 6d1 18e2 1982
  6d1 77f 18e2 1ff4
  1001 1069 18e3 198d
  733 790 18e4 1936
  899 7f6 18e5 1930
  10a3 10a1 18e6 1904
  10a1 10a4 18e6 18fa
  ce6 cf9 18e7 1924
  cf9 cc5 18e7 1906
  cad caa 18e8 18f0
  6db 6de 18e9 19a5
  6de 6dd 18ea 19a5
  73f 89b 18eb 1964
  1074 73f 18eb 19cd
  1418 141c 18ec 1a06
  ca9 d09 18ed 19d1
  d09 d22 18ed 191e
  d22 ca9 18ed 19f2
  138b 1392 18ee 1a1d
  1392 138d 18ee 291a
  cae caa 18f0 19e9
  a60 ce6 18f1 1924
  89b 815 18f2 1979
  815 106f 18f2 196f
  c18 c24 18f5 2787
  c24 c1c 18f5 2705
  790 738 18f6 194d
  738 10b0 18f6 192b
  10b0 790 18f6 1908
  1080 10b0 18f7 1908
  10b0 10ae 18f7 19e6
  c17 c18 18f8 2d46
  1945 19ae 18f9 26d8
  10a1 10ac 18fa 192c
  10ac 10a4 18fa 32a3
  a44 ccb 18fb 1961
  7f2 899 18fc 1938
  ca9 d01 18fd 19f2
  d01 ca7 18fd 1926
  706 799 18ff 198b
  792 719 1900 1968
  19b1 193c 1901 19da
  10af 10a7 1902 1940
  cfa cfc 1903 194c
  cfc cfd 1903 1932
  10a2 10a1 1904 192d
  c11 ca0 1905 263b
  cf9 cc7 1906 1912
  ced cee 1907 199b
  14a0 1488 190a 19f7
  b29 f1b 190b 191a
  736 79f 190d 1954
  79f 786 190d 2d87
  7ff 819 190e 259b
  adc ce7 190f 2d83
  ce7 a5e 190f 197d
  197b 19b2 1911 1988
  cf9 cfa 1912 194c
  cfa cc7 1912 22fe
  10ad 109d 1913 194b
  1949 1956 1914 19c4
  6d3 798 1915 198a
  c94 c95 1916 27e5
  c95 c17 1916 2788
  cd0 a9b 1917 19ae
  6e9 6e7 1919 19a3
  6e7 752 1919 22e1
  752 6e9 1919 24bc
  b27 f1b 191a 19a7
  a8d cca 191b 193a
  109d 10a1 191c 192c
  10a1 10a0 191c 192d
  ffd 106d 191d 194f
  d09 d0a 191e 1989
  d0a d22 191e 1a2c
  ab6 d03 191f 1970
  d03 d04 191f 267d
  d04 ab6 191f 1a1f
  a9d cb5 1920 192e
  cb5 ac3 1920 1947
  cfc a60 1921 1993
  cff cfc 1921 197c
  d2f d2e 1922 19db
  1171 1172 1923 19d5
  a60 cf9 1924 1993
  142c 1498 1925 32e1
  1498 142e 1925 1eff
  d01 cab 1926 195e
  d1c a28 1927 19c2
  d07 d15 1928 19e5
  d15 e65 1928 1f18
  7c8 1066 192a 1973
  73b 10b0 192b 19f8
  109d 10ac 192c 194b
  a8f cbc 192f 1959
  899 7f3 1930 1938
  719 794 1931 1968
  cfc d06 1932 197c
  d06 cfd 1932 1944
  1074 1073 1933 1974
  1075 1074 1933 19b8
  cdc cf2 1934 197a
  1041 106e 1935 1946
  735 790 1936 194d
  1409 14a9 1937 19c6
  14a9 1489 1937 1a0d
  79b 74a 1939 1953
  6f6 796 193b 1981
  1404 14a6 193c 2806
  cec a8b 193d 1957
  a3a ce9 193e 1983
  7c5 106b 1941 195a
  c3f c34 1942 27d2
  a8e cec 1943 1957
  d06 d07 1944 1a00
  14aa 1409 1948 1a1b
  1489 1418 1949 1a0d
  d19 a2a 194a 19ca
  10ad 10ac 194b 2f81
  cf9 cfc 194c 1993
  7e6 7e7 194e 19ea
  169a 169d 1951 19ec
  1066 1033 1952 1973
  10a8 74a 1953 196a
  734 79f 1954 1985
  ce9 d08 1955 1966
  d08 a41 1955 19bb
  cb9 d01 1956 195e
  d01 d02 1956 1a08
  d02 cb9 1956 24e7
  cf2 cd3 1958 197a
  d05 ce3 195b 19b5
  d2c d0d 195c 1a12
  aba ced 195d 196b
  19b7 19b8 195f 2a83
  19b8 19b5 195f 27c1
  796 6f4 1960 1981
  a4e ccb 1961 1971
  add d03 1962 267c
  d03 abd 1962 198c
  740 89b 1964 1990
  111f 117e 1965 19bd
  ce9 a7b 1966 196c
  a7b d08 1966 2834
  a53 ce7 1967 197d
  ce7 a78 1967 2a0a
  cc2 cfb 1969 199c
  10a8 10b2 196a 198f
  d0e ced 196b 199b
  ce9 a49 196c 1983
  1069 106a 196d 198d
  106a ff8 196d 1c13
  106a 1001 196e 198d
  ab5 d03 1970 198c
  a78 ccb 1971 20e6
  141a 1482 1972 28d1
  ceb a9a 1975 19ac
  a97 cd0 1976 19ae
  73a 107d 1977 19ba
  107d 73b 1977 1995
  10a3 10b1 1978 197f
  89b 746 1979 1990
  195d 19b1 197b 19d0
  19b1 19b9 197b 1994
  cff d06 197c 19a8
  d17 d18 197e 19cf
  e71 d17 197e 19dd
  10a5 10b1 197f 1a05
  42e 42f 1980 19fd
  44c 42e 1980 1c8b
  6bb 6ba 1982 1a0f
  a9c ceb 1984 19ac
  750 79f 1985 2cbc
  1487 1486 1986 19b2
  1488 1487 1986 1a17
  a5a ce1 1987 1997
  ce1 ce5 1987 1a11
  d09 cb1 1989 19d2
  709 799 198b 199a
  1647 1648 198e 19ab
  10aa 10b2 198f 19dc
  1627 1648 1991 1a7d
  1648 1629 1991 19ab
  1000 107c 1992 19a2
  199b 19b9 1994 19b3
  107d 107e 1995 19c9
  107e 73b 1995 19ef
  a5c ce1 1997 19b1
  a6c e48 1998 25fc
  e48 ae9 1998 2eb4
  10ae 10d0 1999 19e6
  10d0 10d1 1999 19b6
  10d1 10ae 1999 19f9
  d0e cee 199b 2ab1
  cea cfb 199c 199d
  cea cc3 199d 22b8
  1953 19a4 199e 19af
  c1e ce0 199f 2704
  cf5 cf4 19a0 19c5
  cf6 cf5 19a0 265a
  6b9 6bb 19a1 1a0f
  6e5 6e7 19a3 1a19
  5c1 5b2 19a4 19bc
  6db 6dd 19a5 1a18
  f1c f1b 19a7 19c3
  a50 d06 19a8 1a10
  a46 d08 19a9 19bb
  d08 a57 19a9 24c1
  194a 19bb 19aa 24b4
  19bb 1949 19aa 19c4
  a28 d1a 19ad 19c2
  d1a d19 19ad 19f0
  ce1 d21 19b0 19c7
  d21 d23 19b0 19fc
  d23 ce1 19b0 1a11
  a6e ce1 19b1 19c7
  d1b e63 19b4 19df
  e63 e64 19b4 2602
  d05 acf 19b5 24aa
  10d0 107f 19b6 19d9
  1075 107d 19b8 19c9
  107d 1074 19b8 19cd
  135c 136b 19b9 2393
  73f 107d 19ba 19cd
  5c1 5c2 19bc 25d4
  117d 117e 19bd 23c0
  717 79a 19be 19c0
  79a 74b 19be 298b
  d1f e62 19bf 19cc
  d18 d1a 19c1 19f0
  f1c f17 19c3 19e4
  19bb 1956 19c4 19d8
  c19 cf4 19c5 19fb
  1409 14ab 19c6 1a1b
  14ab 14a9 19c6 19ff
  a6e d21 19c7 1a01
  107e 1077 19c8 19e3
  1077 107f 19c8 20dc
  107f 107e 19c8 19d9
  1075 107e 19c9 19e3
  d19 a2d 19ca 19d3
  6e4 771 19cb 1a1c
  e60 e62 19cc 19e7
  a2d d17 19ce 19cf
  a2d d18 19cf 19d3
  193a 19b1 19d0 19da
  caa d09 19d1 19e9
  d09 cae 19d2 19e9
  d19 d18 19d3 19f0
  648 647 19d4 1a25
  1171 1129 19d5 1a27
  1151 114e 19d6 1a28
  1153 1151 19d6 2865
  114f 1151 19d7 1a28
  1152 114f 19d7 2537
  19bb 1959 19d8 22bd
  10d0 107e 19d9 19ef
  d20 d2e 19db 1a2a
  10aa 10b3 19dc 2536
  10b3 10b2 19dc 19e0
  e71 d15 19dd 1f91
  13b3 13a3 19de 1a2e
  13a3 13b4 19de 24cd
  e62 e63 19df 19e7
  10b3 6f9 19e0 1a41
  f1d f1c 19e1 19e4
  5af 5b1 19e2 1a16
  f1d f17 19e4 19e8
  d07 d14 19e5 1a00
  10b0 10d0 19e6 19f8
  e60 e63 19e7 219b
  7e6 7e5 19ea 1a2f
  7e5 7e7 19ea 233f
  7e4 7e6 19eb 1a2f
  169a 1699 19ec 1a30
  1699 169d 19ec 2f92
  a1f d2d 19ed 1a33
  d2d a20 19ed 1a24
  d14 a50 19ee 1a10
  10d0 73b 19ef 19f8
  148d 14ab 19f1 19ff
  14ab 148f 19f1 1a74
  d22 d01 19f2 1a08
  1980 19c7 19f3 24ef
  19c7 1972 19f3 1a0c
  1470 1a22 19f4 1a1e
  1974 19c7 19f5 1a0c
  19c8 1974 19f5 2ca3
  1447 14ac 19f6 1be4
  14ac 1449 19f6 1a46
  149f 1488 19f7 1a17
  10d1 1086 19f9 22d0
  199c 19c9 19fa 1a14
  c1d cf4 19fb 1a04
  d21 a36 19fc 1a63
  42e 42d 19fd 1a35
  42d 42f 19fd 2182
  1487 149f 19fe 1a17
  148d 14a9 19ff 1a0a
  d06 d14 1a00 1a10
  aea d21 1a01 1a79
  10b1 10cf 1a02 1a05
  10cf 10ab 1a02 2188
  42c 42e 1a03 1a35
  42e 55a 1a03 1c5c
  10a5 10cf 1a05 32a4
  1418 14a9 1a06 1a0d
  14a9 141c 1a06 1a0a
  ab6 d2c 1a07 1a32
  d22 d02 1a08 1a2d
  14a7 1474 1a09 1a21
  13c0 1389 1a0b 1a15
  6b8 77b 1a0e 1a3b
  77b 1211 1a0e 1f1d
  6b9 6ba 1a0f 1a3a
  d2c d24 1a12 1a32
  19f4 1a23 1a13 1a69
  1a23 19f2 1a13 1b47
  13c0 138b 1a15 1a1d
  5af 5b0 1a16 1a37
  6db 6da 1a18 1a43
  6e5 6d9 1a19 1a44
  6da 6e5 1a1a 1a44
  14aa 14ab 1a1b 1a8a
  6e4 770 1a1c 1a45
  13c0 1392 1a1d 2d62
  19e1 1a22 1a1e 1a20
  d24 ab6 1a1f 1a32
  1a20 1a22 1a20 276b
  14a7 1476 1a21 1a23
  131f 1325 1a22 1a47
  1326 131f 1a22 2094
  d2d a23 1a24 1a31
  646 647 1a25 1a48
  647 645 1a26 1a48
  1128 1129 1a27 1a49
  1171 1128 1a27 28b9
  114f 114e 1a28 1a4a
  114a 114f 1a29 1a4a
  114f 115c 1a29 28d7
  d20 d2d 1a2a 1a31
  d2d d2e 1a2a 1a2b
  d2d d3e 1a2b 1a33
  d3e d2e 1a2b 1a40
  d0a d27 1a2c 2777
  d27 d22 1a2c 1a2d
  d27 d02 1a2d 2bcd
  13a2 13a3 1a2e 1a4e
  7e4 7e5 1a2f 1a4f
  1695 1699 1a30 1a50
  169a 1695 1a30 26b3
  a1f d3e 1a33 1b36
  6fd 10d3 1a34 1a4c
  42c 42d 1a35 1a55
  42d 42b 1a36 1a55
  430 42d 1a36 22ff
  5af 5ae 1a37 1a56
  5ab 5af 1a38 1a56
  5d9 5ac 1a39 1a57
  6b9 6ae 1a3a 1a59
  6b8 6b9 1a3b 1a59
  a6f d3d 1a3c 203d
  d3d a6a 1a3c 1a3d
  d3d ad7 1a3d 27e9
  d43 d42 1a3e 1a5e
  d44 d43 1a3e 1d25
  d51 d53 1a3f 1a5f
  d53 d54 1a3f 1ed8
  d3e d31 1a40 1b60
  10b3 10d2 1a41 25e5
  10d2 6f9 1a41 1a52
  6ca 6c8 1a42 1a65
  6cb 6ca 1a42 240b
  6d8 6da 1a43 1a66
  6da 6d9 1a44 1a66
  6e4 6c7 1a45 1a64
  14ac 144e 1a46 1a53
  131f 131d 1a47 1a6b
  646 645 1a48 1a6f
  1128 1119 1a49 1a71
  114a 114e 1a4a 1a72
  164a 17e1 1a4b 1a73
  6f7 10d3 1a4c 1a5c
  13eb 14b0 1a4d 1be3
  14b0 13ed 1a4d 1aae
  13a2 13a0 1a4e 1a76
  13a0 13a3 1a4e 2489
  7e4 7e3 1a4f 1a7a
  7e3 7e5 1a4f 22f1
  1695 1696 1a50 1a7b
  1696 1699 1a50 3300
  1696 1692 1a51 1a7b
  16be 1696 1a51 2d86
  10d3 6f9 1a52 1a5c
  14ac 1471 1a53 1bf1
  18b2 18ac 1a54 1a84
  18d5 18b2 1a54 264e
  42c 42b 1a55 1a86
  5ab 5ae 1a56 1a89
  5aa 5ac 1a57 1a88
  a63 d4c 1a58 1a90
  d4c d4e 1a58 1a97
  d4e a63 1a58 1aad
  6b8 6ae 1a59 1a8b
  1594 1595 1a5a 1a8c
  16ad 16ab 1a5b 1a8e
  16ab 16ae 1a5b 2d53
  16ae 16ad 1a5b 26b9
  13f0 14ad 1a5d 1a62
  14ad 13f2 1a5d 1a6e
  b90 d42 1a5e 1a93
  d43 b90 1a5e 1a6d
  d51 d52 1a5f 1a91
  d52 d53 1a5f 1d39
  d4a d43 1a60 1a6d
  d43 d4b 1a60 1cea
  d4b d4a 1a60 1cd2
  b90 d4a 1a61 1a6d
  d4a b8e 1a61 1b69
  13f8 14ad 1a62 1a6a
  d21 d3f 1a63 1a79
  6c8 6c7 1a64 1a95
  6c6 6c8 1a65 1a95
  6d8 6d9 1a66 1a96
  bc8 d55 1a67 1ad4
  d55 bc7 1a67 1ade
  1624 164a 1a68 1adf
  164a 1627 1a68 1a7d
  19f8 1a23 1a69 1a80
  13ff 14ad 1a6a 1a7c
  131e 131d 1a6b 1a9c
  131f 131e 1a6b 21cf
  698 7a0 1a6c 2576
  7a0 68e 1a6c 1a70
  14ad 14aa 1a6e 1a7e
  638 645 1a6f 1aa0
  7a0 690 1a70 1a87
  1127 1119 1a71 1aa2
  1128 1127 1a71 2c6e
  114a 1149 1a72 1aa3
  164a 1646 1a73 1adf
  14ab 14af 1a74 1a8a
  1425 14ae 1a75 1b0b
  14ae 1427 1a75 1a7f
  139a 13a0 1a76 1aa6
  13a2 139a 1a76 1cde
  1a23 1a1c 1a77 1a80
  1a1c 1a24 1a77 2ee5
  1a24 1a23 1a77 1b6c
  ed2 ed4 1a78 1aa9
  ed4 ed5 1a78 2695
  ed5 ed2 1a78 27ee
  aea d3f 1a79 1a9f
  7e1 7e3 1a7a 1aaa
  1695 1692 1a7b 1aab
  14af 14ad 1a7c 1a7e
  14af 14aa 1a7e 1a8a
  14ae 142b 1a7f 2c5c
  103e 103b 1a81 1ab2
  103d 103e 1a82 1ab2
  103e 103f 1a82 24ba
  103f 103d 1a82 275a
  18ad 18aa 1a83 1ab5
  18aa 18ae 1a83 2431
  18b1 18ac 1a84 1ab4
  a1d d4d 1a85 1aa7
  d4d a1c 1a85 1a98
  42a 42b 1a86 1ab7
  7a0 694 1a87 254f
  5aa 5ab 1a88 1aba
  5ab 5a9 1a89 1aba
  6ab 6ae 1a8b 1abd
  1594 1593 1a8c 1abe
  1593 1595 1a8c 2f9b
  5e0 13c1 1a8d 1b03
  16aa 16ab 1a8e 1abf
  a4b d4c 1a8f 1a97
  d4c a33 1a8f 1a94
  a39 d4c 1a90 1aa8
  d51 d50 1a91 1ac4
  d50 d52 1a91 1b98
  d41 b9d 1a92 1a9b
  b90 d41 1a93 1a99
  d4c a35 1a94 1aa8
  6c6 6c7 1a95 1ac8
  6d8 6d6 1a96 1ac9
  a4b d4e 1a97 1b92
  d4d a4d 1a98 1aac
  b8f d41 1a99 1a9b
  dc5 ddb 1a9a 1b11
  ddb dc4 1a9a 1b1e
  f2e 131d 1a9c 1ad0
  f2d f2f 1a9d 1ad1
  f2f f30 1a9d 2370
  f30 f2d 1a9d 2759
  d3f d40 1a9e 1a9f
  d40 a52 1a9e 1fc2
  aea d40 1a9f 2d05
  638 641 1aa0 1ad5
  1116 1117 1aa1 1ad6
  1115 1119 1aa2 1ad7
  1127 1115 1aa2 27d5
  113f 1149 1aa3 1ad8
  1149 113e 1aa4 1ad8
  fb2 10d5 1aa5 1dc4
  10d5 fb3 1aa5 1b1c
  139a 139f 1aa6 1ada
  a21 d4d 1aa7 1ac5
  ed2 ed3 1aa9 1adb
  ed3 ed4 1aa9 2226
  7e1 7e2 1aaa 1adc
  7e2 7e3 1aaa 2246
  1694 1692 1aab 1add
  1695 1694 1aab 2400
  d4d a7c 1aac 1ac6
  d4e a76 1aad 2c71
  14b0 13f1 1aae 1acc
  a4a d4f 1aaf 27fd
  d4f a24 1aaf 1ace
  654 655 1ab0 1ae5
  656 654 1ab0 2465
  63e 640 1ab1 1ae4
  640 64d 1ab1 245c
  103d 103b 1ab2 1ae6
  1034 103d 1ab3 1ae6
  103d 1042 1ab3 2469
  1042 1034 1ab3 237a
  18a9 18ac 1ab4 1ae8
  18b1 18a9 1ab4 26a2
  18ac 18aa 1ab5 1ae8
  426 42a 1ab6 1aeb
  42a 429 1ab7 1aeb
  14b7 147c 1ab8 1be0
  147c 14b8 1ab8 1c1d
  c3b c3d 1ab9 1aed
  c3d c40 1ab9 2d36
  5aa 5a9 1aba 1af2
  161d 164b 1abb 1b3c
  164b 161c 1abb 1b51
  6aa 6ab 1abc 1af6
  6ab 6ac 1abc 1ec1
  6ac 6aa 1abc 23cd
  6ab 6a9 1abd 1af6
  1592 1593 1abe 1af7
  16aa 16a9 1abf 1af8
  16a9 16ab 1abf 2daa
  fb5 10d4 1ac0 1ac1
  10d4 fbe 1ac0 1ad3
  fb7 10d4 1ac1 1acd
  b8b d5a 1ac2 1b45
  d5a b88 1ac2 1cc0
  b84 d50 1ac3 1bc3
  d50 cd4 1ac3 1acf
  cd9 d50 1ac4 1acf
  a21 d4f 1ac5 1ace
  d4f d4d 1ac5 1ac6
  d4f a7c 1ac6 2e36
  6c5 6c6 1ac7 1aff
  777 6c5 1ac7 26dc
  6c6 6b7 1ac8 1aff
  6d7 6d6 1ac9 1afd
  68b 7a1 1aca 1bc8
  7a1 68d 1aca 1ad2
  7cb 7d1 1acb 1b05
  7d1 7d2 1acb 22fb
  14b0 1400 1acc 1e4f
  f2e f2c 1ad0 1b08
  f2d f2e 1ad1 1b08
  bcd d55 1ad4 1aec
  638 4e5 1ad5 1b0d
  1116 1114 1ad6 1b0f
  1115 1116 1ad7 1b0f
  113f 113e 1ad8 1b10
  12ad 12ae 1ad9 1b13
  139a 61c 1ada 1b15
  ed2 ed1 1adb 1b16
  ed1 ed3 1adb 2eb7
  7e1 7df 1adc 1b17
  1691 1692 1add 1b19
  1694 1691 1add 2683
  1624 1646 1adf 1b00
  13ec 14b2 1ae0 1ae9
  14b2 141d 1ae0 2b3e
  5fc 600 1ae1 1b1d
  600 601 1ae1 24da
  1408 14b2 1ae2 26ae
  14b2 13f3 1ae2 1b07
  63a 654 1ae3 1b1f
  654 992 1ae3 2756
  63e 63f 1ae4 1b20
  63f 640 1ae4 283b
  654 653 1ae5 1b1f
  1034 103b 1ae6 1b21
  1575 1576 1ae7 1b22
  1576 1577 1ae7 2845
  18a9 18aa 1ae8 1b23
  13ee 14b2 1ae9 1b07
  a1b d5f 1aea 1b84
  d5f a12 1aea 1f1f
  426 429 1aeb 1b24
  c3b c3c 1aed 1b26
  c3c c3d 1aed 2ba0
  c6e c6d 1aee 1b27
  c6f c6e 1aee 1eef
  c6b c6e 1aef 1b27
  c6e 14cf 1aef 1d74
  1416 14b1 1af0 1af3
  14b1 1432 1af0 27a1
  5da 5a8 1af1 1b29
  5a8 5a9 1af2 1b28
  1462 14b1 1af3 2bd3
  d3e d57 1af4 1b36
  d57 d59 1af4 1b3f
  d59 d3e 1af4 1b60
  6a6 6aa 1af5 1b2e
  6aa 6d4 1af5 2256
  6d4 6a6 1af5 2317
  6aa 6a9 1af6 1b2e
  1592 1590 1af7 1b2f
  1590 1593 1af7 32f3
  16a8 16a9 1af8 1b31
  1424 14b3 1af9 1afb
  14b3 1425 1af9 1b0b
  1646 161f 1afa 1b00
  1459 14b3 1afb 2d7c
  6b6 6c5 1afc 1b39
  6c5 6cf 1afc 2417
  6c9 6d6 1afd 1b38
  6d6 6d5 1afe 1b38
  6d5 776 1afe 252d
  6c5 6b7 1aff 1b39
  7aa 11c4 1b01 1b3b
  11c4 11d1 1b01 2657
  19ca 198b 1b02 1b09
  1354 13c1 1b03 1b1a
  7ca 80c 1b04 1b41
  80c 1027 1b04 2697
  1027 7ca 1b04 23f2
  7cb 7d0 1b05 1b40
  1565 ea6 1b06 1b43
  ea6 1567 1b06 2aa5
  1567 1565 1b06 1f5d
  f2d f2c 1b08 1b44
  19ca 197d 1b09 1b0a
  14b3 14ae 1b0b 2c2c
  7a6 11d3 1b0c 1b49
  11d3 11d4 1b0c 2c9b
  11d4 7a6 1b0c 2527
  442 4e5 1b0d 1b4c
  f9e 880 1b0e 1b4d
  1115 1114 1b0f 1b4e
  113c 113e 1b10 1b4f
  dc9 ddb 1b11 1b30
  fb1 10d8 1b12 1bb8
  10d8 fb0 1b12 2b74
  12ad 12ab 1b13 1b54
  12ab 12ae 1b13 2392
  12ac 12ad 1b14 1b54
  618 61c 1b15 1b55
  139a 618 1b15 1d1d
  ecf ed1 1b16 1b5a
  ed2 ecf 1b16 2ea8
  7e0 7df 1b17 1b5c
  168f 1691 1b18 1b5d
  1691 16bb 1b18 23dd
  1691 1690 1b19 1b5d
  d5c b13 1b1b 1b6d
  b13 d5d 1b1b 1ba1
  d5d d5c 1b1b 1b7b
  10d5 fb6 1b1c 1b3d
  5fc 5ff 1b1d 1b61
  ddb 1563 1b1e 1b35
  1563 dc4 1b1e 1c31
  63a 653 1b1f 1b66
  63e 63d 1b20 1b65
  63d 63f 1b20 2595
  1034 1032 1b21 1b68
  1575 1573 1b22 1b6a
  1573 1576 1b22 2eac
  18a9 18a8 1b23 1b6b
  18a8 18aa 1b23 26f5
  426 40c 1b24 1b6e
  40c 429 1b24 21b3
  174f 1754 1b25 330c
  1754 173c 1b25 1b34
  c3b c37 1b26 1b73
  c6b c6d 1b27 1b75
  5a8 5a6 1b28 1b76
  5a7 5a8 1b29 1b76
  1619 164d 1b2a 1da8
  164d 161b 1b2a 1bde
  465 466 1b2b 1b7a
  466 47e 1b2b 2268
  466 464 1b2c 1b7a
  d60 a6b 1b2d 1b85
  a6b d61 1b2d 1bb7
  d61 d60 1b2d 1b8d
  6a6 6a9 1b2e 1b7c
  158f 1590 1b2f 1b7e
  dcc ddb 1b30 1b42
  16a8 16a6 1b31 1b80
  16a6 16a9 1b31 2dd3
  a1e d57 1b32 1b3f
  d57 a16 1b32 1b37
  fc3 10d5 1b33 1b3d
  10d5 10d6 1b33 1d81
  10d6 fc3 1b33 3035
  1754 173e 1b34 1b53
  ddb 1564 1b35 1b42
  a1f d57 1b36 1b58
  d57 a18 1b37 1b58
  6c9 6d5 1b38 1b89
  6b6 6b7 1b39 1b88
  6d5 6b4 1b3a 1b89
  76f 6d5 1b3a 2322
  7aa 7a9 1b3b 1b8b
  7a9 11c4 1b3b 1c08
  1623 164b 1b3c 1b5e
  d31 d59 1b3e 1b60
  d59 d34 1b3e 1edf
  a1e d59 1b3f 1e89
  7cb 7c9 1b40 1b8f
  7c9 7d0 1b40 1faf
  7ca 7cb 1b41 1b8f
  dcc 1564 1b42 1b52
  1564 ea6 1b43 1b52
  f2b f2c 1b44 1b94
  f2d f2b 1b44 2ce6
  b8e d5a 1b45 1b69
  a2f d58 1b46 1b4a
  d58 a30 1b46 1b5f
  1a23 1a27 1b47 1b6c
  68f 7a3 1b48 1b72
  7a6 7a5 1b49 1b9a
  7a5 11d3 1b49 24f7
  a66 d58 1b4a 1b57
  443 441 1b4b 1b9b
  442 443 1b4c 1b9b
  87f 880 1b4d 1b9d
  1113 1114 1b4e 1b9e
  1115 1113 1b4e 2eba
  113c 113a 1b4f 1ba0
  1140 113b 1b50 1b9f
  164b 164c 1b51 2698
  1754 1741 1b53 297d
  12ac 12ab 1b54 1ba4
  618 61b 1b55 1ba5
  61b 61c 1b55 2e57
  683 7a2 1b56 2e2e
  7a2 67d 1b56 1b59
  a7a d58 1b57 1b7f
  7a2 699 1b59 2128
  ecf ece 1b5a 1bad
  ece ed1 1b5a 2d40
  ecd ecf 1b5b 1bad
  ecf ed0 1b5b 27ed
  ed0 ecd 1b5b 25d8
  7dd 7df 1b5c 1bae
  168f 1690 1b5d 1bb3
  1632 164b 1b5e 2b10
  d58 a4b 1b5f 1b83
  5fc 5f8 1b61 1bb9
  aff d5c 1b62 1b71
  d5c b07 1b62 1b7b
  1423 14b4 1b63 1b78
  14b4 14b5 1b63 2a9a
  14b5 1423 1b63 2d0e
  13df 14b4 1b64 1ca1
  14b4 13ef 1b64 1b78
  639 63d 1b65 1bbc
  63a 639 1b66 1bbd
  637 63a 1b67 1bbd
  1031 1032 1b68 1bbe
  1034 1031 1b68 25d2
  d4a d5a 1b69 1d10
  1570 1573 1b6a 1bbf
  1575 1570 1b6a 1ea0
  18a7 18a8 1b6b 1bc0
  18a9 18a7 1b6b 2b2a
  1a24 1a27 1b6c 1baa
  d5c b06 1b6d 1b96
  40b 40c 1b6e 1bc5
  60a 40b 1b6f 1bc4
  40c 40a 1b70 1bc5
  40d 40c 1b70 2353
  b02 d5c 1b71 1b96
  695 7a3 1b72 1bb4
  c2c c37 1b73 1bc9
  c37 c2d 1b74 1bc9
  c6b c62 1b75 1bcb
  5a7 5a6 1b76 1bcc
  1633 160d 1b77 1bcd
  463 465 1b79 1bcf
  67c 463 1b79 1feb
  465 464 1b7a 1bcf
  6a6 6a5 1b7c 1bd0
  6a5 6d0 1b7d 1bd1
  158f 158e 1b7e 1bd2
  158e 1590 1b7e 2eef
  a7a d5b 1b7f 29e4
  d5b d58 1b7f 1b83
  16a5 16a6 1b80 1bd3
  16a8 16a5 1b80 2e6c
  a15 d60 1b81 1b86
  d60 a19 1b81 1b8d
  13c3 13c5 1b82 1bd5
  13c6 13c3 1b82 2f91
  d5b a4b 1b83 1b92
  a32 d5f 1b84 1ba6
  d60 a4c 1b85 1ba8
  a17 d60 1b86 1ba8
  6b5 6c9 1b87 1bda
  6b6 6b5 1b88 1bdb
  6c9 6b4 1b89 1bda
  11c3 688 1b8a 1bdc
  688 11cd 1b8a 1d01
  11cd 11c3 1b8a 2c37
  684 7a9 1b8b 1b97
  7aa 684 1b8b 2e3c
  1052 7fd 1b8c 1bfa
  d61 a19 1b8d 1cf4
  19ed 1a2b 1b8e 1bec
  1a2b 19eb 1b8e 1dbd
  7ca 7c9 1b8f 1be1
  b89 d62 1b90 1d35
  d62 b82 1b90 1b99
  19f0 1a28 1b91 1bab
  1a28 1a29 1b91 3329
  1a29 19f0 1b91 1c20
  d5b d4e 1b92 272e
  f29 f2a 1b93 1be5
  f2b f29 1b94 1be6
  7a7 689 1b95 1b9c
  680 7a9 1b97 1bdd
  d50 d62 1b98 1bc3
  d62 d52 1b98 1cf8
  d62 b84 1b99 1bc3
  67f 7a5 1b9a 1ba7
  7a6 67f 1b9a 2bdf
  442 441 1b9b 1bee
  7a7 68b 1b9c 1bc8
  87f 87a 1b9d 1bf2
  1113 1112 1b9e 1bf3
  1139 113b 1b9f 1bf5
  113b 113a 1ba0 1bf5
  b18 d5d 1ba1 2445
  18cf 18ce 1ba2 1bf8
  18ce 18d0 1ba2 2c4b
  124d 1020 1ba3 2c44
  12aa 12ab 1ba4 1bfb
  618 60d 1ba5 1bfd
  60d 61b 1ba5 26ef
  a52 d5f 1ba6 1f38
  679 7a5 1ba7 1ba9
  67e 7a5 1ba9 287e
  1a24 1a28 1baa 2acd
  1a28 1a27 1baa 1bab
  19d7 19d5 1bac 1bff
  ecd ece 1bad 1c01
  7dd 7dc 1bae 1c02
  7da 7d9 1baf 1c04
  7dc 807 1bb0 1c05
  807 80b 1bb0 2118
  89d 89c 1bb1 1c07
  89c 8a0 1bb1 1c0d
  8a0 89d 1bb1 299e
  85d 89d 1bb2 1bc2
  89d 89e 1bb2 2640
  168f 168e 1bb3 1c0a
  168e 1690 1bb3 29dd
  695 7a4 1bb4 1cc7
  7a4 7a3 1bb4 1bb5
  7a4 697 1bb5 1d17
  1401 14b6 1bb6 1e94
  14b6 13e8 1bb6 1bc1
  ad8 d61 1bb7 1d1c
  fb4 10d8 1bb8 1bdf
  5fa 5f8 1bb9 1c0e
  5f9 5fa 1bba 1c0e
  134c 134f 1bbb 1c10
  1350 134c 1bbb 28a8
  639 636 1bbc 1c15
  637 639 1bbd 1c15
  1031 102e 1bbe 1c17
  102e 1032 1bbe 1ffe
  1570 1572 1bbf 1c1a
  1572 1573 1bbf 2f03
  18a7 18a5 1bc0 1c1c
  18a5 18a8 1bc0 2da4
  14b6 13eb 1bc1 1be3
  85b 89d 1bc2 1c07
  409 40b 1bc4 1c21
  40b 40a 1bc5 1c21
  14be 14bf 1bc6 1c23
  14c1 14be 1bc7 1c22
  c2c c2d 1bc9 1c24
  c2d c2b 1bca 1c24
  c5c c62 1bcb 1c25
  5a4 5a6 1bcc 1c28
  160c 160d 1bcd 1c2a
  1633 160c 1bcd 2648
  f06 f05 1bce 1c2c
  f07 f06 1bce 276f
  463 464 1bcf 1c2d
  6a4 6a5 1bd0 1c2e
  6a6 6a4 1bd0 2524
  6a5 6a3 1bd1 1c2e
  158d 158e 1bd2 1c2f
  16a5 16a4 1bd3 1c30
  16a4 16a6 1bd3 2e17
  65d 13c8 1bd4 27d3
  13c8 13a7 1bd4 1c8f
  13c3 13ae 1bd5 1c32
  13ae 13c5 1bd5 1cb7
  19ec 1a2a 1bd6 22ca
  1a2a 19ee 1bd6 1be2
  17bf 17b6 1bd7 1c35
  17b6 17c0 1bd7 1d16
  7a8 11c3 1bd8 1bdc
  11c3 11f5 1bd8 29a9
  11f5 7a8 1bd8 1bd9
  7a9 7a8 1bd9 1bdd
  11f5 7a9 1bd9 1c08
  6b5 6b4 1bda 1c36
  6b3 6b5 1bdb 1c36
  7a8 688 1bdc 1be9
  680 7a8 1bdd 1be7
  164d 161e 1bde 1c0b
  fc2 10d8 1bdf 2766
  14b7 1441 1be0 1bea
  7c0 7c9 1be1 1c3d
  7ca 7c0 1be1 26a4
  14b6 14b0 1be3 1ebd
  1447 14b7 1be4 1c19
  f29 f27 1be5 1c42
  f28 f29 1be6 1c42
  f2b f28 1be6 2b09
  67b 7a8 1be7 1be9
  1317 1316 1be8 1c43
  1316 1318 1be8 2ce8
  1318 1317 1be8 2568
  14b7 1444 1bea 1c19
  666 7ac 1beb 2b1a
  7ac 667 1beb 1caa
  19f0 1a2b 1bec 1c20
  8a0 8a1 1bed 1c0d
  1180 8a0 1bed 2d70
  440 441 1bee 1c46
  63b 440 1bef 1c45
  dc1 156e 1bf0 1bfe
  156e dc2 1bf0 1c81
  14b8 1471 1bf1 1c2b
  87e 87a 1bf2 1c47
  1111 1112 1bf3 1c48
  1112 110e 1bf4 1c48
  1139 113a 1bf5 1c4b
  1621 164d 1bf6 1c0b
  164d 164e 1bf6 1d6a
  164e 1621 1bf6 1da6
  18ab 18cb 1bf7 1c4f
  18cb 18cc 1bf7 2db3
  18cc 18ab 1bf7 25ca
  18a0 18ce 1bf8 1c4e
  18ce 18cd 1bf9 1c4e
  18cd 18d1 1bf9 249d
  18d1 18ce 1bf9 271e
  1009 7fd 1bfa 1c51
  12aa 114d 1bfb 1c52
  114d 12ab 1bfb 25fe
  60d 60b 1bfc 1c53
  60e 60d 1bfc 2bd6
  60c 60d 1bfd 1c53
  618 60c 1bfd 1cdd
  dc4 156e 1bfe 1c31
  19d4 19d5 1bff 1c55
  19d5 198f 1c00 1c55
  198f 19f5 1c00 1f4a
  ecd ecc 1c01 1c56
  ecc ece 1c01 2df0
  7d8 7dc 1c02 1c58
  7d9 7d8 1c03 1c59
  7d7 7d9 1c04 1c59
  7dc 7d6 1c05 1c58
  1a2b 1a29 1c06 1c20
  1a29 1a2c 1c06 2d61
  1a2c 1a2b 1c06 1d7b
  85b 89c 1c07 1c14
  11f5 11c4 1c08 2e5f
  168e 168d 1c09 1c5a
  168d 16af 1c09 2a6a
  16af 168e 1c09 25e6
  168c 168e 1c0a 1c5a
  8a1 861 1c0c 1c38
  89c 8a1 1c0d 1c33
  5f9 5f8 1c0e 1c5e
  156d 156e 1c0f 1c80
  156e 1563 1c0f 1c31
  134c 1349 1c10 1c5f
  ff8 10da 1c11 1c13
  10da 100e 1c12 1c41
  106a 10da 1c13 1c41
  85a 89c 1c14 1c1f
  637 636 1c15 1c63
  65b 995 1c16 1c62
  996 65b 1c16 29ca
  102c 102e 1c17 1c65
  102e 102d 1c18 1c65
  102f 102e 1c18 20bb
  1570 156f 1c1a 1c67
  156f 1572 1c1a 1cb1
  18a5 18a4 1c1b 1c68
  18a4 18a6 1c1b 2812
  18a6 18a5 1c1b 27b2
  18a3 18a5 1c1c 1c68
  147c 14b9 1c1d 1c87
  14b9 14b8 1c1d 1c1e
  147d 14b8 1c1e 1c2b
  85f 89c 1c1f 1c33
  409 40a 1c21 1c6a
  14bb 14be 1c22 1c6d
  14be 14bd 1c23 1c6d
  c2c c2b 1c24 1c6f
  c5c c5a 1c25 1c70
  c5b c5c 1c26 1c70
  1122 1180 1c27 2807
  5a4 5a5 1c28 1c73
  59c 598 1c29 1c74
  160c 160b 1c2a 1c75
  f04 f05 1c2c 1c77
  463 462 1c2d 1c78
  6a4 6a3 1c2e 1c7a
  158d 158c 1c2f 1c7c
  158c 158e 1c2f 2ec8
  169c 16a4 1c30 1c7d
  13c2 13ae 1c32 1c39
  13c3 13c2 1c32 32de
  85f 8a1 1c33 1c38
  59a 59e 1c34 1c82
  59e 59f 1c34 285e
  17be 17b6 1c35 1c83
  6b3 6b4 1c36 1c86
  674 7ae 1c37 1d04
  7ae 671 1c37 21c6
  13c2 13ab 1c39 1c3c
  7f0 8a2 1c3a 1c3b
  812 8a2 1c3b 1c5d
  13c2 13ad 1c3c 2f3a
  7c0 7be 1c3d 1c8d
  7be 7c9 1c3d 2046
  7bf 7c0 1c3e 1c8d
  7c0 7c1 1c3e 23f1
  7c1 7bf 1c3e 247d
  1010 10db 1c3f 1c40
  10db 1053 1c3f 1c4c
  f28 f27 1c42 1c91
  f22 1316 1c43 1c94
  5c4 5e3 1c44 1c54
  5e3 5c0 1c44 1e5f
  428 440 1c45 1c96
  440 43f 1c46 1c96
  879 87a 1c47 1c97
  1111 110e 1c48 1c98
  110d 1111 1c49 1c98
  1138 1146 1c4a 1c9a
  1139 1138 1c4b 1c99
  d6e d6f 1c4d 1c9c
  18a0 18cd 1c4e 1c9e
  18ab 18ca 1c4f 1c9d
  d52 d6b 1c50 1cf8
  d6b d6c 1c50 1cfe
  d6c d52 1c50 1d39
  8a2 7fd 1c51 1c5d
  12a8 114d 1c52 1ca0
  12aa 12a8 1c52 249e
  60c 60b 1c53 1ca3
  19d4 198f 1c55 1c66
  eca ecc 1c56 1ca6
  ecd eca 1c56 29cd
  7de 802 1c57 1ca8
  806 7de 1c57 20a3
  7d8 7d6 1c58 1ca9
  7d7 7d8 1c59 1ca9
  168c 168d 1c5a 1cab
  55a 62e 1c5b 1c5c
  62e 624 1c5b 1c8c
  42e 62e 1c5c 1c8b
  5f6 5f8 1c5e 1cb4
  134b 1349 1c5f 1cb5
  134c 134b 1c5f 28ac
  ef7 d7a 1c60 1cb8
  d7a ef8 1c60 25a6
  ef8 ef7 1c60 28fa
  198d 19d4 1c61 1c66
  65b 635 1c62 1cb9
  635 636 1c63 1cba
  102d 102b 1c64 1cbb
  102c 102d 1c65 1cbb
  dc2 156f 1c67 1c81
  1570 dc2 1c67 1ef8
  18a3 18a4 1c68 1cbe
  18a4 18a2 1c69 1cbe
  18b3 18a4 1c69 24ac
  409 408 1c6a 1cc2
  404 409 1c6b 1cc2
  14bd 14bc 1c6c 1cc6
  14bc 14c0 1c6c 1f09
  14bb 14bd 1c6d 1cc6
  14b9 14ba 1c6e 1c87
  14ba 14bb 1c6e 1ce3
  c29 c2b 1c6f 1cc9
  c5b c5a 1c70 1cca
  c57 c5b 1c71 1cca
  597 59b 1c72 1ccb
  59d 597 1c72 273e
  5a4 5a3 1c73 1ccc
  59b 598 1c74 1ccb
  59c 59b 1c74 28b4
  1609 160b 1c75 1cce
  160b 160a 1c76 1cce
  f04 f02 1c77 1cd0
  461 462 1c78 1cd1
  463 461 1c78 209c
  146f 14ba 1c79 1ced
  14ba 1440 1c79 1c7e
  6a2 6a3 1c7a 1cd3
  6a4 6a2 1c7a 2132
  6a1 6e8 1c7b 1cd4
  6e8 766 1c7b 2326
  158b 158c 1c7c 1cd5
  169c 16a3 1c7d 1cd8
  16a3 16a4 1c7d 2ead
  14ba 147c 1c7e 1c87
  13dd 1500 1c7f 2ac3
  1500 13df 1c7f 1ca1
  156d 156f 1c80 1cbf
  156f 156e 1c80 1c81
  59a 599 1c82 1cdf
  599 59e 1c82 2937
  17ae 17b6 1c83 1ce1
  17be 17ae 1c83 2582
  17b7 17aa 1c84 1c90
  17aa 17b8 1c84 2ac6
  17b8 17b7 1c84 2809
  670 7b0 1c85 2368
  7b0 672 1c85 1d82
  6b3 6b2 1c86 1ce6
  45c 45b 1c88 1e24
  45b 7b2 1c88 1eca
  dab da9 1c89 1cee
  dad dab 1c89 1fbc
  daa dab 1c8a 1cee
  7bf 7be 1c8d 1cf1
  7bc 7bf 1c8e 1cf1
  7bf 7c2 1c8e 22b0
  7c2 7bc 1c8e 2d55
  13c8 13ae 1c8f 1cb7
  17b7 17a8 1c90 1ce2
  f26 f27 1c91 1cfa
  f28 f26 1c91 27c3
  17c0 17ca 1c92 1cfb
  17ca 1b0b 1c92 2945
  a13 d64 1c93 1caf
  d64 a11 1c93 1c95
  f22 f25 1c94 1cff
  f25 1316 1c94 2843
  d64 a1a 1c95 1ca4
  428 43f 1c96 1d08
  879 878 1c97 1d09
  110d 110e 1c98 1d0b
  1137 1138 1c99 1d0c
  1138 1136 1c9a 1d0c
  d9c d9b 1c9b 1d0d
  d6e d44 1c9c 1d11
  18ab 189d 1c9d 1d12
  18a0 189e 1c9e 1d13
  189f 18a0 1c9f 1d13
  114c 114d 1ca0 1d15
  1500 14b4 1ca1 2a9b
  1390 13b5 1ca2 1d19
  608 60b 1ca3 1d1b
  d64 a65 1ca4 1cd6
  b7f d65 1ca5 1cad
  d65 b80 1ca5 1ccf
  eca ec9 1ca6 1d1f
  ec9 ecc 1ca6 2b79
  ec8 eca 1ca7 1d1f
  eca ecb 1ca7 25d7
  7de 800 1ca8 1d20
  7d7 7d6 1ca9 1d21
  7ac 678 1caa 1ce4
  168c 168b 1cab 1d23
  168b 168d 1cab 280a
  676 7ab 1cac 1cb3
  7ab 677 1cac 1cda
  b88 d65 1cad 1cc0
  c65 1a3f 1cae 1f67
  1a3f c66 1cae 224b
  a19 d64 1caf 1cdb
  411 412 1cb0 1d28
  156f 1578 1cb1 1cbf
  1578 1572 1cb1 32ef
  14e5 14e6 1cb2 1d29
  686 7ab 1cb3 1cc8
  5f6 5f7 1cb4 1d2a
  1348 1349 1cb5 1d2d
  134b 1348 1cb5 29c1
  1345 1365 1cb6 1d2c
  1365 13d9 1cb6 2aad
  13c8 13c5 1cb7 2c6a
  b05 d7a 1cb8 1d30
  634 635 1cb9 1d32
  65b 634 1cb9 28b0
  635 633 1cba 1d32
  102c 102b 1cbb 1d34
  1044 1043 1cbc 1d33
  102a 1044 1cbd 1d33
  18a3 18a2 1cbe 1d36
  156d 1578 1cbf 1eda
  d5a d65 1cc0 1ce0
  3fb 3fa 1cc1 1d3a
  431 3fb 1cc1 1f5a
  404 408 1cc2 1d3b
  d68 b0c 1cc3 1cd9
  17b6 17b5 1cc4 1ce1
  17b5 17c9 1cc4 1cc5
  17c9 17b6 1cc4 1d16
  17b5 17b7 1cc5 1ce2
  17b7 17c9 1cc5 2e61
  14bb 14bc 1cc6 1ce3
  11f6 7a4 1cc7 1d14
  697 7ab 1cc8 1ce8
  c29 c2a 1cc9 1d40
  c57 c5a 1cca 1d42
  597 598 1ccb 1d46
  5a1 5a3 1ccc 1d47
  160a 1608 1ccd 1d49
  1608 160f 1ccd 2195
  1609 160a 1cce 1d49
  d65 b89 1ccf 1cec
  f03 f02 1cd0 1d4c
  461 460 1cd1 1d4e
  d4b d69 1cd2 1d27
  d69 d4a 1cd2 1d10
  6a2 6a0 1cd3 1d54
  6a1 6a2 1cd4 1d54
  6a2 6e8 1cd4 22a2
  158b 1589 1cd5 1d56
  1589 158c 1cd5 2e0b
  d64 d66 1cd6 1cdb
  d66 a65 1cd6 1cef
  1698 169c 1cd7 1d58
  16bc 1698 1cd7 2949
  169c 169b 1cd8 1d58
  169b 16a3 1cd8 2e9b
  d68 b15 1cd9 1d0f
  7ab 687 1cda 1cf2
  a19 d66 1cdb 1cf4
  af2 d67 1cdc 1d0e
  d67 af1 1cdc 1ce9
  618 13c9 1cdd 1d1d
  13c9 139a 1cde 1d1d
  592 599 1cdf 1d5f
  d5a d69 1ce0 1d10
  d69 d65 1ce0 1cec
  17ae 17b5 1ce1 1cf9
  17b5 17a8 1ce2 1cf5
  14ba 14bc 1ce3 1ced
  7ac 683 1ce4 2cf2
  763 6a7 1ce5 1d64
  6a7 6b2 1ce6 1d63
  1a16 1a2e 1ce7 1db3
  1a2e 1a10 1ce7 1cf6
  697 7ad 1ce8 1d17
  7ad 7ab 1ce8 1cf2
  d67 afb 1ce9 1cfd
  d43 d6d 1cea 1d25
  d6d d4b 1cea 1d2f
  11f7 11f6 1ceb 2817
  d69 b89 1cec 1d44
  146f 14bc 1ced 1f63
  daa da9 1cee 1d67
  d66 a67 1cef 1d05
  1a32 1ac3 1cf0 1d6b
  1ac3 1ac4 1cf0 2dfd
  1ac4 1a32 1cf0 3324
  7bc 7be 1cf1 1d6e
  7ad 687 1cf2 1d57
  1a18 1a2e 1cf3 1d45
  1a2e 1a05 1cf3 1da0
  d61 d66 1cf4 1d0a
  17b5 17a7 1cf5 1cf9
  1a2e 1a0f 1cf6 1d45
  f0e f26 1cf7 1d7a
  f26 b3d 1cf7 2ec1
  d62 d6b 1cf8 1d35
  f26 f21 1cfa 1d7a
  17c0 17c9 1cfb 1d16
  17c9 17ca 1cfb 280b
  7ad 7a4 1cfc 1d17
  7a4 11cc 1cfc 1d14
  11cc 7ad 1cfc 1d38
  d67 b01 1cfd 1d1e
  d6b d4b 1cfe 1d27
  d4b d6c 1cfe 1d2f
  f22 f20 1cff 1d7c
  f20 f25 1cff 244c
  f21 f22 1d00 1d7c
  688 11f8 1d01 1d3d
  11f8 11cd 1d01 2387
  d70 187d 1d02 2e49
  69d 7ae 1d03 20ad
  7ae 681 1d03 1d3e
  67a 7ae 1d04 1d3e
  d66 d6a 1d05 1d0a
  d6a a67 1d05 1d18
  5eb 5ed 1d06 1d88
  5ed 5fd 1d06 1e9c
  5fd 5eb 1d06 210d
  421 649 1d07 1d8a
  64b 421 1d07 21be
  428 427 1d08 1d8b
  86b 878 1d09 1d8c
  d61 d6a 1d0a 1d1c
  110d 110a 1d0b 1d8d
  1137 1136 1d0c 1d8f
  d9a d9b 1d0d 1d90
  afc d67 1d0e 1d26
  d6d d44 1d11 1d25
  d6e d6d 1d11 1d71
  18a1 189d 1d12 1d93
  18ab 18a1 1d12 29be
  189f 189e 1d13 1d92
  11f6 11cc 1d14 2e5a
  114c 114b 1d15 1d95
  114b 114d 1d15 2391
  1390 1398 1d19 1d9a
  607 608 1d1a 1d99
  608 606 1d1b 1d99
  d67 d76 1d1e 1d26
  d76 b01 1d1e 1d4f
  ec8 ec9 1d1f 1d9d
  7de 7d5 1d20 1d9e
  7d5 7d6 1d21 1d9f
  1298 12b8 1d22 2c27
  12b8 1296 1d22 1dc6
  f4d 168b 1d23 1da2
  18ba 18dc 1d24 2521
  18dc 18b9 1d24 1d31
  afc d76 1d26 1d79
  d6b d69 1d27 1d44
  411 410 1d28 1da9
  410 412 1d28 2312
  14e5 14e4 1d29 1dab
  5f6 5f5 1d2a 1dac
  1346 1348 1d2b 1dad
  1348 134a 1d2b 29c3
  1345 1364 1d2c 1dae
  1364 1365 1d2c 2a5f
  1348 1347 1d2d 1dad
  1344 13da 1d2e 1daf
  13da 1433 1d2e 1d96
  1433 1344 1d2e 2b91
  d6d d6c 1d2f 1d78
  b05 d79 1d30 1d51
  d79 d7a 1d30 27ca
  18dc 18bc 1d31 1d6f
  634 633 1d32 1db6
  102a 1043 1d33 1db9
  1029 102b 1d34 1db8
  b89 d6b 1d35 1d44
  189a 18a2 1d36 1dbb
  18af 189a 1d37 1dbc
  18d2 18af 1d37 2e94
  11cc 11f8 1d38 21e2
  11f8 7ad 1d38 1d57
  d6c d53 1d39 1d7d
  3f2 3fa 1d3a 1dbf
  3fb 3f2 1d3a 26e4
  404 403 1d3b 1dc0
  d77 afd 1d3c 1d5d
  d78 d77 1d3c 27ce
  687 11f8 1d3d 1d57
  c1a c29 1d3f 1dca
  c29 c28 1d40 1dca
  c5e c69 1d41 1dcb
  c69 c6c 1d41 202e
  c57 c44 1d42 1dcc
  b51 b50 1d43 1dcd
  b52 b51 1d43 2430
  597 596 1d46 1dcf
  5a1 5a0 1d47 1dd0
  1642 1630 1d48 2994
  1609 1608 1d49 1dd1
  f84 f86 1d4a 1dd4
  f86 f85 1d4b 1dd4
  f01 f02 1d4c 1dd5
  187a 1879 1d4d 1dd6
  45b 460 1d4e 1e23
  461 45b 1d4e 1eca
  d76 b03 1d4f 1d50
  d76 d79 1d50 1d5b
  d79 b03 1d50 1d51
  5b4 3ec 1d52 1e47
  3ec 3f9 1d53 1e46
  3f9 432 1d53 2201
  6a1 6a0 1d54 1e49
  673 6a1 1d55 1e49
  1588 1589 1d56 1e4a
  158b 1588 1d56 21a9
  1698 169b 1d58 1e4d
  fae 10dc 1d59 1d7e
  10dc fa6 1d59 1d5e
  7af 64f 1d5a 1d69
  d76 d77 1d5b 1d79
  d77 d79 1d5b 2ec0
  1402 14c2 1d5c 1d84
  14c2 13e4 1d5c 1d60
  d77 afc 1d5d 1d79
  10dc fa8 1d5e 1d72
  592 58e 1d5f 1e5e
  14c2 13e6 1d60 1d73
  1617 164f 1d61 2029
  164f 1616 1d61 1d70
  b0f f01 1d62 1f0a
  6a7 46b 1d63 1e7a
  46b 6b2 1d63 2275
  54f 6a7 1d64 1e7a
  f34 f37 1d65 1e83
  f37 f38 1d65 2aff
  f36 f33 1d66 1e82
  da7 da9 1d67 1e85
  daa da7 1d67 2282
  7af 66c 1d69 2305
  164d 164f 1d6a 1da8
  164f 164e 1d6a 20f8
  1a32 1a13 1d6b 1e8a
  1a13 1ac3 1d6b 1ed9
  19df 1a30 1d6c 1d7f
  1a30 19e0 1d6c 1ef2
  14c7 14c8 1d6d 1e8f
  7bc 7bb 1d6e 1e90
  7bb 7be 1d6e 1fad
  164f 1619 1d70 1da8
  d7b d6d 1d71 1d78
  10dc fb2 1d72 1d94
  14c2 1401 1d73 1da4
  c6e 14ce 1d74 1ec9
  6dc 768 1d75 1e99
  768 769 1d75 2eb0
  769 6dc 1d75 222d
  768 767 1d76 1e99
  1a6e 1a71 1d77 1e9b
  1a71 1a72 1d77 2007
  1a72 1a6e 1d77 2daf
  d7b d6c 1d78 1d7d
  f0e f21 1d7a 1ea3
  1a2c 1a30 1d7b 1ede
  1a30 1a2b 1d7b 1dbd
  f21 f20 1d7c 1ea3
  d7b d53 1d7d 1f32
  fc1 10dc 1d7e 1d9b
  19eb 1a30 1d7f 1dbd
  10d5 10dd 1d81 1dc4
  10dd 10d6 1d81 2628
  7b0 685 1d82 1dc2
  424 41d 1d83 1ea7
  41d 425 1d83 2e64
  141e 14c2 1d84 1daa
  1450 14c3 1d85 1d89
  1a11 1a31 1d86 1da5
  1a31 1a14 1d86 1eac
  5ea 5eb 1d87 1ead
  5eb 5ec 1d87 2022
  5ec 5ea 1d87 247a
  5eb 5e9 1d88 1ead
  5e9 5ed 1d88 2207
  1457 14c3 1d89 2cef
  421 420 1d8a 1eaf
  420 427 1d8b 1eae
  86b 86a 1d8c 1eb3
  1107 110a 1d8d 1eb4
  d34 d7d 1d8e 1e9d
  d7d d35 1d8e 26a6
  1135 1136 1d8f 1eb6
  1137 1135 1d8f 20df
  d9a d99 1d90 1eb7
  d99 d9b 1d90 21f7
  1426 14c5 1d91 1e5c
  14c5 1420 1d91 1ddf
  189c 189e 1d92 1ebc
  189e 189d 1d93 1ebc
  10dc 10dd 1d94 1d9b
  10dd fb2 1d94 1dc4
  1148 114b 1d95 1ebf
  114c 1148 1d95 274c
  14c4 1433 1d96 289a
  5b9 5e4 1d97 1da3
  611 1390 1d98 1ec4
  607 606 1d99 1ec2
  1390 60f 1d9a 1ec4
  fc1 10dd 1d9b 262b
  1429 14c6 1d9c 1dc3
  14c6 1426 1d9c 1e5c
  ec8 ec7 1d9d 1ecd
  ec7 ec9 1d9d 2c34
  7d3 7d5 1d9e 1ece
  7de 7d3 1d9e 1fef
  7d5 7d4 1d9f 1ece
  1a2e 1a2f 1da0 1db3
  1a2f 1a05 1da0 2d6f
  112d 112b 1da1 1ed2
  112b 1132 1da1 277c
  1132 112d 1da1 29d5
  f4d 1324 1da2 1ed4
  1324 168b 1da2 2b21
  5c0 5e4 1da3 1e5f
  14c2 14c5 1da4 1daa
  14c5 1401 1da4 1e9f
  1a13 1a31 1da5 1e8a
  164e 17dc 1da6 1f4d
  47b 6b0 1da7 1e55
  7b1 47b 1da7 206b
  3f0 410 1da9 1edd
  141e 14c5 1daa 1ddf
  14e3 14e4 1dab 1ee2
  5f3 5f5 1dac 1ee3
  1346 1347 1dad 1ee6
  1345 1343 1dae 1ee5
  1344 1345 1daf 1ee5
  1347 1342 1db0 1ee6
  dc3 ddc 1db1 1e95
  ed8 eda 1db2 1ee8
  eda edb 1db2 226b
  edb ed8 1db2 265e
  1a16 1a2f 1db3 3323
  17b2 17ac 1db4 1ee9
  17ac 17b3 1db4 28ec
  17b3 17b2 1db4 299b
  4d3 49f 1db5 21ac
  49f 8b0 1db5 1e91
  8b0 4d3 1db5 20d7
  630 633 1db6 1eec
  634 630 1db6 29ec
  633 632 1db7 1eec
  1029 102a 1db8 1eee
  102a 1028 1db9 1eee
  ddc dbf 1dba 1e95
  189a 1897 1dbb 1ef3
  1899 189a 1dbc 1ef3
  3ef 3f2 1dbe 1ef7
  3f2 5bc 1dbe 2414
  3f2 3f1 1dbf 1ef7
  400 403 1dc0 1efc
  401 400 1dc1 1efb
  61d 401 1dc1 2d74
  1429 14ca 1dc3 1ecc
  14ca 14c6 1dc3 1eaa
  1291 12b7 1dc5 1e5a
  12b7 128f 1dc5 2775
  12b7 1296 1dc6 1e5a
  12b8 12b7 1dc6 32ce
  15c c30 1dc7 1e00
  d88 15c 1dc7 1fd5
  5e4 5e3 1dc8 1e5f
  487 4c7 1dc9 2257
  8ae 487 1dc9 215d
  c1a c28 1dca 1e70
  c5e c67 1dcb 1e72
  c43 c44 1dcc 1e74
  a51 b50 1dcd 1e75
  b51 a51 1dcd 2233
  596 595 1dce 1f03
  594 596 1dcf 1f03
  597 594 1dcf 2c95
  595 5a0 1dd0 1f02
  1607 1608 1dd1 1f04
  1610 1607 1dd2 1f05
  1640 1610 1dd2 2e18
  f82 f8a 1dd3 1f07
  f8a f8c 1dd3 2378
  f84 f85 1dd4 1f06
  f01 f00 1dd5 1f0a
  1877 1879 1dd6 1f0b
  187a 1877 1dd6 278d
  1879 1878 1dd7 1f0b
  16d 544 1dd9 27eb
  544 16e 1dd9 27b9
  166 95d 1dda 26b1
  95d 167 1dda 2747
  179 bd6 1ddb 1e61
  16a 95e 1ddc 27b4
  95e 16b 1ddc 27ec
  163 543 1de1 24ee
  543 164 1de1 264c
  175 c25 1de2 1e62
  c25 176 1de2 202a
  186 bb4 1de3 1e65
  168 95a 1de5 2748
  95a 169 1de5 27b3
  18f 50e 1de7 1e84
  191 b92 1de8 1e64
  18b bb1 1de9 1e63
  173 95b 1ded 2971
  b9f 18e 1dee 1e93
  199 aaf 1df4 1e66
  156 c3a 1df7 1e6e
  17b bd5 1df8 1e67
  181 bc9 1dfd 1e68
  bc9 182 1dfd 1e69
  1a2 aa5 1dff 1e6a
  15b c30 1e00 1e6d
  177 545 1e02 202c
  1a6 aa8 1e04 1e6b
  1ac a37 1e08 1e6c
  1b2 a31 1e0d 1e6f
  15e c1a 1e0e 1e70
  507 1b5 1e0f 2793
  c1b 161 1e11 2407
  c46 158 1e12 1e71
  1b6 a2e 1e14 2792
  a2e 1b7 1e14 257a
  1b9 9e1 1e15 26b4
  9e1 1ba 1e15 2523
  1bb 9e6 1e16 251f
  14c c5e 1e1a 1e72
  152 c43 1e1b 1e74
  c43 153 1e1b 1e73
  1c0 a51 1e1d 1e75
  9e5 1c5 1e20 2796
  1c6 513 1e22 2795
  45b 458 1e23 1f0d
  459 45b 1e24 1f0d
  146 1442 1e25 2a55
  1442 147 1e25 1e76
  b08 1d3 1e2d 1eab
  1d7 b1e 1e31 1e77
  514 1de 1e33 2611
  1df b39 1e34 260d
  3ec 3eb 1e46 1f10
  3ea 3ec 1e47 1f10
  6a0 69f 1e48 1f11
  673 6a0 1e49 1f11
  1588 1587 1e4a 1f12
  1587 1589 1e4a 2d65
  1585 1588 1e4b 1f12
  1588 159a 1e4b 234e
  1698 1697 1e4d 1f14
  14b0 14ca 1e4f 1ebd
  14ca 1400 1e4f 1e87
  d80 a0e 1e51 1e78
  15eb 208 1e53 26f1
  20a 9c2 1e54 25ec
  47b 47a 1e55 1f1b
  47a 6b0 1e55 21a3
  a14 d80 1e59 1ec8
  9b3 210 1e5b 2270
  14c6 14c5 1e5c 1e9f
  58d 5d3 1e5d 1f21
  5d3 5d5 1e5d 2e1c
  591 58e 1e5e 1f22
  592 591 1e5e 1e7b
  4b6 30c 1e60 225b
  30c 4bc 1e60 20c1
  4bc 4b6 1e60 1f34
  b7b aaf 1e66 2721
  c7d bd5 1e67 201a
  b70 aa5 1e6a 205d
  c71 c30 1e6d 1eb2
  b5d a31 1e6f 2677
  d80 a10 1e78 1ec8
  13ca 5dc 1e79 2d1f
  54f 46b 1e7a 1f27
  8fc 591 1e7b 22a0
  62a 65c 1e7c 1f76
  142e 14cb 1e7d 1ea5
  14cb 142a 1e7d 1ed5
  212 9b4 1e7e 2e43
  17c2 17bb 1e7f 1f2d
  1569 1579 1e80 301f
  1579 156c 1e80 1e81
  1579 156d 1e81 1eda
  f35 f33 1e82 1f30
  f34 f35 1e83 1f30
  18f d82 1e84 1f40
  da7 da8 1e85 1f35
  14ca 14cb 1e87 1ecc
  14cb 1400 1e87 1ee7
  45a 45e 1e88 1f3a
  66e 45a 1e88 2278
  d81 d59 1e89 1edf
  1a32 1a31 1e8a 3322
  1744 1745 1e8b 1f3d
  1745 1746 1e8b 2a97
  1746 1744 1e8b 2a1e
  1745 1743 1e8c 1f3d
  1743 1749 1e8c 2562
  1749 1745 1e8c 29f8
  144b 14c7 1e8e 1eb0
  14c7 1452 1e8f 1eb0
  7ba 7bb 1e90 1f3e
  7bc 7ba 1e90 2791
  49f 4a2 1e91 1fa4
  dbd ddd 1e92 1eba
  ddd dbb 1e92 21cc
  d82 18e 1e93 1f40
  1401 14c6 1e94 1e9f
  14c6 14b6 1e94 1eaa
  13f9 14cc 1e97 1eeb
  14cc 13fb 1e97 1eb1
  43e 33b 1e98 22da
  6dc 767 1e99 1f48
  1a6f 1a6c 1e9a 1f4b
  1a6e 1a6f 1e9b 1f4b
  1a6f 1a71 1e9b 2e95
  5ed 5f3 1e9c 1fce
  d34 d81 1e9d 1edf
  d81 d7d 1e9d 1e9e
  a68 d7d 1e9e 2140
  157a 1570 1ea0 1ef8
  dc2 157a 1ea1 1ef8
  f0e f20 1ea3 1f52
  f1e f0b 1ea4 1ec0
  142e 14cc 1ea5 1efd
  14cc 14cb 1ea5 1ee7
  9b6 219 1ea6 2a8b
  41b 41d 1ea7 1f5b
  41d 41c 1ea8 1f5b
  41c 55b 1ea8 2734
  55b 41d 1ea8 27f2
  1565 1568 1ea9 1f5d
  1568 1569 1ea9 307f
  14ca 14b6 1eaa 1ebd
  1a31 1a15 1eac 3322
  5ea 5e9 1ead 1f62
  420 41e 1eae 1f66
  41f 420 1eaf 1f66
  421 41f 1eaf 2e8a
  14cc 14dc 1eb1 1efd
  14dc 13fb 1eb1 1eb9
  849 86a 1eb3 1f68
  86b 849 1eb3 1f6f
  1107 867 1eb4 1f6b
  1103 1135 1eb5 1f6c
  1135 1157 1eb5 2264
  1135 1134 1eb6 1f6c
  d98 d99 1eb7 1f6d
  d9a d98 1eb7 2085
  19de 1a36 1eb8 1ec6
  14dc 1499 1eb9 2a81
  54c 54e 1ebb 1f73
  6af 54c 1ebb 2481
  189c 189d 1ebc 1f75
  19e0 1a33 1ebe 1ef2
  1a33 1a34 1ebe 2cad
  1a34 19e0 1ebe 1f0f
  1148 9af 1ebf 1f90
  1212 6ac 1ec1 2253
  604 606 1ec2 1f97
  606 605 1ec3 1f97
  605 610 1ec3 2381
  611 60f 1ec4 1f96
  146e 14dd 1ec5 1f01
  14dd 143c 1ec5 1ed0
  19e0 1a36 1ec6 1f0f
  11ee 11db 1ec7 1f9c
  11db 11ef 1ec7 2386
  11ef 11ee 1ec7 2d39
  c6e 14cd 1ec9 1eef
  461 7b2 1eca 1ffa
  1604 15fc 1ecb 25ba
  1652 1604 1ecb 2332
  1429 14cb 1ecc 1ed5
  ec5 ec7 1ecd 1fa7
  7d3 7d4 1ece 1fa8
  1ac5 1a13 1ecf 1ed9
  14dd 143e 1ed0 1ef1
  112b 112a 1ed1 1fb1
  112a 112c 1ed1 2d82
  112c 112b 1ed1 2d57
  10ef 112b 1ed2 1fb1
  112d 10ef 1ed2 2261
  f4a f4d 1ed3 1fb2
  f4d f4c 1ed4 1fb2
  15ba 156a 1ed6 3259
  1636 1639 1ed7 1fba
  d53 1878 1ed8 1f32
  1878 d54 1ed8 20b1
  1ac5 1ac3 1ed9 2763
  1579 1578 1eda 32f0
  1a36 1a34 1edb 1f0f
  1a34 1a37 1edb 2c6d
  230 556 1edc 1f84
  3f0 40f 1edd 242c
  1a2c 1a33 1ede 2d00
  1a33 1a30 1ede 1ef2
  da2 da3 1ee0 1fca
  14c0 14e3 1ee1 1fcc
  14e3 14e2 1ee2 1fcc
  14e2 14e4 1ee2 2574
  5f3 5f2 1ee3 1fce
  1600 15f6 1ee4 1f93
  1344 1343 1ee5 1fd2
  1346 1342 1ee6 1fd1
  14cc 1400 1ee7 1eeb
  ed8 ed9 1ee8 1fda
  ed9 eda 1ee8 2963
  17ab 17ac 1ee9 1fe1
  17b2 17ab 1ee9 277e
  17ac 17a5 1eea 1fe1
  17b4 17ac 1eea 2539
  630 632 1eec 1fe3
  1026 1029 1eed 1fe4
  104b 1026 1eed 2516
  1029 1028 1eee 1fe4
  1a38 198f 1ef0 1f4a
  14dd 146f 1ef1 1f1c
  1899 1897 1ef3 1fe6
  1266 12ea 1ef4 31e5
  12ea 10c1 1ef4 321c
  956 192e 1ef5 31fa
  192e 955 1ef5 245a
  4d5 4d4 1ef6 21fc
  8a9 4d5 1ef6 230c
  3ef 3f1 1ef7 1fed
  474 54c 1ef9 20de
  54c 550 1ef9 267e
  550 474 1ef9 1fa9
  1422 1421 1efa 1ff1
  1421 1437 1efa 2178
  3ff 400 1efb 1ff6
  401 3ff 1efb 25b5
  400 3fe 1efc 1ff6
  142e 14dc 1efd 1eff
  ee3 ee5 1efe 274b
  ee5 166d 1efe 2c22
  1498 14dc 1eff 2a84
  438 437 1f00 2002
  437 562 1f00 244f
  1480 14dd 1f01 1f2a
  595 58b 1f02 2004
  594 595 1f03 2004
  1607 1604 1f04 2006
  1604 1608 1f04 2332
  1606 1607 1f05 2006
  1610 1606 1f05 2863
  f84 f83 1f06 2008
  f82 f84 1f07 2008
  1211 1216 1f08 1f1d
  1216 1214 1f08 1f55
  14bc 14e0 1f09 1f63
  14e0 14c0 1f09 200b
  b0f f00 1f0a 200d
  1877 1878 1f0b 20b1
  456 459 1f0c 2010
  45f 456 1f0c 220f
  459 458 1f0d 2010
  10df 1049 1f0e 1fc6
  3ea 3eb 1f10 2015
  673 69f 1f11 2016
  1585 1587 1f12 2017
  a0d d84 1f13 1f24
  f69 1697 1f14 2018
  1698 f69 1f14 257d
  1697 1693 1f15 2018
  6b1 11ed 1f16 2112
  e64 e72 1f17 2676
  e72 e71 1f17 1f91
  d15 e72 1f18 1f91
  e5b e59 1f19 2020
  186d e5b 1f19 2ba5
  47a 478 1f1a 2024
  478 47c 1f1a 2190
  47c 47a 1f1a 203f
  479 47a 1f1b 2024
  47b 479 1f1b 201c
  14dd 14e0 1f1c 1f2a
  14e0 146f 1f1c 1f63
  77b 1216 1f1d 1f99
  675 4da 1f1e 2142
  4da 7b1 1f1e 206b
  d84 a12 1f1f 1f9b
  481 480 1f20 2031
  480 482 1f20 2168
  482 481 1f20 22d1
  58d 5d2 1f21 2037
  5d2 5d3 1f21 2eb2
  576 58e 1f22 2036
  591 576 1f22 2861
  128e 128d 1f23 2038
  128f 128e 1f23 27af
  a0f d84 1f24 1f9b
  13b1 13cb 1f25 1f4e
  13cc 13b1 1f25 2671
  1028 805 1f26 21a2
  46a 46b 1f27 2047
  44d 2a7 1f28 217d
  2a7 44f 1f28 2034
  f66 169e 1f29 2ca4
  1480 14e0 1f2a 2035
  b9b d8a 1f2b 1fc5
  17bc 17ba 1f2c 2052
  17ba 17bd 1f2c 2678
  17c1 17bb 1f2d 2053
  3fb 4b2 1f2e 1f5a
  5bb 3fb 1f2e 2423
  f34 f33 1f30 2059
  1794 1795 1f31 205b
  1795 17a2 1f31 274a
  1a41 14d8 1f33 2013
  479 4b6 1f34 201c
  4bc 479 1f34 2152
  da7 da6 1f35 205e
  b73 d91 1f36 212e
  d91 b72 1f36 2a39
  31b 4df 1f37 22ae
  4df 470 1f37 21ef
  a52 d86 1f38 1fc2
  43d 45a 1f39 2062
  45a 45d 1f39 20bd
  45d 43d 1f39 236a
  45a 43e 1f3a 2062
  43e 45e 1f3a 20af
  8b5 69d 1f3b 20ad
  69d 8bb 1f3b 2248
  8bb 8b5 1f3b 20e5
  712 499 1f3c 1fbd
  499 7b3 1f3c 1fb3
  7b3 712 1f3c 25c1
  1744 1743 1f3d 2068
  7ba 739 1f3e 206c
  739 7bb 1f3e 202d
  e8e 15d1 1f3f 2071
  15d3 e8e 1f3f 2e80
  1b7e 1b9f 1f41 2fe4
  1b9f 1910 1f41 27e0
  8a6 846 1f42 1fdf
  84a 8a6 1f43 1fdf
  13cb 13aa 1f44 1f4e
  edf ee1 1f45 207c
  ee1 ee2 1f45 2d76
  56d 57d 1f46 2086
  16d5 16dd 1f47 2e41
  16dd 16cf 1f47 1fa5
  6dc 4cb 1f48 2088
  5dc 13ce 1f49 2e88
  13ce 5d8 1f49 1fc9
  1a6e 1a6c 1f4b 208d
  1a84 1a81 1f4c 236b
  1a81 1a94 1f4c 3042
  1a94 1a84 1f4c 2e1b
  164e 17d1 1f4d 2092
  17d1 17dc 1f4d 262f
  f8c f7f 1f4f 26d7
  efe f43 1f50 209b
  b38 f1f 1f51 2449
  f1f b3b 1f51 1f98
  f0e f1f 1f52 1f98
  f1f f20 1f52 273d
  22d 856 1f53 1f85
  883 22d 1f53 1f83
  77f 7b4 1f54 1ff4
  1216 1217 1f55 1f8d
  1217 1214 1f55 2c58
  127f f96 1f56 2f3f
  1284 127f 1f56 2d0a
  b78 183c 1f57 2779
  183c ad6 1f57 2b50
  1571 ddd 1f58 2154
  7b4 6d1 1f59 1ff4
  41b 41c 1f5b 20b2
  41c 41a 1f5c 20b2
  41a 423 1f5c 2488
  423 41c 1f5c 2cd7
  398 3d0 1f5e 2bac
  6c3 121d 1f5f 20d6
  121d 6c1 1f5f 1ffb
  17f1 17f3 1f60 20bc
  95b d83 1f61 25a9
  5e7 5e9 1f62 20c5
  197f 1a3f 1f64 21f3
  1a3f 1977 1f64 2009
  419 41f 1f65 20cb
  41f 422 1f65 27c2
  422 419 1f65 240d
  41f 41e 1f66 20cb
  1971 1a3f 1f67 2009
  849 854 1f68 1fb4
  857 865 1f69 1fb6
  d8f a0c 1f6a 2089
  869 867 1f6b 1fb7
  1103 1134 1f6c 1fb8
  d98 d95 1f6d 20d3
  d95 d99 1f6d 2206
  157f 1581 1f6e 20da
  1581 1582 1f6e 2b89
  8a3 849 1f6f 1fd9
  3a4 3b7 1f70 2a4b
  3b7 448 1f70 2a49
  92e 949 1f71 327c
  949 973 1f71 2496
  22e 883 1f72 1f83
  885 22e 1f72 1f81
  54c 4c6 1f73 20de
  4c6 54e 1f73 2033
  12fd 189c 1f74 20e1
  189c 189b 1f75 20e1
  62a 65a 1f76 20e2
  65a 65c 1f76 27be
  233 848 1f77 1fe7
  848 234 1f77 2633
  23a 7fa 1f78 2263
  7fa 23b 1f78 2e9c
  235 84f 1f79 2637
  84f 236 1f79 250d
  2e1 56d 1f7a 20ea
  56d 2e2 1f7a 26e9
  231 849 1f7b 1fb4
  849 232 1f7b 1fd9
  237 3ab 1f7c 2511
  3ab 238 1f7c 2380
  56e 2e0 1f7d 20e8
  241 828 1f7e 2057
  828 242 1f7e 2060
  7f9 23e 1f7f 2044
  23f 7fb 1f80 204a
  7fb 240 1f80 2054
  885 22f 1f81 1f9a
  232 8a3 1f82 1fd9
  8a3 233 1f82 1fe7
  22f 556 1f84 1f9a
  22c 856 1f85 1fb5
  22a 857 1f86 1fb6
  867 227 1f88 1fb7
  223 1103 1f8b 1fb8
  1216 121d 1f8d 1fcf
  121d 1217 1f8d 212a
  113d 21f 1f8f 1fbe
  1147 9af 1f90 1fcd
  9af 21d 1f92 1fcd
  1601 15f6 1f93 1fc1
  eb7 eb6 1f94 2101
  eb6 eb8 1f94 2ab5
  1b56 1b91 1f95 2f13
  601 60f 1f96 210c
  604 605 1f97 210b
  77c 1216 1f99 1fcf
  11ed 11db 1f9c 2112
  982 5bd 1f9d 2bad
  d86 d87 1f9e 1f9f
  d87 a69 1f9e 25af
  d86 d40 1f9f 1fc2
  d40 d87 1f9f 2770
  4a8 4a7 1fa0 211e
  4a7 4a9 1fa0 229d
  4a9 4a8 1fa0 2136
  db1 dde 1fa1 201d
  dde dad 1fa1 1fbc
  6cf 8e8 1fa2 2417
  8e8 8f7 1fa2 246b
  8f7 6cf 1fa2 26a0
  d89 a6f 1fa3 203d
  49f 4a1 1fa4 212c
  4a1 4a2 1fa4 24bf
  ec4 ec5 1fa6 2135
  ec6 ec4 1fa6 24a0
  ec5 ec3 1fa7 2135
  ec3 ec7 1fa7 2b42
  7d3 4a4 1fa8 2139
  4a4 7d4 1fa8 2011
  475 474 1fa9 2265
  550 475 1fa9 2401
  f28 f40 1faa 2b09
  f40 f31 1faa 30e7
  324 41b 1fab 236c
  447 324 1fab 20b0
  17f2 17e0 1fac 22e9
  8a8 7be 1fad 2046
  159c 1597 1fae 2143
  7c9 8a8 1faf 2046
  10e0 1015 1fb0 2049
  10ef 112a 1fb1 2145
  f4a f4c 1fb2 2148
  499 4d1 1fb3 20f6
  16fd 16f2 1fb9 2156
  16f2 174d 1fb9 228a
  174d 16fd 1fb9 2d2b
  1636 1635 1fba 2157
  1635 1639 1fba 24d0
  145c 14ea 1fbb 2d2c
  14ea 13e1 1fbb 1fe5
  498 499 1fbd 215b
  712 498 1fbd 22be
  8b2 4a9 1fbf 2556
  4a9 8c2 1fbf 229d
  178b 1789 1fc0 2169
  1789 185c 1fc0 26b8
  185c 178b 1fc0 2832
  1601 15f2 1fc1 204b
  8d2 664 1fc3 24f5
  d8a ba5 1fc4 2066
  b9a d8a 1fc5 2066
  10df 1272 1fc6 2831
  1194 fc4 1fc7 23bc
  11a0 1194 1fc7 240e
  492 494 1fc8 2179
  494 495 1fc8 24be
  495 492 1fc8 23b7
  da2 d94 1fca 217a
  d94 da3 1fca 220a
  1535 2da 1fcb 2a4d
  14c0 14e2 1fcc 200b
  5ed 5f2 1fce 2185
  77c 121d 1fcf 1ffb
  1683 1688 1fd0 2191
  1688 1689 1fd0 29ed
  1343 1342 1fd1 218d
  97b 1343 1fd2 218d
  1344 97b 1fd2 26ca
  46d 46a 1fd3 20f5
  46e 46d 1fd3 20b6
  158a 15ac 1fd4 2964
  15ac 1561 1fd4 32ee
  1742 1747 1fd6 2199
  1747 1748 1fd6 330a
  191a 1909 1fd7 2194
  1920 191a 1fd7 2c41
  1919 191a 1fd8 2194
  191a 191b 1fd8 2375
  191b 1919 1fd8 2d8e
  ed8 ed7 1fda 2196
  23e 8a4 1fdb 2044
  8a4 23f 1fdb 204a
  1148 12de 1fdc 274c
  ba8 d8b 1fdd 2067
  1bb2 1313 1fde 2d67
  4b7 4a0 1fe0 2203
  4a0 713 1fe0 2217
  713 4b7 1fe0 2221
  17ab 17a5 1fe1 219e
  165f 17ab 1fe2 219e
  17ab 17b1 1fe2 2ec4
  630 55b 1fe3 21a1
  55b 632 1fe3 273c
  1026 1028 1fe4 21a2
  14ea 13e3 1fe5 2077
  163e 1897 1fe6 21aa
  1899 163e 1fe6 2ad6
  1bbd 17fc 1fe8 30f2
  240 8a5 1fe9 2054
  8a5 241 1fe9 2057
  8b6 8c5 1fea 2341
  8c5 7d1 1fea 2473
  67c 7b8 1feb 21e9
  7b8 463 1feb 209c
  f51 f56 1fec 219c
  3ef 3dd 1fed 21b8
  3e1 3de 1fee 21b7
  7de 8a9 1fef 20a3
  4da 482 1ff0 2142
  482 4db 1ff0 2168
  4db 4da 1ff0 20db
  140f 1421 1ff1 21b9
  1410 1417 1ff2 21ba
  1421 1410 1ff3 21b9
  1464 1421 1ff3 23d2
  3fd 3ff 1ff5 21bc
  3ff 402 1ff5 29db
  3ff 3fe 1ff6 21bc
  17cd 17d2 1ff7 21b5
  17d2 17e9 1ff7 242b
  242 8a7 1ff8 2060
  8a7 243 1ff8 205f
  ba4 d8c 1ff9 2082
  d8c bac 1ff9 2228
  461 7b8 1ffa 209c
  4ab 4ac 1ffc 211f
  4ac 7b9 1ffc 2108
  7b9 4ab 1ffc 2000
  10e4 fab 1ffd 2111
  fab 118e 1ffd 215f
  118e 10e4 1ffd 2119
  102e 1231 1ffe 20bb
  46f 297 1fff 20e9
  297 476 1fff 2025
  73c 4ab 2000 213b
  7b9 73c 2000 2875
  417 437 2002 21e8
  438 417 2002 2738
  437 436 2003 21e8
  436 43b 2003 23aa
  43b 437 2003 2811
  594 58b 2004 21ec
  2e4 953 2005 2a6f
  953 140 2005 222b
  1606 1604 2006 21f1
  f82 f83 2008 21f4
  485 487 200a 21fe
  487 488 200a 215d
  488 485 200a 2abf
  14e0 14e2 200b 2035
  13cf 5fd 200c 210d
  b0f e44 200d 2208
  143 954 200e 2232
  954 2fa 200e 2a71
  f49 f55 200f 2149
  f6b f49 200f 2b5d
  456 458 2010 2212
  4a4 8aa 2011 213f
  8aa 7d4 2011 2104
  b49 de3 2012 2287
  fa3 10e1 2014 20a1
  10e1 fa2 2014 2028
  3ea 3e8 2015 2222
  673 4e1 2016 2223
  1585 1586 2017 2224
  1586 1587 2017 2d25
  f69 1693 2018 222e
  484 4b9 2019 2165
  4b9 33c 2019 21ee
  d8e bd5 201a 2105
  10c9 10e9 201b 29a1
  10e9 6cb 201b 2355
  47b 4b6 201c 2204
  5d1 90e 201e 27a4
  90e 587 201e 2301
  287 46d 201f 208a
  46d 288 201f 20d4
  e5a e59 2020 224e
  e5b e5a 2020 2b95
  1872 cda 2021 224f
  1875 1872 2021 2276
  5eb 13cf 2022 210d
  1b2e 1b39 2023 28bb
  1b39 1b46 2023 30ec
  1b46 1b2e 2023 290e
  479 478 2024 225d
  296 476 2025 2099
  1a40 19dd 2026 2076
  6a8 4df 2027 207b
  7b5 6a8 2027 28b1
  10e1 fa5 2028 2069
  1650 164f 2029 20f8
  d90 176 202a 2144
  1a39 1a42 202b 2090
  177 d90 202c 2144
  739 8b3 202d 21e6
  1b01 1b04 202f 307b
  1b04 1b05 202f 2ea9
  1039 1820 2030 2123
  47f 480 2031 2284
  1a59 1a40 2032 2324
  4c6 46e 2033 2159
  2a6 44f 2034 20a9
  1480 14e2 2035 28ca
  576 58d 2036 2289
  58d 575 2037 2289
  575 5d2 2037 2b4c
  128c 128d 2038 2078
  128e 128c 2038 32cd
  159d 15a2 2039 2361
  15a2 15a1 2039 278b
  8ac 6d2 203a 2133
  6d3 8ac 203b 2133
  15f0 1601 203c 204b
  4b5 8af 203e 2174
  47c 8b1 203f 2058
  8b1 47a 203f 21a3
  d7a 1bb0 2040 27ca
  1bb0 1752 2040 276a
  7db 10e3 2041 206d
  3c9 96e 2042 2f36
  96e 434 2042 20f1
  2ad 447 2043 20b0
  7f9 8a4 2044 2ed7
  288 4b8 2045 20d4
  4b8 289 2045 20a0
  46a 469 2047 22a8
  469 46b 2047 20e3
  4be 457 2048 2141
  457 4bf 2048 2541
  10e0 1014 2049 20eb
  8a4 7fb 204a 2ec3
  518 3ae 204c 2f68
  1a42 1a3a 204d 2090
  1a3a 1a43 204d 2c1f
  151a 134d 204e 3049
  1030 125c 204f 227a
  125c 1237 204f 285a
  1959 19bc 2050 22bd
  19bc 19c0 2050 309a
  17bb 17ba 2052 22bc
  15f5 17bb 2053 22bc
  7fb 8a5 2054 2e76
  167b 9c5 2055 2942
  9c5 1b00 2055 3275
  1b00 167b 2055 2d4e
  e3e 15e8 2056 2073
  15e8 e42 2056 210a
  8a5 828 2057 2e23
  47c 54b 2058 23ce
  f32 f33 2059 22c0
  9a5 98d 205a 27bf
  11e9 9a5 205a 309e
  1794 1793 205b 22c4
  1793 1795 205b 2667
  da6 d8d 205c 21ea
  e79 aa5 205d 2da6
  da5 da6 205e 21ea
  da7 da5 205e 20e7
  8a7 302 205f 2d4a
  828 8a7 2060 2dcf
  bea d92 2061 2176
  43d 43e 2062 22da
  e8f e8e 2064 24f9
  e8e 1838 2064 2e80
  1838 e8f 2064 2416
  d8b b9c 2065 2067
  f45 1743 2068 22ee
  1744 f45 2068 25f7
  10e1 faf 2069 20e0
  73d 8b6 206a 21ca
  4da 47b 206b 2204
  7b9 739 206c 2108
  7ba 7b9 206c 2dbc
  1050 10e3 206d 218b
  d93 d94 206f 2131
  d94 da1 206f 217a
  da1 d93 206f 2070
  d95 d93 2070 2130
  da1 d95 2070 2206
  e8e e88 2071 22fc
  e88 15d1 2071 2c3d
  12a6 18c8 2072 22e3
  18f4 12a6 2072 26eb
  e3c 15e8 2073 218f
  1b0e 1b25 2074 24b0
  1b25 1b0f 2074 230a
  1328 16c0 2075 22aa
  16c0 1329 2075 215e
  1a40 19ea 2076 2324
  14ea 140d 2077 23fd
  128c 118b 2078 2309
  66f 8b5 2079 20ba
  8b5 696 2079 20e5
  e8b e8c 207a 2315
  e8c e8d 207a 2aab
  471 4df 207b 21ef
  6a8 471 207b 25db
  edf ee0 207c 231d
  ee0 ee1 207c 2db6
  aec e50 207d 207e
  e50 a75 207d 2bd7
  ae0 e50 207e 2617
  e2a e92 207f 231f
  e92 e91 2080 231f
  e91 e93 2080 28c4
  588 586 2081 2320
  586 589 2081 2978
  589 588 2081 2e4b
  4c8 48b 2083 21fd
  48b 6e2 2083 21a5
  4c7 4c8 2084 226a
  56d 57c 2086 20ea
  57c 57d 2086 22cf
  696 8bb 2087 20e5
  4ca 4cb 2088 2250
  6dc 4ca 2088 20ac
  d8f a68 2089 2140
  327 46d 208a 20f5
  3e8 334 208b 2663
  2e0 57c 208c 20e8
  57c 2e1 208c 20ea
  1a6d 1a6c 208d 232d
  1a6e 1a6d 208d 27a6
  30a 8b4 208e 22b9
  8bf 30a 208e 22b1
  285 4c3 208f 2151
  4c3 468 208f 2100
  5e9 5e8 2091 20c5
  5f1 5e9 2091 2207
  164e 1650 2092 20f8
  28b 4bb 2093 20f7
  4bb 28c 2093 20be
  1326 16c0 2094 2467
  16c0 131f 2094 22aa
  2a1 4c9 2095 21a0
  4c9 450 2095 2115
  39d 4f2 2096 2163
  4d2 4d3 2097 21f9
  4d3 741 2097 20d7
  741 4d2 2097 21d1
  28e 4bc 2098 20fb
  4bc 28f 2098 20c1
  4cf 4ce 209a 221a
  4ce 714 209a 22c6
  714 4cf 209a 252f
  efe efd 209b 2347
  efd f43 209b 2b58
  4d1 4d0 209d 2211
  4d0 70d 209d 21d5
  99b 996 209e 234a
  99a 99b 209f 234a
  99b 99c 209f 2630
  99c 99a 209f 29a3
  4b8 313 20a0 2146
  fab 10e1 20a1 2111
  10cd 10e7 20a2 2356
  10e7 10e8 20a2 2b3c
  10e8 10cd 20a2 261c
  806 8a9 20a3 216c
  291 4c2 20a4 214b
  4c2 47d 20a4 2107
  11e0 125c 20a5 2e6b
  125c 104a 20a5 227a
  4ac 322 20a7 211f
  4ae 4ac 20a7 20fe
  34a 4a8 20a8 211e
  4a8 4ad 20a8 20fd
  4a1 305 20aa 212c
  4a5 4a1 20aa 20fc
  4ac 4c1 20ab 20fe
  4c1 739 20ab 21e6
  739 4ac 20ab 2108
  6dc 8ba 20ac 222d
  8ba 4ca 20ac 2192
  8b5 7ae 20ad 21c6
  499 311 20ae 215b
  49b 499 20ae 20f6
  1877 d54 20b1 243c
  41b 41a 20b2 236c
  1756 1755 20b3 22f9
  1755 1758 20b3 228b
  494 31e 20b4 2179
  496 494 20b4 20ed
  1143 1181 20b5 20ff
  46e 4b8 20b6 2159
  4b8 46d 20b6 20d4
  458 328 20b7 2212
  328 46f 20b7 21d8
  1151 11a1 20b8 2865
  eb5 ebb 20b9 294c
  ebb edd 20b9 28b2
  671 8b5 20ba 21c6
  102f 1231 20bb 2bb5
  17f1 17f2 20bc 22e9
  45a 8bd 20bd 2278
  8bd 45d 20bd 216b
  4bb 329 20be 2319
  48c 31d 20bf 21c1
  48d 48c 20bf 2240
  3e6 588 20c0 2320
  130e 3e6 20c0 2c12
  14ea 1465 20c2 2b3b
  1465 1530 20c2 2d7b
  1530 14ea 20c2 23fd
  663 7b6 20c3 21ae
  7b7 663 20c3 2b78
  17a4 15e4 20c4 2847
  5e7 5e8 20c5 2213
  1257 122c 20c6 2782
  122c 1270 20c6 306c
  15d9 39e 20c7 28ab
  19cf 1a55 20c8 21ff
  1a55 1a56 20c8 3046
  d75 15b4 20c9 2adb
  bac d97 20ca 2193
  419 41e 20cb 2395
  179e 1791 20cc 2e34
  11db 8d0 20cd 2418
  8d0 11fd 20cd 233e
  11fd 11db 20cd 2386
  487 310 20ce 21fe
  489 487 20ce 2257
  1639 1657 20cf 24d0
  1657 1850 20cf 2655
  1737 1756 20d0 22f9
  1756 1735 20d0 20d1
  1756 e67 20d1 220d
  4c4 4c0 20d2 21d6
  4c0 6ad 20d2 2450
  6ad 4c4 20d2 22cb
  d97 d95 20d3 2193
  572 574 20d5 253a
  574 8fa 20d5 23d5
  8fa 572 20d5 24af
  6c3 121e 20d6 284c
  121e 121d 20d6 212a
  1508 1479 20d8 253c
  1479 1acb 20d8 2ffa
  1acb 1508 20d8 2466
  1b91 1b8e 20d9 2aef
  1b8e 1b97 20d9 322b
  1b97 1b91 20d9 2902
  157f ee4 20da 23ad
  ee4 1581 20da 2dc4
  4b6 4da 20db 2204
  4db 4b6 20db 225b
  1077 12f2 20dc 2229
  474 4c6 20de 22ea
  118d 1135 20df 2264
  10e1 10e4 20e0 2111
  10e4 faf 20e0 21bd
  12fd 189b 20e1 23be
  62a 659 20e2 2166
  659 65a 20e2 2e2a
  469 8bc 20e3 2162
  8bc 46b 20e3 2275
  13d5 13b6 20e4 2377
  13b6 154d 20e4 26db
  a78 e47 20e6 25a7
  da7 de2 20e7 2282
  de2 da5 20e7 21f0
  56e 57c 20e8 2328
  46f 298 20e9 21d8
  10e3 1014 20eb 218b
  16ce 171c 20ec 27c0
  171c 1318 20ec 2a30
  496 4cf 20ed 2122
  4cf 494 20ed 289b
  4c3 303 20ee 2116
  303 4c4 20ee 21d6
  4c4 4c3 20ee 217f
  5cf 5e7 20ef 23d8
  30a 8ab 20f0 22b1
  8ab 254 20f0 20f9
  96e 532 20f1 3029
  255 8ab 20f2 20f9
  8ab 347 20f2 21ad
  1904 1918 20f3 238f
  1918 190a 20f3 2de6
  137b 137c 20f4 2691
  327 46a 20f5 22a8
  49b 4d1 20f6 2129
  473 4bb 20f7 2153
  1229 10ec 20fa 23e1
  122a 1229 20fa 2a2d
  477 4bc 20fb 2152
  4a5 4d7 20fc 2134
  4d7 4a1 20fc 288a
  4a8 4d9 20fd 235e
  4d9 4ad 20fd 2137
  4ae 4c1 20fe 2138
  115b 1181 20ff 2239
  46c 468 2100 22a7
  4c3 46c 2100 217f
  e54 eb6 2101 23ec
  dbb ddf 2102 21cc
  ddf db7 2102 2164
  189b 12c7 2103 23be
  8aa 807 2104 2302
  da1 da2 2106 217a
  de0 da1 2106 21dd
  480 47d 2107 2284
  4c2 480 2107 2280
  37e 380 2109 2ad1
  380 381 2109 291f
  604 603 210b 23fc
  601 604 210c 23fc
  6b2 8bc 210e 2275
  8bc 76f 210e 23e2
  1492 1490 210f 29ae
  1494 1492 210f 2c98
  4ed 4e6 2110 23d7
  4e6 4ee 2110 22c3
  4ee 4ed 2110 23b9
  6b1 11db 2112 2418
  131c 16c4 2113 257c
  16c4 16c3 2113 2784
  30c 4c2 2114 2216
  4c2 290 2114 214b
  452 450 2115 231b
  4c9 452 2115 238c
  4c3 284 2116 2151
  48a 4c8 2117 21fd
  4c8 33e 2117 226a
  807 8bf 2118 2302
  10e5 10e4 2119 214a
  118e 10e5 2119 22ab
  617 13d1 211a 216f
  13d1 13a9 211a 2504
  48e 4cb 211b 21dc
  4cb 340 211b 2250
  1871 187b 211c 330e
  187b 186c 211c 2c72
  491 4cd 211d 21c4
  4cd 341 211d 21eb
  34a 4a7 211e 221b
  4ab 322 211f 221d
  1463 151d 2120 25c7
  33a 472 2121 2292
  472 4bd 2121 2172
  343 4cf 2122 221a
  103a 1820 2123 2ca0
  49e 4d3 2124 21ac
  4d3 346 2124 21f9
  493 4cc 2125 22bb
  4cc 6e1 2125 2258
  6e1 493 2125 2160
  92f 14ed 2126 218c
  321 4d5 2127 21fc
  4d5 4a6 2127 21a7
  7a2 177f 2128 2579
  345 4d1 2129 2211
  121e 1217 212a 2977
  301 3f5 212b 2b7f
  49f 305 212c 222c
  402 43b 212d 26ac
  43b 524 212d 23aa
  3f6 2fb 212f 2b80
  bac d93 2130 2228
  d95 bac 2130 2193
  d93 d8d 2131 2170
  d8d d94 2131 2242
  6a4 8c1 2132 21ce
  8c1 6a2 2132 22a2
  348 4d7 2134 2215
  ec4 ec3 2135 244a
  4a9 8c5 2136 2369
  8c5 4a8 2136 235e
  4d9 312 2137 2219
  349 4c1 2138 2205
  4d4 4a4 2139 229a
  e69 e6b 213a 246f
  e6b 1734 213a 305a
  4d6 4ab 213b 2298
  73c 4d6 213b 26bb
  1b15 1b1b 213c 28de
  344 8c6 213d 23af
  8ca 344 213d 2383
  4b0 4d8 213e 2297
  4d8 73d 213e 21ca
  73d 4b0 213e 21a6
  4a4 347 213f 2225
  347 8aa 213f 21ad
  d8f d7d 2140 2456
  307 457 2141 2408
  675 482 2142 238a
  10ef fcc 2145 245e
  fcc 112a 2145 29da
  4b8 4c6 2146 2159
  4c6 313 2146 22ea
  139b 13d0 2147 21ab
  f4a f3f 2148 2460
  f49 f4a 2149 2460
  fc0 10e4 214a 21bd
  10e5 fc0 214a 2df1
  11b7 11b8 214c 2c21
  11b8 11b9 214c 2c2d
  1245 124f 214d 26e8
  124f 100a 214d 22ba
  1004 124f 214e 22ba
  124f 1006 214e 2a75
  519 548 214f 254d
  548 1afd 214f 3208
  1afd 519 214f 2f19
  1264 1265 2150 3272
  1267 1264 2150 2bf3
  477 479 2152 225d
  473 475 2153 2265
  475 4bb 2153 2303
  ddf ddd 2154 21cc
  1571 ddf 2154 2290
  f47 16fc 2155 2470
  16fc 16f2 2156 2470
  1338 1635 2157 2474
  17b9 15f7 2158 2509
  326 4c9 215a 2344
  4c9 2a0 215a 21a0
  498 311 215b 2254
  1403 2e3 215c 300e
  8ae 488 215d 2c83
  16c0 1685 215e 24de
  fac 118e 215f 22c8
  8af 493 2160 2174
  1042 1027 2161 223c
  1190 1042 2161 237a
  469 46c 2162 22a7
  46c 8bc 2162 24a1
  39d 52e 2163 2cac
  ddf db5 2164 231a
  484 485 2165 2304
  485 4b9 2165 27db
  62b 659 2166 2db2
  480 4db 2168 2280
  55c 45d 216b 22f2
  8bd 55c 216b 21d9
  8c2 8a9 216c 230c
  13bc 13d1 216d 2436
  13d1 62d 216d 22df
  1b44 1b75 216e 282b
  1b75 178e 216e 2a20
  616 13d1 216f 22df
  d93 d8c 2170 2228
  776 8c4 2171 21af
  8c4 6e7 2171 22e1
  472 4c0 2172 268b
  4c0 4bd 2172 2173
  4c0 303 2173 21d6
  4b5 493 2174 2277
  14ed 13e5 2175 22e2
  ffa ff7 2177 2487
  1421 14ef 2178 23d2
  492 31e 2179 2273
  e86 e85 217b 24e6
  182f e86 217b 29fa
  11b9 11ba 217c 2c2d
  11ba 11bb 217c 2caf
  44d 2a8 217d 22af
  16a2 1ad1 217e 2fdf
  4c4 46c 217f 2482
  1758 cfa 2180 22fe
  cc7 1758 2181 22fe
  1758 cc8 2181 228b
  42d 4e8 2182 22ff
  30e 4dc 2183 2435
  4dc 2c0 2183 225a
  31c 907 2184 28ff
  91d 31c 2184 29bc
  5ed 5f1 2185 2207
  17a0 17a1 2186 24c7
  17a1 17b0 2186 2852
  10ab 10b7 2187 2188
  10b7 10a9 2187 258a
  10cf 10b7 2188 30aa
  69e 7b7 2189 2d5a
  8bb 69e 2189 2248
  1a51 1a52 218a 2fe5
  1a52 1a8d 218a 30b5
  1a8d 1a51 218a 332e
  13e2 14ed 218c 22e2
  97b 1342 218d 24d4
  1617 1656 218e 284b
  1656 1633 218e 2648
  478 4e0 2190 22fd
  4e0 47c 2190 256c
  48c 4ca 2192 2240
  8ba 48c 2192 235f
  1919 1909 2194 24e1
  1608 1652 2195 2332
  ed4 ed7 2196 2226
  ed8 ed4 2196 2b22
  f7b f65 2197 24e9
  30d 1bbb 2198 2b1e
  1bbb 2d4 2198 2fc7
  1741 1747 2199 29c2
  69b 8dc 219a 2272
  e60 e73 219b 2323
  e73 e63 219b 2251
  804 8b2 219d 23f5
  165f 17a5 219e 24fd
  1181 115f 219f 2239
  62f 55b 21a1 2851
  630 62f 21a1 2c32
  1026 805 21a2 250b
  293 4e2 21a4 22f7
  48b 8c0 21a5 21c9
  8c0 6e2 21a5 2e47
  8b3 4b0 21a6 220e
  4a7 4a6 21a7 221b
  4d5 4a7 21a7 2306
  10f1 10f2 21a8 32ab
  10f2 10f0 21a8 23c2
  15a4 1588 21a9 234e
  163e 163d 21aa 2520
  49e 49f 21ac 222c
  8ab 8aa 21ad 22e0
  663 55c 21ae 24d6
  55c 7b6 21ae 21d9
  776 8d4 21af 252d
  8d4 8c4 21af 2311
  11ac 11ab 21b0 2aaf
  11ab 122e 21b0 2a3c
  122e 11ac 21b0 3015
  aaf 1ae8 21b1 2c91
  16fb 1702 21b2 2f90
  1702 16f7 21b2 21c8
  40c 4ea 21b3 2353
  942 9da 21b4 2d10
  17cd 17c5 21b5 254b
  15ce 15cf 21b6 254c
  15cf 15d0 21b6 2e09
  3dc 3de 21b7 2550
  3de 3dd 21b8 2550
  140f 1410 21b9 255d
  1410 1403 21ba 255d
  1b5b 1b5c 21bb 255e
  1b5c 1b5d 21bb 2819
  3fd 3fe 21bc 2561
  8f5 421 21be 2e20
  e9b 172 21bf 2588
  35d 39f 21c0 23bd
  39f 523 21c0 2546
  523 35d 21c0 21e3
  48b 31d 21c1 22c2
  48c 48b 21c1 21c9
  159e 15b8 21c2 3051
  15b8 159d 21c2 2361
  8b4 7e2 21c3 2471
  491 492 21c4 2273
  492 4cd 21c4 245d
  344 8be 21c5 2383
  8be 252 21c5 2299
  253 8be 21c7 2299
  8be 30a 21c7 22b9
  1702 16f9 21c8 2486
  48c 8c0 21c9 235f
  4d8 8b6 21ca 2249
  131e 1328 21cb 21cf
  3b8 517 21cd 2bc4
  94f 3b8 21cd 31a3
  6a4 8d3 21ce 2524
  8d3 8c1 21ce 230e
  131f 1328 21cf 22aa
  31f 8cb 21d0 24bb
  8d8 31f 21d0 249f
  741 8b7 21d1 2d92
  8b7 4d2 21d1 229b
  446 2af 21d2 233b
  5e5 5bf 21d3 21e4
  384 527 21d4 2de7
  527 94d 21d4 2294
  94d 384 21d4 2d22
  4d0 8b8 21d5 229e
  8b8 70d 21d5 2980
  1abb 1abc 21d7 2815
  1abc 1ab9 21d7 21da
  1abc 14a4 21da 2385
  1478 1abc 21db 2385
  1abc 1479 21db 26f4
  48e 4b5 21dc 229c
  d99 da1 21dd 2206
  de0 d99 21dd 21f7
  1b71 1b42 21de 319e
  1653 162c 21df 238b
  162a 1653 21e0 238b
  1653 162e 21e0 2776
  4de 486 21e1 23b1
  486 6eb 21e1 274d
  11cc 1201 21e2 26e6
  1201 11f8 21e2 2387
  375 376 21e5 2925
  376 377 21e5 2c5e
  4c1 8b3 21e6 220e
  d33 d3a 21e7 2a5b
  d3a e56 21e7 2b0c
  417 436 21e8 25ad
  67c 8dc 21e9 247c
  8dc 7b8 21e9 2272
  da5 d8d 21ea 2242
  4cc 341 21eb 221f
  4cd 4cc 21eb 22a5
  593 58b 21ec 25b2
  594 593 21ec 2722
  19e3 1a5b 21ed 2bf1
  486 33c 21ee 2295
  4b9 486 21ee 2a59
  471 470 21ef 23d1
  da3 da5 21f0 220a
  1603 1604 21f1 25ba
  1739 1755 21f2 238d
  1755 1737 21f2 22f9
  197f 1a54 21f3 26f2
  1a54 1a3f 21f3 224b
  f82 f7b 21f4 25c5
  1632 1655 21f5 232a
  1655 1644 21f5 2cda
  9a4 1857 21f6 2fea
  1857 9a2 21f6 2f10
  1b42 1b43 21f8 333b
  1b43 167d 21f8 32fc
  4d2 346 21f9 2231
  328 456 21fa 2212
  456 455 21fa 2343
  321 4d4 21fc 2234
  48a 48b 21fd 22c2
  485 310 21fe 2304
  19ce 1a55 21ff 2202
  2a3 4eb 2200 2372
  3f9 531 2201 23a7
  19c0 1a55 2202 331c
  320 4a0 2203 2238
  4b7 320 2203 223d
  349 4b0 2205 2218
  4b0 4c1 2205 220e
  b0f e43 2208 22b5
  e43 e44 2208 2cd6
  e45 e43 2209 2cd5
  d94 da5 220a 2242
  57d 57e 220b 22cf
  57e 56e 220c 2328
  45f 4ec 220f 2668
  4ec 456 220f 2343
  345 4d0 2211 2243
  5e7 5e6 2213 23d8
  5e6 5e8 2213 23c3
  c95 95e 2214 227c
  95e 1537 2214 27b4
  348 4d6 2215 2237
  4d6 4d7 2215 2a43
  30c 4db 2216 225b
  4db 4c2 2216 2280
  4a0 8b7 2217 229b
  8b7 713 2217 2c46
  4af 4b0 2218 2297
  4d8 312 2219 223a
  4d9 4d8 2219 2249
  343 4ce 221a 225c
  18c4 18de 221c 30c2
  4ab 4aa 221d 2298
  1362 1363 221e 2a27
  4cc 490 221f 22bb
  eb9 be7 2220 29c8
  713 8b8 2221 2b20
  8b8 4b7 2221 229e
  3e9 3e8 2222 2605
  47e 4e1 2223 2398
  1585 1584 2224 2607
  1584 1586 2224 2495
  4a4 4a3 2225 229a
  ed3 ed7 2226 2ee3
  c05 ee0 222a 22bf
  ee0 ede 222a 231d
  953 301 222b 2b7f
  769 8ba 222d 2ea3
  f69 f5d 222e 260c
  4e4 451 222f 2244
  451 4e9 222f 225f
  4e9 4e4 222f 2288
  94e 52c 2230 3079
  4d2 49d 2231 229f
  2fb 954 2232 2b80
  e47 a51 2233 2412
  4a3 4d4 2234 229a
  54b 8d1 2236 23c4
  4aa 4d6 2237 2298
  49d 4a0 2238 229f
  4d8 4af 223a 2297
  143b 14ee 223b 2349
  1198 1027 223c 23f2
  4b7 49c 223d 22a4
  6d4 8d0 223e 233e
  8d0 8d3 223e 248f
  8d3 6d4 223e 2317
  e6c e6a 223f 2b53
  e6e e6c 223f 2d45
  48d 4ca 2240 22b2
  1922 1923 2241 31e1
  1923 1b8b 2241 3160
  49c 4d0 2243 22a4
  4e3 451 2244 2448
  e91 e95 2245 231e
  1792 e91 2245 28c4
  7e2 8ca 2246 2471
  175c 173f 2247 26ad
  173f 175d 2247 2656
  175d 175c 2247 23a1
  4d9 8b6 2249 2341
  4f6 4f7 224a 2543
  4f7 4f0 224a 22c9
  452 4e6 224c 238c
  4e6 4e7 224c 23d7
  4e7 452 224c 236d
  41e 30b 224d 2395
  30b 44d 224d 22af
  e58 e59 224e 2649
  e59 cda 224f 2649
  4ca 340 2250 22b2
  e73 e75 2251 2440
  e75 e63 2251 2602
  1b44 1b3c 2252 2aac
  1210 6ac 2253 2650
  498 497 2254 22b6
  b6f e4a 2255 24d5
  e4a b6a 2255 2dd1
  6aa 11ff 2256 23cd
  11ff 6d4 2256 23ba
  489 4c7 2257 22de
  4cc 8b9 2258 22a5
  3e0 318 2259 2402
  497 4ce 225c 22b6
  477 478 225d 234b
  1566 ea5 225e 266c
  1580 1566 225e 2b07
  451 452 225f 231b
  452 4e9 225f 236d
  d3a e5d 2260 2fd6
  eaa d3a 2260 2b0c
  112d 1193 2261 2d66
  1193 10ef 2261 26a9
  e77 e78 2262 2673
  f7f e77 2262 2725
  23a 8c8 2263 2389
  473 474 2265 2351
  ed6 bec 2266 2a61
  14a2 14a3 2267 26cd
  4dd 47e 2268 2398
  be2 e46 2269 226e
  e46 dd5 2269 2699
  4c7 33e 226a 22de
  eda 1a5a 226b 25fa
  342 8d5 226c 25de
  8e7 342 226c 25ed
  9d0 1681 226d 328f
  1681 16b2 226d 2c74
  16b2 9d0 226d 2a44
  be1 e46 226e 2424
  be7 e46 226f 2552
  e46 be4 226f 2424
  eb1 b58 2271 2af3
  1577 157b 2274 2797
  157b 1571 2274 2290
  1875 1876 2276 250a
  309 493 2277 228f
  4b5 309 2277 229c
  e49 b61 2279 24e0
  1b57 1b58 227b 2755
  1b58 1b59 227b 2e06
  c95 15dc 227c 27e5
  1b2c 1b35 227d 2c51
  1b35 179d 227d 24d9
  1602 15f1 227e 242e
  433 2b8 227f 23ed
  1740 1757 2281 287b
  1757 173f 2281 2656
  573 8fa 2283 24af
  8fa 8fb 2283 26df
  8fb 573 2283 2ace
  47f 47d 2284 23b6
  33f 8ee 2285 2830
  90c 33f 2285 28a3
  34b 4f1 2286 22b7
  4e9 63c 2288 2645
  576 575 2289 26b2
  1761 174d 228a 2ef9
  1755 cc8 228b 238e
  e4c e4d 228d 31b3
  e4d 9f9 228d 3291
  118e 10f0 228e 22c8
  10f0 12dc 228e 23c2
  12dc 118e 228e 22ab
  490 493 228f 22bb
  157b ddf 2290 231a
  3ee 3f0 2291 26c4
  33a 471 2292 23d1
  471 472 2292 26dd
  1b1b 1b1c 2293 28de
  1b1c 1b19 2293 2ced
  486 483 2295 23b1
  4a0 4d2 229b 229f
  4a7 8c2 229d 2306
  4d0 4b7 229e 22a4
  8fb 591 22a0 26df
  8fc 8fb 22a0 2de5
  314 446 22a1 233b
  8c1 6e8 22a2 23ca
  32f 1558 22a3 2f5a
  1558 3da 22a3 27a2
  4cd 8b9 22a5 22fa
  31f 8c9 22a6 249f
  8c9 250 22a6 23cc
  469 468 22a7 23e3
  327 469 22a8 23e3
  251 8c9 22a9 23cc
  8c9 344 22a9 23af
  12dc 10e5 22ab 2df6
  30f 8e4 22ac 26ed
  8f4 30f 22ac 272a
  754 8ef 22ad 2739
  8ef 8f7 22ad 2554
  8f7 754 22ad 26be
  31b 4de 22ae 239d
  7bf 10ea 22b0 247d
  8bf 8ab 22b1 22e0
  1547 139c 22b3 2464
  145c 14f9 22b4 2baf
  180e 145c 22b4 2d2c
  498 4ce 22b6 2352
  2f1 4f1 22b7 2310
  1759 cc3 22b8 2490
  8be 8b4 22b9 2428
  15f5 17ba 22bc 2715
  19bb 19bc 22bd 2610
  712 8c3 22be 239e
  8c3 498 22be 2352
  c05 ee7 22bf 2680
  ee7 ee0 22bf 2b68
  f32 f2f 22c0 2370
  14f2 13bc 22c1 2436
  4e6 326 22c3 2344
  326 4ee 22c3 23b2
  e93 1793 22c4 2733
  f0f f39 22c5 24e2
  f39 b2b 22c5 23f4
  4ce 8c3 22c6 2352
  1a4d 1a57 22c7 2cd2
  4f7 5f4 22c9 25df
  19ec 1a59 22ca 24b1
  8cd 4c4 22cb 2482
  1833 15eb 22cc 26f1
  d87 f72 22cd 2770
  f72 17fe 22cd 27a7
  17fe d87 22cd 2ae0
  9b2 1b85 22ce 328b
  1b85 1b86 22ce 2a7f
  1b86 9b2 22ce 2f1e
  57c 57e 22cf 2328
  482 8c7 22d1 238a
  11aa 11ac 22d2 2aaf
  11ac 12e2 22d2 30a2
  d5d e4f 22d4 2445
  171b 16af 22d5 25e6
  174a 175a 22d6 2419
  175a 173b 22d6 24c0
  11ef 11fd 22d7 2386
  11fd 11fe 22d7 242d
  11fe 11ef 22d7 2ce0
  356 3d9 22d8 2ccc
  3d9 357 22d8 2a7e
  11fc 1250 22d9 22f3
  1251 11fc 22d9 2957
  43d 33b 22da 2433
  105f 1306 22db 22e8
  1306 fea 22db 24cc
  efb f41 22dc 2a1a
  f41 ef9 22dc 294a
  1494 14f3 22dd 2364
  150e 1494 22dd 2c99
  8bf 8aa 22e0 2302
  8c4 752 22e1 24cf
  192c 18c8 22e3 27e3
  12a8 12b9 22e4 25b1
  5d3 1828 22e5 2eb2
  1828 58c 22e5 31b5
  55f 3e9 22e6 2773
  5b5 55f 22e6 273b
  1254 1207 22e7 2abb
  1256 1254 22e7 304a
  105f 130a 22e8 2877
  130a 1306 22e8 2f0c
  17f1 17e0 22e9 26ba
  474 313 22ea 2351
  8e6 6a8 22eb 25db
  6a8 8f3 22eb 2acc
  396 38c 22ec 29d6
  397 396 22ec 27dd
  12c6 12c0 22ed 2780
  12c7 12c6 22ed 2afd
  f45 ef8 22ee 2781
  ef8 1743 22ee 2a03
  921 98d 22ef 2786
  98d 9a4 22ef 27bf
  9a4 921 22ef 2d96
  98d 760 22f0 2786
  760 11d9 22f0 250c
  8c6 7e5 22f1 261f
  4ed 45d 22f2 23b9
  55c 4ed 22f2 262e
  1243 1250 22f3 2ed4
  399 397 22f4 27dd
  39a 399 22f4 2841
  9c4 9c3 22f5 27d9
  1674 9c4 22f5 3105
  13a8 14f1 22f6 24e5
  174b 1753 22f8 257b
  176c 174b 22f8 27a8
  4cd 8cc 22fa 245d
  7d1 8ce 22fb 2473
  e17 e88 22fc 27b8
  e8e e17 22fc 24f9
  478 329 22fd 234b
  329 4e0 22fd 2319
  927 9a9 2300 30c8
  9a9 9b7 2300 2f58
  586 587 2301 2321
  90e 586 2301 2978
  475 4e0 2303 2544
  4e0 4bb 2303 2319
  7af 8d9 2305 2545
  8d9 66c 2305 2a4e
  4d5 8c2 2306 230c
  1531 1454 2307 2d42
  6e8 8d7 2308 23ca
  8d7 8db 2308 2567
  8db 6e8 2308 2326
  128b 118b 2309 23a2
  128c 128b 2309 32cc
  1b25 1b73 230a 301c
  1b73 1b0f 230a 2d78
  e4b b81 230b 250e
  b7e e4b 230d 250e
  e4b b7c 230d 25b0
  751 8c1 230e 23ff
  8d3 751 230e 248f
  1089 1af2 230f 29d7
  1af2 1af5 230f 2f35
  1af5 1089 230f 2e8e
  2f2 4f1 2310 2d79
  6ad 8c4 2311 2505
  410 4ef 2312 23e4
  4ef 412 2312 2338
  16d0 16d2 2313 2a31
  16d2 171a 2313 2bc8
  171a 16d0 2313 2b4b
  e21 e8b 2314 2816
  e94 e21 2314 2507
  e8b e8a 2315 2816
  ad5 b57 2316 24f2
  b57 eb1 2316 268d
  8d3 6a6 2317 2524
  906 600 2318 2744
  157b db5 231a 237f
  451 450 231b 2479
  6ee 1191 231c 241e
  1191 6cc 231c 2944
  edf ede 231d 281b
  e91 e90 231e 281f
  e2a e91 231f 281f
  3e6 586 2320 2820
  586 585 2321 2820
  585 587 2321 2a48
  8d4 6d5 2322 252d
  e61 e73 2323 2c5d
  1a59 19ea 2324 24b1
  f5b f67 2325 290a
  f67 f5a 2325 23c7
  1a7c 1a7e 2327 233d
  1a7e 1aa7 2327 26c9
  1aa7 1a7c 2327 2dda
  162e 1655 2329 2ea6
  1655 1628 2329 253e
  1626 1655 232a 253e
  137e 1396 232b 2500
  1396 151e 232b 2701
  151e 137e 232b 278f
  11fb 11de 232c 24ab
  1249 11fb 232c 2b1b
  1a6b 1a6c 232d 2835
  40f 2c2 232e 2425
  7c3 8d6 232f 2547
  8d6 74c 2330 2547
  8df 6af 2331 2481
  6af 8ef 2331 277b
  8ef 8df 2331 24ca
  14f3 13fa 2333 254e
  9e1 1662 2334 2c01
  1662 d3d 2334 27e9
  694 8d7 2335 254f
  8d7 751 2335 23ff
  b2c f39 2336 23f4
  f39 b38 2336 2449
  1ac6 1ac5 2337 2763
  10c1 10bf 233a 319f
  1a7c 1a7d 233d 28f0
  1a7d 1a7e 233d 2dfc
  6d4 11fd 233e 23ba
  7e5 8d8 233f 261f
  1b17 1b27 2340 278c
  4d9 8c5 2341 235e
  bf6 ee9 2342 2c93
  ee9 eea 2342 29b0
  4ec 455 2343 2404
  4e6 4c9 2344 238c
  1aae 1980 2345 24ef
  1980 1af8 2345 2969
  1af8 1aae 2345 2b4d
  1517 152b 2346 271c
  152b 141b 2346 2532
  ef6 efd 2347 2859
  1439 14ee 2349 29a2
  99a 996 234a 2868
  1708 170c 234c 2aa9
  170c 1709 234c 2b83
  1915 1ba0 234d 2fe3
  1af0 394 234f 30de
  394 1bab 234f 31f3
  1bab 1af0 234f 29a7
  590 912 2350 287c
  1415 590 2350 243e
  98e 9a6 2354 2749
  9a6 991 2354 2785
  10e6 6cb 2355 240b
  10cd 10e6 2356 237e
  1ad8 2d1 2357 266d
  342 8cf 2358 25ed
  8cf 24e 2358 24df
  65f 63d 2359 2595
  24f 8cf 235a 24df
  8cf 31f 235a 24bb
  538 32c 235b 260f
  316 4e3 235c 2448
  4eb 316 235c 2372
  1031 1190 235d 25d2
  8ba 8c0 235f 294b
  96a 2ff 2360 286d
  15b8 15a2 2361 28c1
  3fe 338 2362 2561
  338 433 2362 23ed
  13ff 14f3 2363 254e
  14f3 149e 2363 2364
  170c 1728 2365 2aa9
  1728 f13 2365 303d
  d26 d0b 2366 2c9f
  e4f b18 2367 2445
  670 8d2 2368 24f5
  4a9 8ce 2369 2556
  8ce 8c5 2369 2473
  45d 4ee 236a 23b9
  4ee 43d 236a 2493
  1a7e 1a81 236b 2dfc
  1a84 1a7e 236b 2726
  324 41a 236c 23d6
  4e7 4e9 236d 2752
  1302 fdf 236e 317f
  112c 1180 236f 290f
  1180 1829 236f 2807
  1829 112c 236f 2c62
  1874 1880 2371 330f
  1880 1873 2371 3193
  bff edc 2373 25be
  edc c02 2374 25be
  191a 191c 2375 2cd4
  191c 191b 2375 2838
  cc6 175b 2376 25c4
  f8a f8d 2378 2601
  4b4 97e 2379 2abd
  97e 2ec 2379 2514
  1190 1034 237a 25d2
  ab4 e83 237b 2e4f
  1738 175e 237c 2add
  175e 173a 237c 237d
  175e 174f 237d 330d
  10cd 8f1 237e 2694
  8f1 10e6 237e 2613
  157b db6 237f 283f
  8da 238 2380 256f
  f7c 1ba7 2382 2af0
  1ba7 e89 2382 2ebd
  8ca 8be 2383 2428
  1189 128b 2384 23a2
  128b 1286 2384 2eff
  1201 11cd 2387 2ab9
  4ef 30e 2388 2435
  30e 4f6 2388 255a
  239 8c8 2389 24a8
  1739 175a 238d 24c0
  175a 1755 238d 238e
  175a cc8 238e 25d9
  1905 1918 238f 25fd
  16d2 16d1 2390 2a31
  16d3 16d2 2390 2e71
  12c2 114d 2391 25fe
  12ab 12c2 2392 25fe
  135c 136d 2393 2394
  136d 136b 2393 3021
  135d 136d 2394 2bbf
  419 30b 2395 251e
  16c6 172b 2396 3224
  172b 167e 2396 3267
  a0 12b0 2397 2b0b
  1a9f 19b6 239a 2d89
  19b6 1ab0 239a 2dc9
  af7 e50 239b 2a60
  e50 ae1 239b 2617
  120a 120b 239c 3000
  483 4de 239d 23b1
  712 91c 239e 241f
  a31 e52 239f 2677
  e52 b5b 239f 28f1
  8e0 6fe 23a0 261e
  cc4 175c 23a1 270e
  175d cc4 23a1 2c96
  8e1 797 23a3 2624
  74d 8e1 23a4 2624
  12c1 12cb 23a5 2938
  1335 12c1 23a5 291e
  11c0 123d 23a6 3074
  123d 123e 23a6 2fee
  a61 e51 23a8 24a9
  e51 a29 23a8 2632
  a26 e51 23a9 2632
  436 524 23aa 25c9
  1a1f 1a1e 23ab 2d04
  1a88 1a1f 23ab 2e0f
  335 3dc 23ac 29a5
  eb8 ee4 23ad 2941
  1559 1458 23ae 27cf
  8c9 8c6 23af 25ab
  67f 75d 23b0 2876
  75d 166f 23b0 28f3
  166f 67f 23b0 27f1
  43c 4ee 23b2 2493
  915 914 23b3 2e60
  385 3a0 23b4 2b82
  3a0 3a1 23b4 2948
  17f6 17b3 23b5 2959
  17b3 1b0c 23b5 279c
  1b0c 17f6 23b5 2b4a
  8cc 492 23b7 245d
  752 8e3 23b8 24cf
  8e3 8e6 23b8 2618
  11ff 11fd 23ba 242d
  3a6 51d 23bb 295b
  1194 fa7 23bc 264d
  35d 39e 23bd 27b1
  39e 39f 23bd 2a02
  12fd 12c7 23be 2961
  12fc 12fd 23bf 2961
  117f 117e 23c0 23c1
  54b 4f8 23c4 23ce
  4f8 8d1 23c4 23de
  18e1 129c 23c5 2654
  1299 18e1 23c6 2654
  f67 f5f 23c7 2606
  ee5 ec6 23c8 24a0
  ee6 ee5 23c8 2c22
  985 983 23c9 240a
  8c1 8d7 23ca 23ff
  1bbc 544 23cb 27b9
  6ac 11ff 23cd 2894
  47c 4f8 23ce 256c
  fa4 1194 23cf 264d
  13cd 1550 23d0 2aeb
  1550 15c5 23d0 2feb
  1464 14ef 23d2 2ac8
  118f 1121 23d3 2480
  12b9 1663 23d4 25b1
  1663 12a7 23d4 2ca5
  574 576 23d5 26b2
  576 8fa 23d5 2861
  414 41a 23d6 25e2
  4ed 4e7 23d7 26de
  133a a77 23d9 27bd
  53f 3b1 23da 2c1c
  16dc 1704 23db 2943
  1704 16da 23db 23eb
  192f 19bd 23dc 2c86
  19bd 19c1 23dc 2d26
  19c1 192f 23dc 312c
  1691 16c5 23dd 2683
  16c5 16bb 23dd 2508
  4f8 550 23de 2401
  550 8d1 23de 2647
  1109 1195 23df 2684
  1a3e 1a50 23e0 258c
  1a50 1a97 23e0 332c
  1229 103c 23e1 26b0
  8bc 8cd 23e2 24a1
  4dc 4ef 23e4 2435
  2dc 183f 23e5 29b3
  16e8 16e9 23e6 3305
  19f6 1a5b 23e7 2692
  1a5b 19fc 23e7 2a3a
  9b7 12db 23e8 2e4c
  1387 14fa 23e9 2696
  14fa 1384 23ea 2696
  1704 16d7 23eb 2571
  e54 eb5 23ec 29c7
  30f 8de 23ee 272a
  8de 24c 23ee 260a
  24d 8de 23ef 260a
  8de 342 23ef 25de
  7c0 1198 23f1 26a4
  1198 7ca 23f2 26a4
  66c 91e 23f3 2a4e
  91e 91f 23f3 29e8
  804 8dd 23f5 25bc
  938 939 23f6 327f
  939 949 23f6 2496
  949 938 23f6 2a1d
  173d 175c 23f7 26ad
  175c 174a 23f7 258d
  5bc 8e9 23f8 2414
  d9e 15a5 23f9 27c7
  143a 1460 23fa 2609
  155c 956 23fb 2d6c
  601 603 23fc 24da
  acb e7f 23fe 2750
  1695 16c7 2400 26b3
  16c7 1694 2400 2a90
  4f8 475 2401 2544
  3e0 3e3 2402 2411
  650 64d 2403 2920
  64d 15c7 2403 245c
  15c7 650 2403 2df7
  4ec 454 2404 248a
  8cb 7e9 2405 27fa
  7e9 8e7 2406 27fa
  e55 161 2407 26e1
  454 457 2408 248a
  13a4 1509 2409 25a2
  985 982 240a 2a85
  10e6 6ca 240b 2613
  147f 152f 240c 27aa
  152f 147a 240c 2771
  422 4f9 240d 27d8
  4f9 419 240d 2583
  11a0 f9f 240e 24dd
  1876 1877 240f 243c
  1877 1886 240f 278d
  1886 1876 240f 2570
  ad9 e9c 2410 2688
  e9c aeb 2410 24a4
  3e0 3e4 2411 2a95
  e47 b4f 2412 277d
  e70 e76 2413 2454
  e76 e6e 2413 290d
  3f2 8e9 2414 26e4
  11e2 11f9 2415 32b9
  11f9 11b5 2415 2c61
  1838 e8c 2416 2aab
  6c5 8e8 2417 26dc
  6b1 8d0 2418 24fa
  175b 175a 2419 25d9
  d32 d3b 241a 241b
  d3b d38 241a 329d
  d35 d3b 241b 2bf4
  895 8ea 241c 26e5
  8ea 84e 241d 26e5
  6ee 10cd 241e 2694
  10cd 1191 241e 261c
  712 94a 241f 25c1
  94a 91c 241f 2ae8
  b86 ebd 2420 26bd
  1428 151c 2421 292c
  151c 1462 2421 2bd3
  8e9 3fb 2423 26e4
  40f 336 2425 242c
  991 997 2426 2627
  997 656 2426 2465
  8ca 8b4 2428 2471
  b6b 1671 2429 25a8
  1671 cbf 2429 2ae1
  1ac1 1abf 242a 2a24
  1abf 1ac2 242a 3333
  3f0 336 242c 26c4
  11ff 11fe 242d 28a2
  b52 1664 2430 2c47
  18aa 1924 2431 26f5
  19f7 1a5c 2432 26f6
  1a5c 1a1a 2432 2cf1
  43d 43c 2433 2493
  547 53f 2434 2c1c
  53f 1ba2 2434 3070
  1ba2 547 2434 2a68
  14f2 13d1 2436 2504
  ec3 ec2 2437 2a62
  ec2 ee8 2437 2438
  ee8 ec3 2437 2b42
  ec2 ed6 2438 2a61
  ed6 ee8 2438 2741
  3ca 1814 243a 2599
  1814 528 243a 2e91
  107a 12f5 243b 26ff
  1876 d54 243c 250a
  159f 15a0 243d 32f5
  15a0 159e 243d 2fed
  14f9 590 243e 2670
  9ad 9e8 243f 30d1
  9e8 9eb 243f 30fc
  e73 e5f 2440 2b1c
  e5f e75 2440 2a32
  181e 181f 2441 2790
  e7f 510 2442 28ad
  1b59 1b5b 2443 255e
  1b5b 1b5a 2443 2444
  1490 1491 2446 29ae
  1491 148e 2446 28c3
  316 451 2448 2479
  f39 f1f 2449 260e
  ebb ec3 244a 2a62
  ec4 ebb 244a 28b2
  176a 9ed 244b 2867
  9ed 1852 244b 2dd4
  1852 176a 244b 2f30
  f20 f3a 244c 273d
  f3a f25 244c 270c
  1850 163b 244d 2e8d
  3dd 335 244e 29a5
  437 8f0 244f 2811
  4c0 8e3 2450 268b
  8e3 6ad 2450 2505
  e9d f71 2451 2b13
  f71 e9e 2451 2bf0
  16a0 16bf 2452 3301
  16bf 172c 2452 3047
  172c 16a0 2452 3252
  a03 ef4 2453 31bf
  ef4 a02 2453 305b
  e72 e76 2454 2676
  169e 16df 2455 2ef7
  16df 169f 2455 2ecd
  ead d7d 2456 26a6
  12d8 1177 2457 2dff
  1177 1ad3 2457 27f5
  1ad3 12d8 2457 2458
  1186 12d8 2458 2f1d
  1ad3 1186 2458 27f6
  500 4fe 2459 2a76
  93d 955 245a 268f
  192e 93d 245a 326c
  10ed fcc 245e 2506
  10ef 10ed 245e 26a9
  418 4f9 245f 2583
  4f9 339 245f 24b6
  f49 f3f 2460 2a96
  f48 f49 2461 2a96
  f49 f4b 2461 2b5d
  11ad 1251 2462 2957
  1251 1252 2462 2d6a
  1252 11ad 2462 31af
  381 388 2463 25a3
  388 1bab 2463 29a7
  1bab 381 2463 2bfd
  997 654 2465 2756
  16c1 16c0 2467 24de
  1a66 1a4b 2468 2d9f
  1a4b 1a69 2468 3045
  1a69 1a66 2468 2563
  103d 119d 2469 275a
  b46 f40 246a 28fd
  f40 f6f 246a 2be4
  8e8 753 246b 2760
  753 8f7 246b 26be
  ec1 ce4 246c 26da
  51c 45f 246d 2668
  a76 e52 246e 2aaa
  e6a e6b 246f 2b53
  f47 16f2 2470 2ab7
  119e 871 2472 2774
  1338 1333 2474 2abc
  ae9 a09 2475 2a91
  a09 f72 2475 27a7
  f72 ae9 2475 2765
  1a5e 19af 2476 2e0d
  19af 1a5f 2476 299a
  1a5f 1a5e 2476 305d
  1a1a 1a9b 2478 2cf1
  150c 5ea 247a 28bf
  53a 32f 247b 2f5a
  7c1 10ea 247d 29fd
  cef cf0 247e 247f
  cf0 ad4 247e 3032
  cba cf0 247f 2cdc
  118f 1131 2480 2bd0
  8df 54c 2481 267e
  8cd 46c 2482 24a1
  392 362 2483 26ce
  3ac 392 2483 2cbb
  1796 179f 2484 2cc8
  1625 1654 2485 265d
  1657 1625 2485 2a34
  1702 1703 2486 3308
  1703 16f9 2486 267a
  ffa 12fa 2487 309d
  12fa ff7 2487 24e8
  41a 51e 2488 25e2
  51e 423 2488 27da
  14f0 13a3 2489 2930
  4ec 457 248a 2631
  16fd 1ad2 248b 2b1f
  1ad2 1808 248b 31e0
  148b 1512 248c 32e4
  1512 1513 248c 306d
  33f 8ec 248d 28a3
  8ec 24a 248d 2711
  24b 8ec 248e 2711
  8ec 30f 248e 26ed
  8d0 751 248f 24fa
  1759 cc4 2490 270e
  d0b f6e 2491 2c9f
  f6e d0a 2491 2777
  144 1507 2492 2c80
  9f8 186b 2494 310b
  186b 1881 2494 2c14
  1584 15a6 2495 2718
  15a6 1586 2495 32f1
  18e2 1287 2497 2fdc
  1287 1928 2497 26f0
  1928 18e2 2497 2b3d
  13c7 15c3 2498 2513
  15c3 1665 2498 2e7b
  1665 13c7 2498 2ab3
  e44 ef6 2499 2afb
  11c1 11c5 249a 2f52
  1b3b 1b78 249b 2f8e
  1b78 185c 249b 2832
  63f 65f 249c 2595
  65f 660 249c 2bb8
  660 63f 249c 255b
  18cd 18e5 249d 27df
  1663 12a8 249e 25b1
  8d8 8c9 249f 25ab
  ee5 ec4 24a0 25a1
  513 15be 24a2 2795
  90a 599 24a3 2937
  e9c a2e 24a4 257a
  fc5 12df 24a5 2666
  12df fc8 24a5 24d3
  17fa 1b37 24a6 28ba
  1b37 1b02 24a6 2a0c
  a2e 132d 24a7 2792
  239 8da 24a8 256f
  a61 eeb 24a9 3053
  eeb e51 24a9 26b7
  d05 e79 24aa 2b25
  e79 acf 24aa 280f
  11fb 11b0 24ab 3014
  1927 18a4 24ac 2812
  179a 1790 24ad 2b31
  1790 179b 24ad 275e
  179b 179a 24ad 2eb3
  9bb 4ff 24ae 2e84
  1ae6 9bb 24ae 310d
  573 572 24af 2c42
  1b0e 1b2a 24b0 2ee4
  1278 990 24b2 2fef
  990 1279 24b2 31a7
  1279 1278 24b2 32c5
  15ab 1566 24b3 2856
  1566 15b1 24b3 2bf7
  15b1 15ab 24b3 2887
  194a 1a53 24b4 2842
  1a53 19bb 24b4 2610
  1954 1a61 24b5 28e2
  1a61 1992 24b5 25f4
  4f9 51e 24b6 25b9
  51e 339 24b6 263c
  fbc 119f 24b7 2825
  168a 1682 24b8 24ec
  1682 16e3 24b8 32fd
  367 368 24b9 2758
  368 369 24b9 2b99
  8cf 8cb 24bb 2740
  8f3 6e9 24bc 282d
  1b6b 1b6d 24bd 2cc9
  1b6d 1b72 24bd 2890
  494 900 24be 289b
  4a1 8f8 24bf 288a
  d08 e7a 24c1 2834
  10a9 10e2 24c2 258a
  10e2 10aa 24c2 27f8
  17ec 17be 24c3 2582
  17be 17f4 24c3 2899
  17f4 17ec 24c3 28bc
  18bf 18e6 24c4 283a
  354 356 24c5 2ff6
  360 3b8 24c6 24fe
  3b8 1adc 24c6 31a3
  17a0 1797 24c7 2b69
  11d5 1780 24c8 3152
  1780 1781 24c8 3212
  1781 11d5 24c8 2f20
  197f 19c8 24c9 2c57
  1aa4 197f 24c9 26f2
  8ef 79d 24ca 2739
  1306 fec 24cc 3011
  13a3 154a 24cd 2930
  936 931 24ce 2f60
  931 937 24ce 2af4
  8c4 8e3 24cf 2505
  1635 1657 24d0 2a34
  509 9e7 24d1 3182
  9e7 9bd 24d1 2c39
  817 8f4 24d2 2975
  86d fc8 24d3 2ac7
  12df 86d 24d3 2753
  97b 904 24d4 2b85
  662 55c 24d6 262e
  663 662 24d6 2929
  1863 1789 24d7 26b8
  11bb 11be 24d8 2b5a
  1795 179d 24d9 252a
  1b35 1795 24d9 274a
  600 603 24da 2744
  1a89 1a04 24db 2b67
  1a04 1bbe 24db 2c8f
  1bbe 1a89 24db 332a
  13d7 14f4 24dc 304b
  14f4 1501 24dc 32e9
  1501 13d7 24dc 3204
  11a0 877 24dd 25eb
  16c1 1685 24de 2e90
  e49 b66 24e0 2d94
  1918 1909 24e1 25fd
  1919 1918 24e1 2e65
  f0f f3a 24e2 2993
  f3a f39 24e2 260e
  1307 122e 24e3 2b38
  122e 1308 24e3 2bb2
  1308 1307 24e3 3093
  13a9 14f2 24e4 2504
  13ac 14f1 24e5 25d3
  cb9 e85 24e6 24e7
  d02 e85 24e7 2d37
  12fa 105e 24e8 269c
  f7a f65 24e9 2bbb
  f7b f7a 24e9 2762
  753 901 24ea 2760
  901 6cd 24ea 2871
  1191 10e8 24eb 261c
  10e8 1192 24eb 2a1f
  1192 1191 24eb 282a
  16e2 1682 24ec 2903
  fdf 130a 24ed 2baa
  130a fde 24ed 2877
  163 e7d 24ee 2892
  e16 e8f 24f0 2869
  1222 11ca 24f1 2efa
  11ca 12f7 24f1 2e83
  12f7 1222 24f1 2cc3
  ad5 1777 24f2 27fc
  306 570 24f3 2de0
  19c6 1a7a 24f4 2f5f
  69a 125a 24f6 26c0
  125a 67e 24f6 287e
  7a5 125a 24f7 287e
  125a 11d3 24f7 29dc
  9fc d11 24f8 27c9
  d9f 9fc 24f8 3297
  e8f e17 24f9 2869
  6c2 11a2 24fb 2889
  11a2 6c3 24fb 2621
  1454 1502 24fc 2d42
  1502 144d 24fc 288b
  165f 17a4 24fd 2847
  1824 3b8 24fe 3236
  1434 1504 24ff 2d72
  1504 14c4 24ff 289a
  137e 150c 2500 2803
  155e 959 2501 3282
  959 192e 2501 2e9f
  192e 155e 2501 31fa
  8fb 58f 2502 250f
  58f 1aee 2502 2c3b
  1aee 8fb 2502 2ace
  e20 e9a 2503 2888
  e9a e21 2507 2888
  16c5 1719 2508 2746
  1719 16bb 2508 2946
  17b9 15f3 2509 289e
  8e2 805 250b 2826
  1026 8e2 250b 2518
  760 122f 250c 287a
  8f9 236 250d 2854
  8fb 132e 250f 2de5
  132e 58f 250f 3025
  660 422 2510 2918
  422 1849 2510 27c2
  1849 660 2510 2b90
  237 8f9 2511 2854
  141 97e 2512 2514
  97e 2eb 2512 2c52
  99c 15c3 2513 2630
  e56 eaa 2515 2b0c
  eaa d37 2515 277a
  1196 1026 2516 2518
  56c 14f6 2517 2d2f
  14f6 13d8 2517 32e0
  1196 8e2 2518 26b6
  39f 3cc 2519 2a02
  3cc 3cd 2519 2b2d
  1b60 1b9a 251a 252e
  1b9a 17df 251a 2e2b
  11a3 1171 251b 28b9
  31c 8f6 251c 29bc
  8f6 248 251c 2848
  249 8f6 251d 2848
  8f6 33f 251d 2830
  419 418 251e 2583
  1bb e84 251f 28e9
  e84 9e6 251f 2557
  1553 163d 2520 2c23
  163e 1553 2520 2c4f
  18ba 18e8 2521 28d5
  18e8 18dc 2521 26ea
  1142 1197 2522 259a
  e84 1ba 2523 28e9
  105e 12e7 2525 269c
  12e7 100c 2525 2827
  11d4 11e7 2526 2fa5
  11e7 11d9 2526 2f26
  122f 7a6 2527 28cd
  d85 eb2 2528 25f5
  eb2 b42 2528 2afe
  1b0f 1b36 2529 2d6b
  1b36 17b4 2529 2539
  1795 179c 252a 2667
  4fd 43a 252b 30a5
  180a 4fd 252b 2a01
  16b4 9d0 252c 3086
  1716 16b4 252c 3067
  900 4cf 252f 289b
  c0a 1bba 2530 27c4
  1bba 1312 2530 2531
  1bba c0f 2531 27c5
  152b 141a 2532 28d1
  11c9 1200 2533 32b3
  1200 122d 2533 31ba
  122d 11c9 2533 25ff
  1506 1480 2534 28ca
  98b 1538 2535 29ef
  10aa 10b4 2536 27f8
  10b4 10b3 2536 279d
  11a4 114f 2537 28d7
  36f 371 2538 2bd8
  1b36 17ac 2539 28ec
  a70 e80 253b 28da
  1508 1477 253c 28db
  8d5 817 253d 2975
  53e 50a 253f 2a16
  50a 943 253f 303c
  154d 139d 2540 26db
  457 51c 2541 2631
  1a61 194e 2542 28e2
  4f6 3f8 2543 284f
  3f8 4f7 2543 2874
  4f8 4e0 2544 256c
  967 523 2546 2e4e
  423 522 2548 27da
  522 631 2548 2dbf
  631 423 2548 28f5
  122b 12e5 2549 2ef8
  12e5 15c8 2549 2a50
  15c8 122b 2549 2857
  ea1 ea2 254a 2ef5
  17cc 17c5 254b 25f1
  15ce 15cd 254c 2c66
  547 548 254d 2a68
  7a0 8d7 254f 2567
  3dc 3dd 2550 29a5
  1334 1ae4 2551 3001
  1ae4 1335 2551 3072
  be7 e53 2552 2cff
  e53 e46 2552 2699
  52a 3f8 2553 2874
  3f8 52b 2553 27b6
  52b 52a 2553 282e
  8ef 764 2554 277b
  764 8f7 2554 26a0
  b68 e83 2555 28e8
  e83 b69 2555 2b55
  e09 e77 2558 2673
  e77 e0a 2558 27ac
  151d 933 2559 2ad2
  3f7 4f6 255a 284f
  660 8f5 255b 2b90
  8f5 63f 255b 283b
  13ea 140f 255c 2c8b
  140f 1403 255d 2c8b
  1b59 1b5c 255e 2ec6
  dd7 e53 255f 2681
  e53 e54 255f 2bae
  150f 136d 2560 3021
  3fd 338 2561 2783
  1743 1762 2562 2a03
  1762 1749 2562 2d9c
  1a3b 1a66 2563 2cf0
  1a69 1a3b 2563 3041
  1295 12c9 2564 2700
  131a 16e0 2565 2913
  16e0 131c 2565 257c
  544 184e 2566 27eb
  7a0 8db 2567 2576
  1318 16e0 2568 2a30
  16e0 1317 2568 2913
  170e 1707 2569 280e
  a0a a05 256a 30bc
  6ec 908 256b 2b43
  908 6ef 256b 2573
  138d 150a 256d 291a
  1448 150b 256e 2924
  1886 1870 2570 2723
  1681 9d5 2572 328f
  908 90d 2573 290b
  90d 6ef 2573 260b
  14e2 1506 2574 28ca
  1b6e 1b70 2575 2e3a
  1b70 190e 2575 25cb
  90b 893 2577 293b
  87b 90b 2578 293b
  7a2 69c 2579 2b59
  69c 177f 2579 2800
  e9c 1b7 257a 2974
  174b 176b 257b 2ca9
  176b 1753 257b 2b96
  16e0 16c4 257c 2d32
  1698 16e1 257d 2949
  3be 3b2 257e 2bdb
  174e 1766 257f 2e45
  1766 1774 257f 288e
  1774 174e 257f 2f21
  f23 f3b 2580 2d50
  f3b f10 2580 294e
  10a6 1268 2581 32a2
  12d3 10a6 2581 3149
  17ec 17ae 2582 2952
  12bc 12c5 2585 28ed
  148c 1521 2586 28b8
  1521 148a 2586 28eb
  1358 152e 2587 285b
  e9b 173 2588 2971
  18d8 18c0 2589 2f4e
  18d9 18d8 2589 30bb
  15d1 1788 258b 312a
  1a3e 1a51 258c 2bb7
  175c 1759 258d 270e
  1357 150d 258e 2dfa
  150d 1353 258e 258f
  150d 1355 258f 32d3
  12ca a0 2590 2b0b
  12cc 12ca 2590 2b0f
  fca 12fe 2591 2687
  12fe fa9 2591 2d93
  58c 902 2592 30a3
  199d 1a68 2593 2970
  1a68 199e 2594 2970
  16c8 16ae 2596 26b9
  16ae 16c9 2596 2b9a
  16c9 16c8 2596 2f11
  16c8 16ca 2597 2f12
  135e 136e 2598 2d80
  136e 135d 2598 2bbf
  3ca 3cb 2599 28dd
  3cb 1814 2599 2d3a
  7ff 90c 259b 2ae2
  1224 1238 259c 298d
  1669 1668 259d 32f6
  b48 f3c 259e 297b
  f3c b45 259f 297b
  123c 103f 25a0 2a2e
  edd ec4 25a1 28b2
  ee5 edd 25a1 274b
  13a5 1509 25a2 28f6
  381 382 25a3 291f
  382 388 25a3 2ad3
  100c 11ae 25a4 2827
  11ae 100d 25a4 281e
  577 449 25a5 2947
  449 578 25a5 2f74
  578 577 25a5 30d4
  1762 ef8 25a6 2a03
  a78 eb0 25a7 2a0a
  eb0 e47 25a7 277d
  b6a 1671 25a8 2dd1
  95b e9b 25a9 2971
  90f 74e 25aa 2992
  8d8 8c6 25ab 261f
  9f4 9db 25ac 3246
  9db 1768 25ac 272f
  1768 9f4 25ac 325f
  417 416 25ad 282f
  1818 1548 25ae 31b6
  d87 e82 25af 2ae0
  e82 a69 25af 28e0
  e4b ef3 25b0 2716
  ef3 b7c 25b0 2ca8
  568 58b 25b2 2ca6
  593 568 25b2 2f08
  33d 909 25b3 2aba
  909 246 25b3 2923
  247 909 25b4 2923
  909 31c 25b4 28ff
  401 913 25b5 2860
  913 3ff 25b5 29db
  154a 1527 25b6 265c
  1527 1557 25b6 2dc3
  1557 154a 25b6 2fcf
  388 38a 25b7 25ef
  38a 51a 25b7 2da8
  51a 388 25b7 3065
  19ae 19af 25b8 299a
  19af 194a 25b8 2842
  4f9 522 25b9 27d8
  522 51e 25b9 27da
  1603 15fc 25ba 26d5
  12e1 1552 25bb 31d3
  1552 1302 25bb 317f
  805 8dd 25bc 2826
  23c 183e 25bd 281c
  c32 ea3 25bf 29af
  ea3 c31 25c0 29af
  7b3 94a 25c1 269b
  9c3 9c9 25c2 27d9
  9c9 1bbd 25c2 2d59
  1bbd 9c3 25c2 2a19
  1492 1495 25c3 2c98
  1495 1496 25c3 2fb2
  1496 1492 25c3 2c63
  cc8 175b 25c4 25d9
  f81 f7b 25c5 2762
  16dc 171e 25c6 2c75
  171e 170a 25c6 30d3
  1466 151d 25c7 2ad2
  1955 1a76 25c8 29b9
  18e7 18ab 25ca 29be
  1b70 190d 25cb 29bd
  190f 1b70 25cc 29bd
  1b70 1910 25cc 2ac9
  1a65 1a3b 25cd 2cf0
  1a3b 1a6a 25cd 3066
  1a6a 1a65 25cd 2908
  7d2 8e2 25ce 27ae
  8e2 80c 25ce 26b6
  149b 1497 25cf 2a3e
  149c 149b 25cf 3144
  177a 16dd 25d0 29c6
  16dd 1af9 25d0 2e41
  1af9 177a 25d0 2881
  1924 1925 25d1 28e1
  13ac 14fb 25d3 26a7
  987 5c2 25d4 29cb
  1abe 1abb 25d5 2815
  1abb 1abf 25d5 3332
  1abf 1abe 25d5 2c4a
  16fa 1705 25d6 26f8
  eca 1a87 25d7 29cd
  1a87 ecd 25d8 29cd
  1322 1855 25da 2e8b
  1855 1324 25da 2b21
  8e6 471 25db 26dd
  1782 212 25dc 2e43
  5b1 910 25dd 29d3
  8de 8d5 25de 28f4
  4f7 65e 25df 2866
  1769 1765 25e0 2d01
  1765 1771 25e0 3120
  1771 1769 25e0 2b54
  1965 ec0 25e1 2a13
  ec0 1a8b 25e1 292e
  414 51e 25e2 263c
  95f 500 25e3 2fc3
  a0b e82 25e4 28e0
  10b3 10b5 25e5 279d
  10b5 10d2 25e5 2ba3
  171b 168e 25e6 29dd
  1690 171b 25e7 29dd
  16eb 16b4 25e8 3056
  16b4 171a 25e8 3168
  e6f 182d 25e9 2f01
  182d e6d 25e9 3237
  b4a f3d 25ea 29e0
  20a 165b 25ec 2bb4
  8e7 8cf 25ed 2740
  34b 51f 25ee 2b0e
  388 389 25ef 2ad3
  389 38a 25ef 2a93
  4e7 662 25f0 26de
  662 8e5 25f0 26f7
  8e5 4e7 25f0 2752
  17cc 17cb 25f1 26c1
  369 526 25f2 2adc
  526 38e 25f2 2bcf
  12a2 12c8 25f3 29f7
  d85 b3e 25f5 27f9
  b3e eb2 25f5 2996
  89e 123f 25f6 2640
  123f fcc 25f6 29da
  1744 1761 25f7 2c4d
  1761 f45 25f7 2e55
  916 782 25f8 29fe
  63c 8e5 25f9 2645
  8e5 643 25f9 2950
  eda edf 25fa 281b
  a5d a6d 25fb 2e38
  a6d a6c 25fb 25fc
  11da 11c9 25ff 32b2
  122d 11da 25ff 32b6
  1510 146 2600 2a55
  f8b f8d 2601 29ee
  e75 e64 2602 2625
  aed ea9 2603 2a29
  1025 1271 2604 2f1b
  1271 1024 2604 28c0
  3e7 3e8 2605 2663
  3e9 3e7 2605 2981
  f67 f62 2606 2728
  db6 1584 2607 283f
  153e 153c 2608 2a9d
  153c 1544 2608 30e2
  1544 153e 2608 2e96
  143d 1460 2609 2933
  f68 f5d 260c 272d
  1df eac 260d 2a9f
  f3a f1f 260e 273d
  538 4b1 260f 2904
  1a53 19bc 2610 2ed3
  eac 1de 2611 2a9f
  100d 1244 2612 281e
  1244 1245 2612 28ef
  8f1 6ca 2613 2810
  244 915 2614 2a07
  11b6 122b 2615 2bcc
  122b 122a 2615 2857
  88b 1aea 2616 2cf8
  1aea 7f9 2616 2ed7
  8e3 472 2618 268b
  472 8e6 2618 26dd
  137f 14fc 2619 2b17
  14fc 137b 2619 2691
  176e 1750 261a 314f
  ae4 eae 261b 2abe
  eae b74 261b 27cc
  777 8f1 261d 2810
  8f1 901 261d 26f9
  901 777 261d 29a0
  8e0 756 261e 28f2
  1482 1485 2620 28d4
  1485 1484 2620 2fb7
  11a2 1283 2621 293c
  1283 6c3 2621 284c
  18ec 18ea 2622 3315
  18ea 18f8 2622 302a
  157e 157c 2623 30d9
  e75 e76 2625 26fd
  e76 e64 2625 2676
  c0f 1a8a 2626 265b
  991 998 2627 26ab
  998 997 2627 2ce4
  10dd 10de 2628 262b
  10de 10d6 2628 32aa
  1a57 1a50 2629 2cd2
  1a50 1a58 2629 332d
  1a58 1a57 2629 2967
  1686 16b6 262a 32ff
  16b6 1724 262a 2f34
  1724 1686 262a 2bb3
  fc1 10de 262b 2b9b
  153f 153e 262c 3006
  153e 1541 262c 2878
  15bd 157d 262d 31dc
  1668 15bd 262d 30ac
  662 4ed 262e 26de
  17d1 17ed 262f 29b2
  17ed 17dc 262f 2a66
  99b 15c3 2630 2ce7
  4ec 51c 2631 2668
  918 234 2633 2a14
  1b29 1b27 2634 26fb
  1b27 1b33 2634 278c
  1b33 1b29 2634 333a
  eea bf0 2635 2a58
  235 918 2637 2a14
  1ac7 1ac6 2638 2916
  16e6 1680 2639 2b12
  1680 1864 2639 2b51
  1864 16e6 2639 3059
  ea8 c06 263a 2a5d
  c11 ea8 263b 2a5d
  94f 3ad 263d 28cc
  1adc 94f 263d 31a3
  11be 11c0 263e 2778
  1263 11be 263e 323f
  b7a eaf 263f 2a23
  eaf b78 263f 265f
  89d 123f 2640 299e
  16cb 16c4 2641 2784
  16c4 16cc 2641 2cdd
  1710 f16 2642 2a69
  f15 1710 2643 2a69
  1710 f24 2643 2a05
  1b50 1b51 2644 3061
  1b51 1b64 2644 29b7
  1b64 1b50 2644 2c00
  4e9 8e5 2645 2752
  1268 1bb7 2646 31ef
  1bb7 12d4 2646 3277
  550 8df 2647 267e
  1656 160c 2648 2a63
  e58 cda 2649 2772
  11fa 120d 264a 2e6e
  120d 1228 264a 28ea
  1228 11fa 264a 30fb
  1b05 1676 264b 2ea9
  1b08 1b05 264b 269e
  eab 164 264c 2a92
  1802 3d2 264f 3150
  120f 6ac 2650 2894
  1210 120f 2650 2cc2
  9ef 1885 2651 2fa9
  1885 1871 2651 2e9a
  2f3 989 2652 2cb0
  989 142 2652 266f
  165c 1336 2653 28a6
  163c 1850 2655 2e8d
  1757 175d 2656 2f9c
  11c4 11d7 2657 2be2
  11d7 11d1 2657 2d1d
  e3b 15df 2658 3095
  81a 91d 2659 2c88
  1a8a cf5 265a 2a8d
  c0e 1a8a 265b 2a8d
  14f0 1527 265c 2df8
  154a 14f0 265c 2930
  1625 165c 265d 2c8c
  1a90 ed8 265e 2b22
  eaf b76 265f 2ab8
  17dd 17ed 2660 2a66
  17ed 17ee 2660 28f7
  1545 177b 2661 2fa7
  177b 1546 2661 3220
  1610 1613 2662 2a52
  1613 1801 2662 2895
  1801 1610 2662 2863
  e33 1658 2664 2a8e
  1658 e3f 2664 2814
  103c 125e 2665 26b0
  125e 1038 2665 2aa1
  fc5 182b 2666 2919
  182b 12df 2666 2d98
  1793 179c 2667 2a2c
  e04 f7a 2669 28a5
  f8f e04 2669 2880
  364 366 266a 30b6
  dcd 15ab 266b 28e3
  15ab ea6 266b 2aa5
  ea7 ea5 266c 28b6
  1566 ea7 266c 2856
  1ad8 333 266d 31ae
  989 2f2 266f 2d79
  14f9 582 2670 2bf5
  1551 13b1 2671 2fad
  10f5 126a 2672 2844
  126a 10f8 2672 2ab6
  1b68 1b6a 2674 309b
  ad6 eae 2675 2b50
  eae ad1 2675 2abe
  17f4 17bd 2678 2899
  51d 39c 2679 295b
  39c 1ae1 2679 3039
  1703 1705 267a 2f25
  1705 16f9 267a 26f8
  39b 391 267b 2c40
  39c 39b 267b 2a6b
  add d10 267c 2de3
  d10 d03 267c 267d
  c0a ee7 267f 27bc
  ee7 c07 267f 2ad7
  c04 ee7 2680 2ad7
  dd5 e53 2681 2699
  1b65 17e6 2682 2910
  1694 16c5 2683 2a35
  1162 1195 2684 2db8
  1486 1ab4 2685 29cf
  1ab4 14a5 2685 286b
  1460 151f 2686 2933
  ad9 ebe 2688 3034
  ebe e9c 2688 2a5e
  8e4 7ff 2689 2ae2
  1b03 1b01 268a 2ffc
  17a6 17f7 268c 2aee
  17f7 17a9 268c 2a8a
  b55 eb1 268d 2af3
  17ce 17ea 268e 27d4
  b5c a7a 2690 2982
  a7a eed 2690 2712
  eed b5c 2690 2a65
  14fc 137c 2691 30fa
  17f7 15e2 2693 2aee
  6ee 8f1 2694 26f9
  ed4 1a90 2695 2b22
  80c 1196 2697 26b6
  164b 1659 2698 2b10
  1659 164c 2698 2884
  1a0a 1a88 269a 2e0f
  1a88 1a89 269a 2b67
  1a89 1a0a 269a 2bc5
  7b3 969 269b 2768
  969 94a 269b 2c29
  12fa 12e7 269c 3128
  18a7 18f1 269d 2b2a
  1b08 1b07 269e 3335
  a04 e5c 269f 3293
  e5c d39 269f 316b
  ad0 eb3 26a1 29d0
  eb3 ac5 26a1 2b29
  18f1 18a9 26a2 2b2a
  105d 1806 26a3 2b7c
  1806 15c0 26a3 3116
  453 930 26a5 289d
  930 1ae7 26a5 3254
  1ae7 453 26a5 324d
  ead d35 26a6 2c64
  fc7 1240 26a8 2b56
  1240 1241 26a8 291d
  1241 fc7 26a8 3271
  1193 10ed 26a9 2f3e
  573 1aee 26aa 2ace
  1aee 57b 26aa 2c3b
  991 9a3 26ab 2785
  9a3 998 26ab 2e00
  402 8f2 26ac 2c0c
  1408 1515 26ae 27a3
  1515 14b2 26ae 2b3e
  e03 f8f 26af 2880
  166 ebc 26b1 2b63
  1b9 ebe 26b4 2b8f
  ebe 9e1 26b4 2c01
  1896 18ed 26b5 2faa
  18ee 1896 26b5 3313
  eeb b56 26b7 2bfb
  1863 185c 26b8 300a
  17f0 17e0 26ba 283e
  917 4d6 26bb 2a43
  ebd b85 26bc 2b6b
  b83 ebd 26bd 2b6b
  f77 bf5 26bf 2b70
  69a 11d6 26c0 2745
  11d6 125a 26c0 2e63
  e2b 1bb6 26c2 2d3b
  fb0 127d 26c3 2b74
  127d fc4 26c3 2921
  3ee 336 26c4 285c
  e9e 183b 26c5 2bf0
  183b e9f 26c5 2e4a
  8f2 60e 26c6 2c1a
  15d2 1866 26c7 2fce
  1866 15cf 26c7 2e09
  12bf 1acc 26c8 2e89
  1acc 18ef 26c8 2ecf
  1a7e 1a86 26c9 2c1e
  1344 1519 26ca 2b91
  9ff a03 26cb 3298
  948 7cd 26cc 2b8a
  392 35f 26ce 2cc0
  1b98 1b23 26cf 2eca
  18de 18e2 26d0 2976
  18e2 129a 26d0 2b3d
  1803 3d9 26d1 2ca7
  3d9 1bbb 26d1 3169
  1bbb 1803 26d1 2b1e
  f41 f42 26d2 2a1a
  f42 f46 26d2 2fd9
  f46 f41 26d2 29e2
  ebf af0 26d3 2b93
  1606 1801 26d4 2863
  1801 1611 26d4 2c6b
  1923 191e 26d6 31e1
  f90 f7f 26d7 2725
  1945 1a5f 26d8 2afc
  1a5f 19ae 26d8 299a
  cd2 ec1 26d9 2ba6
  ec1 ab0 26da 2ba6
  777 8e8 26dc 29a0
  8fa 591 26df 2861
  94b 852 26e0 2bb0
  e55 162 26e1 27a9
  81e 944 26e2 2e30
  1ba1 178e 26e3 3109
  11cc 1827 26e6 2e5a
  1827 1201 26e6 284e
  379 37b 26e7 304c
  37b 37a 26e7 2b30
  1245 1246 26e8 28ef
  1246 124f 26e8 2e3e
  18f4 12a1 26eb 2bca
  129e 18f4 26ec 2bca
  8ec 8e4 26ed 2a78
  1351 1340 26ee 32cf
  1340 14fe 26ee 3232
  60d 94c 26ef 2bd6
  94c 61b 26ef 28c9
  1287 12b8 26f0 32c9
  12b8 1928 26f0 2c27
  1833 208 26f1 2e78
  1aa4 1a54 26f2 2bc6
  6ff 946 26f3 2b5b
  946 701 26f3 27a0
  1abc 1abe 26f4 2815
  1abe 1479 26f4 2ffa
  18a8 1924 26f5 2a17
  662 905 26f7 2929
  905 8e5 26f7 2950
  6ee 901 26f9 2871
  1548 1843 26fa 2c33
  1843 13d5 26fa 2dd6
  1b29 1b28 26fb 2d5e
  1ad5 c99 26fc 27f3
  e75 e7e 26fd 2a32
  e7e e76 26fd 290d
  1b9e 17b8 26fe 2809
  1382 151e 2701 2c0e
  f4e f4f 2702 294d
  c1e eec 2704 2c1b
  eec c1c 2705 2c1b
  151f 143f 2706 2c20
  129a 1928 2708 2b3d
  1928 1298 2708 2c27
  3e7 3df 2709 2bbc
  b53 eeb 270a 2bfb
  eeb b52 270a 2c47
  13be 1534 270b 29f1
  1534 5fb 270b 2d91
  f3a f3b 270c 2993
  f3b f25 270c 3005
  1241 1126 270d 291d
  1126 1ad9 270d 2853
  1ad9 1241 270d 3201
  1522 1730 270f 320f
  1730 1375 270f 2b24
  c40 f75 2710 2d36
  a79 eed 2712 2c31
  38b 38d 2714 2ac4
  38d 525 2714 2761
  525 38b 2714 29b5
  15f5 17b9 2715 289e
  ae5 ef3 2716 3112
  8fe 132e 2717 2a10
  132e 8fc 2717 2de5
  1584 1577 2718 2797
  1577 15a6 2718 2845
  12db 924 271a 2e4c
  4fa 9e9 271b 2caa
  1517 1485 271c 32e3
  1485 152b 271c 28d4
  1360 1844 271d 28cf
  18f7 18ce 271e 2c4b
  395 967 271f 2e4e
  967 968 271f 30d8
  153d 1542 2720 31cd
  1542 1550 2720 2feb
  1550 153d 2720 2f56
  b7b ef3 2721 2ca8
  ef3 aaf 2721 2c91
  594 964 2722 2c95
  187b 1870 2723 2a46
  1886 187b 2723 2864
  98f 130f 2724 2a33
  130f 560 2724 2fec
  f90 e77 2725 2972
  1a84 1aaf 2726 2e12
  1aaf 1a7e 2726 2c1e
  92c 949 2727 2a1d
  949 1314 2727 327c
  1314 92c 2727 2e8f
  f67 f6a 2728 27fe
  f6a f62 2728 2879
  1816 bfa 2729 2c67
  8f4 8de 272a 28f4
  579 92d 272b 3175
  903 59c 272c 28b4
  904 903 272c 2e10
  f68 f5b 272d 290a
  d5b ef1 272e 2af2
  ef1 d4e 272e 2c71
  1b47 1b9b 2730 3003
  1b9b 1ba1 2730 3109
  1ba1 1b47 2730 2737
  18c0 18d7 2731 2f4e
  18d7 18be 2731 2732
  18d7 18c1 2732 30d5
  e93 1792 2733 28c4
  1792 1793 2733 2c3a
  41c 96c 2734 2cd7
  96c 55b 2734 273c
  37d 37b 2735 2ce3
  37b 4f4 2735 2f0d
  4f4 37d 2735 2c10
  1177 1aec 2736 2dff
  1aec 15d5 2736 2f87
  1b78 1b47 2737 2f8e
  1ba1 1b78 2737 31e3
  438 52b 2738 282e
  52b 417 2738 295e
  1274 11d8 273a 2f2f
  11d8 12ec 273a 3205
  12ec 1274 273a 2886
  964 597 273e 2c95
  1b18 1b33 273f 2fd2
  1b33 1b17 273f 278c
  8e7 8cb 2740 27fa
  bf1 ee8 2741 2997
  1974 1a98 2742 2ca3
  603 906 2743 2744
  f54 1719 2746 2ad8
  f6d 167 2747 2cc1
  168 f6d 2748 2cc1
  98e 9a2 2749 2b23
  9a2 9a6 2749 2d33
  ee3 edd 274b 2d28
  114c 12de 274c 29ce
  486 91a 274d 2a59
  91a 6eb 274d 28fe
  959 1a96 274e 31fe
  1a96 1aac 274e 3179
  1b89 1914 274f 3075
  1b93 1b89 274f 2e87
  acb 15cc 2750 2c02
  15cc e7f 2750 2ac1
  13c4 154f 2751 2b27
  154f 1550 2751 2f56
  1550 13c4 2751 2f3b
  12df 894 2753 2cce
  382 1825 2754 2fb0
  1b54 1b58 2755 333c
  997 992 2756 2e93
  152d 13ca 2757 2d1f
  366 368 2758 2cbd
  f6f f2d 2759 2ce6
  103f 119d 275a 2a2e
  b71 1ba9 275b 2ea4
  992 9a0 275c 2e93
  3c5 3c7 275d 29ad
  3c7 3c8 275d 2989
  1790 1b75 275e 2ceb
  1b75 179b 275e 282b
  1b3c 1b47 275f 3003
  1b47 1b3d 275f 2e7c
  8e8 901 2760 29a0
  38d 3bd 2761 27bb
  3bd 525 2761 2f2b
  1ac6 1ac3 2763 2a64
  61e 988 2764 2953
  988 61d 2764 2d74
  f72 aea 2765 2d05
  fc2 12e3 2766 2d0d
  1423 152c 2767 2d0e
  70d 969 2768 2833
  180b dd4 2769 2ded
  1bb0 d78 276a 27ce
  1a9c 1a22 276b 2d17
  134e 1524 276c 2fb9
  36c 15d7 276d 30a0
  9ee 9f8 276e 2d7e
  155b 9ee 276e 2f48
  1721 f06 276f 2d3d
  d40 f72 2770 2d05
  152f 1475 2771 2d24
  e58 cd8 2772 2be6
  530 3e9 2773 2981
  119e 872 2774 2d95
  1293 128f 2775 27af
  12b7 1293 2775 32ce
  1653 165a 2776 2873
  165a 162e 2776 2f6c
  f6e d27 2777 2f86
  11be 11bf 2778 2b5a
  11bf 11c0 2778 2c3c
  b79 183c 2779 2e5c
  112b 12ed 277c 2d57
  eb0 b4f 277d 2ac5
  1aed 17ab 277e 2ec4
  ee2 1afa 277f 31de
  1afa 19d0 277f 2b6f
  12c5 12c0 2780 28ed
  f44 ef8 2781 28fa
  f45 f44 2781 2d38
  1257 12e5 2782 2bab
  12e5 122c 2782 2ef8
  16cb 16c3 2784 280c
  9a6 9a3 2785 2836
  921 760 2786 28f9
  c18 f78 2787 2d46
  f78 c17 2788 2d46
  97d 657 2789 2d47
  12e2 1301 278a 28f8
  1301 1304 278a 2d4d
  1304 12e2 278a 306b
  15a2 15a5 278b 2ee0
  15a5 15a1 278b 27c7
  12ee 120e 278e 3250
  120e 1af2 278e 2e05
  1af2 12ee 278e 29d7
  7bc 980 2791 2d55
  1b6 132d 2792 2dab
  132d 1b5 2793 2dab
  1a56 1bb3 2794 2ef6
  1bb3 19d1 2794 2d58
  1c6 15be 2795 2dde
  15be 1c5 2796 2dde
  1584 157b 2797 283f
  ac1 ada 2798 2799
  ada e4e 2798 3299
  acc ada 2799 2f04
  1a4b 1a67 279a 2d9f
  1a67 1a75 279a 286e
  1a75 1a4b 279a 306a
  f61 f79 279b 2d69
  17b3 1b36 279c 28ec
  1b36 1b0c 279c 2bf2
  10b4 10b5 279d 3123
  1689 168a 279e 29ed
  168a 1711 279e 2b92
  1711 1689 279e 2f76
  183a f12 279f 2e6d
  946 950 27a0 2bdc
  950 701 27a0 2858
  1530 1432 27a1 2d7b
  14ef 1515 27a3 2ac8
  3b6 3a4 27a5 2a4b
  1a6e 1aa1 27a6 2daf
  a09 17fe 27a7 2f99
  176c 1742 27a8 2de1
  e7d 162 27a9 2892
  faa 12fe 27ab 2d93
  e77 e0d 27ac 2972
  ef7 f44 27ad 28fa
  f44 efb 27ad 2909
  8dd 8e2 27ae 2826
  1293 128e 27af 3110
  148a 148b 27b0 28eb
  192a 18a5 27b2 2da4
  1537 169 27b3 2dc5
  16a 1537 27b4 2dc5
  38e 4fd 27b5 2f6e
  4fd 500 27b5 2a76
  500 38e 27b5 2fc3
  3f8 337 27b6 2862
  337 52b 27b6 28e7
  e1a e89 27b7 2882
  e89 e87 27b7 2ebd
  e17 e87 27b8 2914
  e87 e88 27b8 2ebe
  1bbc 16e 27b9 2ec2
  f19 183a 27ba 2818
  38d 39d 27bb 2a7c
  1310 ee7 27bc 2b68
  133a a64 27bd 2db7
  65a 1bac 27be 299c
  1bac 65c 27be 2eb8
  9a5 9a4 27bf 2fea
  16cc 171c 27c0 2cdd
  19b8 1ab0 27c1 2c2e
  1ab0 19b5 27c1 2dc9
  41f 1849 27c2 2e8a
  1bb9 f26 27c3 2ec1
  c09 1bba 27c4 2ebf
  1bba c0c 27c5 2ebf
  11b2 11b3 27c6 2e42
  11b3 11b4 27c6 2f89
  b3d 1bb9 27c8 2ec1
  1bb9 b3e 27c8 28be
  9fc d12 27c9 2c55
  d12 d11 27c9 329c
  d79 1bb0 27ca 2ec0
  a02 d3c 27cb 305b
  d3c ead 27cb 2c64
  eae 9f1 27cc 2f2c
  e0e 1bb8 27cd 2ebb
  1bb8 e1a 27cd 2882
  1bb0 d77 27ce 2ec0
  1559 1413 27cf 2ddd
  13e0 1559 27d0 2ddd
  17d8 17f8 27d1 2dbd
  c3f ef0 27d2 287f
  ef0 c34 27d2 2c38
  65d 1bac 27d3 2eb8
  1127 1ba8 27d5 2934
  1ba8 1115 27d5 2eba
  9ed a01 27d6 2867
  a01 a03 27d6 31bf
  a03 9ed 27d6 280d
  b3e 155a 27d7 27f9
  155a b3c 27d7 2ddc
  422 522 27d8 2d2e
  485 929 27db 2abf
  8ee 81a 27dc 2c88
  399 396 27dd 2bea
  64c 15c7 27de 2df7
  18a1 18e5 27df 28d0
  1b9f 1901 27e0 2eb1
  5b8 1ba3 27e1 2eb6
  1305 fbb 27e2 320e
  fbb 1846 27e2 31bd
  1846 1305 27e2 30bf
  192c 18bd 27e3 2e11
  18bb 192c 27e4 2e11
  c94 15dc 27e5 2e15
  15dc c9e 27e6 2e15
  643 905 27e7 2950
  905 666 27e7 289c
  14b1 151c 27e8 2bd3
  151c 140e 27e8 2a98
  1662 ad7 27e9 2e1e
  1748 1764 27ea 2f45
  1764 174b 27ea 2b2e
  16d 184e 27eb 2e8c
  180c 16b 27ec 2e53
  ecf 1add 27ed 2ea8
  ed5 1add 27ee 2896
  1add ed2 27ee 2ea8
  96e 1826 27ef 2f36
  1839 48f 27f0 30ba
  166f 669 27f1 2e24
  55b 1817 27f2 2851
  1817 41d 27f2 2e64
  1ad5 c12 27f3 2ea0
  c01 1ad5 27f4 2ea0
  1173 1ad3 27f5 2e9e
  1ad3 1183 27f6 2e9e
  17de 1b9a 27f7 2e2b
  d85 155a 27f9 287d
  1982 1ab2 27fb 2b08
  1ab2 197c 27fb 2e98
  a7c 1777 27fc 2e36
  1777 d4f 27fd 2e36
  f67 f68 27fe 290a
  10ee 1779 27ff 2e39
  1779 10f3 27ff 2958
  684 177f 2800 2e3c
  f91 b3a 2801 2d44
  1adb 1076 2802 2e50
  5ef 150c 2803 28bf
  16a5 1821 2804 2e6c
  ccf 1811 2805 2e59
  1404 1830 2806 2e74
  1122 1829 2807 2e6f
  972 525 2808 29b5
  525 1ace 2808 3135
  1b9e 17b7 2809 2e61
  168b 1720 280a 2901
  1720 168d 280a 2ff4
  17c9 1b9e 280b 2e61
  16cb 16b7 280c 2cf6
  a03 a00 280d 3298
  170e 170b 280e 2f2a
  11b0 11b1 2813 2eaf
  11b1 11b2 2813 2e42
  15e7 e3f 2814 2a87
  1658 15e7 2814 2aa2
  e21 e8a 2816 295d
  1827 11f6 2817 2e5a
  f18 183a 2818 2e6d
  1b5c 1b5e 2819 333d
  18d8 18da 281a 30bb
  18da 1895 281a 3310
  eda ede 281b 2963
  23b 183e 281c 2e9c
  1582 1784 281d 2b89
  1784 1800 281d 3151
  1800 1582 281d 3197
  11ae 1244 281e 3121
  e2a e90 281f 2968
  3e6 585 2820 2b6d
  11af 127e 2821 30f1
  127e 9b8 2821 31ca
  11d8 1275 2822 2f2f
  1275 1781 2822 297e
  1781 11d8 2822 2dee
  1a95 1a81 2823 3042
  11c5 11c7 2824 3030
  11c7 11c6 2824 29a8
  fe0 119f 2825 2fa4
  12e7 11ae 2827 32b1
  17b0 1b92 2828 2852
  1b92 1b0e 2828 2ee4
  192f 93d 2829 294f
  93d 1930 2829 326c
  1930 192f 2829 2c86
  1192 11a2 282a 293c
  11a2 1191 282a 2944
  10fb 126a 282c 2ab6
  126a 1132 282c 29d5
  8f3 6ec 282d 2b43
  417 415 282f 295e
  8f6 8ee 2830 2c05
  10df 1271 2831 28c0
  1271 1272 2831 2d14
  1b78 178b 2832 31e3
  70d 98a 2833 2980
  98a 969 2833 2d1a
  a7b e7a 2834 2a94
  1a6b 19d3 2835 298c
  9a6 1acf 2836 2bef
  f73 de8 2837 2d07
  1b13 1b09 2839 2e22
  1b09 1b4a 2839 3077
  1b4a 1b13 2839 320c
  947 448 283c 30fd
  124e 126b 283d 2bba
  126b 1247 283d 3048
  17f0 17e2 283e 2931
  19a2 19a3 2840 2ca1
  19a3 1945 2840 2afc
  39a 3d7 2841 29bf
  3d7 399 2841 2da2
  f25 1315 2843 3005
  10f5 1853 2844 2cf4
  1853 126a 2844 2b5e
  1576 15a6 2845 2f50
  1228 125f 2846 3080
  15c8 1228 2846 2a50
  165f 15e4 2847 2c30
  9aa 9ab 284a 2aa4
  9ab 926 284a 2f62
  1615 1656 284b 2a0d
  10bc 119b 284d 2bb9
  119b 10ba 284d 2c8d
  3f7 3f8 284f 2862
  58a 919 2850 2f9f
  919 5ad 2850 2d03
  62f 1817 2851 2c69
  17a1 1b92 2852 2cb8
  1126 1125 2853 2f4d
  ea4 dd8 2855 29b1
  ea5 ea4 2855 28b6
  15ab ea7 2856 28e3
  15c8 122a 2857 2a2d
  950 703 2858 28a7
  ef6 efc 2859 2afa
  efc efd 2859 2c9a
  1238 1237 285a 2c7e
  125c 1238 285a 319d
  1358 1361 285b 28c2
  1361 152e 285b 3138
  1775 a09 285d 2f99
  a09 1afb 285d 2a91
  1afb 1775 285d 2b8c
  59e 97a 285e 2aa0
  1b35 1b4c 285f 2c51
  401 94c 2860 2d3c
  94c 913 2860 2bcb
  1887 187b 2864 2c72
  1153 11a1 2865 2f2e
  4f7 52a 2866 2874
  999 996 2868 29ca
  99a 999 2868 2917
  9ec 9fd 286a 2c65
  9fd 9dc 286a 29b4
  975 14a5 286b 2bee
  1ab4 975 286b 31e7
  1a8e 1a91 286c 31f9
  1a91 19a8 286c 2f85
  1a67 1a4a 286e 2dac
  1a4a 1a75 286e 3097
  3b3 393 286f 2c13
  3b4 3b3 286f 2af6
  390 398 2870 2beb
  407 390 2870 2ad4
  1b8d 1b82 2872 30ee
  1b82 1b8e 2872 301a
  1b8e 1b8d 2872 2edc
  1631 165a 2873 2b87
  7b9 1339 2875 2dbc
  1339 73c 2875 2ba9
  67f 130d 2876 2bdf
  130d 75d 2876 2d56
  153e 1543 2878 2e96
  1543 1541 2878 298a
  f6a f64 2879 2cc6
  75e 122f 287a 2af8
  1740 176c 287b 2de1
  590 911 287c 29c5
  f75 ef0 287f 2cea
  f24 177a 2881 2a05
  11dd 1200 2883 303f
  1200 17fd 2883 319b
  17fd 11dd 2883 2ab4
  1659 1782 2884 2c0f
  1831 1869 2885 3266
  1869 d26 2885 3147
  11d0 1274 2886 32b4
  12ec 11d0 2886 3082
  1567 15ab 2887 2aa5
  6cc 11a2 2889 2944
  4d7 8f8 288a 2960
  ee1 1311 288c 2bf6
  1aa0 ee1 288c 2d76
  1225 1226 288d 2eab
  1226 1822 288d 317c
  1822 1225 288d 30ff
  1766 1767 288e 2eea
  1767 1774 288e 320d
  668 166f 288f 2e24
  166f 66b 288f 28f3
  1b6c 1b72 2890 2912
  18e3 1280 2891 2939
  10be 10c0 2893 2b6a
  10c0 10c7 2893 32a7
  120f 11ff 2894 28a2
  1605 1801 2895 2c6b
  ed5 1aa2 2896 2b33
  9f9 1832 2897 2e3f
  1832 9fc 2897 2c55
  563 5d0 2898 2905
  5d0 92a 2898 2b18
  92a 563 2898 2b4f
  1504 1433 289a 2986
  905 945 289c 295f
  945 666 289c 2b1a
  453 934 289d 2f5b
  934 930 289d 320a
  10b6 10b4 289f 3123
  1672 10b6 289f 3133
  1386 1840 28a0 2e81
  1840 13c0 28a0 2d62
  a55 eef 28a1 2b94
  eef a7d 28a1 29ba
  120f 11fe 28a2 3013
  90c 8ec 28a3 2a78
  1892 1880 28a4 2f5d
  f79 f7a 28a5 2bbb
  165c 1332 28a6 2c8c
  950 96b 28a7 2c70
  96b 703 28a7 291c
  1350 15d6 28a8 2c7b
  15d6 134c 28a8 2f82
  122c 11b6 28a9 2bcc
  1230 122c 28a9 306c
  180d 61e 28aa 2953
  3cc 39e 28ab 2a02
  134c 134d 28ac 2f82
  e7f b64 28ad 2ac1
  16ec 16ed 28ae 3302
  170f 16ec 28ae 2a5a
  1102 125b 28af 2907
  125b 1108 28af 29f2
  65b 184f 28b0 30cf
  184f 634 28b0 28dc
  7b5 908 28b1 290b
  908 6a8 28b1 2acc
  1248 124c 28b5 2b62
  124c 124d 28b5 2fc0
  1856 546 28b7 3022
  1ba2 1856 28b7 3070
  148c 1ab3 28b8 2b6c
  1ab3 1521 28b8 3096
  11a3 1128 28b9 2a74
  1b2e 1b37 28bb 2a0c
  17b2 17f5 28bd 299b
  17f5 17aa 28bd 2ac6
  f31 b3e 28be 2996
  15b3 15a2 28c1 2ada
  15b8 15b3 28c1 2cb2
  1358 1359 28c2 2cd0
  1ab3 148e 28c3 2b6c
  1b3f 1b3e 28c5 3058
  567 133f 28c6 2f43
  1362 567 28c6 30e1
  12c1 1acc 28c8 291e
  1acc 12bd 28c8 2e89
  94c 988 28c9 2d3c
  988 61b 28c9 2f05
  1006 124e 28cb 2bba
  124e 124a 28cb 2d29
  122f 130d 28cd 2af8
  130d 7a6 28cd 2bdf
  e3f 15de 28ce 3094
  13ce 1844 28cf 2e88
  18a1 18e7 28d0 29be
  152b 1482 28d1 28d4
  115c 11a4 28d2 28d7
  12ce ffa 28d3 309d
  15c0 12ce 28d3 30d0
  18af 192d 28d6 2e94
  192d 18cb 28d6 2db3
  b69 f93 28d8 2b55
  10d2 119a 28d9 2ba3
  119a 10bc 28d9 2bb9
  659 634 28dc 2a2a
  184f 659 28dc 2e2a
  3c8 3cb 28dd 2a06
  1b15 1b1c 28de 3141
  1381 1393 28df 32d7
  1393 137f 28df 2b17
  1924 192a 28e1 2a17
  1223 11df 28e4 2c17
  f74 d05 28e5 2b25
  fb9 1304 28e6 2fd7
  1304 fe0 28e6 2d4d
  415 52b 28e7 295e
  120d 1ae0 28ea 322a
  1ae0 1228 28ea 3080
  1521 148b 28eb 32e4
  907 81e 28ee 2e30
  1244 1246 28ef 32c2
  1a7a 1a7d 28f0 3115
  e52 ef1 28f1 2aaa
  ef1 b5b 28f1 2fa1
  8e0 91a 28f2 28fe
  8f4 8d5 28f4 2975
  96c 423 28f5 2cd7
  17ed 17e2 28f7 2d52
  17e2 17ee 28f7 2931
  921 75f 28f9 2c6f
  169d 172a 28fb 2e04
  172a 16a2 28fb 31bc
  1b0b 1b98 28fc 2eca
  b46 177e 28fd 2c81
  177e f40 28fd 30e7
  909 907 28ff 2dcb
  119f 12ff 2900 2fa4
  12ff 1064 2900 2be8
  168b 1855 2901 2b21
  1855 1720 2901 2d8f
  1b97 1b5e 2902 2be0
  16b2 1682 2903 2c74
  16e2 16b2 2903 2bde
  538 3b4 2904 2af5
  9c8 1ae6 2906 310d
  1ae6 1b86 2906 2f1e
  1b86 9c8 2906 2a7f
  1a35 1a65 2908 2eeb
  1a6a 1a35 2908 3088
  f42 efb 2909 2a1a
  f44 f42 2909 2f23
  7b5 90d 290b 296e
  1275 1273 290c 326f
  1276 1275 290c 2fd1
  e7e e6e 290d 2b8e
  1b2f 1b2e 290e 2ea2
  1b46 1b2f 290e 2cba
  112c 12f8 290f 2d82
  12f8 1180 290f 2d70
  56a 1314 2911 2b34
  1b66 1b72 2912 2c89
  1433 1505 2915 2986
  1519 1433 2915 2b91
  1ac7 1ac9 2916 2aca
  1ac9 1ac6 2916 2a64
  99a 99f 2917 2c9e
  99f 999 2917 2b4e
  660 978 2918 2bb8
  978 422 2918 2d2e
  1392 150a 291a 2eee
  1873 186b 291b 2c14
  96b 781 291c 2990
  1335 1acc 291e 2ecf
  380 382 291f 2fb0
  650 97d 2920 2d47
  97d 64d 2920 2966
  127d 119e 2921 2d95
  13c5 1520 2922 2c6a
  1520 99c 2922 29a3
  372 376 2925 2cf9
  112f 1805 2926 3127
  1805 110c 2926 2dba
  1a9a 19b7 2927 2a83
  19b7 1aa8 2927 2cfd
  1aa8 1a9a 2927 2b02
  1207 1203 2928 2ca2
  1209 1207 2928 307a
  663 905 2929 295f
  191c 191e 292a 318d
  191e 1921 292a 3148
  9ad 9ac 292b 2f80
  9ac 9b1 292b 3284
  9b1 9ad 292b 3031
  141f 151c 292c 2a98
  10ba 119c 292d 2c8d
  119c 10bb 292d 2db5
  ec0 c3c 292e 2ba0
  12b4 12fb 292f 2bf8
  12fb 12a4 292f 29f6
  a08 e48 2932 2b61
  ea2 a08 2932 2bfe
  143d 151f 2933 2c20
  1195 1ba8 2934 2db8
  16b6 1854 2935 32ff
  1854 16c1 2935 2e90
  f54 1ae3 2936 2b01
  1ae3 f52 2936 2ec5
  12ca 12cb 2938 2b0f
  18e3 18e4 2939 2ff0
  18e4 1280 2939 3286
  179f 17a0 293a 2b69
  1192 1283 293c 2b81
  155f 15bc 293d 32ed
  15bc 155e 293d 3282
  1202 1223 293e 2c17
  1223 1225 293e 2eab
  1225 1202 293e 2fd0
  133e 133c 293f 2b8b
  133f 133e 293f 2f43
  1085 1089 2940 2c4c
  1089 1088 2940 2e8e
  eb8 ee3 2941 2ab5
  167a 9c5 2942 296d
  17ca 1b22 2945 2f8f
  1b22 1b0b 2945 2ef2
  577 8ed 2947 2fc1
  8ed 449 2947 2bc3
  3a0 4ba 2948 2eec
  4ba 3a1 2948 2fd3
  16bc 16e1 2949 2ff7
  f41 efc 294a 2c9a
  8ba 15dd 294b 2ea3
  eba ebb 294c 2d1e
  f4b f4f 294d 2de2
  f3b f0f 294e 2993
  2db 1535 2951 2a4d
  183f 2db 2951 29b3
  180d 988 2953 2f05
  1204 1206 2954 2cbe
  1206 1208 2954 30be
  1940 1a78 2955 2e33
  1a78 19a2 2955 2ca1
  e5a 1891 2956 2b95
  1891 cf3 2956 3131
  1193 10f3 2958 2ed0
  1779 1193 2958 2f3e
  17f5 17b3 2959 299b
  1370 1730 295a 2b24
  3a6 39c 295b 2a6b
  14eb 14ec 295c 3206
  14ec 1ada 295c 31ee
  1ada 14eb 295c 2fda
  663 945 295f 2b78
  4d7 917 2960 2a43
  12fc 12c7 2961 2afd
  1a82 19c6 2962 2f5f
  19c6 1a8f 2962 308c
  1a8f 1a82 2962 29f0
  15a7 15ac 2964 30e6
  e57 ea1 2965 2fa8
  f70 e57 2965 31a2
  1a58 19b8 2967 2c2e
  153c 1540 296a 2f55
  1540 1546 296a 300c
  1546 153c 296a 3220
  1860 1afe 296b 3181
  10b7 1269 296c 30aa
  1269 1672 296c 3101
  167a 1674 296d 3105
  1921 191f 296f 2a70
  f90 e0d 2972 2aec
  1289 128a 2973 32cb
  128a 1186 2973 31d8
  e9c 1b8 2974 2a5e
  18de 18f3 2976 30c2
  18f3 18e2 2976 305c
  1219 1217 2977 2d75
  bec eba 2979 2f6a
  124a 124b 297a 2d29
  124b 1248 297a 2b62
  af9 e9d 297c 2b13
  1750 1741 297d 29c2
  1754 1750 297d 330c
  1275 11e8 297e 2fd1
  11e8 1781 297e 2f20
  1499 1503 297f 32e8
  1503 13fc 297f 2b57
  8b8 98a 2980 298f
  530 3e7 2981 2bbc
  b5c 1af1 2982 2e54
  1af1 a7a 2982 29e4
  3a1 172e 2983 2fd3
  172e 3f4 2983 2af9
  f97 1288 2984 2e1a
  1288 1284 2984 2d20
  1504 8ff 2985 2f2d
  1505 1504 2985 2986
  fbf 10eb 2988 2f38
  10eb fc1 2988 2b9b
  3c7 4f5 2989 308a
  4f5 3c8 2989 2a06
  1543 1557 298a 2fcf
  1557 1541 298a 3164
  79a 1834 298b 2e19
  1834 74b 298b 2a00
  1233 1238 298d 2c7e
  788 1bb1 298e 2ebc
  1bb1 741 298e 2d92
  8b8 15da 298f 2b20
  15da 98a 298f 2dd2
  96b 977 2990 2d27
  977 781 2990 299f
  1914 1908 2991 3075
  90f 78d 2992 29eb
  1642 165a 2994 2dc2
  165a 1630 2994 2b87
  f3e f37 2995 2aff
  f3f f3e 2995 2d73
  f31 eb2 2996 2d49
  bf1 eee 2997 2e26
  eee ee8 2997 2ba7
  123e 12ea 2998 3233
  12ea 1263 2998 31e5
  1a74 1957 2999 29a4
  65a 99f 299c 2b4e
  15e3 1658 299d 2a21
  1658 e34 299d 2a8e
  8a0 123f 299e 2b1d
  977 759 299f 29d9
  10c9 10cb 29a1 2d9a
  10cb 10e9 29a1 30c4
  1439 151b 29a2 2a67
  1520 99a 29a3 2c9e
  1a76 1957 29a4 29b9
  1930 959 29a6 2e9f
  19bd 1930 29a6 2c86
  388 1af0 29a7 3065
  11c7 1273 29a8 29b8
  1273 11c6 29a8 2f79
  11c3 11cf 29a9 2dae
  11cf 11f5 29a9 3125
  14f4 145a 29aa 2f8a
  152c 14f4 29aa 29ab
  14b5 14f4 29ab 32e9
  152c 14b5 29ab 2d0e
  1233 102f 29ac 2d4b
  1237 1233 29ac 2c7e
  1492 1491 29ae 3145
  ee9 eee 29b0 2bd2
  eee eea 29b0 2e26
  17f8 17ed 29b2 2d52
  972 38b 29b5 2f4b
  f4f 1af6 29b6 2de2
  1af6 f50 29b6 2a3d
  1b52 1b64 29b7 31b0
  eef e49 29ba 2d94
  1367 145f 29bb 2d85
  145f 146b 29bb 3140
  146b 1367 29bb 3142
  91d 8f6 29bc 2c05
  10bb 10bf 29c0 2db5
  10bf 10be 29c0 2b6a
  1368 1348 29c1 29c3
  1750 1747 29c2 314f
  1368 134a 29c3 32d2
  1277 1278 29c4 2fef
  1278 1ad0 29c4 31ff
  58f 911 29c5 3025
  177a 16d6 29c6 2e28
  e54 eb4 29c7 2bae
  eb4 be7 29c8 2cff
  130b 1085 29c9 2c4c
  999 65b 29ca 30cf
  987 984 29cb 2a86
  f43 f46 29cc 2b58
  f46 f47 29cc 2db1
  11a1 12de 29ce 2f2e
  1484 1ab4 29cf 3024
  1ba9 eb3 29d0 2d7f
  1778 c92 29d1 2a3b
  145b 14f4 29d2 2f8a
  14f4 14f5 29d2 304b
  1907 1b8c 29d4 29d8
  1b8c 1920 29d4 3102
  126a 112d 29d5 2b5e
  38d 38c 29d6 2ac4
  396 38d 29d6 2a7c
  1908 1b8c 29d8 30f7
  977 1536 29d9 2d54
  1536 759 29d9 2a6d
  123f 112a 29da 2b49
  913 402 29db 2c0c
  125a 1780 29dc 2e63
  1780 11d3 29dc 3152
  11f9 11fa 29de 32b9
  11fa 1257 29de 2bab
  1257 11f9 29de 2f72
  1192 121a 29df 2a1f
  121a 121b 29df 3170
  121b 1192 29df 2b81
  134a 1366 29e1 32d2
  1366 1364 29e1 2a5f
  efd f41 29e2 2c9a
  f46 efd 29e2 2b58
  1751 176b 29e3 2b96
  176b 1baf 29e3 2a6c
  1baf 1751 29e3 2e44
  1af1 d5b 29e4 2af2
  517 1823 29e5 2bc4
  1823 36d 29e5 2f8c
  133c 569 29e6 2b8b
  569 133d 29e6 325d
  133d 133c 29e6 3027
  186a 9ef 29e7 2c7f
  186b 186a 29e7 310b
  91e 9a7 29e8 2ee6
  9a7 91f 29e8 29f9
  16e9 16ea 29e9 3305
  16ea 1770 29e9 2d06
  9fe ea0 29ea 29ff
  ea0 d2b 29ea 2f61
  91c 78d 29eb 2a4a
  634 97f 29ec 2a2a
  97f 630 29ec 2c32
  f8b f8e 29ee 2ffd
  567 1538 29ef 30e1
  1a8f 19c5 29f0 31c8
  150a 1534 29f1 2eee
  125b 118f 29f2 2bd0
  352 902 29f3 30e8
  902 351 29f3 30a3
  10ff 1805 29f4 2dba
  1805 1101 29f4 2dc1
  583 152a 29f5 313c
  152a 584 29f5 2a08
  12fb 12a5 29f6 2b7b
  12a7 12c8 29f7 2ca5
  1749 1763 29f8 3037
  1763 1745 29f8 3012
  9a1 91f 29f9 2cd1
  cf1 e86 29fa 2c1d
  182f cf1 29fa 2bf9
  914 891 29fb 2e5b
  1736 174c 29fc 303b
  174c 1738 29fc 2add
  7c1 123c 29fd 2af1
  9fe e57 29ff 2fa8
  e57 ea0 29ff 329b
  1834 1ae9 2a00 2edd
  1ae9 74b 2a00 2a15
  4fe 4fd 2a01 2a76
  180a 4fe 2a01 31fb
  16e6 16ac 2a04 3100
  16ac 1718 2a04 31cf
  1718 16e6 2a04 2b12
  1710 177a 2a05 2da1
  302 915 2a07 2fa6
  152a 145c 2a08 2baf
  56b 578 2a09 30d4
  578 579 2a09 31e8
  ce7 eb0 2a0a 2c59
  3e4 563 2a0b 2a95
  563 585 2a0b 2b4f
  585 3e4 2a0b 2b6d
  1615 1660 2a0d 2ccb
  1660 1656 2a0d 2be9
  b63 15cc 2a0e 2df9
  15cc ce8 2a0e 2c02
  1b89 1b88 2a0f 333e
  1b88 1b8c 2a0f 3102
  1b8c 1b89 2a0f 30f7
  911 132e 2a10 3025
  f98 f99 2a11 2da0
  8ed 564 2a12 2fc1
  c35 ec0 2a13 2fdb
  516 50a 2a16 2c4e
  18a8 192a 2a17 2da4
  e5d 9f5 2a18 2c0b
  1bbd 9be 2a19 3016
  153d 153b 2a1b 32c6
  153b 153f 2a1b 3006
  153f 153d 2a1b 31cd
  123e 10cc 2a1c 2fee
  10cc 12e8 2a1c 2a40
  12e8 123e 2a1c 310f
  1746 1835 2a1e 2b76
  1835 1744 2a1e 2c4d
  10e8 121a 2a1f 2f14
  1b75 178d 2a20 2ceb
  15e3 165d 2a21 312d
  165d 1658 2a21 2aa2
  1b2d 1b49 2a22 2f77
  1b49 1b2c 2a22 2deb
  1ac0 1abf 2a24 2c4a
  1661 5d3 2a25 2e1c
  16d4 16d3 2a26 2e71
  16ee 16d4 2a26 3303
  1524 1363 2a27 2d4c
  f71 175d 2a28 2c96
  175d 183b 2a28 2f9c
  183b f71 2a28 2bf0
  a75 ea9 2a29 2bd7
  659 97f 2a2a 2db2
  179a 179c 2a2b 2fa0
  179c 179e 2a2b 2a2c
  1793 179e 2a2c 2c3a
  123c 119d 2a2e 2af1
  1787 e88 2a2f 2c3d
  e88 1ba7 2a2f 2ebe
  1ba7 1787 2a2f 2af0
  171c 16e0 2a30 2d32
  e5f e7e 2a32 329e
  1694 171d 2a35 2a90
  1b3a 1b45 2a36 30df
  1b45 1b39 2a36 30ec
  7ce 1bae 2a37 2e35
  1bae 7cc 2a37 2e5e
  3f5 953 2a38 2b7f
  953 34d 2a38 2a6f
  d91 eb3 2a39 2aa8
  eb3 b72 2a39 2d7f
  1a5b 1a9c 2a3a 2bf1
  1778 c93 2a3b 305e
  11ab 11ad 2a3c 316c
  11ad 122e 2a3c 31af
  1af6 f53 2a3d 2d84
  34e 954 2a3f 2a71
  954 3f6 2a3f 2b80
  1235 12e8 2a40 2b11
  1a8d 19ab 2a41 30b3
  19ab 1a91 2a41 31e9
  1a91 1a8d 2a41 31f9
  1a26 1a63 2a42 3328
  1a63 1a2d 2a42 307d
  16b2 16b3 2a44 2e69
  194b 194c 2a45 3318
  194c 1940 2a45 2e33
  187b 186f 2a46 330e
  549 1845 2a47 308b
  1845 3a5 2a47 31d1
  585 92a 2a48 2b4f
  3b7 44a 2a49 2ff1
  91c 78a 2a4a 2ae8
  3b6 3b7 2a4b 304e
  18ed 18ec 2a4c 3248
  8d9 91e 2a4e 2bc7
  1820 1adf 2a4f 2ca0
  1adf 1260 2a4f 324e
  12e5 1228 2a50 30fb
  18c2 18c3 2a51 2cee
  18c3 18c4 2a51 3162
  1610 1660 2a52 2e18
  1660 1613 2a52 2ccb
  12d6 126f 2a53 2eed
  12d7 12d6 2a53 3245
  380 37f 2a56 2ad1
  37f 383 2a56 2e2d
  383 380 2a56 307e
  37f 37d 2a57 2a77
  37d 386 2a57 2c10
  386 37f 2a57 2f02
  eea bf1 2a58 2e26
  d33 d39 2a5b 2d4f
  d39 d3a 2a5b 316b
  35f 97c 2a5c 2cc0
  ebe 1b8 2a5e 2b8f
  1366 1365 2a5f 30b9
  ea9 e50 2a60 2bd7
  ec2 bec 2a61 2f6a
  ebb ec2 2a62 2d1e
  1656 1640 2a63 2be9
  1ac9 1ac3 2a64 2dfd
  1ba2 548 2a68 3050
  168d 1711 2a6a 2ff4
  1711 16af 2a6a 2e1f
  3a6 39b 2a6b 2f95
  176b 1749 2a6c 3037
  1749 1baf 2a6c 2d9c
  ef2 a0a 2a6e 30bc
  15e7 165d 2a72 2aa2
  19be 1a73 2a73 3017
  1a99 19be 2a73 30d2
  12d0 1128 2a74 2c6e
  124f 126b 2a75 2e3e
  126b 1006 2a75 2bba
  37e 37d 2a77 2b52
  37f 37e 2a77 2ad1
  90c 8e4 2a78 2ae2
  891 966 2a79 2e5b
  966 892 2a79 2b00
  18ec 18b5 2a7a 3248
  9bd 9bb 2a7b 2e84
  396 39d 2a7c 2cac
  351 58c 2a7d 30a3
  58c 353 2a7d 31b5
  3d9 919 2a7e 2ca7
  919 357 2a7e 2f9f
  1732 9e0 2a80 31ed
  14dc 14e1 2a81 2a84
  14e1 1499 2a81 32e8
  38b 389 2a82 2a93
  38c 38b 2a82 2ac4
  1498 14e1 2a84 32e7
  985 987 2a85 2a86
  15df e3f 2a87 3094
  371 373 2a88 2bd8
  373 385 2a88 2bda
  385 371 2a88 2b71
  369 36a 2a89 2b99
  36a 36b 2a89 2c28
  36b 369 2a89 2adc
  17f7 1aed 2a8a 2e7f
  9b6 12cc 2a8b 3076
  1b3e 1b71 2a8c 3058
  1113 1ba8 2a8f 2eba
  1ba8 1162 2a8f 2db8
  16c7 171d 2a90 2c79
  ae9 1afb 2a91 2eb4
  eab 165 2a92 2ae7
  38b 38a 2a93 2f4b
  a7b 133a 2a94 2db7
  f48 f3f 2a96 2d73
  1745 1841 2a97 3012
  1841 1746 2a97 2ce5
  1a3c 1a3d 2a99 3129
  1a3d 1932 2a99 2ba1
  14b4 1501 2a9a 2a9b
  1501 14b5 2a9a 32e9
  1500 1501 2a9b 318a
  af3 1836 2a9c 2da9
  1836 af7 2a9c 2e67
  153e 153b 2a9d 3006
  14ec 1367 2a9e 2d85
  1367 1526 2a9e 31e6
  1526 14ec 2a9e 32d1
  903 97a 2aa0 2e10
  125e 103a 2aa1 2bc0
  19aa 19ac 2aa3 2f71
  19ac 19ad 2aa3 331a
  9aa 132a 2aa4 2e77
  132a 9ab 2aa4 2d60
  1718 1726 2aa6 31cf
  51f 533 2aa7 2b0e
  533 3d7 2aa7 2da2
  ac6 eb3 2aa8 2b29
  1708 1728 2aa9 2d64
  a76 ef1 2aaa 2c71
  1b9b 1b3c 2aac 3003
  1365 146b 2aad 3142
  146b 13d9 2aad 2aae
  146b 13dc 2aae 3140
  11aa 11ab 2aaf 30c0
  d0f d0e 2ab0 2ab1
  e7b d0f 2ab0 301d
  d0f cee 2ab1 3295
  1a52 1964 2ab2 2cd8
  13d3 13c7 2ab3 2fc4
  1665 13d3 2ab3 2f7a
  17fd 11e1 2ab4 2ae9
  eb6 ee3 2ab5 2d28
  f47 f6c 2ab7 2db1
  11dc 11cd 2ab9 2e3b
  944 909 2aba 2dcb
  1254 1776 2abb 323a
  1337 1333 2abc 2c26
  1338 1337 2abc 2f24
  34c 97e 2abd 2c52
  488 929 2abf 2f1a
  1765 176e 2ac0 330b
  176e 1772 2ac0 2f49
  1772 1765 2ac0 3120
  15cc b64 2ac1 2df9
  13dc 1435 2ac2 30c9
  1435 13dd 2ac2 2ac3
  1435 1500 2ac3 3191
  eb0 9e3 2ac5 2d2a
  86d 1af7 2ac7 2d1b
  1af7 fc8 2ac7 31c5
  1464 1515 2ac8 2dfb
  1b70 1b7b 2ac9 2e3a
  1aca 1ac9 2aca 30cc
  892 976 2acb 2b00
  976 830 2acb 2b44
  908 8f3 2acc 2b43
  1a24 1a26 2acd 2f66
  1a26 1a28 2acd 3329
  2d4 53c 2acf 2fc7
  53c 2d5 2acf 31ab
  53b 390 2ad4 2f9a
  10f6 10f7 2ad5 32ae
  10f7 10f4 2ad5 32ac
  18ef 163e 2ad6 3071
  133d 56c 2ad9 2c49
  13d6 133d 2ad9 3027
  15b2 15a2 2ada 2ee0
  d75 15b2 2adb 2c5b
  174c 175e 2add 316f
  10c6 1236 2ade 32a8
  1236 10c4 2ade 2f84
  357 568 2adf 2f67
  568 355 2adf 3063
  17fe e82 2ae0 2d7d
  1671 ace 2ae1 2d90
  19fa 1a3c 2ae3 3129
  1a3c 1a06 2ae3 331f
  1436 182e 2ae4 2bbd
  182e 1464 2ae4 2dfb
  19c2 1a56 2ae5 2ef6
  1a56 1a93 2ae5 3046
  1a93 19c2 2ae5 305f
  1b6f 1b97 2ae6 2be0
  1b97 1b69 2ae6 322b
  ebc 165 2ae7 2b63
  94a 78a 2ae8 2b9f
  17fd 11dc 2ae9 32b5
  1312 1bb2 2aea 2d67
  1bb2 1311 2aea 30f6
  13ad 1550 2aeb 2f3b
  932 936 2aed 2f60
  1b8f 1b8e 2aef 2edc
  1b91 1b8f 2aef 2f13
  f7c 1787 2af0 2fbf
  1af1 ef1 2af2 2fa1
  931 934 2af4 320a
  48f 3b4 2af5 2af6
  48f 3b3 2af6 30ba
  183d 549 2af7 30b1
  75e 130d 2af8 2d56
  172e 3c3 2af9 30ce
  ef6 ef5 2afa 2afb
  e44 ef5 2afb 2cd6
  19a3 1a5f 2afc 3192
  12fc 12c6 2afd 2f9d
  eb2 b44 2afe 2f8b
  f3e f38 2aff 2fc9
  966 976 2b00 2d43
  16df 1ae3 2b01 2ef7
  1aa8 1983 2b02 2e13
  125d 12ef 2b03 2fb1
  12ef 12f3 2b03 2e32
  12f3 125d 2b03 322f
  176f 176e 2b04 2f49
  1203 1205 2b05 2ca2
  1205 1204 2b05 2cbe
  1689 1720 2b06 2f76
  1720 16ba 2b06 2d8f
  1580 15bb 2b07 30e9
  15bb 1566 2b07 2bf7
  1a98 1ab2 2b08 318c
  f2b f40 2b09 2be4
  1b4a 1b4b 2b0a 3077
  582 1ba5 2b0d 2bf5
  1ba5 581 2b0d 2e02
  12cc 12cb 2b0f 302e
  1235 1236 2b11 2f84
  1236 12e8 2b11 3117
  af9 f71 2b13 2d02
  121c 12f7 2b15 2c0a
  12f7 1234 2b15 2e83
  1644 1bad 2b16 2cda
  1bad 1642 2b16 2dc2
  1393 14fc 2b17 32dd
  1a9b 19e9 2b19 2d08
  945 7ac 2b1a 2c16
  1247 11fb 2b1b 2f7c
  1249 1247 2b1b 32c3
  e73 e74 2b1c 2c5d
  e74 e5f 2b1c 2f59
  8a0 12f8 2b1d 2d70
  12f8 123f 2b1d 2b49
  30d 1803 2b1e 301e
  16fd 174e 2b1f 2d2b
  174e 1ad2 2b1f 2f53
  713 15da 2b20 2b35
  98e 9a1 2b23 2c0d
  f74 e79 2b25 2da6
  959 15bc 2b26 3282
  19c5 959 2b26 31fe
  127b 154f 2b27 2ef4
  11ad 11af 2b28 316c
  11af 11b0 2b28 2eaf
  1b69 1b68 2b2c 309b
  1763 174b 2b2e 2ca9
  1764 1763 2b2e 2f73
  10c4 1235 2b2f 2f84
  1235 10c5 2b2f 2fe6
  37b 37c 2b30 2ce3
  1799 1790 2b31 2c9d
  3a8 183d 2b32 30b1
  1aa1 1aa2 2b33 2bff
  56a 56b 2b34 2d0f
  56b 1314 2b34 2e8f
  713 1848 2b35 2c46
  1848 15da 2b35 2e40
  9ba 4fb 2b36 2dad
  4fb 9e8 2b36 312f
  9e8 9ba 2b36 30d1
  1888 15a0 2b37 2dca
  188a 1888 2b37 2d9d
  12e1 122e 2b38 3015
  12e0 12ee 2b39 3250
  14ea 180e 2b3b 2d2c
  180e 1465 2b3b 2cb9
  10e7 1220 2b3c 2f7f
  1220 10e8 2b3c 2f14
  1515 141d 2b3e 2f0a
  830 130c 2b3f 2b44
  130c 835 2b3f 2b97
  526 3b5 2b40 3279
  962 526 2b40 2bcf
  1881 1888 2b41 3278
  1888 1882 2b41 2d9d
  ee8 ec7 2b42 2ba7
  976 130c 2b44 2da7
  3c3 1ade 2b45 2e2c
  941 943 2b46 2d8a
  943 9d9 2b46 30a8
  9d9 941 2b46 31a4
  8ff 1516 2b47 2fff
  cd7 f94 2b48 2cb7
  f94 cd5 2b48 2d8d
  12f8 112a 2b49 2d82
  1b0c 1b1e 2b4a 3337
  16d9 16d0 2b4b 2b60
  171a 16d9 2b4b 3168
  965 5d2 2b4c 31d7
  1984 1aae 2b4d 2c24
  1af8 1984 2b4d 2e7e
  65a 999 2b4e 3081
  183c eae 2b50 2f2c
  1680 1b43 2b51 32fc
  37c 37d 2b52 2ce3
  37e 37c 2b52 2f94
  e6c e6b 2b53 3172
  1767 1769 2b54 2f96
  1771 1767 2b54 320d
  e83 f93 2b55 2e4f
  fc7 f98 2b56 2da0
  f98 1240 2b56 30cd
  1503 150e 2b57 32e5
  7a2 1810 2b59 2e2e
  1810 69c 2b59 2e58
  11bb 11bf 2b5a 2ff3
  756 946 2b5b 2f0b
  1b1f 1b21 2b5c 30da
  1b21 1b20 2b5c 3004
  f6b f4b 2b5d 2fe2
  1853 112d 2b5e 2d66
  371 52c 2b5f 2b71
  52c 372 2b5f 2cf9
  16d9 16cd 2b60 2e31
  a08 1afb 2b61 2b8c
  1afb e48 2b61 2eb4
  124b 124c 2b62 32c4
  1300 12ff 2b64 2be8
  12ff 1301 2b64 2bec
  3a7 51b 2b65 2f3d
  16de 1716 2b66 3211
  1310 ee0 2b68 2db6
  179f 1797 2b69 2cc8
  10bf 10c0 2b6a 319f
  13d2 127b 2b6e 32c7
  14ff 13d2 2b6e 31b8
  1afa 1960 2b6f 2dd5
  f77 bf6 2b70 302b
  36b 36e 2b72 2c28
  36e 36f 2b72 2f42
  377 384 2b73 2de7
  384 379 2b73 3052
  f76 15c2 2b75 2d9e
  15c2 f77 2b75 302b
  1746 1766 2b76 2eea
  1766 1835 2b76 2f29
  137c 1522 2b77 3078
  7b7 945 2b78 2c56
  ec9 ee9 2b79 2bd2
  ee9 ecc 2b79 2c92
  504 520 2b7a 2d3e
  12fb 12fc 2b7b 2f9d
  1309 1806 2b7c 3113
  1a0a 1a09 2b7d 2c3e
  385 393 2b82 2bda
  393 3a0 2b82 2c13
  170c 1721 2b83 2b84
  f0a 1721 2b84 2d3d
  97a 904 2b85 2e10
  1830 142f 2b86 2e74
  1826 3c9 2b88 2f36
  1581 1784 2b89 30b2
  948 7ce 2b8a 30ab
  f9a 9b9 2b8d 2bc2
  9b9 127e 2b8d 300b
  127e f9a 2b8d 318b
  e6f e6e 2b8e 2d45
  e7e e6f 2b8e 329e
  1849 8f5 2b90 2e20
  1715 1711 2b92 2e1f
  ebf af5 2b93 3130
  e5b 1891 2b95 2da3
  130c 15cb 2b97 2df5
  15cb 835 2b97 2bb6
  2d5 1729 2b98 31ab
  368 36a 2b99 3087
  16ae 1864 2b9a 3059
  1864 16c9 2b9a 3068
  1687 16e4 2b9c 2d18
  16e4 16bf 2b9c 3047
  af5 1836 2b9d 3130
  1836 af8 2b9d 2da9
  1213 1215 2b9e 32be
  1215 1210 2b9e 2fe7
  94a 750 2b9f 2c29
  ec0 c3d 2ba0 2ff8
  1a3d 1931 2ba1 3238
  1a48 1a9d 2ba2 30e0
  1a9d 1a49 2ba2 30c7
  10b5 119a 2ba3 32a5
  126e 1179 2ba4 317b
  126f 126e 2ba4 2eed
  186d 186e 2ba5 2e25
  186e e5b 2ba5 2c76
  eee ec7 2ba7 2c34
  355 91b 2ba8 3063
  91b 352 2ba8 30e8
  1339 948 2ba9 30ab
  fdf 1552 2baa 317f
  1552 130a 2baa 30e5
  11fa 12e5 2bab 30fb
  398 39b 2bac 2c40
  39b 3d0 2bac 2f75
  981 5bd 2bad 3154
  e53 eb4 2bae 2cff
  152a 14f9 2baf 2e79
  1888 1883 2bb1 3137
  1883 1889 2bb1 314c
  1889 1888 2bb1 2dca
  122e 1252 2bb2 31af
  1724 16e2 2bb3 2bde
  209 165b 2bb4 2c45
  102f 1232 2bb5 2d4b
  1232 1231 2bb5 3026
  15cb 836 2bb6 2c2a
  1932 1a51 2bb7 2fe5
  65f 978 2bb8 2ccd
  119a 119b 2bb9 32b0
  f79 f65 2bbb 2d69
  1469 182e 2bbd 2e1d
  374 521 2bbe 2ee1
  125f 103a 2bc0 2bfc
  1962 1968 2bc1 3054
  1968 1967 2bc1 3319
  f9a 11a9 2bc2 3190
  551 449 2bc3 2f27
  3b8 1823 2bc4 3236
  1a89 1a01 2bc5 331e
  1aa4 c50 2bc6 2d13
  75f 91e 2bc7 2c6f
  16d2 16d4 2bc8 2e71
  185b 185d 2bc9 2e0e
  185d 185e 2bc9 2ffb
  60e 913 2bcb 2c1a
  94c 60e 2bcb 2bd6
  122c 122b 2bcc 2ef8
  d27 d28 2bcd 3073
  d28 d02 2bcd 2d37
  fc0 1199 2bce 30af
  1199 fbf 2bce 2f38
  962 38e 2bcf 2f6e
  425 1817 2bd1 2e64
  1817 628 2bd1 2c69
  ec9 eee 2bd2 2c34
  50d 15c4 2bd4 2fac
  15c4 9c9 2bd4 31a6
  9ee 9f6 2bd5 2f48
  9f6 942 2bd5 313f
  36f 373 2bd8 2f15
  36e 36a 2bd9 2c28
  36a 38f 2bd9 2f51
  38f 36e 2bd9 2d2d
  3ba 3b2 2bdb 2dcc
  3be 3ba 2bdb 2f83
  946 488 2bdc 2f1a
  488 950 2bdc 2c83
  1b6e 1b79 2bdd 2c2f
  1b79 1b7a 2bdd 2efd
  1b7a 1b6e 2bdd 2f39
  1724 16b2 2bde 2e69
  10c5 10ca 2be1 2fe6
  10ca 10c9 2be1 2d9a
  11c4 12eb 2be2 2e5f
  12eb 11d7 2be2 3184
  1261 1262 2be3 2eda
  1262 12f6 2be3 31a0
  12f6 1261 2be3 31a1
  f2b f6f 2be4 2ce6
  1281 112f 2be5 3127
  e58 f94 2be6 2be7
  f94 cd8 2be6 2cb7
  cd6 f94 2be7 2d8d
  1660 1640 2be9 2e18
  399 52e 2bea 2ece
  52e 396 2bea 2cac
  390 391 2beb 2cb4
  391 398 2beb 2c40
  12ff fe0 2bec 2fa4
  fe0 1301 2bec 2d4d
  1a43 1a4b 2bed 3045
  1a4b 1a44 2bed 306a
  975 1ab5 2bee 31fc
  9a6 11eb 2bef 2d33
  11eb 1acf 2bef 313d
  19e3 1a9c 2bf1 2d17
  1b36 1b74 2bf2 2d6b
  1b74 1b0c 2bf2 3337
  d35 d3c 2bf4 2c64
  14f9 1ba5 2bf5 2e79
  ee1 1310 2bf6 2db6
  12c6 12fb 2bf8 2f9d
  ea0 cf1 2bf9 329b
  182f ea0 2bf9 3139
  125f 1adf 2bfc 3111
  1adf 103a 2bfc 2ca0
  1bab 3bb 2bfd 3103
  1aa1 1a72 2bff 2daf
  1b34 1b50 2c00 30d7
  ebe 1662 2c01 3034
  1b19 1b4e 2c03 2ced
  1b4e 1b18 2c03 311b
  1a37 1a3b 2c04 3066
  1a3b 1a3a 2c04 3041
  91d 8ee 2c05 2c88
  d3c ef4 2c06 305b
  ef4 a04 2c06 2d81
  12cb 132f 2c07 302e
  132f 9b6 2c08 3076
  cf3 188f 2c09 3131
  188f e7b 2c09 2fca
  121c 1221 2c0a 2d15
  e5c 9f5 2c0b 3293
  e5d e5c 2c0b 2fd6
  913 8f2 2c0c 2c1a
  920 9a1 2c0d 2cd1
  9b4 1782 2c0f 2e43
  4f4 386 2c10 2dbb
  1088 1af5 2c11 2e8e
  130e 3e5 2c12 3188
  3b3 3a0 2c13 2f3c
  1873 1881 2c14 3193
  18d0 18ea 2c15 302a
  18ea 18e9 2c15 3196
  945 979 2c16 2c56
  979 7ac 2c16 2cf2
  1b32 1b4a 2c18 3222
  1b50 1b32 2c18 30d7
  926 9eb 2c19 2f62
  9eb 925 2c19 2de9
  cf1 cba 2c1d 2cdc
  1a3a 1a69 2c1f 3041
  1a69 1a43 2c1f 3045
  11b4 11b8 2c21 2ecc
  1553 1338 2c23 2f24
  c50 1aae 2c24 2d13
  836 1786 2c25 2c2a
  1786 838 2c25 2c82
  969 750 2c29 2cbc
  15cb 1786 2c2a 2e5d
  1848 8b7 2c2b 2c46
  8b7 1bb1 2c2b 2d92
  1bb1 1848 2c2b 2e9d
  14b3 184a 2c2c 2ff2
  184a 14ae 2c2c 2faf
  11b8 11ba 2c2d 2fcc
  1b6d 1b79 2c2f 2cc9
  165e 15e4 2c30 2db4
  97f 62f 2c32 2c87
  1548 1549 2c33 3092
  1549 1843 2c33 325b
  145a 145b 2c35 2f8a
  145b 1459 2c35 304d
  1a64 1a35 2c36 2eeb
  1a35 1a77 2c36 30ad
  1a77 1a64 2c36 2cfa
  11cd 11ce 2c37 2e3b
  11ce 11c3 2c37 2dae
  ef0 c35 2c38 2fdb
  9e7 1aef 2c39 2fb4
  1aef 9bd 2c39 3229
  1792 179e 2c3a 2e34
  1787 15d1 2c3d 312a
  16ea 16f1 2c3f 3306
  16f1 1773 2c3f 309f
  1773 16ea 2c3f 2d06
  191d 191a 2c41 2cd4
  1920 191d 2c41 30dc
  571 572 2c42 2d16
  1a60 1a5e 2c43 2e62
  1a5e 1a92 2c43 305d
  1a92 1a60 2c43 3165
  124d 1ae2 2c44 2fc0
  1ae2 1020 2c44 2f1c
  209 1833 2c45 2e78
  eeb 1664 2c47 3053
  1174 126c 2c48 311c
  133d 133b 2c49 325d
  1ac0 1abe 2c4a 3036
  18f7 18d0 2c4b 2d6e
  1835 1761 2c4d 2ef9
  505 50a 2c4e 2c73
  516 505 2c4e 2d8b
  163e 1ae4 2c4f 3071
  1ae4 1553 2c4f 3001
  136b 136c 2c50 318e
  136c 1357 2c50 2dfa
  1b2c 1b4c 2c51 2deb
  1a44 1a75 2c53 306a
  1a75 1a46 2c53 3097
  1832 d12 2c55 2cf7
  7b7 979 2c56 2d5a
  197f 1ab2 2c57 2e98
  1ab2 19c8 2c57 318c
  1217 1218 2c58 2d75
  1218 1214 2c58 32bd
  ce7 1783 2c59 2d83
  1783 eb0 2c59 2d2a
  1af4 1258 2c5a 306e
  15a5 15b2 2c5b 2ee0
  14ae 184c 2c5c 2faf
  184c 142b 2c5c 3043
  376 527 2c5e 308e
  527 377 2c5e 2de7
  10a6 12d1 2c5f 3149
  12d1 1269 2c5f 31a5
  1385 13bb 2c60 32d9
  13bb 1383 2c60 32d8
  12ed 112c 2c62 2d57
  1493 1492 2c63 3145
  9ec 1852 2c65 3200
  1852 9fd 2c65 2dd4
  f7c 15cd 2c66 2ffe
  15ce f7c 2c66 2fbf
  1816 bfb 2c67 3136
  872 1af7 2c68 303e
  1af7 86e 2c68 2d1b
  ad4 f70 2c6c 31a2
  f70 a5d 2c6c 2e38
  1a34 1a6a 2c6d 3088
  1a6a 1a37 2c6d 3066
  921 91e 2c6f 2ee6
  950 8ae 2c70 2c83
  8ae 96b 2c70 2d0b
  505 17fb 2c73 3203
  17fb 50a 2c73 312e
  1884 e5b 2c76 2da3
  1279 1bb4 2c77 31a7
  1bb4 1539 2c77 314a
  1259 109e 2c78 32a1
  169f 171d 2c79 2ecd
  353 1554 2c7a 3114
  152e 15d6 2c7b 3138
  1534 1392 2c7d 2eee
  1392 1840 2c7d 2d62
  1840 1534 2c7d 2df2
  186a 9f7 2c7f 3270
  b44 177e 2c81 2f8b
  1786 1842 2c82 2e92
  1842 838 2c82 2c97
  f64 1725 2c84 2cc6
  9b1 9b2 2c85 3288
  9b2 1ae6 2c85 2f1e
  97f 62b 2c87 2db2
  1020 12cf 2c8a 2f1c
  12cf 1209 2c8a 307a
  13ea 1403 2c8b 300e
  119b 119c 2c8d 31b7
  1b51 1b56 2c8e 2d3f
  1a05 1bbe 2c8f 2d6f
  127a 1528 2c90 3153
  1528 1667 2c90 2def
  ef3 1ae8 2c91 3112
  ee9 15c2 2c92 2c93
  15c2 ecc 2c92 2df0
  bf6 15c2 2c93 302b
  11ee 123b 2c94 30c1
  123b 11f1 2c94 30b4
  f71 cc4 2c96 2d02
  1842 83a 2c97 2cfc
  1494 1495 2c98 2c99
  150e 1495 2c99 32e5
  11d3 11d5 2c9b 3152
  11d5 11d4 2c9b 2fa5
  1a62 1962 2c9c 3054
  d26 f6e 2c9f 2d11
  19c8 1a98 2ca3 318c
  f66 1ae3 2ca4 2ec5
  1ae3 169e 2ca4 2ef7
  568 58a 2ca6 2f67
  1803 919 2ca7 31d0
  1763 176b 2ca9 3037
  4fc 9e9 2caa 318f
  124c 1249 2cab 32c4
  1249 1256 2cab 304a
  1a33 1a35 2cad 30ad
  1a35 1a34 2cad 3088
  d11 add 2cae 2de3
  e4e d11 2cae 3299
  11ba 12e4 2caf 2d5b
  12e4 11bb 2caf 2ff3
  34f 989 2cb0 2edf
  17f9 179b 2cb1 2eb3
  15b8 1883 2cb2 314c
  1a46 1a4a 2cb3 3097
  1a4a 1a48 2cb3 30e0
  390 38f 2cb4 2d2d
  12f6 12f4 2cb5 31a0
  6e2 977 2cb6 2d54
  977 765 2cb6 2d27
  17a3 1b92 2cb8 2e37
  3ac 3b2 2cbb 2f28
  3b2 392 2cbb 2dcc
  969 79f 2cbc 2d1a
  366 36c 2cbd 30a0
  36c 368 2cbd 3098
  1205 1206 2cbe 31b9
  13b1 1527 2cbf 2fad
  1527 13b0 2cbf 2df8
  392 97c 2cc0 2f18
  1210 121f 2cc2 2fe7
  121f 120f 2cc2 315c
  123d 1222 2cc3 3074
  1865 1860 2cc4 3181
  1a5d 19c1 2cc5 312c
  19c1 1a60 2cc5 2e62
  1a60 1a5d 2cc5 2e7a
  f6a 1725 2cc6 2d30
  1847 10d7 2cc7 3251
  1b6b 1b79 2cc9 31ac
  10e9 1282 2cca 30c4
  1282 10e7 2cca 2f7f
  356 53c 2ccc 3028
  53c 3d9 2ccc 3169
  631 978 2ccd 2dbf
  12df f9d 2cce 2d98
  142b 142d 2ccf 3043
  142d 142c 2ccf 32e1
  1355 1359 2cd0 32d3
  1a4d 1a50 2cd2 2fcb
  171f 16b6 2cd3 2f0e
  191d 191c 2cd4 318d
  ef5 e43 2cd5 2cd6
  1a52 1932 2cd8 2fe5
  1b94 1b3a 2cd9 30df
  1655 1bad 2cda 2ea6
  1231 1270 2cdb 3026
  1270 1230 2cdb 306c
  cf1 cf0 2cdc 329a
  16c4 171c 2cdd 2d32
  1770 1771 2cde 3276
  1771 1772 2cde 3120
  1772 1770 2cde 2e51
  187d 188d 2cdf 2ce2
  11fe 1242 2ce0 3083
  1242 11ef 2ce0 30c5
  1591 15ae 2ce1 31a9
  15ae 15af 2ce1 2fae
  15af 1591 2ce1 2fcd
  187d 1890 2ce2 2e49
  9a0 997 2ce4 2e93
  1769 1746 2ce5 2f96
  1841 1769 2ce5 2fab
  99e 15c3 2ce7 2e7b
  f9b 12e6 2ce9 30f9
  12e6 1ad9 2ce9 3201
  1ad9 f9b 2ce9 2fc5
  c3d ef0 2cea 2ff8
  f75 c3d 2cea 2d36
  1b82 1b83 2cec 30ee
  1b83 1b80 2cec 3122
  1b1c 1b4e 2ced 30a6
  18c1 18c3 2cee 31c3
  1457 1531 2cef 2f57
  1a65 1a66 2cf0 332b
  1a5c 1a9b 2cf1 2d08
  979 683 2cf2 2db0
  14fe 14f8 2cf3 3232
  14f8 151a 2cf3 3008
  10f3 1853 2cf4 2ed0
  4f5 1813 2cf5 308a
  1831 d12 2cf7 311e
  1832 1831 2cf7 3215
  83a 1aea 2cf8 2cfc
  52c 376 2cf9 3079
  1a2d 1a64 2cfa 307d
  1a77 1a2d 2cfa 30dd
  1815 1ba4 2cfb 2ea5
  1ba4 1816 2cfb 3136
  1842 1aea 2cfc 2ed5
  1919 1929 2cfe 2d8e
  192b 1919 2cfe 2e65
  1a2c 1a77 2d00 30dd
  1a77 1a33 2d00 30ad
  1764 1765 2d01 2f45
  1769 1764 2d01 2fab
  919 1802 2d03 31d0
  1a1f 1a1d 2d04 3327
  f73 dea 2d07 2fc8
  151a 1341 2d09 3008
  1341 1529 2d09 30eb
  1529 151a 2d09 3049
  1280 127f 2d0a 3285
  765 96b 2d0b 2d27
  11f1 11f3 2d0c 30b4
  fc8 12e3 2d0d 31c5
  566 56b 2d0f 30bd
  942 1ad4 2d10 313f
  1ad4 9da 2d10 31f7
  d26 d29 2d11 3147
  d29 f6e 2d11 2f86
  7cf 1bae 2d12 2e5e
  1bae 7c2 2d12 31e4
  1271 1226 2d14 317c
  121c 121a 2d15 3170
  16e3 16e4 2d18 32fe
  aa5 f74 2d19 2da6
  98a 79f 2d1a 2d87
  11d7 11d2 2d1d 31be
  eba ec2 2d1e 2f6a
  152d 5dc 2d1f 2dc0
  564 577 2d21 2fc1
  577 566 2d21 30bd
  94d 96d 2d22 2ede
  96d 384 2d22 2e01
  18da 18d9 2d23 30bb
  18db 18da 2d23 3314
  158a 1587 2d25 30e4
  19bd 19bf 2d26 325e
  1783 9e3 2d2a 2e07
  174d 174e 2d2b 2e45
  390 36e 2d2d 2f9a
  978 522 2d2e 2dbf
  149d 14f6 2d2f 2e66
  16e1 1725 2d30 2ff7
  1513 1514 2d31 311d
  1514 1785 2d31 3189
  9a2 11eb 2d33 2f10
  521 3a7 2d34 2f3d
  32b 1814 2d35 2e91
  1814 4b3 2d35 2d3a
  f45 f92 2d38 2e55
  f92 f44 2d38 2f23
  11ef 11f0 2d39 30c5
  11f0 11ee 2d39 30c1
  401 988 2d3c 2d74
  505 520 2d3e 2d8b
  1b51 1b90 2d3f 3062
  1b90 1b56 2d3f 30fe
  ece f76 2d40 2d9e
  f76 ed1 2d40 2df3
  156b 155f 2d41 32ed
  1531 1502 2d42 2f57
  966 302 2d43 2fa6
  302 976 2d43 2d4a
  e81 1783 2d48 2e07
  1783 adc 2d48 2d83
  f31 177e 2d49 30e7
  177e eb2 2d49 2f8b
  8a7 976 2d4a 2da7
  1233 1232 2d4b 32c1
  1524 1523 2d4c 2fb9
  d38 d39 2d4f 329d
  f23 1315 2d50 2ed6
  1315 f3b 2d50 3005
  1677 1b8d 2d51 3084
  1b8d 1b8f 2d51 2edc
  1b8f 1677 2d51 2da5
  17f8 17e2 2d52 2dbd
  16ab 16e6 2d53 3100
  16e6 16ae 2d53 3059
  6e2 1536 2d54 2e47
  7c2 980 2d55 31e4
  9c9 506 2d59 31a6
  506 1bbd 2d59 30f2
  69e 979 2d5a 2ddf
  11ba 120a 2d5b 2f4f
  120a 12e4 2d5b 3060
  1b00 1b01 2d5c 307b
  1b01 1b4f 2d5c 2ffc
  968 1ae1 2d5d 303a
  1ae1 4f3 2d5d 3039
  1b29 1b52 2d5e 31b0
  5cb 981 2d5f 3155
  9ac 9ab 2d60 2f80
  132a 9ac 2d60 3268
  1a2d 1a2c 2d61 30dd
  1ab5 1ab6 2d63 31fc
  1ab6 1ab7 2d63 3281
  1ab7 1ab5 2d63 2f9e
  170a 1728 2d64 30d3
  1587 15a9 2d65 30e4
  15a9 1589 2d65 311a
  1853 1193 2d66 2ed0
  1255 1252 2d6a 3257
  1b0f 1b74 2d6b 2d78
  155e 956 2d6c 31fa
  1485 1785 2d6d 32e3
  1785 1abd 2d6d 3198
  1abd 1485 2d6d 2fb7
  18f7 18f8 2d6e 3057
  18f8 18d0 2d6e 302a
  1a2f 1bbe 2d6f 332a
  1b9d 1b3b 2d71 2e7d
  1533 1504 2d72 2f2d
  f48 f3e 2d73 2fb3
  1219 1218 2d75 31c4
  1aa0 ee2 2d76 31de
  1540 153a 2d77 2f55
  1549 1540 2d77 3092
  989 4f1 2d79 2edf
  185a 16c9 2d7a 2f11
  16c9 185b 2d7a 2e0e
  1459 1ae5 2d7c 304d
  1ae5 14b3 2d7c 2ff2
  17fe a07 2d7d 2f98
  9ee 186a 2d7e 3270
  186a 9f8 2d7e 310b
  1ba9 b72 2d7f 2ea4
  a01 a04 2d81 3292
  ef4 a01 2d81 31bf
  1af6 f6b 2d84 2fe2
  14ec 145f 2d85 3206
  16bf 1696 2d86 3301
  98a 786 2d87 2dd2
  fec 1308 2d88 3093
  1308 1309 2d88 3113
  1a9f 1a8e 2d89 332f
  f93 ab4 2d8c 2e4f
  1855 16ba 2d8f 2e8b
  1671 e4a 2d90 2dd1
  1534 13ba 2d91 2df2
  9a7 921 2d96 2ee6
  1208 12d5 2d97 30be
  12d5 1025 2d97 2ed8
  182b f9d 2d98 2e72
  19c2 1a99 2d99 317d
  10ca 10cb 2d9a 31c2
  126d 126e 2d9b 317b
  12e6 126d 2d9b 30f9
  1762 1baf 2d9c 30f8
  188a 1882 2d9d 3261
  ece 15c2 2d9e 2df0
  fc7 f99 2da0 3055
  16d8 177a 2da1 2e28
  533 399 2da2 2ece
  1884 1891 2da3 319a
  1b8f 1b90 2da5 30fe
  1b90 1677 2da5 32f8
  8a7 130c 2da7 2dcf
  539 51a 2da8 30d6
  16a9 16ac 2daa 3119
  16ac 16ab 2daa 3100
  1a97 1a4a 2dac 2e0a
  9ba 9ea 2dad 3126
  9ea 4fb 2dad 323e
  11ce 11cf 2dae 31d5
  979 1810 2db0 2ddf
  1810 683 2db0 2e2e
  f46 f6c 2db1 2fd9
  165e 15e3 2db4 312d
  4f4 529 2dbb 2ea7
  1844 5dc 2dc0 2e88
  1805 1281 2dc1 3127
  1bad 165a 2dc2 2f6c
  1527 1551 2dc3 2fad
  1551 1557 2dc3 3164
  ee4 166c 2dc4 2fde
  166c 1581 2dc4 315a
  1b80 1b87 2dc6 309c
  1b87 1b93 2dc6 2e87
  1b93 1b80 2dc6 30ea
  167f 172a 2dc7 326e
  172a 172b 2dc7 31c9
  172b 167f 2dc7 3224
  1556 3bc 2dc8 3156
  3bc 15d4 2dc8 30c6
  15d4 1556 2dc8 2f6d
  1889 15a0 2dca 2fed
  944 907 2dcb 2e30
  3ba 392 2dcc 2f18
  1a49 1a4f 2dcd 30c7
  1a4f 1a4d 2dcd 2fcb
  828 130c 2dcf 2df5
  1884 e7c 2dd0 2e3d
  e7c 188f 2dd0 2fca
  188f 1884 2dd0 319a
  15da 786 2dd2 2e0c
  16a6 1726 2dd3 3132
  1726 16a9 2dd3 3119
  1afa 195f 2dd5 3124
  1843 154c 2dd6 325b
  1685 1686 2dd7 3019
  adb acc 2dd8 2f04
  c93 adb 2dd8 3176
  1a64 1a63 2dd9 307d
  330 172f 2ddb 3218
  172f 4ba 2ddb 3202
  69e 1810 2ddf 2e58
  f4b 1af6 2de2 2fe2
  d11 d10 2de3 329c
  9cd 9d9 2de4 2f7b
  9d9 50d 2de4 315e
  1918 192b 2de6 2e65
  192b 190a 2de6 2eb5
  395 364 2de8 313e
  963 925 2de9 3104
  9eb 963 2de9 311f
  1b4c 1b49 2dea 2deb
  1813 3c7 2dec 308a
  11d2 11d8 2dee 31be
  13d3 1667 2def 2f7a
  10e5 11a6 2df1 3009
  11a6 fc0 2df1 30af
  1840 13ba 2df2 2e81
  f76 1ba4 2df3 2df4
  1ba4 ed1 2df3 2eb7
  bfb 1ba4 2df4 3136
  828 15cb 2df5 2e23
  11a7 10e5 2df6 3009
  136c 150d 2dfa 31ec
  182e 1515 2dfb 2f0a
  1ac9 1ac4 2dfd 30cc
  12c4 1285 2dfe 2ec9
  12d8 1aec 2dff 3239
  952 384 2e01 3052
  96d 952 2e01 3167
  1ba5 583 2e02 313c
  120c 125d 2e03 30db
  125d 1262 2e03 322f
  1262 120c 2e03 2eda
  169d 16a0 2e04 2f92
  16a0 172a 2e04 31c9
  120e 1258 2e05 314d
  1258 1af2 2e05 306e
  1b5f 1b59 2e06 2ec6
  1095 1097 2e08 32a0
  1097 1096 2e08 317e
  1a97 1a9d 2e0a 2fbe
  1a9d 1a4a 2e0a 30e0
  1589 15aa 2e0b 311a
  15aa 158c 2e0b 316e
  15da 758 2e0c 2e40
  16c9 185d 2e0e 3068
  15de e3b 2e14 3095
  120d 120c 2e16 2ee7
  120c 1261 2e16 2eda
  16a4 16a7 2e17 316a
  16a7 16a6 2e17 3132
  75a 1834 2e19 3199
  12d6 1288 2e1a 323d
  1a94 1a7f 2e1b 32f7
  141d 182e 2e1d 2f0a
  1662 ad9 2e1e 3034
  1849 421 2e20 2e8a
  1664 a61 2e21 3053
  8a5 15cb 2e23 2e5d
  186f 186e 2e25 31db
  1b6a 1b82 2e27 301a
  975 1785 2e29 3198
  1785 1ab6 2e29 3189
  1ab6 975 2e29 31fc
  184f 65a 2e2a 3081
  3c3 172f 2e2c 30ce
  172f 1ade 2e2c 3218
  37f 532 2e2d 2f02
  532 383 2e2d 3029
  1714 16fb 2e2f 2f90
  16fb 1807 2e2f 2f93
  16d9 16b5 2e31 2f54
  12ef 12f2 2e32 2fd4
  194c 1a78 2e33 31d6
  980 1bae 2e35 31e4
  1b2a 1b92 2e37 2ee4
  fad 1779 2e39 2f09
  1b6e 1b7b 2e3a 2f39
  1884 1885 2e3d 2e9a
  1885 e7c 2e3d 30f5
  1246 126b 2e3e 31d4
  9f9 9dc 2e3f 2fbb
  1848 758 2e40 2e86
  16d5 1af9 2e41 302f
  1baf 1752 2e44 30f8
  174d 1766 2e45 2f29
  11da 1242 2e46 32b7
  1242 15c6 2e46 3083
  15c6 11da 2e46 2fb6
  36d 1baa 2e48 2f8c
  1baa 53d 2e48 3007
  183b 1757 2e4a 2f9c
  15bf 588 2e4b 2fd5
  9b7 924 2e4c 30c3
  fb8 fbb 2e4d 31bd
  fbb fb9 2e4d 2fd7
  1adb 1078 2e50 329f
  1772 176f 2e51 2f49
  184b 142d 2e52 30b0
  142d 184c 2e52 3043
  184c 184b 2e52 3085
  180c 16c 2e53 2e6a
  b5b 1af1 2e54 2fa1
  1262 12f3 2e56 322f
  12f4 1262 2e56 31a0
  61b 180d 2e57 2f05
  914 966 2e5b 2e60
  9f1 183c 2e5c 2f2c
  8a5 1786 2e5d 2e76
  11f5 12eb 2e5f 3125
  915 966 2e60 2fa6
  11d6 1780 2e63 3212
  149d 149c 2e66 3144
  1836 ebf 2e67 3130
  1724 16b3 2e69 2f34
  184e 16c 2e6a 2e8c
  1859 125c 2e6b 319d
  11fa 11e2 2e6e 32b9
  11e2 120d 2e6e 2ee7
  1239 f98 2e70 2f97
  902 91b 2e73 30e8
  91b 593 2e73 2f08
  1b7b 1b7a 2e75 2f39
  1b7a 1b7c 2e75 316d
  7fb 1786 2e76 2e92
  9aa 127f 2e77 2f3f
  152a 1ba5 2e79 313c
  1b47 1b9d 2e7c 2e7d
  1b47 1b3b 2e7d 2f8e
  17b1 1aed 2e7f 2ec4
  1b7c 1b7d 2e82 316d
  1b7d 1b7f 2e82 3166
  1b7f 1b7c 2e82 2ea1
  9bd 4ff 2e84 3229
  176a 1731 2e85 3274
  1848 755 2e86 2e9d
  1b87 1b89 2e87 333e
  1854 1685 2e90 3019
  7fb 1842 2e92 2ec3
  f95 f96 2e97 2ed1
  f96 9aa 2e97 2f3f
  1ad1 16a3 2e9b 2fe0
  1bb1 755 2e9d 2ebc
  1930 192e 2e9f 326c
  1b2f 1b2d 2ea2 3134
  769 15dd 2ea3 31ce
  1815 ed3 2ea5 2ee3
  ed3 1ba4 2ea5 2eb7
  162e 1bad 2ea6 2f6c
  4f4 96d 2ea7 3167
  1b04 1676 2ea9 328e
  1b32 1b34 2eaa 30d7
  1b34 1b4e 2eaa 311b
  1b4e 1b32 2eaa 30a6
  1223 1226 2eab 2eb9
  1573 15b0 2eac 31aa
  15b0 1576 2eac 315b
  16a3 1712 2ead 313a
  1712 16a4 2ead 316a
  1ae8 ae5 2eae 3112
  1ae9 769 2eb0 2edd
  1b9f 1915 2eb1 2fe3
  5d2 1828 2eb2 3230
  17f9 179a 2eb3 2fa0
  5bd 1ba3 2eb6 3154
  1ba7 e87 2ebd 2ebe
  8a4 1842 2ec3 2ed5
  1b5f 1b5c 2ec6 333d
  1b87 1b8a 2ec7 3258
  1b8a 1923 2ec7 3160
  158c 15ae 2ec8 316e
  15ae 158e 2ec8 31a9
  1b0b 1b23 2eca 2ef2
  11ec 11eb 2ecb 313d
  11b4 12da 2ecc 2f89
  12da 11b8 2ecc 30ae
  1335 18ef 2ecf 3072
  f95 927 2ed1 30c8
  1722 167a 2ed2 3243
  19c4 19bc 2ed3 3106
  1243 12f9 2ed4 30ed
  8a4 1aea 2ed5 2ed7
  12d5 1822 2ed8 30ff
  1822 1025 2ed8 2f1b
  1812 509 2ed9 3182
  317 965 2edb 3091
  1834 769 2edd 31ce
  51b 521 2ee1 2f3d
  ed7 1815 2ee2 2ee3
  1a1c 1a25 2ee5 3326
  1a25 1a24 2ee5 2f66
  925 3aa 2ee9 3104
  1746 1767 2eea 2f96
  3a0 535 2eec 2f3c
  158e 1591 2eef 31a9
  1591 1590 2eef 32f2
  d28 d2a 2ef0 31f6
  d2a 182f 2ef0 3139
  15ad 15b0 2ef1 2fbd
  15b0 1574 2ef1 31aa
  1179 1174 2ef3 311c
  127b 1279 2ef4 32c5
  1279 154f 2ef4 3234
  ea1 a00 2ef5 2f41
  1835 174d 2ef9 2f29
  9fb d2b 2efb 3296
  d2b d2a 2efb 2f61
  1b79 1b81 2efd 31ac
  1b81 1b7a 2efd 3118
  1096 1ba6 2efe 317e
  1ba6 109a 2efe 31c7
  128b 1292 2eff 32cc
  1292 1286 2eff 32c8
  970 971 2f00 30f4
  971 1acd 2f00 2ff5
  1acd 970 2f00 3178
  e6f e5e 2f01 2f1f
  1572 1574 2f03 32ef
  1574 1573 2f03 31aa
  adb ada 2f04 31c0
  1893 132a 2f06 3268
  138a 1391 2f07 32db
  1391 1388 2f07 32da
  91b 568 2f08 3063
  10ed 1779 2f09 2f3e
  929 946 2f0b 2f1a
  1303 1306 2f0c 3174
  130a 1303 2f0c 30e5
  37b 952 2f0d 304c
  952 4f4 2f0d 3167
  16b3 16b6 2f0e 2f34
  13c7 13d2 2f0f 2fc4
  13d2 13c6 2f0f 31b8
  1857 11eb 2f10 3283
  185a 16c8 2f11 2f12
  1b56 1b8f 2f13 30fe
  36f 53b 2f15 2f42
  1266 10b6 2f16 32a6
  10b6 1673 2f16 3133
  1673 1266 2f16 2f70
  19a7 19ab 2f17 31e9
  19ab 19aa 2f17 2f71
  3ba 97c 2f18 31f1
  1afd 15db 2f19 31b1
  1822 1271 2f1b 317c
  1ae2 12cf 2f1c 324a
  1186 1819 2f1d 31d8
  1819 12d8 2f1d 3214
  11e8 11d5 2f20 31f4
  1773 174e 2f21 2f53
  4ff 9ba 2f22 3126
  9ba 9b1 2f22 3031
  f92 f42 2f23 30cb
  1553 1337 2f24 30f0
  1703 1afc 2f25 30a4
  1afc 1705 2f25 3033
  551 947 2f27 3173
  3ac 539 2f28 2f7e
  3bd 53a 2f2b 3171
  53a 525 2f2b 3135
  1533 8ff 2f2d 2fff
  1274 1275 2f2f 326f
  9f4 176a 2f30 3274
  1852 9f4 2f30 3246
  1734 177d 2f31 31f5
  177d 1736 2f31 303b
  1717 16c6 2f32 30ca
  132b 9ac 2f33 3284
  9ac 1893 2f33 3268
  1af2 1af4 2f35 306e
  e4d 9fa 2f37 31b3
  13c2 13c4 2f3a 32de
  13c4 13ad 2f3a 2f3b
  3b3 535 2f3c 30a7
  ea1 9fe 2f41 2fa8
  36e 53b 2f42 2f9a
  125d 11e4 2f44 30db
  1748 1765 2f45 330b
  951 52d 2f46 31a8
  52d 15c1 2f46 3044
  15c1 951 2f46 2fc2
  1b55 1b53 2f47 2f65
  1b85 1b83 2f4a 3223
  1b83 1b8d 2f4a 30ee
  1b8d 1b85 2f4a 3084
  3d2 1803 2f4c 3150
  1803 1bb5 2f4c 301e
  1126 10f9 2f4d 32af
  11ba 11bc 2f4f 2fcc
  11bc 120a 2f4f 3000
  1576 15a7 2f50 315b
  15a7 15a6 2f50 32f1
  36a 96f 2f51 3087
  11c8 11c5 2f52 315f
  1773 1ad2 2f53 309f
  16d9 1716 2f54 3067
  1716 16b5 2f54 3211
  154f 153d 2f56 3234
  923 9b7 2f58 320b
  53a 1558 2f5a 3171
  453 132c 2f5b 3143
  10cc 123d 2f5c 2fee
  1881 1880 2f5d 3193
  1892 1881 2f5d 3278
  15bb 17ff 2f5e 30e9
  17ff 157e 2f5e 30a1
  1a82 1a7a 2f5f 3115
  ea0 d2a 2f61 3139
  109a 1bb7 2f63 31c7
  1bb7 10ad 2f63 31ef
  1b41 1b42 2f64 333b
  1b42 1b3f 2f64 319e
  1b55 1b54 2f65 333c
  1a25 1a26 2f66 3328
  357 58a 2f67 2f9f
  518 51a 2f68 31c1
  51a 3ae 2f68 30d6
  971 359 2f69 30f4
  15ca 971 2f69 310c
  fc3 1846 2f6b 321d
  1846 fb8 2f6b 31bd
  3bb 1556 2f6d 3103
  15d4 3bb 2f6d 2fb8
  962 4fd 2f6e 30a5
  12eb 11cf 2f6f 3125
  11cf 12ec 2f6f 3082
  12ec 12eb 2f6f 3184
  1264 1266 2f70 2f7d
  1673 1264 2f70 3272
  19ab 19ac 2f71 31f2
  1764 1841 2f73 2fab
  1841 1763 2f73 3012
  961 578 2f74 31f8
  39b 537 2f75 2f95
  537 3d0 2f75 2fe1
  1711 1720 2f76 2ff4
  1b2d 1b4d 2f77 3134
  1516 1533 2f78 2fff
  1273 1274 2f79 326f
  9da 9d9 2f7b 31a4
  1247 1243 2f7c 30ed
  1264 1263 2f7d 323f
  1263 1266 2f7d 31e5
  3ae 539 2f7e 30d6
  10ad 1268 2f81 31ef
  1268 10ac 2f81 32a3
  3be 970 2f83 2fb5
  970 3ba 2f83 3178
  1a91 19a7 2f85 31e9
  d29 d27 2f86 3073
  18c5 18e4 2f88 3312
  18e4 18f3 2f88 2ff0
  18f3 18c5 2f88 322d
  1823 1baa 2f8c 31b4
  12d2 12d4 2f8d 3010
  1af3 12d2 2f8d 32bb
  1b95 1b22 2f8f 3242
  1714 1702 2f90 3308
  13c6 14ff 2f91 31b8
  14ff 13c3 2f91 32df
  1699 16a0 2f92 3300
  16fe 1807 2f93 2fba
  15c1 37c 2f94 3044
  1239 123a 2f97 3163
  123a f98 2f97 30cd
  17fe 1775 2f98 2f99
  1593 1596 2f9b 32f3
  1596 1595 2f9b 32f4
  50a 15c4 2fa2 312e
  15c4 184d 2fa2 2fac
  184d 50a 2fa2 303c
  559 130f 2fa3 3255
  11d5 11e7 2fa5 31f4
  1544 177b 2fa7 30e2
  188c 1885 2fa9 30f5
  18b5 18ed 2faa 3248
  50d 184d 2fac 315e
  184a 184c 2faf 3085
  380 1825 2fb0 307e
  dea f3e 2fb3 2fc8
  4fe 1aef 2fb4 31e2
  1ace 970 2fb5 30b8
  121f 11da 2fb6 32b8
  15c6 121f 2fb6 315c
  1abd 1484 2fb7 3024
  951 3bb 2fb8 2fc2
  15d4 951 2fb8 307c
  134e 1523 2fb9 3195
  1808 1807 2fba 3217
  f97 fc7 2fbc 3055
  fc7 12e6 2fbc 3271
  15ad 15a7 2fbd 30e6
  15a7 15b0 2fbd 315b
  1a97 1a4f 2fbe 332c
  1a4f 1a9d 2fbe 30c7
  15ce 1787 2fbf 312b
  13d3 13d2 2fc4 32c7
  1bbb 53c 2fc7 3169
  f73 f3e 2fc8 2fc9
  e7c e7b 2fca 301d
  1a4f 1a50 2fcb 332c
  11b8 11bc 2fcc 30ae
  15af 188b 2fcd 31ea
  15d2 1865 2fce 31cb
  1776 1202 2fd0 323a
  1b18 1b34 2fd2 311b
  1b34 1b33 2fd2 333a
  4ba 172e 2fd3 3202
  12ef 12f1 2fd4 32ba
  d3a e5c 2fd6 316b
  fbb 1304 2fd7 320e
  192f 1a5d 2fd8 312c
  f42 f6c 2fd9 30cb
  13d7 14eb 2fda 3180
  1ada 13d7 2fda 3213
  ef0 ec0 2fdb 2ff8
  18e2 18e3 2fdc 305c
  15bd 157e 2fdd 30d9
  157e 1800 2fdd 30a1
  1800 15bd 2fdd 31dc
  16a2 1713 2fdf 31bc
  1713 1ad1 2fdf 2fe0
  1713 16a3 2fe0 313a
  1b9f 1ba0 2fe3 2fe4
  1215 121f 2fe7 32b8
  1b4f 1b03 2fe8 2ffc
  11a7 1239 2fe9 3163
  9a5 1857 2fea 3283
  130f 15c9 2fec 3255
  1889 159e 2fed 3051
  1277 990 2fef 3089
  18e3 18f3 2ff0 305c
  3b7 951 2ff1 31a8
  951 44a 2ff1 307c
  1ae5 184a 2ff2 3262
  1729 356 2ff6 3028
  16e5 16d5 2ff9 302f
  1abe 1acb 2ffa 3036
  1b43 185e 2ffb 31c6
  15cd f8e 2ffd 2ffe
  1334 1553 3001 30f0
  92d 930 3002 3175
  930 931 3002 320a
  1b21 1b95 3004 324c
  12d9 127e 300b 31ca
  1540 1818 300c 31b6
  1ad4 9f6 300d 313f
  13ea 2e3 300e 301b
  185e 1b41 300f 31c6
  12d2 12d3 3010 323c
  1306 1307 3011 3174
  1307 fec 3011 3093
  120f 15c6 3013 315c
  15c6 11fe 3013 3083
  12e1 11ac 3015 30a2
  19be 1a8f 3017 3244
  1a8f 1a73 3017 308c
  1854 1686 3019 32ff
  1b6a 1b8e 301a 31f0
  1b25 1b76 301c 3069
  1b76 1b73 301c 304f
  1569 15b9 301f 3247
  15b9 1579 301f 32f0
  939 1ab6 3020 3281
  1ab6 1514 3020 3189
  150f 136b 3021 318e
  1856 93f 3022 314b
  10a4 10a6 3023 32a2
  10a6 10a5 3023 32a4
  1abd 1ab4 3024 31e7
  1729 53c 3028 31ab
  1305 1847 302c 30bf
  1253 12ce 302d 310e
  12cc 132f 302e 3076
  11c5 12dd 3030 315f
  9ba 9ad 3031 30d1
  cf0 e57 3032 329a
  e57 ad4 3032 31a2
  1afc 16f0 3033 3064
  10d6 10d7 3035 32aa
  10d7 fc3 3035 321d
  12d1 12d3 3038 3149
  12d3 1267 3038 323c
  968 3ce 303a 30d8
  177d 174c 303b 3158
  184d 943 303c 30a8
  1728 171e 303d 30d3
  12e3 1af7 303e 31c5
  11f3 1200 303f 31ba
  154e 138c 3040 32dc
  1a95 1a94 3042 31d2
  1a55 1a93 3046 331c
  16e4 172c 3047 3207
  126b 12f9 3048 31d4
  12f9 1247 3048 30ed
  13d7 14f5 304b 3213
  379 952 304c 3052
  52d 3b7 304e 31a8
  1b76 1b07 304f 308d
  937 548 3050 3208
  1889 15b8 3051 314c
  1a62 1968 3054 3317
  16e7 16b4 3056 3086
  16eb 16e7 3056 3304
  1b3f 1b71 3058 319e
  e6b 177c 305a 325c
  177c 1734 305a 31f5
  1a5f 1a92 305d 3192
  1778 1aeb 305e 326b
  1aeb c93 305e 3176
  1a93 1aab 305f 3225
  1aab 19c2 305f 317d
  1678 1b51 3061 3062
  1678 1b90 3062 32f9
  1afc 172d 3064 30a4
  51a 1af0 3065 31c1
  16d9 16b4 3067 3168
  1b0d 1b76 3069 321f
  1304 1305 306b 320e
  973 1513 306d 311d
  18ef 1ae4 3071 3072
  d29 d28 3073 31f6
  1b89 1908 3075 30f7
  1b09 1b4b 3077 32fa
  137c 14fd 3078 30fa
  14fd 1522 3078 3216
  94e 376 3079 308e
  1b00 1b04 307b 3275
  15d4 44a 307c 325a
  156a 1569 307f 3247
  1ae0 125f 3080 3111
  184f 999 3081 30cf
  11cf 11d0 3082 31d5
  184a 184b 3085 31cc
  368 96f 3087 3098
  549 3a3 308b 322e
  1b76 1b77 308d 321f
  1acf 1ad0 308f 3210
  1ad0 127a 308f 3153
  122d 11f3 3090 31ba
  11f3 123b 3090 30b4
  123b 122d 3090 3099
  317 1555 3091 3194
  1555 965 3091 31d7
  1548 1540 3092 31b6
  15df 15de 3094 3095
  11f0 122d 3099 32b6
  123b 11f0 3099 30c1
  19bc 19c3 309a 3106
  1b69 1b6a 309b 31f0
  1b80 1b84 309c 3122
  1b84 1b87 309c 3258
  12ce 12fa 309d 310e
  11e9 11ea 309e 32bc
  16f1 1ad2 309f 31e0
  366 15d7 30a0 30b6
  17ff 1800 30a1 3197
  1b1c 1b32 30a6 3187
  3b3 1839 30a7 30ba
  1839 535 30a7 310a
  184d 9d9 30a8 315e
  1202 1254 30a9 323a
  156b 15bd 30ac 326d
  11a6 1199 30af 321a
  184b 1aff 30b0 3264
  1aff 142d 30b0 32e2
  3a8 549 30b1 3161
  1581 166e 30b2 315a
  166e 1784 30b2 324f
  1a8c 19ab 30b3 31f2
  1a8d 1a8c 30b3 30b5
  364 15d7 30b6 313e
  157d 1784 30b7 3151
  1784 166a 30b7 324f
  359 970 30b8 30f4
  1ace 359 30b8 3107
  1366 1367 30b9 31e6
  1367 1365 30b9 3142
  577 56b 30bd 30d4
  1846 1847 30bf 3251
  11aa f9a 30c0 3190
  f9a 11ab 30c0 318b
  18c4 18f3 30c2 322d
  9b7 1804 30c3 320b
  10cb 1282 30c4 32a9
  1242 11f0 30c5 32b7
  132c 15d4 30c6 325a
  f95 9a9 30c8 3256
  13dc 145f 30c9 3140
  145f 1435 30c9 31eb
  167f 16c6 30ca 3224
  1717 167f 30ca 3240
  1aca 1ac4 30cc 3325
  172e 172f 30ce 3202
  15c0 1255 30d0 3116
  1a99 1aab 30d2 317d
  1aab 19be 30d2 323b
  18f2 18c1 30d5 31c3
  15bd 157c 30d9 326d
  1920 1b88 30dc 3102
  1af0 518 30de 31c1
  153c 177b 30e2 3220
  188b 188a 30e3 3261
  1552 1303 30e5 31d3
  15ad 15ac 30e6 3209
  1b7f 1b80 30ea 3166
  1341 1526 30eb 32d1
  1b13 1b31 30ef 320c
  1b9c 1b13 30ef 3339
  11af 11ab 30f1 316c
  11ab 127e 30f1 318b
  506 17fc 30f2 321e
  1288 181a 30f3 323d
  181a 181b 30f3 31da
  f9b 126d 30f9 3227
  14fc 14fd 30fa 32dd
  9e8 4fc 30fc 318f
  4fc 9eb 30fc 311f
  947 1ad7 30fd 31d9
  1269 1265 3101 31a5
  1265 1672 3101 3269
  1bab 1556 3103 31f3
  167a 9c4 3105 3243
  19c4 19c3 3106 331b
  1ace 53a 3107 3135
  1555 353 3108 3114
  353 1828 3108 31b5
  1828 1555 3108 3230
  9c8 9bb 310d 328c
  1253 12fa 310e 3128
  12e8 12e9 310f 3117
  12e9 123e 310f 3233
  1293 12c4 3110 32ca
  12c4 128e 3110 32cd
  1ae0 1adf 3111 324e
  1555 1554 3114 3194
  1806 1255 3116 3257
  1b7d 1b7a 3118 316d
  1726 16ac 3119 31cf
  15a9 15aa 311a 3219
  1179 126c 311c 3228
  1250 1244 3121 32c2
  1b83 1b84 3122 3223
  10b6 10b5 3123 32a5
  1afa 1aa0 3124 31de
  4ff 9ea 3126 3241
  1253 12e7 3128 32b1
  19fa 1a3d 3129 3157
  1787 1788 312a 312b
  17fb 15c4 312e 3235
  9e9 9e8 312f 318f
  1891 188f 3131 319a
  1672 1673 3133 3269
  1888 1892 3137 3278
  1713 1712 313a 3226
  10c0 10c1 313b 319f
  10c1 12e9 313b 321c
  11ec 1acf 313d 3210
  1b31 1b1c 3141 3187
  44a 132c 3143 325a
  15b9 15ba 3146 3259
  1869 d29 3147 317a
  191e 1922 3148 31e1
  1882 188b 314e 3261
  188b 155d 314e 31ea
  176e 1747 314f 330a
  1802 1803 3150 31d0
  157d 1800 3151 31dc
  1ad0 1528 3153 31ff
  981 1ba3 3154 3155
  1556 15db 3156 3221
  15db 3bc 3156 31b1
  93b 1a3d 3157 3238
  1760 174c 3158 31b2
  177d 1760 3158 31ad
  166e 166c 3159 315a
  1aa5 194c 315d 31d6
  180f 549 3161 322e
  18c5 18c4 3162 322d
  1712 16a7 316a 319c
  174c 175f 316f 31b2
  175f 175e 316f 330d
  121c 121b 3170 32c0
  e6d e6b 3172 325c
  3a5 947 3173 31d9
  579 930 3175 3254
  1aeb adb 3176 31fd
  136c 150f 3177 318e
  182a 136c 3177 31ec
  1acd 3ba 3178 31f1
  1a96 19be 3179 3244
  19be 1aac 3179 323b
  d2a d29 317a 31f6
  126d 1179 317b 3228
  13d7 1518 3180 3204
  1518 14eb 3180 3249
  1865 1afe 3181 31cb
  1812 9e7 3182 324b
  9e0 1731 3183 31ed
  1731 1768 3183 325f
  1768 9e0 3183 3290
  12ec 11d7 3184 3205
  18e9 18eb 3185 3196
  18eb 18db 3185 3314
  14f5 1ada 3186 3213
  1b31 1b32 3187 3222
  130e 1ad8 3188 31ae
  1500 1518 318a 3191
  1518 1501 318a 3204
  1435 1518 3191 3249
  14f7 1523 3195 322c
  18ea 18eb 3196 3315
  975 1abd 3198 31e7
  15dd 1834 3199 31ce
  1200 11cb 319b 32b3
  1712 1717 319c 3240
  9da 941 31a4 31f7
  15c4 506 31a6 3235
  177c 1760 31ad 3263
  177d 177c 31ad 31f5
  e4c 9fa 31b3 31dd
  1823 363 31b4 3231
  119b 12cd 31b7 32b0
  19ac 1a8c 31bb 31f2
  172a 1713 31bc 326e
  11d7 11d8 31be 3205
  adb d9f 31c0 31df
  10cc 10cb 31c2 32a9
  1234 1218 31c4 32bf
  1b43 1b41 31c6 333b
  1ba6 1bb7 31c7 3277
  1a8f 1a96 31c8 3244
  1a96 19c5 31c8 31fe
  16a0 172b 31c9 3252
  184a 13d8 31cc 3262
  13d8 184b 31cc 32e0
  1845 1ad7 31d1 3260
  1ad7 3a5 31d1 31d9
  1a95 1669 31d2 32f6
  1555 5d2 31d7 3230
  128a 1819 31d8 3253
  181a 128a 31da 3253
  186f 1871 31db 330e
  e4c 1aeb 31dd 31fd
  1aeb 9fa 31dd 326b
  adb e4c 31df 31fd
  e4c d9f 31df 3297
  16f1 1808 31e0 3217
  4fe 9ea 31e2 31fb
  9ea 1aef 31e2 3241
  578 1ae7 31e8 31f8
  1ae7 579 31e8 3254
  145f 14eb 31eb 3206
  14eb 1435 31eb 3249
  182a 150d 31ec 32d4
  14ec 13d6 31ee 32d0
  1b69 1b8e 31f0 322b
  394 1556 31f3 3221
  961 1ae7 31f8 324d
  1a8e 1a8d 31f9 332f
  180a 9ea 31fb 323e
  9db 1852 3200 3246
  12e6 1241 3201 3271
  17fc 17fb 3203 321e
  16e4 167e 3207 32fe
  167e 172c 3207 3267
  1560 15ac 3209 32ee
  1b4a 1b31 320c 3222
  1771 1774 320d 3276
  1522 14f7 320f 322c
  12d7 12d8 3214 3239
  1819 12d7 3214 3265
  9fb 1831 3215 3266
  1832 9fb 3215 3296
  1523 1522 3216 322c
  182c 182d 321b 3237
  12ea 12e9 321c 3233
  10d7 1846 321d 3251
  506 17fb 321e 3235
  19bf 1aab 3225 326a
  167f 1712 3226 3240
  1713 167f 3226 326e
  126c 126d 3227 3228
  1aef 4ff 3229 3241
  1260 1ae0 322a 324e
  1823 1824 3231 3236
  1279 153d 3234 32c6
  182c e6d 3237 3273
  1aab 1aac 323b 326a
  12d6 181a 323d 3245
  1b95 1b96 3242 324c
  12d7 181a 3245 3265
  156a 15b9 3247 3259
  172c 172b 3252 3267
  181a 1819 3253 3265
  1549 154c 325b 32ea
  e6d 177c 325c 3273
  1aac 19bf 325e 326a
  1731 9f4 325f 3274
  177c 182c 3263 3273
  182c 1760 3263 3309
  184b 14f6 3264 32e0
  1265 1673 3269 3272
  9c5 1b04 3275 328e
  932 935 327b 327d
  132b 9b1 3284 3288
  1280 9ae 3285 3286
  1895 1894 3287 3310
  132b 9b2 3288 3289
  1896 9b2 3289 328a
  1676 9c5 328d 328e
  9f5 a04 3292 3293
  cf1 e57 329a 329b
  1095 1259 32a0 32a1
  10a4 1268 32a2 32a3
  10b6 119a 32a5 32a6
  10c0 10c6 32a7 32a8
  10f4 10f2 32ab 32ac
  10f7 10f2 32ac 32ad
  10f9 10f7 32ae 32af
  11f0 11da 32b6 32b7
  1218 1213 32bd 32be
  1218 1215 32be 32bf
  1249 124b 32c3 32c4
  1292 1289 32c8 32cb
  1287 1293 32c9 32ca
  1293 12b8 32c9 32ce
  14ec 1341 32d0 32d1
  150d 1359 32d3 32d4
  14fd 1393 32d6 32dd
  1383 1393 32d7 32d8
  1388 13bb 32d9 32da
  138c 1391 32db 32dc
  13c3 13c4 32de 32df
  142d 1498 32e1 32e2
  1503 14e1 32e6 32e8
  1561 1560 32eb 32ee
  1596 1590 32f2 32f3
  1596 159f 32f4 32f5
  1b90 1675 32f8 32f9
  167d 1680 32fb 32fc
  167e 16e3 32fd 32fe
  1696 16a0 3300 3301
  16d4 16ed 3302 3303
  16ef 16f1 3306 3307
  176e 1748 330a 330b
  18da 1894 3310 3311
  18da 18eb 3311 3314
  18ee 1922 3313 3316
  1967 194c 3318 3319
  1a3c 1a65 331f 332b
  1a63 1a25 3320 3328
  1a15 1a32 3321 3322
  1a32 1a17 3321 3324
  1ac4 1a17 3324 3325
  1a8d 1a9f 332e 332f
  1aba 1abf 3332 3333
  1aba 1ac2 3333 3334
  1b1e 1b07 3335 3336
  1b1e 1b74 3336 3337
))
(13 (3 4bfc 4c03 4 2)(
  2ff 300 4bd 0
  2fc 2fd 4be 0
  2fd 2fe b52 0
  300 301 212b 0
  2fb 2fc 212f 0
  301 140 222b 0
  143 2fb 2232 0
  2fe 2ff 286d 0
))
(13 (4 4c04 4c0b 5 2)(
  2ee 2ef 5ac 0
  2ec 2ed 6b3 0
  2f0 2f1 979 0
  2ef 2f0 d8f 0
  2ed 2ee 20dd 0
  2f1 2f2 2310 0
  141 2ec 2514 0
  2f2 142 266f 0
))
(13 (5 4c0c 4c1d 7 2)(
  2f7 2f8 490 0
  2f5 2f6 49a 0
  2e8 2e9 49b 0
  2e6 2e7 49c 0
  2f6 2f7 654 0
  2e7 2e8 65a 0
  2e4 2e5 7e8 0
  2f9 2fa 7e9 0
  2e5 2e6 84d 0
  2f4 2f5 914 0
  2f8 2f9 939 0
  2ea 2eb 9d6 0
  2f3 2f4 a7c 0
  2e9 2ea e60 0
  140 2e4 2005 0
  2fa 143 200e 0
  2eb 141 2512 0
  142 2f3 2652 0
))
(13 (6 4c1e 4dbf 3 2)(
  23d 23c e 0
  170 16f 59 0
  2b1 2b0 101 0
  217 216 10c 0
  2b2 2b1 1b1 0
  2de 2dd 223 0
  172 171 2b2 0
  2b4 2b3 303 0
  200 1ff 35a 0
  1fd 1fc 39e 0
  2d9 2d8 3a7 0
  1fa 1f9 3b0 0
  1f7 1f6 3c7 0
  2d0 2cf 3da 0
  1dd 1dc 42b 0
  2d7 2d6 448 0
  207 206 45f 0
  2b5 2b4 46d 0
  1d0 1cf 4a3 0
  2dd 2dc 4ac 0
  1f4 1f3 4c7 0
  2d4 2d3 4f0 0
  20c 20b 4f5 0
  1db 1da 521 0
  2d2 2d1 556 0
  1ef 1ee 566 0
  2d8 2d7 5c8 0
  1f2 1f1 5cf 0
  1c8 1c7 5d7 0
  2cf 2ce 5fa 0
  21c 21b 634 0
  1ed 1ec 635 0
  1e9 1e8 640 0
  2cd 2cc 65f 0
  144 1 663 0
  1d1 1d0 673 0
  2e3 2e2 67f 0
  1e7 1e6 693 0
  205 204 697 0
  1e5 1e4 6a4 0
  2d3 2d2 6d8 0
  2ca 2c9 6dd 0
  2c8 2c7 731 0
  2a5 2a4 743 0
  2c5 2c4 79f 0
  2ce 2cd 7b2 0
  295 294 7d9 0
  2c3 2c2 7e1 0
  2da 2d9 826 0
  17e 17d 838 0
  2c0 2bf 845 0
  2c9 2c8 860 0
  1c4 1c3 869 0
  2be 2bd 875 0
  1bd 1bc 88e 0
  2df 2de 8a1 0
  2bb 2ba 8ba 0
  2bc 2bb 8c9 0
  2b9 2b8 8e0 0
  2c4 2c3 8fd 0
  2b6 2b5 90e 0
  201 200 92a 0
  21e 21d 93e 0
  2b3 2b2 965 0
  1fe 1fd 991 0
  2bf 2be 992 0
  1ce 1cd 99f 0
  1d5 1d4 9b1 0
  2b0 2af 9b2 0
  1fb 1fa 9be 0
  2bd 2bc 9ce 0
  1f8 1f7 9d4 0
  1f5 1f4 9e3 0
  2ba 2b9 9fd 0
  2ad 2ac a05 0
  2ab 2aa a24 0
  14f 14e a33 0
  1be 1bd a3e 0
  2a9 2a8 a4e 0
  2a6 2a5 a8d 0
  220 21f a91 0
  211 210 aaf 0
  2a3 2a2 abf 0
  2a0 29f aeb 0
  29e 29d b03 0
  29c 29b b14 0
  284 283 b1c 0
  2ac 2ab b2a 0
  283 282 b34 0
  a0 219 b3b 0
  299 298 b3e 0
  287 286 b46 0
  282 281 b55 0
  296 295 b5f 0
  2aa 2a9 b60 0
  28a 289 b63 0
  293 292 b6e 0
  28d 28c b70 0
  290 28f b71 0
  280 27f b80 0
  29a 299 b9e 0
  27e 27d bac 0
  28b 28a bcc 0
  27c 27b bd4 0
  28e 28d bd6 0
  27a 279 bf1 0
  2a2 2a1 c05 0
  244 243 c0e 0
  278 277 c11 0
  29f 29e c22 0
  27d 27c c26 0
  246 245 c33 0
  223 222 c36 0
  276 275 c3b 0
  29d 29c c42 0
  248 247 c56 0
  27b 27a c5a 0
  274 273 c5b 0
  286 285 c5f 0
  29b 29a c62 0
  24a 249 c6a 0
  195 194 c6e 0
  272 271 c6f 0
  279 278 c76 0
  24c 24b c80 0
  270 26f c81 0
  292 291 c8c 0
  281 280 c8e 0
  24e 24d c93 0
  26e 26d c95 0
  277 276 c98 0
  26c 26b ca6 0
  250 24f ca7 0
  27f 27e cb4 0
  26a 269 cb7 0
  252 251 cbc 0
  275 274 cbe 0
  268 267 cc5 0
  254 253 cc7 0
  266 265 cd3 0
  264 263 cd9 0
  256 255 cda 0
  262 261 ce8 0
  258 257 ce9 0
  273 272 ceb 0
  260 25f cef 0
  25a 259 cf0 0
  25e 25d cf3 0
  25c 25b cf4 0
  271 270 d06 0
  26f 26e d21 0
  26d 26c d36 0
  228 227 d38 0
  1d7 1d6 d39 0
  1b1 1b0 d3f 0
  26b 26a d4a 0
  1d4 1d3 d4f 0
  269 268 d5b 0
  267 266 d68 0
  1ab 1aa d6f 0
  265 264 d77 0
  257 256 d89 0
  263 262 d8a 0
  261 260 d94 0
  259 258 d96 0
  25f 25e d9d 0
  25b 25a d9e 0
  25d 25c da1 0
  21b 21a da3 0
  148 147 dae 0
  19d 19c db0 0
  1c0 1bf dc5 0
  1a1 1a0 dc8 0
  14c 14b dcc 0
  22a 229 dd6 0
  185 184 de6 0
  152 151 dfb 0
  154 153 e04 0
  156 155 e18 0
  1b2 1b1 e21 0
  159 158 e29 0
  15b 15a e40 0
  22c 22b e43 0
  1ac 1ab e49 0
  15e 15d e57 0
  180 17f e6b 0
  1a6 1a5 e6c 0
  1a2 1a1 e85 0
  199 198 ea7 0
  191 190 ec8 0
  175 174 ed1 0
  18b 18a ee1 0
  179 178 ee2 0
  17b 17a ee9 0
  186 185 ef2 0
  183 182 ef5 0
  181 180 ef6 0
  231 230 fd4 0
  160 15f 1dd8 0
  16e 16d 1dd9 0
  167 166 1dda 0
  17a 179 1ddb 0
  16b 16a 1ddc 0
  184 183 1ddd 0
  18a 189 1dde 0
  17f 17e 1de0 0
  164 163 1de1 0
  176 175 1de2 0
  187 186 1de3 0
  18d 18c 1de4 0
  169 168 1de5 0
  189 188 1de6 0
  190 18f 1de7 0
  192 191 1de8 0
  18c 18b 1de9 0
  193 192 1dea 0
  196 195 1deb 0
  15a 159 1dec 0
  174 173 1ded 0
  18e 18d 1dee 0
  197 196 1def 0
  194 193 1df0 0
  19c 19b 1df1 0
  198 197 1df2 0
  17d 17c 1df3 0
  19a 199 1df4 0
  19b 19a 1df5 0
  19e 19d 1df6 0
  157 156 1df7 0
  17c 17b 1df8 0
  188 187 1df9 0
  1a0 19f 1dfa 0
  19f 19e 1dfb 0
  171 170 1dfc 0
  182 181 1dfd 0
  1a4 1a3 1dfe 0
  1a3 1a2 1dff 0
  15c 15b 1e00 0
  1a5 1a4 1e01 0
  178 177 1e02 0
  1a8 1a7 1e03 0
  1a7 1a6 1e04 0
  1aa 1a9 1e05 0
  1a9 1a8 1e06 0
  1ae 1ad 1e07 0
  1ad 1ac 1e08 0
  1c3 1c2 1e09 0
  1b0 1af 1e0a 0
  1af 1ae 1e0b 0
  1b4 1b3 1e0c 0
  1b3 1b2 1e0d 0
  15f 15e 1e0e 0
  1b5 1b4 1e0f 0
  14a 149 1e10 0
  161 160 1e11 0
  158 157 1e12 0
  150 14f 1e13 0
  1b7 1b6 1e14 0
  1ba 1b9 1e15 0
  1bc 1bb 1e16 0
  149 148 1e17 0
  155 154 1e18 0
  14e 14d 1e19 0
  14d 14c 1e1a 0
  153 152 1e1b 0
  1bf 1be 1e1c 0
  1c1 1c0 1e1d 0
  151 150 1e1e 0
  1c2 1c1 1e1f 0
  1c5 1c4 1e20 0
  1c9 1c8 1e21 0
  1c7 1c6 1e22 0
  147 146 1e25 0
  14b 14a 1e26 0
  1ca 1c9 1e27 0
  1cc 1cb 1e28 0
  1cb 1ca 1e29 0
  1cf 1ce 1e2a 0
  1d2 1d1 1e2b 0
  1cd 1cc 1e2c 0
  1d3 1d2 1e2d 0
  1d6 1d5 1e2e 0
  1d9 1d8 1e2f 0
  1da 1d9 1e30 0
  1d8 1d7 1e31 0
  1dc 1db 1e32 0
  1de 1dd 1e33 0
  1e0 1df 1e34 0
  1e1 1e0 1e35 0
  1e2 1e1 1e36 0
  1e3 1e2 1e37 0
  1e4 1e3 1e38 0
  1e8 1e7 1e39 0
  1e6 1e5 1e3a 0
  1ea 1e9 1e3b 0
  1eb 1ea 1e3c 0
  1ec 1eb 1e3d 0
  1ee 1ed 1e3e 0
  1f0 1ef 1e3f 0
  1f1 1f0 1e40 0
  1f3 1f2 1e41 0
  1f6 1f5 1e42 0
  1f9 1f8 1e43 0
  1fc 1fb 1e44 0
  1ff 1fe 1e45 0
  202 201 1e4c 0
  203 202 1e4e 0
  204 203 1e50 0
  206 205 1e52 0
  208 207 1e53 0
  20b 20a 1e54 0
  20d 20c 1e56 0
  20e 20d 1e57 0
  20f 20e 1e58 0
  210 20f 1e5b 0
  213 212 1e7e 0
  214 213 1e86 0
  215 214 1e8d 0
  216 215 1e96 0
  218 217 1ea2 0
  219 218 1ea6 0
  18f 18e 1f40 0
  234 233 1f77 0
  23b 23a 1f78 0
  236 235 1f79 0
  2e2 2e1 1f7a 0
  232 231 1f7b 0
  238 237 1f7c 0
  2e0 2df 1f7d 0
  242 241 1f7e 0
  23e 23d 1f7f 0
  240 23f 1f80 0
  22f 22e 1f81 0
  233 232 1f82 0
  22e 22d 1f83 0
  230 22f 1f84 0
  22d 22c 1f85 0
  22b 22a 1f86 0
  229 228 1f87 0
  227 226 1f88 0
  226 225 1f89 0
  225 224 1f8a 0
  224 223 1f8b 0
  222 221 1f8c 0
  221 220 1f8e 0
  21f 21e 1f8f 0
  21d 21c 1f92 0
  15d 15c 1fd5 0
  23f 23e 1fdb 0
  241 240 1fe9 0
  243 242 1ff8 0
  288 287 201f 0
  297 296 2025 0
  2a7 2a6 2034 0
  2ae 2ad 2043 0
  289 288 2045 0
  2b7 2b6 2051 0
  2c6 2c5 2063 0
  2cb 2ca 206e 0
  2e1 2e0 208c 0
  28c 28b 2093 0
  28f 28e 2098 0
  298 297 20e9 0
  255 254 20f9 0
  177 176 2144 0
  291 290 214b 0
  285 284 2151 0
  2a8 2a7 217d 0
  2a1 2a0 21a0 0
  294 293 21a4 0
  2af 2ae 21d2 0
  2a4 2a3 2200 0
  2c1 2c0 225a 0
  2b8 2b7 227f 0
  253 252 2299 0
  2c2 2c1 232e 0
  2d1 2d0 2357 0
  23a 239 2389 0
  21a a0 2397 0
  2c7 2c6 2399 0
  251 250 23cc 0
  2cc 2cb 2427 0
  145 144 2492 0
  24f 24e 24df 0
  239 238 256f 0
  173 172 2588 0
  212 211 25dc 0
  146 145 2600 0
  24d 24c 260a 0
  245 244 2614 0
  162 161 26e1 0
  24b 24a 2711 0
  23c 23b 281c 0
  249 248 2848 0
  237 236 2854 0
  163 162 2892 0
  1bb 1ba 28e9 0
  247 246 2923 0
  1b8 1b7 2974 0
  2dc 2db 29b3 0
  235 234 2a14 0
  2db 2da 2a4d 0
  165 164 2a92 0
  1df 1de 2a9f 0
  2d5 2d4 2acf 0
  166 165 2b63 0
  1b9 1b8 2b8f 0
  2d6 2d5 2b98 0
  20a 209 2bb4 0
  168 167 2cc1 0
  1b6 1b5 2dab 0
  16a 169 2dc5 0
  1c6 1c5 2dde 0
  16c 16b 2e53 0
  209 208 2e78 0
  16d 16c 2e8c 0
  16f 16e 2ec2 0
  1 2e3 301b 0
))
(0 "Zones:")
(45 (3 velocity-inlet inlet)())
(45 (4 pressure-outlet outlet)())
(45 (5 symmetry symmetry)())
(45 (6 wall airfoil)())
(45 (2 fluid fluid)())
(45 (1 interior interior)())
(0 "Zones:")
(45 (3 velocity-inlet inlet)())
(45 (4 pressure-outlet outlet)())
(45 (5 symmetry symmetry)())
(45 (6 wall airfoil)())
(45 (2 fluid fluid)())
(45 (1 interior interior)())
