airfoil_name,au0,au1,au2,au3,au4,au5,al0,al1,al2,al3,al4,al5
2032c,0.1647366283709057,0.514592775390173,-0.030146779811934254,0.4920159512155369,0.08629054540059004,0.273674518891211,-0.041537711551191,0.12001499835740095,0.09407539180649191,0.13701473557799276,0.1082758792024038,0.12280882697886966
a18,0.2817322449859596,0.07916915945490388,0.36485924656920854,0.15088866454558542,0.2036871548213094,0.36432821864578574,0.06467004020357482,-0.1636947330244834,0.29721780612794957,-0.15162316775950394,0.20971729490286334,0.07281472808993895
a18sm,0.12958441961462444,0.19993118345493982,0.1500830964225608,0.2557592873002014,0.13693264890013063,0.29988284661345627,-0.09963251316147488,-0.009888530249091103,0.0318967378947468,0.002926325165261819,0.10997432679405857,0.016402353331292353
a63a108c,0.16206035134526095,0.08368479682297322,0.09915387253668342,0.1721761009043505,0.02925121487015527,0.17369491481949184,-0.12028133785936365,-0.03446752937376457,-0.1566877799802636,-0.016196005562716477,-0.11411085690530036,-0.005660540301919484
ag03,0.13775292792915178,0.156173920405625,0.10592092174657328,0.12733631937110212,0.11414676624686851,0.083312279424978,-0.06813922690427618,-0.00579303533362753,-0.04376452832155942,0.009928637183982446,-0.04239134464286383,0.014942378593407945
ag04,0.12480242734831942,0.15775397930309287,0.08646100408674358,0.12880236539172735,0.09863022262541334,0.07572710744583068,-0.0837226650746289,-0.03096818538674693,-0.0407952124646093,0.01643490767484215,-0.025481540374514583,0.014738809232328016
ag08,0.11745378570710767,0.1530591175366821,0.07317264528816429,0.12723523962502162,0.09311419109660773,0.08669130544316721,-0.08563818332840265,-0.007811287826774049,-0.04398839604036688,0.04080583554395446,-0.03691114515646007,0.022564489354695686
ag09,0.11332391828733791,0.14289475743749194,0.05801261943251802,0.12252075025311521,0.0717409282042695,0.07383442652102129,-0.08524018413395756,0.03922068241734776,-0.048959560157525214,0.0451552716814153,-0.03318225908774794,0.02156140424827137
ag10,0.12138380004052608,0.12433961687037376,0.05377133118858249,0.1166571786273121,0.05132132016713657,0.10025932001660352,-0.08792461131067994,0.03832183603271033,-0.04280283149371396,0.03963003179692159,-0.029199539913787154,0.010472233828912691
ag11,0.1554744770054832,0.14328545074199028,0.11782385113892757,0.12430270944504922,0.10811671398123261,0.09639843617132048,-0.05793195466311254,0.035965396743748795,-0.07415238650472983,0.049322132554068004,-0.04771425080469345,0.014765170683200084
ag12,0.12188365630520107,0.15567011628361355,0.0873074819215271,0.1203709440134186,0.09669769922054958,0.07582544378403346,-0.07904473794387927,-0.030963569712698785,-0.03876396367357149,0.03588795639599314,-0.008498950898265464,0.06066068937987019
ag13,0.12211398904244136,0.14984175951211703,0.0895343585990021,0.11553840070583105,0.1008284449374115,0.07695862938507914,-0.07456310253411888,-0.014326399245783588,-0.03862907738417667,0.05001795892078646,-0.006208697492030638,0.06491004098228402
ag14,0.12168171652719754,0.1482675430121188,0.08288963445452145,0.11624964808375723,0.09706681866205853,0.07908656533360152,-0.06929849696884471,0.0031701684357486972,-0.03151752257058385,0.06092798866364293,-0.008584511310719937,0.07200620385369699
ag16,0.12389975263254613,0.16997038138018447,0.09843309600580603,0.13208387417294665,0.11846504043558234,0.07764248393243532,-0.0867713084280887,-0.05916390548561565,-0.034560450918206455,0.009395737318448488,-0.001269577043080841,0.054297548718818
ag17,0.12419727999811545,0.16255721177717197,0.09382097026235577,0.13180198543692423,0.11396411483656566,0.0769775506234624,-0.07944619546382942,-0.035381407369373626,-0.03428419298171799,0.030836822254407807,-0.00010304428577310337,0.05899677205444002
ag18,0.1245023830127069,0.15517099390123082,0.08914806935119729,0.13158937013263833,0.10940516834279021,0.07634581919267441,-0.07245949641414076,-0.011191057015632503,-0.03443131211786004,0.05265187895726146,0.000892875512567022,0.06377408488647175
ag19,0.12471669111990095,0.15002369207170715,0.08583475003927403,0.13148187023465085,0.1061840033400015,0.0759149692864532,-0.06800383327038186,0.006460345085360496,-0.02967524502769804,0.06091529623499994,0.006450911281481315,0.0652454226908229
ag23,0.1369151853155491,0.21453239045479128,0.12403395949603929,0.18105291453111466,0.1718216183681462,0.11150834575338284,-0.09252960230051843,-0.0676010014340715,-0.06425528619042423,-0.007374824246364145,-0.049486010978134355,0.08424583386178656
ag24,0.13429805135668127,0.2067340227609477,0.118857338431193,0.17287064822599327,0.16125211185028474,0.10775777467019791,-0.08974697905273488,-0.06153476292827649,-0.055234531706851255,0.001423859472213792,-0.03432544016446015,0.08173895482014881
ag25,0.133108183429086,0.19700310156373585,0.1122618700979275,0.1677901947225513,0.15002060108962553,0.1059890078617785,-0.08200024871061343,-0.03954813452887325,-0.04521987153308926,0.025651540756743176,-0.016936439511352996,0.08409360967884406
ag26,0.1344715848605979,0.1816038438774372,0.11428132032126936,0.157624231851584,0.13982897534052122,0.0995943012950009,-0.07725149545810364,-0.016927972416994015,-0.0399789387785076,0.04936273246394639,-0.005129335701850698,0.07907443556310051
ag27,0.1360156442620206,0.16436249709871473,0.11960344621345245,0.14000601258606749,0.13784300941268496,0.09131897691760248,-0.07237201759381577,0.002147105954980678,-0.028013454574481716,0.07033508860728939,0.005969928548237938,0.07251595285850664
ag35,0.3944456309707719,-0.024340228738095576,0.5666813435380488,-0.13328869083390926,0.3846890855733944,0.11215530413202873,0.1488650170471238,-0.2748711845173457,0.3635942254598887,-0.31488876038396213,0.17507567838522217,-0.03249131676502594
ag36,0.3656985776377857,-0.015025222406710254,0.5194055182241426,-0.11035359559833102,0.33991594889077315,0.13097526726354142,0.1330429928855548,-0.2460886242621183,0.32523298634949727,-0.27977220706115663,0.15388866409441532,-0.024619881194354327
ag37,0.34535732463833235,-0.003296991818063727,0.4704044956819389,-0.08067102156883027,0.2909585624536295,0.17224002599625887,0.11542068541138911,-0.21317846410233482,0.2814733832829539,-0.24009506517056114,0.13008093519081076,-0.015876929984439084
ag38,0.31396151366271063,-0.0023414235815839013,0.4168400420888427,-0.04391996051580191,0.239854291409795,0.21289587083919842,0.09328502907961964,-0.17208764650054745,0.2268661548755086,-0.19022328104581343,0.10014914911442008,-0.004741610000444469
ag44ct02r,0.14034456632328565,0.18402045841928247,0.09944878773487698,0.15511731306695586,0.07962499261553219,0.0954443987224204,-0.08198263677220699,-0.028303210276974314,-0.06089543512933633,0.011871953170159648,-0.04795897722706929,0.02738822106132197
ag455ct02r,0.13647807660199726,0.15746379795564833,0.10403661303943172,0.11797495683482599,0.06841827728350823,0.07903399576924121,-0.07672892719167097,-0.017493520939618097,-0.050328599912861975,0.017874009739067963,-0.05180087730501363,0.04438440060048685
ag45c03,0.12897682317156775,0.2649975627831979,-0.09312289775195813,0.5291789958839606,-0.35260077716155086,0.5668602538599059,-0.09066296623590586,0.0682657814174395,-0.2526534317718597,0.41246715923127253,-0.4493238364544515,0.5315214161935407
ag45ct02r,0.1368287468199455,0.17005778052204854,0.10332286830141808,0.13281081100417777,0.07091071494495879,0.07866893010370207,-0.07974974681112006,-0.02295612665981378,-0.059191197940941825,0.014549083500627134,-0.04604931701087418,0.030824395247420807
ag46c03,0.1192660202862582,0.227411910036328,-0.10035774306502739,0.5118478088791679,-0.352579218511613,0.5517887035173203,-0.08729313881463462,0.07899799458340262,-0.2596338494148246,0.4187515459048465,-0.4552054351695824,0.5287409213093376
ag46ct02r,0.13186002529708818,0.13541126236267298,0.11491998864493078,0.09130119226096312,0.0756967762758492,0.0709833203378331,-0.07531914265828825,-0.016062631484277057,-0.04851554065426403,0.01592647564423553,-0.051567367326364605,0.04098918357361323
ag47c03,0.10822354981937884,0.18037000618478438,-0.09111694344761581,0.4660962750930035,-0.35376152076971423,0.5293209165186222,-0.08342241733963009,0.08752305746459041,-0.2673387815707508,0.4332428151285099,-0.4557614187467806,0.5252269771098914
ag47ct02r,0.1207950568375445,0.09055521878331316,0.108227588137113,0.06265508678810594,0.06536927476821953,0.0476732574147045,-0.07204822540462417,0.00012831594097199167,-0.06345052226248674,0.034551722298844983,-0.05377834626156235,0.03838520353785284
ag52,0.13487685217571346,0.18193377627566673,0.12241075268092722,0.1636274280122213,0.1370984377321447,0.12681374136109735,-0.09220148405442131,-0.0639192181627975,-0.06692416678248148,-0.022888985387804088,-0.060854115708795974,0.01257294315575581
ag53,0.13382600068206033,0.1810636299225656,0.11788833590222626,0.1601317704789435,0.13002833618991816,0.11997438172118852,-0.0894427564443679,-0.05787041762958642,-0.06318421182298603,-0.016407249772410353,-0.055774683619989246,0.01697513633333975
ag54,0.13136148386110735,0.17982834636193132,0.1079946484459425,0.15369181830688233,0.11518172354148208,0.10623485813761646,-0.08410375381558174,-0.04521531023909209,-0.05625514877427887,-0.002409317015995069,-0.046191235260792184,0.02623399179389512
ag55,0.13271467630749811,0.16384170360294464,0.10315491239979029,0.13744082133207042,0.09987304095363202,0.08797092115922962,-0.07282401931165568,-0.02098247286654989,-0.047144381926241666,0.020753920917904515,-0.03421733139032817,0.03785870782866332
ah21-7,0.1527881662571275,0.14544502431784354,0.18943853199663593,0.14885042069475554,0.25481934742366313,0.24290331207686933,-0.0960105199538234,-0.04490298485763142,-0.11061909947606582,0.027826038133729823,-0.13458176540330571,0.09629310849588081
ah21-9,0.11943963290273246,0.1114670995208307,0.15220144048097284,0.10744483051471632,0.20735937161982776,0.17899208461172256,-0.07516619932270292,-0.03306735348815967,-0.09074028897121898,0.03032141504272437,-0.11360066157161006,0.08550234088364277
ah63k127,0.14152043029460834,0.310409618360198,0.09839539177587295,0.573005317822878,0.06291101089139492,0.24322544185254338,-0.08186206455163693,-0.05665568548668559,-0.07907520254903698,-0.0321893551473638,-0.16304029682404345,0.1592956976266588
ah6407,0.14859553401340203,0.3328719288127639,0.05280253521056094,0.3904291525000869,0.13492350327424538,0.3339013418919891,-0.05873146961103665,0.05445156733630005,0.09890180756035824,0.042892574035502465,0.1836380433690345,0.06311340083280148
ah7476,0.1522409280714642,0.2896282663258583,0.11613358102817889,0.35796439181457596,0.19435233378545122,0.4145259096102532,-0.054303732968234215,0.11369786404368537,0.06758397501050117,0.09890089832933319,0.2221436259828136,0.15376617582846958
ah79100a,0.15310663494171148,0.23667558817520862,0.1867184349972447,0.22153189319422745,0.24712570076307203,0.17244940192672079,-0.10677852978120797,-0.04012564191094249,-0.10443173027421039,0.08456834452364966,0.013453906545786888,0.1553404345522335
ah79100b,0.16955111583936774,0.33658779226370655,0.19526147503915878,0.4326854855081399,0.21667320082625835,0.39628342831027497,-0.08879307563729956,0.0936266661307542,-0.1223101960464546,0.24904721478705866,-0.00044763263082014644,0.38259373526711904
ah79100c,0.1750265509361104,0.3456095368462624,0.18970521582413688,0.44544509087658957,0.2693741893223899,0.48840849996935076,-0.09835494012901967,0.07488685379411425,-0.04447473340700803,0.19371530094945205,-0.008653210919734635,0.30935271136852255
ah79k132,0.13972687791382013,0.38529171376141497,0.01834430104528778,0.6415703020483852,0.0276536279468857,0.22313669694801205,-0.11140849725078188,-0.01437770183672285,-0.16591795112678553,0.07033236686242761,-0.2997270046843074,0.12752855928869922
ah79k135,0.13812292797202647,0.3595380062145658,0.030199841387186704,0.5927550447251502,0.046745581538481226,0.1996297538522216,-0.1059917525161167,-0.061107115716209026,-0.15770058265859543,0.01775455228549935,-0.2857978223151021,0.10164893726809338
ah79k143,0.1364588694392893,0.35285867289690825,0.029521761594523493,0.6290236515982961,0.03963867617323154,0.2064819235836177,-0.12653269432961728,-0.046095411052256424,-0.2234550207345229,0.08785978514500999,-0.42911423231276363,0.14018964428532182
ah80129,0.13159585120022804,0.32322658219544337,0.17462642494955385,0.4266541707604903,0.26522086929210764,0.07984629014400607,-0.08124232223206489,-0.04283945735475107,-0.0806186069822523,-0.027321995912265702,-0.11904667740056978,-0.03091249078036508
ah80136,0.16646358877162373,0.3169253517214006,0.2330375523646952,0.3613114427607489,0.024875709266373856,0.0008074083964141731,-0.10038326000948068,-0.04749760253509716,-0.15116356428522768,-0.01066208482981438,-0.1481275504037183,-0.05756733101246316
ah80140,0.23118877435263585,0.3031042331541733,0.3744871840984582,0.20167288173640524,0.13300167528176687,0.1341600568926194,-0.14620582899201348,0.003854181973741433,-0.14860765537667092,0.02803033729098762,-0.11775422867707543,0.024216543194154748
ah81131,0.14765580994402622,0.28991366034987653,0.12180757443940093,0.4424459733827117,0.20838454667471887,-0.1025896734724804,-0.07221231777377216,-0.08611881096891441,-0.10714387581521609,-0.0880445354112518,-0.11689084894666657,-0.15841722116353585
ah81k144,0.15375571168855673,0.36115944901652547,0.1152439497088028,0.6227813439380098,0.11757614761648232,0.2029324331152665,-0.11008249902042523,-0.0673391525144314,-0.10106869765005033,-0.014262890593439837,-0.19532582676988866,0.09972350560321193
ah81k144wfKlappe,0.34968253384196185,0.5397766611391253,-0.16353361313373815,0.49123980513513077,-0.04985514647251647,0.2046368054683798,-0.26496805002023155,-0.4758175691777148,0.12089705587184113,-0.3318233794840703,0.08588059038325334,-0.13239373750913497
ah82150a,0.1442160732900833,0.34815160326477085,0.15413653744818168,0.46881173252403147,0.2198314910590943,0.2302602408123549,-0.11336520130783702,-0.09654118750378213,-0.07376727858322601,-0.18281730751165526,-0.14018861519127002,0.16338738014837367
ah82150f,0.1316757800757704,0.36488932464824675,0.13997433600625364,0.45121779525252703,0.39222526780452205,0.1694199568658287,-0.10954598669797903,-0.04662348912410613,-0.20798802943735062,0.10329907947176756,-0.4257101185071386,0.15237115626774791
ah83150q,0.2182551189134798,0.32870980416712453,0.24790422263461767,0.4386904768568334,0.18195305316030996,0.13941072302799323,-0.08640014444300595,-0.06815687538663356,-0.10987247601966278,-0.019948765857280622,-0.29110588822338535,0.1812758053314136
ah83159,0.17249335557714643,0.36061081558817243,0.18158110031764685,0.5200145149500869,0.23319500358838532,0.170816045947736,-0.09797995622395289,-0.08718681804734074,-0.13278920807268094,-0.0308077129321935,-0.33434447043733445,0.21600742004518872
ah85l120,0.1074797301403953,0.15745190328631203,0.1364529680897707,0.16889887138061904,0.2760427295142538,0.01984980215572243,-0.1074797301403953,-0.15745190328631203,-0.1364529680897707,-0.16889887138061904,-0.2760427295142538,-0.01984980215572243
ah88k130,0.14179752544848254,0.2942596069384168,0.16825935327006214,0.42429733108040407,0.31235717518457773,0.21526865003402545,-0.07606174187919865,-0.04054101574840177,-0.11475594015557955,0.018666136741200087,-0.22939672260347074,0.2230568980278942
ah88k136,0.1324260194121899,0.378447915705994,-0.021062797482271745,0.6438069330837797,0.09677763358761643,0.08538167063013888,-0.1094675897654193,-0.03627468599097573,-0.16883714540464864,0.013586756125040391,-0.2609861269644045,-0.11881571928436517
ah93156,0.1772895137545722,0.3698268376593096,0.17684331661913014,0.4739709969484548,0.28512371728606445,0.12276813824026064,-0.13691023371981212,-0.0515552655372096,-0.19249484769050285,0.05122432648209997,-0.3673872238654109,0.07866608853674521
ah93157,0.1815266360594406,0.3627888840118127,0.20376373882230767,0.43456852284024317,0.29436914055071084,0.1342117194178546,-0.13881521464748522,-0.05085854479206983,-0.19309264331024575,0.04794009355124647,-0.3634139461340776,0.07162393154467431
ah93k130,0.15167414855689632,0.3229231872352027,0.12092523622382337,0.4515024700760637,0.29932173961751934,-0.02818866549116341,-0.10802905209428365,-0.023317908873543902,-0.1269093727115146,-0.02725251868990517,-0.13137222371628698,-0.1740495805604379
ah93k131,0.15378708480539033,0.32939041370442845,0.11322065648090146,0.4777428839206368,0.24951933098517723,-0.020151269136489434,-0.10801202561495303,-0.023359154382349992,-0.12690031697011517,-0.02722999678575077,-0.13141195563413485,-0.1740776553109414
ah93k132,0.15348897783738547,0.33038277963884405,0.10763957357052564,0.4622579569050388,0.30908949322254464,-0.03861095192205565,-0.0932303185292326,-0.054344977132411695,-0.11390327318449725,-0.019865526467653345,-0.17687048093714736,-0.125573104608834
ah93w145,0.18850255702581692,0.3045786015640183,0.3064253841837209,0.3133556055132538,0.15373212931862373,0.2686436475571505,-0.1450116426067439,-0.05230026208478354,-0.13121563238005912,-0.01834216920521213,-0.13619420443176633,0.06829606742780565
ah93w174,0.21514603676113478,0.3566354710120814,0.3498870354917692,0.3399043292734723,0.16685108298594292,0.24043458607175494,-0.18637074800552522,-0.1006869849653933,-0.16211436265665902,-0.04823939746393342,-0.16297651889027556,0.143354956260843
ah93w215,0.2612442000233365,0.41251576362402775,0.2926768523432377,0.48311393250508755,0.10647755446291671,0.37182682483404705,-0.24112597501548022,-0.1673802392880211,-0.23948739323867585,-0.13898690309955655,-0.19056660046094628,-0.0004945357044080702
ah93w257,0.24809312958058816,0.3537248519014563,0.38758549043958795,0.3330442958777849,0.1867123354802996,0.25170345437824426,-0.3078744681460275,-0.3883773461925094,-0.2189034083203832,-0.5559825524902898,0.23843140457770312,-0.07061138235851577
ah93w300,0.4706597272488975,0.34222598435516427,0.4752351816311825,0.2994691239379968,0.34729840478328067,0.3134375013139956,-0.4246090228554625,-0.36146206125234015,-0.3873167103628181,-0.4172952322290354,-0.009428254275931768,-0.31653143348236645
ah93w480b,0.49174249553349275,1.2877074403312314,-1.1220039542855775,3.952064949934592,-2.904782760559677,4.887639873079662,-0.3697641838455494,-1.2477819612591554,1.5550938670995218,-4.109893736529022,3.474465458432215,-4.979418680827734
ah94145,0.21897672504131055,0.31825187261345894,0.3175663710675949,0.43967519776001646,0.2751007283721258,0.1860733208154045,-0.13722446063019478,0.01773133856272008,-0.13429866057404005,0.05144065628418535,-0.0941832607375021,0.08935949080581328
ah94156,0.17544262870866334,0.36525333668209714,0.172569426283102,0.4846193341905684,0.2590438544264648,0.16448681084607608,-0.11817579223933897,-0.05725933087819074,-0.20458655323879543,0.07763790009433177,-0.4068589222571441,0.17264702785034866
ah94w301,0.2689348125727805,0.4571483882322147,0.29089714571980085,0.5290925275085809,0.04701593498166069,0.5084759962192889,-0.4216508274746513,-0.4739219003401588,-0.31814740471894437,-0.5027381035914453,0.03155214989960392,-0.24834420038171431
ah95160,0.23629000471108746,0.3338114547043065,0.33766671333558806,0.46255540262485495,0.28928542960579423,0.1953797526568765,-0.15278982832878882,-0.007271498342674057,-0.12709359598700154,-0.021511140408582964,-0.045688920417263086,0.0233938599286137
ames01,0.17786727362016394,0.23343475650865103,0.047350739522670104,0.25683772804100713,0.16139905910079158,0.08486108736444667,-0.13058619403983016,-0.04413961715389993,-0.1524415055247169,-0.07817640956366284,-0.08829786639655728,-0.16546944341103026
ames02,0.1620137747585603,0.08389610948883222,0.09864012444694023,0.17294981685710184,0.02859552455843786,0.17395804606699689,-0.12026490049402547,-0.034513430895774216,-0.15660286082178354,-0.016314581918290216,-0.1139849347143326,-0.005706984640882567
ames03,0.16556084385296876,0.21075983343605026,0.04879652421574289,0.24158560280051694,0.25894498003530503,-0.09628189986594604,-0.11063437190928825,-0.07709647191567973,-0.09952516628114699,-0.1266598035886018,-0.08888328184933493,-0.10738681819765081
amsoil1,0.20019340556907747,0.14246806577662596,0.2378409053533682,0.23336866130500425,0.2130226689903079,0.15680244507099414,-0.1797757221861712,-0.004979149850788775,-0.161502144507162,-0.07497451602778844,-0.1149780723999788,-0.041204861865181935
amsoil2,0.19781345576771633,0.09590305135183641,0.2261828006762192,0.1870384242415229,0.20108337754844324,0.1388208882279534,-0.19032230393878127,-0.045781821812982154,-0.18831829945829565,-0.11573462795946299,-0.13658371251472354,-0.05977003176272125
apex16,0.14159588953743837,0.25000545479834774,0.19352232905585218,0.2670524927894121,0.295238310728261,0.2542655636032933,-0.09631469787366173,0.03356358546949424,-0.3632494131770343,0.13155976335090575,-0.194235479741207,0.09039269644335136
aquilasm,0.17646835410355233,0.2952310152201443,0.16817243513437904,0.2498141246175794,0.1864136610338948,0.13565616965573135,-0.07465689209097251,0.06559471239273071,-0.12759983623382098,0.1106946690414107,-0.09909022503207111,0.05566719622902836
arad10,0.2500914150759474,0.2679632617217495,0.11341261110089731,0.4055785922036974,0.037749239886426686,0.4022291006635119,-0.12419427993023735,-0.008985674904809244,0.04385697316395431,-0.1385876072627486,0.14238016511746743,-0.19176373555472054
arad13,0.30026516271621667,0.3171963912337541,0.10899318136499395,0.46160757658534995,-0.028780114977852028,0.4238556684040032,-0.15040318789593585,-0.06964683418888018,0.02031992490603486,-0.23177992414199813,0.1298860549873255,-0.278901223164852
arad20,0.3895719258464634,0.4640494346614782,0.16525609595102422,0.4997447804365654,-0.051725891522728204,0.5410175063571789,-0.17506384649081888,-0.21182307038232956,-0.016333739603539357,-0.402856798070805,0.14685689282238942,-0.38623971746027574
arad6,0.1704651704567983,0.22495193033019012,0.11350962979969001,0.3597228209221014,0.10518331042598177,0.385340810614688,-0.07464610522560876,0.07161588119846475,0.08259098982637365,0.0041642401042881905,0.1775323866492944,-0.03721073310520871
as5045,0.18136608985731248,0.2696736930915325,0.0870954953133028,0.47378615107007116,-0.045207442854246285,0.24279456107483308,-0.11929172287994975,-0.1830038113911734,-0.12052419627768145,-0.31214069292712165,-0.003822908122244865,0.031602340317807426
as5046,0.19641247085520577,0.2887409600295138,0.08618011643955215,0.5049894899317893,-0.049145443922247185,0.3100860844721952,-0.12578493465581944,-0.19444796110073204,-0.13026458673971508,-0.3329181822811735,-0.017499790596987523,-0.02008037087128812
as5048,0.21128559268337077,0.3214875039139526,0.08871970091564246,0.5918656939679956,-0.06768881631083479,0.4391958605241879,-0.1342522344989968,-0.21964491653942014,-0.1389151667708565,-0.37983620096907295,-0.03134838011625764,-0.11950741857939294
atr72sm,0.24274899684484189,0.4145807678566748,0.062885262572034,0.3281908143171033,0.19744595376314758,0.13280052732421732,-0.16862072045213775,-0.0495197217998575,-0.20609327920979065,-0.00908419726356505,-0.20545032620543696,-0.024718864568691372
august160,0.30080823595031597,0.45807550022963406,0.310101614985467,0.18377408063067324,0.2417542948359515,0.15400923643075762,-0.10424060003887098,-0.028142015748451918,-0.1301920093579612,0.034450852559657824,-0.17898545991870926,-0.01780891950637954
avistar,0.1593971814995782,0.30714558003846026,0.18267089948390522,0.30763982347069607,0.19638836120208297,0.2151849772273989,-0.19035374840263355,-0.04284501838677826,-0.22478310166102175,-0.08792168093650471,-0.07635707006754476,-0.19348191902204517
b29root,0.25092165782155773,0.36976688858514495,0.3365203540404327,0.31469633795846275,0.263661332804477,0.15231048202751823,-0.26190272133001385,-0.2061292733450364,-0.29623072352924673,-0.15756871690492516,-0.28571375974149804,-0.20487674224745717
b29tip,0.12022597357971541,0.2008227784064116,0.18784984261098914,0.14236907951069736,0.13936413871959774,0.022519599033081643,-0.09947909757746771,-0.010109245044021484,-0.11438943004753022,0.012227485892056428,-0.14257235416475175,-0.06316482314882321
b540ols,0.16424466084658093,0.12891697654242446,0.11447922644232547,0.06767381822727399,0.07994491531494936,0.07766886515034505,-0.16424466084658093,-0.12891697654242446,-0.11447922644232547,-0.06767381822727399,-0.07994491531494936,-0.07766886515034505
b707a,0.20579616935573908,0.11116174414265984,0.10900947971647422,0.05526089349201232,0.11795015260009656,0.09886313361271865,-0.17868515512104033,-0.09134688676039687,-0.37773968341518704,0.08885147423324272,-0.25415724437820386,-0.030587009386965833
b707b,0.1873138856156097,0.18478140251455277,0.07972991960850448,0.28794068997089844,0.036355048345694654,0.11953712656969238,-0.12469169736980468,-0.1180504515629969,-0.21053572817231053,-0.13569498879905104,-0.17066385825056096,-0.07860747432333362
b707c,0.1705483128046367,0.10763070544814496,0.28445180539347215,0.05712932445353393,0.24090136759733657,0.07194390067598484,-0.06655962445681096,0.02557061546380534,-0.235011923000665,0.060867459267238855,-0.17963593658618823,0.008242544783721509
b707d,0.13253400442904936,0.19186474006914594,0.11687997431193545,0.2312506714253277,0.1528614864257633,0.11290647325355782,-0.05210583583338061,0.0008697905186602767,-0.148891222246738,-0.007952286757062398,-0.10143882017169614,-0.0025939614831193363
b707e,0.11046336254342169,0.21516774642646463,0.06060218248404764,0.3031093324594986,0.07807727817940079,0.16292321144830033,-0.0826576934824368,0.03755021702925916,-0.2124107769899319,0.03489296338999101,-0.12687904293690924,-0.002541991540195257
b737a,0.43380032562108806,0.05699769020602541,0.38450528677610146,0.047913903914220325,0.2232299489182928,0.08996249514429906,-0.09663483273443849,-0.40148494858965195,0.19798463434254576,-0.49345728591131544,0.09871495974293952,-0.12221540499402575
b737b,0.29815905449607266,0.10261556388323242,0.31267837588390496,0.050849702404294594,0.2032805099919567,0.10125586976086455,-0.08115567784795451,-0.21509678635239685,-0.03561327605470099,-0.19593851884357685,-0.05390405423209771,-0.07265748418103474
b737c,0.1427785155711447,0.1684882304878073,0.16906900199674813,0.1637070479937982,0.12965336211486417,0.13243750921035596,-0.07447115589782739,-0.0194357344419228,-0.22570021743697843,0.031217162257018247,-0.18511025211244012,-0.028727699180103032
b737d,0.14332271951050965,0.20334411703750332,0.11484442629664093,0.2702784834264193,0.1214305231256739,0.13024046596647232,-0.08024854954034626,-0.024911696499422487,-0.18655872974070586,-0.078187586160455,-0.11145861171945662,-0.054241063517461476
bacj,0.1442707400986401,0.07913750438819311,0.20663056979262456,0.08100191011338069,0.2802970961739926,0.19655768057116305,-0.15422163782090825,-0.09234747044357913,-0.11463601010765073,-0.16959947711277096,-0.05860036270851156,0.15120079752379595
bacnlf,0.09265486281876768,0.1386653746081658,0.11783077332483204,0.18240074310870616,0.20133070436498618,0.2501878444298051,-0.0907410021608073,-0.09896340036631723,-0.12592945725898652,-0.16133055342095806,-0.05117311648824953,0.015387749489047605
bacxxx,0.1705724266962026,0.21358577854592375,0.12054408271728577,0.18863786107431785,0.22683122698294528,0.20672562523613844,-0.07995581285118022,-0.07867021019416981,-0.20495309501184977,-0.04475998017253682,-0.13402345764069956,-0.04913957235879249
bambino6,0.40034249153525686,0.24307422234416043,0.11564669603830666,0.8982578238178666,-0.5016300586896715,1.292353214745046,0.10025594013713206,-0.11129280714331583,-0.09774847694035783,0.5342649287791023,-0.8835650918240752,0.9241841548868946
be50,0.24681810924010328,0.17944560563786904,0.24747506834763572,0.17280635028182498,0.2080843581694017,0.239745438515559,0.028441904694726832,-0.06398817651448523,0.13421587914730868,0.022982884144143158,0.0993954454071258,0.12107021656172778
be50sm,0.14217420035677183,0.2716731932822711,0.07666305815076377,0.2745486487559623,0.14275910575472958,0.2165006073808842,-0.08794412457320057,0.047587920035832385,-0.061508254065034296,0.14505964695419918,0.01013105385055515,0.10638940691441545
boe103,0.23801932627156328,0.3044264240651828,0.1634419301980388,0.3663603812955194,0.17477213002930658,0.3048677740498406,-0.11318527193824016,-0.06105971125832946,-0.08079663875018661,-0.03996862586075085,-0.07057544305896303,-0.002415119141631305
boe106,0.20702438947924015,0.2896840729326589,0.2243751417138003,0.2745795271688386,0.24987566500835204,0.19468441710427462,-0.12230932051143721,-0.07332308831803537,-0.08151223214514408,-0.06636228081759654,-0.08715939296376844,-0.038727433519753225
bqm34,0.13891244047485093,0.11405804939032244,0.15217556448949376,0.09564088381796924,0.1341794967928484,0.04980374278934822,-0.13891244047485093,-0.11405804939032244,-0.15217556448949376,-0.09564088381796924,-0.1341794967928484,-0.04980374278934822
bw050209,0.1255719562311339,0.21924248479647607,0.1594797972887443,0.1375035865938963,0.09728841973022227,0.05244691810943157,-0.06664298811551458,-0.07023530224947608,-0.05161075489740162,-0.06998894541904685,-0.12290652581523191,-0.13820150788764746
bw3,0.1539037502799372,0.22997586352514243,0.07564509611646068,0.4721509623204816,-0.08989640735943526,0.5379819693870448,-0.12585859866215218,0.1952845207399664,0.08702269707071844,0.041545636442052405,0.26549574572779405,-0.07429592786879538
c141a,0.1925979843383678,0.12985741985812554,0.2546135114274286,0.1350082746541262,0.3189402023132809,0.2267957669324986,-0.15913043749001232,-0.11708438119012565,-0.15626418230712338,-0.15336235172732754,-0.14366793263663552,-0.13238799540637605
c141b,0.18701030051724365,0.1317879800470359,0.2441232908804134,0.1405329098597226,0.3056731666201324,0.2236418165063322,-0.15595507106089712,-0.10879690656430963,-0.15626219040495287,-0.13864954808469027,-0.1434295220972451,-0.12580385923122406
c141c,0.1606913913609675,0.13675121862371428,0.20218878131934487,0.15853477051943043,0.2556681090127526,0.20617891801725158,-0.13722024186775186,-0.0729446661829578,-0.1406760701862672,-0.0910554492960019,-0.1293686785700293,-0.09722995167864718
c141d,0.17794655187871777,0.1263074465127137,0.2162389187330071,0.1592588537268832,0.25121568406215605,0.2279617969670826,-0.1470479892537635,-0.034580732449289345,-0.1687783538587704,-0.049508274399961756,-0.13486277993112994,-0.0830198015607392
c141e,0.19044734253630066,0.12457613749727009,0.22323489414824804,0.16238922817069865,0.2509960097970335,0.24471834352611146,-0.15132594771862737,-0.008774459625080694,-0.17217852306139475,-0.03185141759128325,-0.12165251494522508,-0.07349901690953592
c141f,0.20794859879471284,0.1389874054064581,0.21243065630466185,0.18620338749807486,0.24777928845628683,0.270539471354397,-0.17303800362222949,0.07740517214592248,-0.2321903080937274,0.05632236314771213,-0.13056160212329257,-0.040271194221572576
c5a,0.14339152137268546,0.15032858063747015,0.17089495854623857,0.18969231997733854,0.20294424486585533,0.281057226995695,-0.15288902929706244,-0.13570432589856918,-0.20534485942955558,-0.16383995694921769,-0.18628013655174347,-0.06897418598792995
c5b,0.14261923048849498,0.15560071552523852,0.1713372795851482,0.18758229854994035,0.2366808479171764,0.2659479267339761,-0.15422584894969565,-0.07903687826923314,-0.17122333335187634,-0.10105611398008722,-0.14020677254673505,-0.0675882381902277
c5c,0.14304385260008717,0.15337782860646526,0.18309085516375315,0.16899102543723543,0.2647602178553987,0.24934246035154903,-0.15412013164129812,-0.06457354389431869,-0.1586444159955183,-0.08529373237857643,-0.12548758411856792,-0.0698385853260474
c5d,0.14822432101064506,0.15043845394693328,0.18374115356569024,0.1784192171236018,0.2379249934640839,0.2454700324889549,-0.15914353152774988,-0.04688318624357016,-0.17120078956708232,-0.07858741127630238,-0.12830452608038617,-0.05697561032445861
c5e,0.1762028174427102,0.12028418236584915,0.2258754024562205,0.16573244053233105,0.1630842356097009,0.15458076860143255,-0.18621619754068575,0.047992707676018834,-0.23613294230218376,-0.047338973510110995,-0.13710529748929362,0.010625522536482978
cap21c,0.2744641721405816,0.3285482248498614,-0.044311880805863346,0.282586417637251,0.03894812860514315,0.10205740986623643,-0.24797606407899492,-0.2815945868083969,0.06346326119882803,-0.265642972221278,-0.016881793930294303,-0.08546426237197212
cast102,0.16062267691824267,0.1983124454800434,0.1170879792806133,0.26296961709255434,0.2484485931501577,0.25625216698451136,-0.10349770313446513,-0.06647118988393025,-0.15997416610474813,-0.18787701505717225,-0.056895491565925306,-0.07249263878526911
ch10sm,0.21752629523209446,0.4968738540287515,0.2862314052638099,0.6256752321018234,0.39050881581385877,0.5035456135184502,-0.10932220591642339,0.1555983292575793,-0.052053753398881714,0.311026835246625,0.10227078311390633,0.3824230770507627
chen,0.2459945178721158,0.5818395405278528,0.2155664473044197,0.17256727930569188,0.17507573899594803,0.21957434735284267,-0.16829798240401192,0.30971059087997005,-0.17517761453595082,0.06551709815286745,-0.06783045822534392,-0.15634255155908341
clarkk,0.15036845951619465,0.33559545662831275,0.09389371748514244,0.3640585454363999,0.1754748457230822,0.23783363241107222,-0.13171526972970907,-0.0785463563159841,-0.042993100040984174,-0.05406824069614556,-0.049561458192962995,-0.01858956422607281
clarkv,0.16705555619015774,0.29527929219538784,0.13065980970266997,0.3560709485226371,0.21179030100687693,0.33859375167954425,-0.11862470278371706,-0.057131805908159444,-0.0890964510733526,-0.002523664198830813,-0.08735413272484081,0.007983496549719683
clarkw,0.17972921381192622,0.3016689894444677,0.14787044929938484,0.31717589911609073,0.21375356762157935,0.2594452577847582,-0.13313520768717532,-0.07174595216278452,-0.016026770388233042,0.012074331955976247,-0.11560373118772908,-0.0030148425766703883
clarkx,0.15611410504621792,0.325014861067988,0.10545769655890772,0.3648889577451422,0.16985048803300246,0.2589033544424879,-0.14271325034086413,-0.05721850398744294,-0.07461181514253137,-0.016711001938477868,-0.07855777534516209,0.005310272168907063
clarky,0.17124882245932582,0.3248317412090043,0.12950707389317326,0.3350443071377695,0.20034946140908488,0.23609882100858173,-0.1542722576664938,-0.012670278928362852,-0.12591893107870009,0.03222792144465625,-0.0982265599536639,0.00367260757450578
clarkyh,0.4869250713676073,0.08586409556875152,0.4607777575543214,0.3470396451409118,-0.011566478122763629,0.6752369678871076,0.21915972680234924,-0.3908845393726833,0.402413865240329,-0.1295998482029564,-0.22560475073257036,0.4230738864132487
clarkys,0.16887498735034953,0.3244096760303056,0.047969268649316096,0.38409568456915444,0.01839170199290735,0.045541902034766435,-0.13551499555706928,-0.04689417648573249,-0.16378813898224737,0.05978983552809311,-0.29808203541787126,-0.15033306454584713
clarkysm,0.19805306988017493,0.28150081491539886,0.20389548095066115,0.2651222952522834,0.25388038646526534,0.2216309293526326,-0.1341352982559677,-0.03331763691826274,-0.09067520508617921,0.006020003782336327,-0.07935609019582762,-0.0006496030079174056
clarkz,0.20701585613624188,0.3200126691464046,0.16600168125595693,0.3417104435477407,0.2055637688738612,0.2635297817413732,-0.14352809088373952,0.020513099270298173,-0.11624333972343065,0.04496473936171645,-0.08984176740009192,0.0262412852365351
clarym15,0.22577860136349476,0.3819305199271437,0.14524202653498797,0.41214815810647154,0.2162574420435464,0.28962323213461355,-0.16616358785878035,-0.11074919398324995,-0.07670170195301124,-0.0922004467891856,-0.0811288136900168,-0.058422236808832
clarym18,0.26783611092708337,0.42876251736790605,0.1680184103282514,0.46657505813925787,0.23876961666973295,0.33372192910563203,-0.20216464272245893,-0.1659426909213782,-0.08967570319879559,-0.15558062282643134,-0.1006885753651854,-0.10280353513558735
coanda1,0.21696383867676275,0.18801393462683053,0.08953568761617811,0.36205845540784964,-0.052621112009372015,0.4741743032500073,0.02720681619036444,0.0215890003869725,0.024915240962531195,0.12713794563696465,-0.09510786088422614,0.1260940960097533
coanda2,0.2432843463400124,0.16068199007384643,0.18031378220087055,0.22028200031172512,0.0872451197688917,0.36549445242236883,0.04765183912914262,-0.05501309079729533,0.18115662114860545,-0.09506151660343568,0.1143980447123985,0.0325259342783034
coanda3,0.2510410531447512,0.16564204640054958,0.1795815209058403,0.2860555924622524,0.09684265912576236,0.4061226178028446,0.05943777293563109,-0.09707907721276514,0.1462093071245907,0.00011259843884952984,-0.08163169051430684,0.1287444706154151
cootie,0.2492837106563472,0.27136570743004657,0.25237282236689845,0.32596830934993515,0.19473478029173524,0.34005762067970413,0.0068613114333584135,0.031498625022576526,0.10845659856311056,0.04244581059119479,0.0324018455849419,0.0778841240507245
cr001sm,0.14362221071711676,0.23092431437942385,0.1467916544665329,0.23817835464951764,0.19472441990427636,0.22872221766230838,-0.07252803921295078,0.03533184375701161,-0.045879976415951325,0.1103440879377306,0.014736135024105897,0.13051949010092043
cr1,0.19438175770933974,0.40527560257583906,0.08463642948623776,0.47338741681426166,0.1832863708728714,0.25645035438819846,-0.1835661823796813,-0.0032886598074722724,-0.026116760798267878,-0.010395725835245048,-0.0208814908807273,-0.052373806971061754
curtisc72,0.48344012101475653,0.02450665343639663,0.6718454910055869,-0.058657958212398394,0.501249571806368,0.19375963357395953,0.17535721235829002,-0.3322121772119173,0.4232890356091521,-0.34716154245745456,0.27246679682708486,-0.013234359628986943
dae11,0.215977229029848,0.38990398168619245,0.23002765409463635,0.5378836342981143,0.18704552079321107,0.16353103980164563,-0.1095224887224693,0.06279107914324913,-0.10318467735084155,0.16054017433920179,-0.02934041234108845,0.1471033234534872
dae21,0.22282492696517228,0.3598010714436034,0.24294588591519556,0.4544478212643204,0.2646437558763403,0.13742894686396567,-0.11987673039345141,0.09883497606593807,-0.1200484066562642,0.2035782629767389,-0.02430526304222343,0.16306985907047053
dae31,0.21981568426719242,0.36073892879206654,0.22926604464129305,0.4081100302441625,0.3633883143265019,0.16865221303390893,-0.132297974781307,0.1258407165222543,-0.12551284084074887,0.2432950160142212,-0.01853277956450954,0.18230703418034921
dae41,0.19863746717681255,0.23834709562206063,0.2285959315441599,0.22059598161350696,0.251652933943796,0.07489811900024758,-0.1296647838355138,-0.03600118396400677,-0.14103563252930934,0.0367965859326823,-0.11660596515869175,0.065197275239012
dae51,0.15328329189816214,0.262136628671789,0.1715810734667694,0.28139328100980804,0.22331861700402406,0.17438903693471458,-0.09634948509389257,0.015304819557694502,-0.07471766726806131,0.06604485022361956,-0.008328276240208722,0.08390918227890205
dai1238,0.2127308955666591,0.34129498286102933,0.21470965685130497,0.37867059787716095,0.32789902722169395,0.13814855652558755,-0.13213155291938852,0.027616462158227974,-0.1134582655064579,0.10525322334851236,-0.021886426526511838,0.16923659472088848
dai1335,0.2459648896516454,0.3513814323590835,0.31980282411279737,0.43136219833876277,0.19261597638831174,0.15595942132578855,-0.14444986766572035,0.031259305063626175,-0.13229767346979787,0.11186421713613119,-0.04224992049822701,0.12622872582818548
dai1336,0.2417084207475536,0.35007628305033367,0.27247618382800964,0.4299677638177253,0.23435721617287222,0.14413617641034138,-0.14571516078034688,0.033032738753098034,-0.13517899889299606,0.11434160336809834,-0.043950535108102436,0.12672048441671996
davis,0.14618009579962377,0.3359645806269468,0.1297918694586107,0.31605311485424054,0.22880753329360465,0.23981958329843647,-0.09235955112740682,-0.10385534996763725,0.005059455483817817,-0.03659941361106262,-0.04384945178101682,0.022176953332214505
davis_corrected,0.2347796178324342,0.2842275318461967,0.339711431235857,0.12835418322021977,0.2511600965786913,0.08570598912511418,-0.16527091726639564,-0.14319506351942948,-0.14276295591470267,-0.10388661065818597,-0.15525223980875769,-0.0753915804321251
davissm,0.11747834812638434,0.276273445025201,0.11714997611635175,0.41275096655060745,0.09499904277184443,0.4346409795359684,-0.07063814196152308,0.1323636254369313,0.04448203409943702,0.07442047301532836,0.2256935030538203,-0.03399764053117787
daytonwright6,0.451229831487196,0.24490083999464168,0.502512102815525,0.23328559692622716,0.3303413959663438,0.44158409630044887,0.11580488762112323,-0.2566823687725992,0.37504758325751497,-0.26253440424082425,0.08218371506367851,0.05422508726682337
daytonwrightt1,0.5365374742017359,0.09579499746403286,0.6580504468320669,0.10760860902701276,0.4395336040634533,0.4213046499984975,0.18432102468020076,-0.39766908625071384,0.5384650293771058,-0.3486606474451299,0.11109131136470164,0.050773025170819656
dbln526,0.2668007359040427,0.5237635056774655,-0.003609639903942863,1.2273646576731323,-0.2698586702693136,1.7539195070594467,-0.16389233620365726,-0.2925685543254394,0.07244798801073046,-0.7737958137354732,0.2894915489792773,-1.0618212274442385
defcnd1,0.2827394074744958,0.4836995480996441,0.3419632425282303,0.3923980188107561,0.19826287589852973,0.2387862087226618,-0.2290336740818887,-0.1296260298517366,-0.22087807113207364,0.0035857715243937764,-0.17850928582694617,-0.026600803712011994
defcnd2,0.18571116594386908,0.4190178309916234,0.1738462394942616,0.3503288808541361,0.24664620595904105,0.18545870033678857,-0.12164933918743982,-0.060659016046712075,-0.11810059941302332,-0.07509922952031746,-0.11252446400397109,-0.02813916206605964
defcnd3,0.24383738716711034,0.1990669449845942,0.23489676386053704,0.14776770362589206,0.18176852626010573,0.18976805975186603,-0.10360069247924915,-0.062206667143138925,-0.13422558921887595,-0.016828477119441604,-0.09142259594390272,-0.00939693258414594
df101,0.16665048596523194,0.24640325099679733,0.14581303494882353,0.2222859889569065,0.21437208788166395,0.12266603150287328,-0.11096036181934293,-0.12670302986206325,-0.046036509998237204,-0.05358801482832786,-0.08574728963069332,-0.004525175965146471
df102,0.20076584815902618,0.21594515870599923,0.1638915687629528,0.21613078016786652,0.21492601127161862,0.12184108637625721,-0.11046860048424255,-0.1279745191391035,-0.04389002186373378,-0.05656810048106875,-0.0831733906243862,-0.0070650110468377485
dfvlrr4,0.21042008077117033,0.14238321427315953,0.20678998201266974,0.21963931889974733,0.2538058062740251,0.2946827155944502,-0.12421173585836415,-0.16554160598909767,-0.10773940653681537,-0.2538123081654748,-0.07785410956982551,0.20173652590871718
dga1138,0.2799261590689555,0.08100122697348205,0.2594885933490487,0.23929566278001507,0.06493651305342503,0.4358856089884752,0.08321802108164802,-0.1875185140895433,0.30395801743753575,-0.20985515652742506,0.09203143324499391,0.023015954614620207
dga1182,0.128415688291581,0.02575469531346547,0.23109066980181908,0.01787814109701409,0.14285562316192485,0.11736169875087808,-0.05383557785939899,-0.0312644225079821,-0.20162363410415768,0.1320498001640697,-0.23054573113995255,0.04178116559480253
dh4009sm,0.08246390343030117,0.11984008620972156,0.07014355595343479,0.21698874432836174,0.02957027769606323,0.18335123812117166,-0.06667756535345051,-0.08872968098407236,-0.1326408885819634,-0.1371725458876692,-0.1296529852221139,-0.06629512788153588
doa5,0.22497960095334452,0.26887610831076864,0.1865106119247632,0.3547700565304429,0.2746035802540027,0.3656262445662964,-0.14802805198999316,-0.1227524301295366,-0.1499158910275601,-0.29556104923417886,-0.03965645914489684,0.13652645640627956
dormoy,0.31152506644853695,0.12627061623746877,0.3831556438710576,0.07014803725685496,0.3037761959483891,0.13781281861426922,0.17274719540557248,-0.30149048013207247,0.39967322797041027,-0.3515912308702871,0.19918388300010342,-0.04196816309440159
drgnfly,0.23045935607742885,0.44168860894001116,0.4135337147765253,0.5753872072751157,0.16114955229669206,0.2993117570339128,-0.1445035808133149,-0.007467711375482258,-0.18196976217252492,0.017928934794169817,-0.10311867548892743,-0.04140261752944308
dsma523a,0.2011406380862498,0.04888306568493064,0.23775530645136367,0.0626703676821727,0.22483638334642816,0.3090171155130995,-0.19262249610342178,-0.10314234859805563,-0.11566109843586964,-0.2689885944672465,-0.057751383654930516,0.36028030310064796
dsma523b,0.2011406380862498,0.04888306568493064,0.23775530645136367,0.0626703676821727,0.22483638334642816,0.3090171155130995,-0.18369627329877594,-0.14984592242728018,0.014997404797795072,-0.5026760659049923,0.24222842131768282,0.04406970391478348
du84132v,0.20758254353412425,0.2786886329560341,0.22879892779767966,0.27588928762414233,0.2686657740858478,0.26247563261619544,-0.12475137439232592,-0.1268612195399478,-0.01989051149640402,-0.20170287397647574,-0.03083754457885054,0.17503499035238101
du8608418,0.11423234454890455,0.17586857072071013,0.05593936838846937,0.21897833067298483,0.1824119894809451,-0.014013049159923935,-0.08938935907446653,-0.06051638097270501,-0.156761401570029,0.08968682209471028,-0.3096262519983655,0.07344453354389344
du861372,0.13733527598064826,0.20901153429306168,0.06386785175255871,0.3716751362004882,0.05010197506628629,0.09706308519918022,-0.11095206857620311,-0.2212823559339348,-0.09778743959970275,-0.26029463537691133,-0.20440533473842812,0.0012982796017553856
e1098,0.19926485839308086,0.3831884815587293,0.19961653734982224,0.588941171647669,0.1594311486463093,0.31201783170155867,-0.12953945589538182,-0.13572832847000849,-0.24879290205905652,-0.09797066409654272,-0.07844173834260984,0.13969561161737132
e1200,0.24123798368308327,0.36277820214192374,0.16902001806746736,0.5140101066478738,0.23331269370685292,0.2845337270133025,-0.1405830621033752,-0.12322962241589355,-0.1271439975899166,-0.17170348577599437,-0.0973630929369751,0.15057416873763024
e1210,0.30627568965587726,0.46517679466637596,0.19591173701854095,0.36806063461438865,0.1750967809425358,0.23830979744560188,-0.19988773230755982,-0.019068952181417083,-0.09449432555491019,0.04900444253469196,-0.05320131073618443,0.10216132921003285
e1211,0.30375958895840777,0.47892558969610177,0.17999378240579067,0.39638032426936953,0.16538597496514046,0.2666104603437531,-0.20924875329679335,-0.19075567927492915,0.005031873256550273,-0.08422772859994013,-0.014604837275221723,0.09206097453791727
e1212,0.28680374180416673,0.43312737349972363,0.1618264212510394,0.33664816597911384,0.14450219730463443,0.18768428945927695,-0.20654016138917825,-0.23024384489035488,-0.01659655615147905,-0.12484431103786481,-0.04573127420537622,0.021233721876211056
e1212mod,0.22053879626790518,0.47356437829940345,0.09005122061295681,0.3650850229097699,0.09465454495872809,0.1530174782594548,-0.30972271752812414,-0.10289357866943452,-0.21443013950952977,0.025257355860596593,-0.16439927960184209,0.002291824637426104
e1213,0.2686331971911082,0.4017512745134361,0.12259875682858468,0.30270551411086044,0.1080765271478759,0.1186154666620835,-0.19672546936084304,-0.27647188184000987,-0.022242173949663727,-0.1806149874153072,-0.06474346188058348,-0.05561411215165211
e1214,0.2808568528834889,0.46351435721878287,0.14508020826688156,0.33705080462991127,0.13113745099211863,0.15949001570746268,-0.19558695491360795,-0.28894970331191727,-0.1257881294755288,-0.13061234774810707,-0.13443291508142688,-0.06229500471253433
e1230,0.26221870950203,0.447945162314455,0.19499522676888917,0.3664015480364633,0.18662313592726903,0.3391749633059946,-0.15781328156452729,-0.1014081618233231,-0.1560495126967038,-0.16468331772794637,-0.02391356333943985,-0.0776549150368922
e1233,0.28000948955100025,0.48391513134407727,0.23890882553643128,0.42163166587062256,0.21876791997682749,0.43705892123765144,-0.1557898739896777,-0.10961603724325411,-0.1449705823027969,-0.1456562354813865,-0.1365536117593858,0.17840703855182677
e168,0.14950550899432405,0.22244701622306345,0.10463943500756313,0.14777802784132402,0.09135128983343307,0.05739604985944802,-0.14950550899432405,-0.22244701622306345,-0.10463943500756313,-0.14777802784132402,-0.09135128983343307,-0.05739604985944802
e169,0.16518710175776882,0.2550577270308839,0.13574125309542162,0.15432009677971767,0.10831171476900583,0.05892715520861861,-0.16518710175776882,-0.2550577270308839,-0.13574125309542162,-0.15432009677971767,-0.10831171476900583,-0.05892715520861861
e171,0.1263958288856564,0.17692944237948682,0.1524584372267225,0.17171958156042366,0.10482946034783985,0.06959098240159686,-0.1263958288856564,-0.17692944237948682,-0.1524584372267225,-0.17171958156042366,-0.10482946034783985,-0.06959098240159686
e174,0.14519047298505205,0.23656337488442158,0.21092187955379507,0.22105668779815482,0.18036302749234345,0.12212599294224992,-0.07896196067197145,-0.0002533565349217993,-0.05108546848477183,0.06489683909478819,-0.0394658380943569,0.10660860745064732
e176,0.13838663850922608,0.22071729798446466,0.19840977642936836,0.20329573990546915,0.16470791014432404,0.08195318695716099,-0.08204016904569554,-0.01444628643037995,-0.05761672625801907,0.041178177021577535,-0.04953957613809689,0.0678858339735803
e178,0.1314213679198332,0.20475642564977997,0.18465699172369873,0.18417272916952923,0.14892030915926396,0.040818088328990164,-0.08286223712391283,-0.031087913920069696,-0.05969529406367435,0.014127987385952532,-0.05663151541672152,0.029169920633073665
e180,0.12382028249293892,0.18877988305842686,0.17011388009423947,0.16569675280803747,0.13282741006018023,0.0019079032251662622,-0.0852867061775843,-0.04864141536522909,-0.06246413936916373,-0.014877060454841873,-0.0637388705537093,-0.012503141848925746
e182,0.11986187925891119,0.16796996699726247,0.1631595281638945,0.14081837262286545,0.12069135040361192,-0.039361190155965106,-0.0873398488663804,-0.06516797849875106,-0.06432426457114737,-0.04275906488150414,-0.07006974802588439,-0.05226679663101816
e184,0.11352771189644766,0.1512419226674361,0.1494361248958032,0.12145466572091018,0.1046286978928432,-0.0792583149310022,-0.08977725873364113,-0.07956333010019499,-0.06912355241892107,-0.06761716205061505,-0.07782343364721445,-0.09141349613677935
e186,0.13374081584014658,0.1889327208200703,0.2044751200852803,0.07574175173268521,0.13021071058816425,-0.08177610068874004,-0.09917760064518993,-0.11029188255222586,-0.0754182721179566,-0.12038564610996282,-0.08539141178608084,-0.1755638124338364
e193,0.15202683179189738,0.24529998741489323,0.22265791998196324,0.23225733776896593,0.19170145651910117,0.1598820550066958,-0.0936267183310247,-0.03411056301144333,-0.06396308155629138,0.029748040065793548,-0.058395841900592944,0.05529382918852922
e195,0.15826367979013434,0.25691100604325967,0.2323467138770478,0.24747820777553,0.19495473826535306,0.1580317403718368,-0.10764252317850118,-0.07079522833828049,-0.09998011512271177,0.004392063901172832,-0.0821146206039858,0.03880473482252427
e197,0.16505075363145907,0.2684469197394849,0.2435224041337414,0.26190733386669335,0.19776133617764985,0.1551636627743765,-0.12206765301314895,-0.1080650148796437,-0.1388935310916326,-0.01997239345964286,-0.10705197623782088,0.02189756223939574
e201,0.15674341024100577,0.25376222421015293,0.2276349239976789,0.24458151793002292,0.19846425437106174,0.18420614049949105,-0.10975032835593189,-0.07615971599362487,-0.11130013790751254,0.01349796408010992,-0.08285101451848403,0.0655633162869666
e203,0.16196466636265033,0.26238945604666547,0.23352744422275992,0.256826532587789,0.20602939270371862,0.20946115033890247,-0.12724070906084373,-0.12099187788284904,-0.1646160874344645,0.0030151478027535435,-0.10843372781825673,0.07955070806986317
e205,0.15605455177275185,0.24670518880466114,0.2231136333207772,0.17156797509560523,0.1863587984883903,0.11534013712820372,-0.09810714308427161,-0.04643436469565722,-0.07665353743818315,0.000981967713234921,-0.07713580444490155,-0.005801803859781124
e207,0.16055214364853995,0.2543195000928631,0.22798861221994388,0.18270824203825076,0.19310012005039734,0.13774375932111274,-0.11301877139938428,-0.08586494526200195,-0.1217786896690559,-0.01702447620901853,-0.10055994315783634,0.0050284297588050805
e209,0.16477611849793106,0.2628456491284312,0.2325559591894641,0.19463460127347482,0.20040071971756712,0.16155191231961824,-0.1290282382765087,-0.1291869956014293,-0.1717461749187458,-0.032077879277261925,-0.12471056219190114,0.0174582743072901
e210,0.18766776680924924,0.3230880684519481,0.25661012671769223,0.2833593187108118,0.24298140057109266,0.32493897583568004,-0.11990046798955982,-0.05806170898276404,-0.15089915668770326,0.061199577720482935,-0.07148558745183334,0.17048324688704844
e211,0.1459066088731994,0.2300244378055436,0.1802610588355547,0.23039926163254956,0.18631305857121477,0.2796507526526584,-0.1066145020855015,-0.07209252997039967,-0.1142349850474994,-0.025625317797154577,-0.05329667745947457,0.1409514688457608
e212,0.14940288006902328,0.24247991405152425,0.14200765396613269,0.26007370630126936,0.17854633874999096,0.2805194997906358,-0.11245280137963934,-0.0948192089842058,-0.08185009926807907,0.024107870077778464,-0.0740792509870408,0.21191815890538837
e214,0.16408644967467534,0.27969603735538784,0.19830331479459715,0.2945978766941331,0.2336938518424121,0.32052860962418817,-0.10006414624342629,-0.021068644157647594,-0.11169695289547459,0.0604598571916445,-0.03529443350361421,0.2066334420301236
e216,0.1705223585215109,0.3047137552576373,0.16153814629948124,0.37306931198054033,0.2049899984566305,0.45699186672468667,-0.10051896354553887,-0.019947552917153746,-0.06360267463805572,0.14243870051701707,-0.03639957326414289,0.37798465442125917
e220,0.15166262331706246,0.24748791367726464,0.17112755264136228,0.28804494815208176,0.13065664483059042,0.04016747057854052,-0.09935212723153283,-0.0847270150780404,-0.08748539282477186,-0.06287551748936351,-0.10221162838886927,-0.11373968040545074
e221,0.14092834698176268,0.2177635434342468,0.13609342977220812,0.16101837014721843,0.12385585920188989,0.031185938538982074,-0.0939955408614396,-0.06991251689003047,-0.07985607375450277,-0.039599996792114074,-0.09085340669018743,-0.06743146996176756
e222,0.14516492209745707,0.2326938750309806,0.14358488500056293,0.23130376073286857,0.18378503736072827,0.2073079516420479,-0.10306322930847213,-0.08202080713684329,-0.08576839332372109,0.00785204183787793,-0.09281942733600386,0.1347739501521535
e224,0.1377680313645852,0.21280042793527576,0.13547751679060738,0.19102851010925917,0.17634930461524478,0.13399308344951144,-0.10622379695013741,-0.10722911468657759,-0.08868244779600143,-0.03429179560583179,-0.10260704597294304,0.06624373978839586
e226,0.13375591495257036,0.18808596299598995,0.1333194553053561,0.14624567321126208,0.16968795989947416,0.06344260126154988,-0.11171728739881241,-0.13221918635572777,-0.09126728940065305,-0.07913408929157978,-0.11023058604022927,-0.007093245355020285
e228,0.1267675873029935,0.16633848397663292,0.12358182204887672,0.10554548380577622,0.1578962965722736,-0.007846829829379232,-0.11595315412764853,-0.15341128708954296,-0.0943372216050123,-0.11904675693882827,-0.11757057742823868,-0.07684007535179942
e230,0.11954445654860035,0.14231499830892128,0.11303835210603819,0.06307359812145308,0.14272475978033103,-0.07943177733793243,-0.12210842161586488,-0.17506810401413764,-0.09935345132790034,-0.160507112482991,-0.12471214113840584,-0.15141304304147013
e231,0.1641001539101356,0.257416657622493,0.16286462341221752,0.2840268455806355,0.2957491670427101,0.09434768501964447,-0.08950203360839121,-0.07933020574889846,-0.13987388519714308,0.0024377087732786185,-0.26367192747833496,-0.0028196363184270316
e266,0.1892886074819895,0.33035500323932065,0.26045780316669515,0.4537596174282491,0.14837605447837665,0.2706673625488452,-0.11183451053246209,-0.1379602754113487,-0.11983833222566058,-0.14804616429596062,-0.30307838017145505,0.11439804082845324
e297,0.11313835432235402,0.17391650694309346,0.10581357184537407,0.18510702482462668,0.1872320455857925,0.006986658153971601,-0.11313835432235417,-0.17391650694309324,-0.10581357184537431,-0.18510702482462654,-0.18723204558579246,-0.006986658153971576
e325,0.1814926372094925,0.2828655215084118,0.1391657334717979,0.1578616537057695,0.10862385071424883,0.04345480701314896,-0.09775394486286601,-0.09411162841863296,-0.1887444379307511,-0.06050924579222104,-0.3812676700396678,-0.08424383452328425
e326,0.18889927896429823,0.30116293143562856,0.15534872953199808,0.1818627372039021,0.12372641390334772,0.08163991303625556,-0.0981324620248697,-0.07292271873497416,-0.19299607373321423,-0.03145515855362302,-0.3739935590851032,-0.04014442417446535
e327,0.19744006926850843,0.31694709414083583,0.17437568211328391,0.20350923158461198,0.13992270239509258,0.1200993022386029,-0.09795283578511911,-0.05436417390697931,-0.19230110889621432,-0.0070036453524439934,-0.3641275076146442,0.002316037840419744
e328,0.20608001230986023,0.3324724902665052,0.19283231767032916,0.22579324949587015,0.15541369589319515,0.15897161293248846,-0.09777126201937827,-0.03534391080976115,-0.1924488451995679,0.017785795504223382,-0.3533064108233416,0.04403642690986762
e329,0.2175698249172994,0.3450378481939051,0.2162945080119671,0.24509769803273265,0.1730265333509701,0.19806522621190892,-0.09344269571825305,-0.019793284667262614,-0.18456083000586174,0.035977405703353914,-0.3354697446022551,0.08338265917662077
e330,0.17520102302102017,0.27728835636974625,0.1311970778905877,0.1455707401072087,0.10200255434390357,0.015136200673800294,-0.08757444457828238,-0.039397686401025034,-0.18622030004714454,0.006471197794489073,-0.29298388515708723,-0.13797598074808468
e331,0.18355897443949262,0.29401820053721556,0.1507676030448584,0.16729812351156068,0.11924814896161648,0.05383099444985921,-0.08686056796164576,-0.02199727258282151,-0.18608875784398712,0.03600326856604337,-0.29027579621694,-0.09326255076155054
e332,0.1918859945039569,0.3110870997639566,0.16850819077182097,0.19140737603431296,0.13481923529920364,0.09421676069761634,-0.08795502688967047,-0.0005031085454186845,-0.19266046394170547,0.07002202820382933,-0.2900425580900971,-0.04921137680862032
e333,0.20323490903021635,0.32477597424930466,0.19224036347369058,0.21065572965786006,0.15361211967483826,0.13317189921552597,-0.08424742089534859,0.017318413944771634,-0.19124622133119903,0.09914782777853309,-0.2847960813331653,-0.00514067196363517
e334,0.21195185808938694,0.3389400740887306,0.2117950456097887,0.23187542731250116,0.16936228922938962,0.17108947055767487,-0.08337908839991184,0.03876963940795881,-0.1949137202946651,0.13291484994530905,-0.2816319588761106,0.040753354538974156
e335,0.1917370939516278,0.3111757393472178,0.1533266990858997,0.1669736216557226,0.1175914190365569,0.04697474274997284,-0.09917529671961496,-0.04829936118610534,-0.22107533387694644,0.02499700502435133,-0.3673602606325009,-0.13082959489930052
e336,0.19993796332953814,0.3291684306403119,0.16834861440371005,0.19401327484082936,0.1310050052268692,0.08670799067712832,-0.09992354974577684,-0.027213975363925003,-0.2269910160349809,0.05857682232056696,-0.3676195514509595,-0.08463858077760213
e337,0.2105937866464485,0.34147420363136555,0.1961619659783906,0.2079511629952315,0.15268898279041734,0.12410176783731272,-0.09916138923994565,-0.007994998613894619,-0.22965725658100272,0.08919716545953299,-0.3651596821343395,-0.039932129630109475
e338,0.2198836077476266,0.356668756466781,0.21639765865822053,0.2296580525829393,0.16896634583036413,0.16232378023786398,-0.09669613908720769,0.011114467901465211,-0.23014087436665068,0.11956969206742073,-0.36092183913207787,0.006069078238693411
e339,0.22906161125520327,0.3700116107172275,0.23703436462438304,0.25111457013014554,0.18445359224380634,0.20188198681561897,-0.09838498993772417,0.033221284167462464,-0.23713753115273012,0.15377100977642016,-0.35971931730052736,0.05093205006697675
e340,0.20638178789487163,0.3407222793998334,0.17062173817947016,0.17955188168035047,0.12915061392939622,0.06156228094668948,-0.1087233640501356,-0.048400289689804865,-0.2484257126696282,0.042637817380328416,-0.4129841236772314,-0.12395239401588616
e341,0.2163273986982,0.35498677766275005,0.1939708766308322,0.19818022211855968,0.1476947942808372,0.09893470623089988,-0.10850430724333775,-0.029349699330788737,-0.25111855017210627,0.07245267544510174,-0.41064356743737257,-0.07857412060692334
e342,0.22717274792607242,0.3682446614488808,0.2184548247577132,0.21694533371188307,0.16628605688022555,0.13767239024453687,-0.10767035610784839,-0.010808710301415836,-0.25286957176629565,0.10144073592451712,-0.4072571072736428,-0.034224614701465296
e343,0.23640549886464166,0.3819693180726009,0.2402583390148348,0.237022269413594,0.18286937655976304,0.1751659972093101,-0.10667701522248274,0.006193714289655525,-0.24590701070984597,0.11492321490680718,-0.3834215061598783,-0.00394995317181291
e344,0.24501966518476773,0.39680423106189855,0.25950451449722023,0.260145797911274,0.19735338255199986,0.21498356093572232,-0.10812950931042321,0.029506963133672855,-0.25987180261228815,0.16313019105134605,-0.4004163112849492,0.05564934318900536
e360,0.20312048897087223,0.1790903952264145,0.22925537915456995,0.1695681279207008,0.15825268005396964,0.11044307110993964,-0.1099701072871099,-0.0975636478254227,-0.1412495447694147,-0.10139008994628972,-0.20719049465711464,-0.0276878531749883
e361,0.20418946366568747,0.17835904002639819,0.23886059185444014,0.16068340436804385,0.15880762567860687,0.08054725120036543,-0.10929844111907222,-0.09242506997210401,-0.1370509541612563,-0.0992551697212676,-0.1865534160602213,-0.052865134951075005
e374,0.13464302431949005,0.22474003267888343,0.17841179277815217,0.24075844258955342,0.15275091023039838,0.13825135767564983,-0.09653657678774447,-0.08332538050182436,-0.08377872516174806,-0.06065585357416838,-0.12605855448061232,-0.033380661986540175
e376,0.169340001218467,0.2803906215585473,0.2542470898842687,0.17523175094536492,0.21333699425922867,0.08728581693960905,-0.02284778058581821,0.460763713315807,0.05575903548598432,0.32209034367584694,0.11897952029848681,0.14810451275187103
e377,0.17549880371478518,0.28694031522044866,0.2569115334907869,0.1846768034214079,0.21628292682331593,0.09959234224373668,-0.05045057299412042,0.30075130621379303,0.20198436799767394,0.24362014990947745,0.18648774481816294,0.13701858026286207
e377m,0.17549151591379114,0.2869769997973377,0.25681530951718634,0.1848298463730443,0.21612718671607978,0.09969421397670138,-0.09264199785695795,0.5103915145273796,0.08496603609917114,0.2586740017222908,0.16832987813747938,0.09605769227285992
e378,0.17035570824434276,0.27203593011987254,0.2506130455931229,0.1446728503613251,0.20625806737185284,0.045090744653276414,-0.05054061215933702,0.24457201933750655,0.22022478391427922,0.19106512145503374,0.18347835290424738,0.08424502997412962
e379,0.1625444382588767,0.26843111943376935,0.24408024178334053,0.14011503423932706,0.20073408962674963,0.0357776952163025,0.013205771425228026,0.3485258365495431,0.07828942322285184,0.2770733137839685,0.10921903504990721,0.08936389344243517
e385,0.15911040344487867,0.28308821760920366,0.21994092904768373,0.31760397753493946,0.21544763679172463,0.2615386744361292,-0.06847104645854628,0.07090542229155557,-0.03637287489875267,0.1805625862291791,-0.006799707825753582,0.2779740410247904
e387,0.1459048547671176,0.2378742104675422,0.21393029310433753,0.21780540248263258,0.18165408547033862,0.12322904949537601,-0.08039768697780311,-0.004124676943608827,-0.05179015041692849,0.059197743237930346,-0.040592171006937176,0.09870400598441771
e392,0.15104191191131988,0.2576706239465708,0.21372145188531885,0.254542113017,0.19072970212419005,0.17248726551138296,-0.08914292811528117,-0.016527666746821476,-0.08236813994049753,0.06558811943614783,-0.05213046328304993,0.14402204907401417
e393,0.16162139461575206,0.2767320748119832,0.22519732984859608,0.2927670976370554,0.2097916886422975,0.23891182090206026,-0.09771740416765458,-0.03540285839006667,-0.11486840038316962,0.0726248470885999,-0.06009174114240205,0.19359007333910758
e395,0.17698482247706826,0.32289119965242336,0.20690586285516724,0.41017182151890275,0.23788993952974874,0.33715774612710364,-0.11339961533963976,-0.07312631292684803,-0.03219226800530784,0.06271596641881155,-0.012850784133140614,0.2515043329832943
e396,0.1868708112844734,0.33936150920947994,0.22458050781374683,0.4272351052861204,0.2570171688242745,0.32740620642533774,-0.11676539051447508,-0.07674366685343699,-0.036889509402001676,0.05623105074077723,-0.016772525335762702,0.23770685000294126
e397,0.18374210802066834,0.3396095885514454,0.21277150366666386,0.4523031506678472,0.25138852167786757,0.33196411576846796,-0.12129472362637486,-0.09794590957624669,-0.04430040080275481,0.0404650032255027,-0.023447233203786888,0.23329101066232222
e398,0.19867092641180492,0.34441633183428305,0.2643373099191595,0.40742706796953976,0.2521492817410329,0.3200154187696162,-0.12505312495283524,-0.09711240994775779,-0.05266672516144591,0.04189821024772154,-0.029369443805251003,0.22979731879909238
e399,0.2003241256593792,0.34789874783362307,0.2655533746225073,0.4134840397698916,0.25339468475929916,0.33106522308020364,-0.13113816171766685,-0.11893197561679111,-0.06644951194595775,0.031609272547032614,-0.03881962036564345,0.23682887969366304
e403,0.16072654293787356,0.2594043600806757,0.22708216100060924,0.22071622223786672,0.42994215493898763,0.3084090921759886,-0.11578783441782796,-0.1423864441148886,-0.15903916137190843,-0.1858632329829575,-0.03554253073259941,0.24818503118228116
e407,0.16245561578572723,0.25918427927682564,0.21547517253129012,0.26623576496578333,0.37931672326611976,0.3458538547453692,-0.11028022397497539,-0.13656822444550554,-0.13103642636218765,-0.16588902183540238,-0.028416586660505422,0.26401220246582346
e417,0.14593088060746173,0.24236799025300093,0.19314042458594707,0.24998476465105857,0.3279638229747138,0.3990637400994941,-0.11086144783238741,-0.1411105745484678,-0.15472693121809084,-0.1849554256978626,-0.03440966931984623,0.24882061715231507
e420,0.3548157527785239,0.4318662691890115,0.5277614866295083,0.4046007343701007,0.3832052824135827,0.5487962255622808,-0.12727559526049861,0.09905577498291598,0.08964650369056607,0.23134396500584925,0.11260711349357717,0.3129298244119213
e421,0.3079039908753343,0.43536267868185885,0.43898254703863804,0.3497588069036467,0.33458046406764014,0.4101870120269752,-0.1403578461177244,0.04060664230134106,0.052981175629566335,0.14629306669440797,0.07137761887156839,0.18852316846768016
e422,0.2883427505693345,0.403574380229206,0.39412269180910653,0.26107655453809936,0.3034072379280311,0.2700046257245139,-0.12623030065304988,0.005640526698588964,0.02233778723580647,0.10316798080659595,0.0260007537822148,0.07011738692744915
e423,0.3040469063986399,0.4127719515850643,0.4067248477843666,0.49103168246737117,0.31782754302417116,0.5558502503478777,-0.12240723236460917,0.10750304076086786,0.09044681813236533,0.21003011568156216,0.1233967483190746,0.29553301014352695
e426,0.18564408654214076,0.19998013267870007,0.08005334740444905,0.18815196405167095,0.0733018586944614,0.084807013340283,-0.17454193804083118,-0.13530733765262812,-0.0833725444764696,-0.1043320492256164,-0.06164150219308413,0.0056200446210666125
e428,0.18696598632707429,0.19097850674163855,0.08876274272613299,0.1732393969343603,0.08135130139858462,0.07329625733441601,-0.16846392217135356,-0.18377824685496078,-0.04042948421786354,-0.14252622313330376,-0.04485053418741236,-0.0064898426530378426
e431,0.20522327806621418,0.3464561758442437,0.22056113146652825,0.4484447685701803,0.25894399538988117,0.3175860392382096,-0.09804190177816702,-0.07435784007980042,-0.08493098290066588,-0.08788801399359611,-0.16383365095374386,0.209306376950459
e432,0.22477064406007263,0.3552911430687461,0.29120685925504064,0.3985412551600805,0.23883774954437387,0.3071809992183497,-0.10644759487008844,-0.0743219799148668,-0.0966104235539747,-0.08685000277510938,-0.1722849259607544,0.20464660084632058
e433,0.1922754047010057,0.3251977839371,0.20505086567783995,0.39840041613006183,0.3157604206758803,0.3175780727923298,-0.09168376186616119,-0.0720627444095332,-0.07678604270607757,-0.0848232046691025,-0.1574653965993045,0.21723843959243763
e434,0.19494284897587097,0.3242310409470369,0.21223372125010742,0.4071072717659002,0.23960985712576843,0.24084708038703373,-0.08915051220639222,-0.02988781646281423,-0.11365582102818457,0.04404215438590717,-0.23358501911701549,0.14989572906412438
e435,0.21256035186684297,0.36117632389212595,0.22672662382061018,0.47474911450701685,0.27440376093947144,0.3664006070207676,-0.11148006167647596,-0.08035854177445809,-0.13519922182058966,-0.10396747889871799,-0.03615897225713984,0.23437536943677204
e471,0.12625222316097726,0.2214336183402495,0.13422553335620455,0.2719925551753433,0.2176656457237401,0.2850057851114603,-0.06023118312052108,0.05286820657933686,-0.023953286279073994,0.1646846416085004,-0.0008146543725623761,0.2786535119190863
e472,0.2039567201711345,0.20860979154205964,0.035177945520989795,0.19411362387841063,0.05783140781606645,0.14006914580309665,-0.2039567201711345,-0.20860979154205964,-0.035177945520989795,-0.19411362387841063,-0.05783140781606645,-0.14006914580309665
e473,0.20972405536530603,0.3318053033431557,0.03660459974709729,0.2455509930647347,0.08503470992361928,0.1520344349782129,-0.20972405536530603,-0.3318053033431557,-0.03660459974709729,-0.2455509930647347,-0.08503470992361928,-0.1520344349782129
e474,0.2029722510141062,0.26461752331466115,0.06142807288176903,0.17937664306262713,0.1527365109215894,0.10130772605412165,-0.2029722510141062,-0.26461752331466115,-0.06142807288176903,-0.17937664306262713,-0.1527365109215894,-0.10130772605412165
e475,0.20992633718004794,0.27282043759940133,0.09361555652499963,0.17141319143994588,0.21299276398499278,0.11903818353375781,-0.20992633718004794,-0.27282043759940133,-0.09361555652499963,-0.17141319143994588,-0.21299276398499278,-0.11903818353375781
e479,0.21095477148124916,0.29137084655091183,0.13771130401183324,0.1889756302627438,0.1295899696716432,0.0764533221939364,-0.21095477148124916,-0.29137084655091183,-0.13771130401183324,-0.1889756302627438,-0.1295899696716432,-0.0764533221939364
e485,0.17174275109843512,0.23673234079971317,0.13563355834174295,0.22781838665810328,0.15747306348188225,0.10402817471608632,-0.11952116982549733,-0.1372535994084326,-0.136938155307271,-0.10446484343196312,-0.23127360138365743,-0.00492965364763656
e49,0.3238734573519384,0.11651453531176026,0.48096641713916327,0.1679826453636432,0.4337199112435779,0.6318012897020941,0.15939478109644223,-0.12533217428788318,0.4282561077274653,-0.17096114645441232,0.31936439169467373,0.17951179962225144
e502,0.15167847974841467,0.2794976354962625,0.143795088652023,0.42216792492848454,0.13736488436088432,0.14582697679108622,-0.10613193702804019,-0.17607996147888474,-0.08244949590047908,-0.28925865469414946,-0.2005806955700522,-0.03286124833657928
e520,0.15164532706784814,0.24449741579528722,0.10731437720888704,0.3189099190197588,0.1093672007816179,0.034525818806143596,-0.15163715395998037,-0.24451637575945034,-0.10735822964504743,-0.31879421046368145,-0.1095035962261526,-0.0344185818561927
e521,0.14295323934472312,0.22716174904344594,0.09699893571214195,0.2681338763612985,0.166406332588725,0.017845661664972458,-0.14295523906787555,-0.22715021865425633,-0.09703462474498017,-0.2680640661498124,-0.1664991194641469,-0.01775870795979836
e540,0.16374103429928583,0.2955841268266169,0.15751328880395854,0.43013823561476405,0.19843319696646158,0.2611632194737167,-0.10116052888486687,-0.19953157884311373,-0.065063449276827,-0.3477134525936807,-0.2149727516144399,0.09160857471345803
e541,0.15898604696855326,0.2962248160808555,0.14335950469776593,0.4264300840577549,0.25463188506637197,0.2092895796344573,-0.0993139681373188,-0.17738087339051306,-0.10838016637422075,-0.2267911254911208,-0.3730188251585714,0.12194400182960148
e542,0.18117509805546891,0.2941689898501382,0.21609340448261907,0.3683550305467408,0.18433257098333622,0.23451367210110977,-0.1038862432261635,-0.17610536340947558,-0.1134581200449058,-0.22707574361817895,-0.3677240252762187,0.09544561150245903
e543,0.18357941101088612,0.2987775402701587,0.2185013110311474,0.37601100128515136,0.18914689651369587,0.241957781625425,-0.10564613696646571,-0.1958598396475315,-0.07474393588746217,-0.3359973967080006,-0.22304889559851154,0.07705504834301669
e544,0.18567466179496267,0.30305996625968734,0.22043274518149766,0.3831571929163171,0.19353411935640083,0.24871317540726506,-0.11029963903278464,-0.19876548923299103,-0.07828085722453797,-0.3808215122544054,-0.10483443648736863,0.05239705228003374
e545,0.18746590610963262,0.3078424345459884,0.22744357212050928,0.356927929680719,0.1956981713913427,0.2541870451793201,-0.11876315935889302,-0.17834344918191108,-0.1455119692282331,-0.31258324026765066,-0.05904600248742259,0.06405905552571182
e546,0.18084287110674965,0.291172633938771,0.22489878989835593,0.29819191773554904,0.1909975599171836,0.2206124846929836,-0.10654350992481977,-0.18351653840027793,-0.08279552296267204,-0.34336421773357245,-0.11278753800215645,0.05528057983332363
e547,0.19608487922604512,0.3112492157562481,0.2584002654458165,0.31110389808377636,0.21480522986705763,0.20933976921404954,-0.11083428080594881,-0.19029857796936078,-0.08756101012435953,-0.35413807791348806,-0.1172863393105711,0.03707170134108529
e548,0.207650940144469,0.3152395461074261,0.3001657161738408,0.2449116760286088,0.1808998607824389,0.19595930826333688,-0.11184156666897413,-0.1885643867669748,-0.08848092216191253,-0.3492361766035753,-0.11802529642045605,0.047641675200181186
e549,0.20228938397335675,0.32355722918620317,0.26437617360738064,0.3360114225950967,0.2227036644936945,0.23758937965435054,-0.12747246947183052,-0.1651329115776065,-0.2080884705057635,-0.2250818612856298,-0.06923117748975664,0.06031856049188689
e550,0.214284745130889,0.32668245817224784,0.30959750736272895,0.2687531863149625,0.18872541480468474,0.22364570977570242,-0.1282970385225398,-0.16325166700669203,-0.20906633748737985,-0.21997673025356546,-0.07004432028805262,0.07105934609205762
e551,0.20656176322523992,0.3339201153091339,0.2713601768744742,0.35279227422230136,0.23242381057690165,0.2590350562909433,-0.1367283192092384,-0.16460325928481923,-0.28532134052573,-0.022661968787777646,-0.12671175725796333,0.12061772864390853
e552,0.2194341663610626,0.33617287986466937,0.3171630124861853,0.28930425558348916,0.19518054661929277,0.24618875241544017,-0.13669322847441606,-0.16365084446301298,-0.2846279184498695,-0.019007869704066913,-0.12656984528327234,0.13097898611114964
e553,0.208958931208223,0.3476944114090845,0.2547025712421061,0.35143641031012945,0.22995695586339893,0.27937012905122593,-0.1380407696019437,-0.17858964335536737,-0.2756366697216768,0.002224389007813188,-0.12517120637488854,0.1550324698551066
e554,0.22016774192599003,0.3540520535889822,0.2888056223183626,0.28545456062993046,0.19677448926181654,0.2654939506871816,-0.13868465157402773,-0.17598044481866415,-0.27673209945230587,0.008163609203040698,-0.12578264258948976,0.16664569395833084
e555,0.19061429622103931,0.3035116044091927,0.18947168395303,0.3252488590369664,0.17961765365256688,0.29836432165052923,-0.13244836426426834,-0.16507326184351245,-0.27178328002244806,0.021895639555013953,-0.11909049932824141,0.18732477372941495
e556,0.19837449546745253,0.31380599472983844,0.2002377138668709,0.3460377339999777,0.18838539368025758,0.3348753293465319,-0.13132103849178492,-0.15467661269231933,-0.2608444379595503,0.05360857539750861,-0.11067603048984742,0.22655845424783835
e557,0.2055408530089957,0.3275374481122897,0.2086859013479052,0.3720511258434797,0.1956110145454523,0.37306722532882214,-0.1305027916576056,-0.14296988265538813,-0.2501225498739477,0.0862548973098913,-0.1027046705273941,0.26602625602496865
e558,0.20853999752295851,0.3926623517992406,0.18608902529393032,0.34870326291385545,0.1802810648405977,0.30796150457127414,-0.15278639206255304,-0.19666928596202776,-0.08399575662258409,-0.012376481984618937,-0.0641145499727502,0.14189643016837616
e559,0.21583912515611173,0.40069115744259676,0.20277495929488204,0.3721735315570368,0.19373643727750203,0.358513307256356,-0.1562565775268532,-0.18431612533377148,-0.06991794427638784,0.017646452479471584,-0.0527486154587755,0.19385890442370632
e560,0.22105240424974995,0.41230685856182825,0.2145258093391158,0.40111765410897793,0.20298217054407794,0.4110565362172662,-0.16097610593579606,-0.1720897037233046,-0.051886448972927754,0.041813573222868425,-0.03431297509929781,0.24256363038182274
e561,0.2372913051783383,0.43577480388745615,0.2459395815201884,0.4050524808279272,0.21926848338895363,0.399698612791288,-0.15936137718056775,-0.16508995659644565,-0.0651047885850591,0.046083093308720985,-0.04208916738058288,0.23258405507824087
e562,0.1971326897372714,0.3678365465829869,0.17802918453846164,0.3677257488440361,0.1771774010563637,0.3774265853113472,-0.1419704753297301,-0.16354864463360358,-0.10865498694382547,0.03990933304962456,-0.06615487977720169,0.21085222318510607
e58,0.13128157925916692,0.2640546630490902,0.16362875939339735,0.2757392554547704,0.33378055473779344,0.39692864727138727,-0.04978623207840459,0.09343161149758769,0.058672700481508355,0.18319096572268204,0.09069423515625731,0.3897367427317515
e580,0.2031450243807468,0.3576999567816225,0.24374186238343012,0.37568227398956705,0.2656366372222534,0.37961812122937516,-0.1227438888154382,-0.06778799045816786,-0.22719041077331661,-0.016446861736772313,-0.02833348186094166,0.260069115530719
e582,0.19824728223817495,0.3464571325660126,0.21267415507832188,0.4477149854842691,0.25242452829937645,0.31062086929497035,-0.0893955623203231,-0.06925028377868242,-0.0862775929668411,-0.0375740379804585,-0.24672607938878768,0.2272502593445467
e583,0.21753728605355654,0.3754115888770835,0.2520392972611921,0.486859528163312,0.21256288441567442,0.3123219967302798,-0.10300813972408555,-0.07840985446242574,-0.11221434966618501,-0.05238380546829348,-0.2620797422216269,0.17937568712899093
e584,0.21914876637781908,0.37521524961176156,0.25877188842015875,0.4862006392503332,0.2136275143450755,0.3270033481376639,-0.10642563516144654,-0.05667184113918389,-0.17403896375553457,0.06377089632874025,-0.40525313389357015,0.19922785614965507
e585,0.19793191185144063,0.344282729182877,0.21310012490813862,0.44243874427241003,0.2536678813001458,0.3008971891290408,-0.08880393580633819,-0.07412574006013542,-0.0669497018378373,-0.08887402968636898,-0.1485661378104764,0.20141341007896488
e587,0.20964146124877622,0.36575186375194757,0.22341902195586683,0.4836803370064054,0.2727913041152646,0.38149677999669435,-0.10558182029919619,-0.1048403934261517,-0.10825910372951461,-0.15632116463107193,-0.05365939250212916,0.23807007951894787
e59,0.12934537714630379,0.21259247013632682,0.15603338893742347,0.2431510487803524,0.25487013692744537,0.35678963956710763,-0.05773510424597889,0.08755083283481759,-0.028152059050876116,0.2149456666037192,0.005547321743762755,0.33321962150234263
e591,0.2984895595640173,0.4433285830327691,0.23796708170037573,0.45806783754539576,0.2425002457822938,0.47250892714645065,-0.15498897406309015,-0.018670514598236147,-0.13510060424608727,0.2037006158986886,-0.048249974828745386,0.37632995815026343
e593,0.21262581964128152,0.29438310963443115,0.3714719916974576,0.026822755115746687,0.19969601728757963,0.017557988141249984,-0.10789227222066997,0.00842481492740769,-0.03675070484116945,0.024502517958025136,-0.041493743087840616,0.023416986275429673
e598,0.2087925110306327,0.31718741268498457,0.26869044089715965,0.18088596028423176,0.17413716648127153,0.038162695502302287,-0.10812472083101837,0.005939867906897111,-0.03777242516989393,0.019563387918561454,-0.0432726110499405,0.011904093843462325
e603,0.2163359871946472,0.3700826747009346,0.26746104002052584,0.4840887383986324,0.18178814902230594,0.28970607639628965,-0.1307168710386613,-0.167276441027479,-0.09499098851396798,-0.27465609068408325,-0.1939355577502217,0.18921347700510482
e604,0.22237355442957846,0.35685748033797415,0.2633282633316161,0.4678887167306841,0.2735249720829147,0.32068771611431013,-0.12466473059833288,-0.1598454220394511,-0.12681094806479157,-0.25300947494616943,-0.09558378633409403,0.17235717833347705
e61,0.14103473847707057,0.27492443478972883,0.1427719414961922,0.3753942207281562,0.2015387423480599,0.46030111794020956,-0.04396775305257534,0.12920111409245197,0.003922574380881366,0.27279488928109497,0.0350864012799282,0.40132334256637014
e62,0.12609550217692447,0.23734530257724518,0.13251264329497692,0.3094366827647669,0.184492013052442,0.35140081248157856,-0.04987991710111197,0.08679269694706399,-0.0006164827057733649,0.1974585994951025,0.01774367193571447,0.29592587393160175
e625,0.23278822706680186,0.33286778510067044,0.13888917751054766,0.25954521612277415,0.13437050579356016,0.08994798285715255,-0.1273390421778041,-0.028070812984131,-0.1768238714451167,-0.022317876366526098,-0.27862430312058356,-0.12499756460823344
e63,0.11426018649249325,0.22232449153394773,0.09701119662341268,0.3024240373902265,0.13211477212577283,0.41221614254237327,-0.03622333488961953,0.11777827234669988,-0.012076961674552758,0.2539979883420926,0.022715636760586803,0.3865696091364156
e635,0.201490308569759,0.3136541268103067,0.16002873273960422,0.1480523544166391,0.12009085919598496,0.013413241169074924,-0.07853315291943282,-0.05194033767501781,-0.11392311038780906,-0.0733531647906894,-0.16049056019543836,-0.1806117759556055
e636,0.19105966661041668,0.3457752322466997,0.15216112104209076,0.19096799924493962,0.12120528941593973,0.05724774927491225,-0.0948640928793724,-0.015478779144503463,-0.14796090168314519,-0.01809724680923136,-0.17675766239953233,-0.1333274815031872
e637,0.18670692241527356,0.3715819413454995,0.15453531208711738,0.22599107272807786,0.1281726978377302,0.09916587222806547,-0.10521939036870884,0.018011308598183444,-0.17448979057065703,0.033535253190747676,-0.1884096349579073,-0.08520244009801153
e638,0.23540834291796794,0.34872297823777115,0.247385928168739,0.1964046157208368,0.18625325956913874,0.1324775728527539,-0.06211423866202022,-0.0027398304021049244,-0.10317336031938064,0.010042268301896005,-0.14255496296979175,-0.05042869353445052
e639,0.23057551225329823,0.3734950119847064,0.24823100844023396,0.23322725712820722,0.19081326277077343,0.17585134111716416,-0.07321035478450032,0.02854947047613983,-0.12693414779845,0.05764128727799998,-0.1512080464829187,-0.004596288365141278
e64,0.136305466249611,0.2206447459820166,0.14498788644331378,0.23282879414075436,0.2048410746063782,0.22896248291776364,-0.08246590102192698,-0.02742565667330414,-0.05779841386466867,0.06313993922857661,-0.05200745774463694,0.17030897194826183
e642,0.1798972546708973,0.32882589717358807,0.1774115871084488,0.4573274968783083,0.1357315042090433,0.2159353826447402,-0.11302094339756652,-0.07532182484187908,-0.18789124930664428,0.037913921688373084,-0.4012057027993544,0.11644598013303442
e654,0.23486905864227312,0.3886456179713954,0.236262825604851,0.5631021924255083,0.2159448613238572,0.31918978828527256,-0.12423896057157761,-0.09907550693064535,-0.1029038280219039,-0.0934750841557958,-0.11910629634941403,0.22848895867748806
e655,0.22318048655337538,0.3711710365565827,0.21751349955159827,0.5377101106573144,0.20098504052892485,0.27848040414123076,-0.13103408963430438,-0.13160940918623804,-0.10895919207124971,-0.12535585744388966,-0.1704493101068466,0.17774419423243615
e656,0.22125236701334988,0.3800353869750408,0.21336888465875084,0.562126714100713,0.20624814589905827,0.28480094738429546,-0.11567295355017292,-0.07351339621049607,-0.12077278010433384,-0.0044058868353354826,-0.21732433445044916,0.20699130664536397
e657,0.20936145366779177,0.3745646681834136,0.1803503839355404,0.5464410826871398,0.26172544068758913,0.27499429412172827,-0.11062197354792275,-0.07334009891175078,-0.12020801914176626,0.00830652514542362,-0.22497539232332936,0.21506176099092136
e66,0.1515418848677583,0.26418213390515144,0.16271066099813464,0.3023704677874611,0.23036583277678546,0.3111668903999248,-0.10194732157727293,-0.04077416160127087,-0.06455111203117345,0.06494531715070194,-0.057173944710999305,0.2048991399087693
e662,0.18277009773431244,0.3585910229684186,0.15734184639216456,0.48358736081524534,0.3256547414341094,0.3152447187381818,-0.11184344634022218,-0.07106528345170546,-0.11372750187357039,-0.02444728448206638,-0.27071282111166095,0.2701161854422125
e664,0.18024868070848765,0.34196160642658513,0.15319113567298104,0.4910549878679139,0.23146018667242937,0.26446244961214105,-0.119233194081891,-0.13803909699070452,-0.118440483872008,-0.14173429435620366,-0.35462498507854295,0.19547194286256234
e664ex,0.18023425392093206,0.34199079379870784,0.15328952998613005,0.49050662504982045,0.23240594678087292,0.26361317143581303,-0.08259597139617901,-0.3320636897173608,0.42944527721073433,-1.1180711494570972,0.8440568132303921,-0.8973342737392326
e668,0.1845420822651051,0.32435138845438777,0.17213047762196548,0.4216933599750433,0.3296522046662018,0.24955790237301395,-0.10011107085773158,-0.09118585760388434,-0.08286279788728099,-0.031680146843637465,-0.18054849892855043,0.2157312166413591
e67,0.15889146400808288,0.2731276071132187,0.18224015881826278,0.3054712380086938,0.2520917644346644,0.29197083346334846,-0.11490922092612313,-0.07168277224757215,-0.08840746607064301,0.026133224203645333,-0.08451348956623603,0.168240169156014
e678,0.1947634552504131,0.3313324651453152,0.30135451250599077,0.3679345782174355,0.4202643853942952,0.4509633604949502,-0.10638588057751938,-0.06369223791324141,-0.0877116473685247,-0.022932866400024645,-0.11258624045366876,0.3093477035701103
e68,0.16683706903433068,0.2839602438056252,0.2003647721283351,0.3109579791960993,0.27228390570708394,0.2703282034777905,-0.12605412056302115,-0.10191778623618372,-0.11037828673407853,-0.010922259314983387,-0.11602137377497251,0.12950583648209193
e682,0.16765054323916917,0.34060580524072287,0.1399944015864112,0.46341180793087444,0.2682416385314349,0.18406660464357968,-0.11146196264371233,-0.08073738552687021,-0.19506164396160838,0.043505820898888374,-0.4394783407290021,0.14774410898070556
e694,0.18164833640628317,0.3374804420931138,0.25834690623340806,0.38192601550349314,0.5004958090180187,0.44322771844195324,-0.10684653764638549,-0.06945631486590173,-0.11978380329297356,0.013488756933195166,-0.24753556303594254,0.371569066038896
e71,0.11770164874859555,0.2021356935538805,0.11873219528893958,0.24854574409044428,0.17930588858601754,0.31133641556605085,-0.05317112359030245,0.06904949231826593,-0.01706039860064123,0.19120130908536212,0.006733192621159343,0.3212031117469844
e715,0.1963268989845837,0.27274722267314505,0.321956437341512,0.20760496489418018,0.15848519735066444,0.07112998438462809,-0.12840999930444935,-0.135071113651755,-0.19269455470996255,0.01974506579278577,-0.06686836846008602,0.005618448030753252
e748,0.25636944670660894,0.45323901338508377,0.2805930826546992,0.374870087749663,0.2555585305904129,0.397230666701426,-0.1733499160903934,-0.15282923104658674,-0.30789755396936874,0.18829398460652902,-0.14860162230432764,0.303107247351203
e793,0.2312905742740047,0.38916393865744336,0.2170750414560336,0.3391466907273655,0.21994217424983,0.29450553812256053,-0.1479796938719096,-0.12556541453660452,-0.12194203933340234,0.03175050928913191,-0.06901492017757635,0.17350924622680208
e817,0.10832887352883189,0.1903173533778164,0.15574848302259614,0.21144191889036318,0.3202418583044011,0.23178351023655405,-0.10270472378089907,-0.1661407382691917,-0.09357337040670659,-0.023890759726882572,-0.07565913530424319,0.1955080111790636
e818,0.08639351149754658,0.1766282576006934,0.1300593169263219,0.19966562416240005,0.2767821285442646,0.22728685899412224,-0.08220787485732149,-0.14661490141759337,-0.05959946470431737,-0.017036679421871953,-0.05289539648435535,0.2052503764015048
e836,0.11221650372241647,0.18759858328382967,0.1127698457040929,0.23439956426695335,0.177874793814919,0.05491738089163265,-0.11221650372241647,-0.18759858328382967,-0.1127698457040929,-0.23439956426695335,-0.177874793814919,-0.05491738089163265
e837,0.14336397656780966,0.2388553675425214,0.17362146790062286,0.27650349374514493,0.143828236446655,0.06711543697907807,-0.14336397656780966,-0.2388553675425214,-0.17362146790062286,-0.27650349374514493,-0.143828236446655,-0.06711543697907807
e838,0.1472650004053545,0.2529114767366624,0.20692158284775972,0.3383887669188701,0.16130975245653378,0.08173058793012208,-0.1472633365164376,-0.2529160726135484,-0.20692441434776798,-0.33835685239570396,-0.1613422856691178,-0.0817156178392598
e850,0.08367973576165276,0.12502517851477518,0.12079390410297598,0.13141981165362093,0.2152434577976709,0.20009818467026422,-0.07537572555740564,-0.0738176483473479,-0.13517623250167893,0.00395264044261261,-0.07167004467849784,0.10895268104847337
e851,0.09837209451707675,0.16659447183354326,0.11442015855974602,0.22195146526800008,0.2094241909479643,0.2213176145910985,-0.07912993439127884,-0.0714749431726435,-0.1380518214954878,0.019059128989601607,-0.07154680729686969,0.13010407141215158
e852,0.11519004779840866,0.2031876836865132,0.11893267713151233,0.3116064439013542,0.16265682673454085,0.25597854780716084,-0.08286044501362702,-0.07047480317645262,-0.14163227212558466,0.03341730981613607,-0.07347897861350386,0.15188091829151465
e853,0.1321721149627757,0.23241687221000956,0.1727301760306558,0.31809903030390646,0.16621958561648725,0.26310484870664735,-0.09863779688270893,-0.0768514926851265,-0.1587144523416535,0.02979639831895972,-0.059678044852007166,0.15045513661327853
e854,0.1608685329391612,0.26741172014782244,0.23916966163082737,0.2938487111782024,0.19302938920206436,0.306789217952166,-0.10824228361431092,-0.09297785197031877,-0.16980307127230898,0.022355894611371337,-0.0650853095819139,0.14162358334986136
e855,0.19774325233875384,0.32202159903605676,0.2887323354278353,0.3232902791739485,0.21672793293443401,0.3661239204510059,-0.11950309906429198,-0.11492660228186419,-0.18641775608107902,0.027977557335764354,-0.08027060552116384,0.14601737550810856
e856,0.2345879129517908,0.3942435276045525,0.32095090778073104,0.3571520838866148,0.2409887799935408,0.4139286288926351,-0.13922494282207618,-0.13267271634479402,-0.2115930481148871,0.035550219556912725,-0.09437285619858533,0.13915975416741824
e857,0.27635101003823365,0.467565721750246,0.32689676464372297,0.40410768230847816,0.2510227052557288,0.4717494415765479,-0.15970591401362907,-0.1483165395118041,-0.23581252526067703,0.048907157814555416,-0.1090744115207028,0.13790652414522686
e858,0.3291903113115673,0.548082668397106,0.3024128378640443,0.4609318721082131,0.2392058135253163,0.513464752137006,-0.18872236078065519,-0.16989369813363137,-0.26890227191240745,0.05458050352930274,-0.13155594643702934,0.12446366576159898
e862,0.36573549071988626,0.5359077300965039,0.32354960120069337,0.45036117271106607,0.1170388825612646,0.3825561879458675,-0.36573549071988626,-0.5359077300965039,-0.32354960120069337,-0.45036117271106607,-0.1170388825612646,-0.3825561879458675
e863,0.39214233047073316,0.574354436915632,0.3873449283395766,0.48771681237437514,0.1579481945294886,0.45667369452404394,-0.39214233047073316,-0.574354436915632,-0.3873449283395766,-0.48771681237437514,-0.1579481945294886,-0.45667369452404394
e864,0.4167070867177408,0.6132789669548419,0.4357244132172249,0.5307995697634059,0.19474191721418685,0.5318893315020378,-0.41687915877150533,-0.60938102636438,-0.4431695508815089,-0.5232239232030825,-0.1991782621486642,-0.5307006749383549
e874,0.08652317112958947,0.16176694020043586,0.12139948884932679,0.09136043407911588,0.09659499431442722,0.10171780231294368,-0.08936744903457691,-0.12046367477361167,-0.010545659050770588,-0.11190657089296951,-0.020197666454341495,-0.08964368622469326
e904,0.08017173925899215,0.18068435534093244,0.08676381879579999,0.20757222057993627,0.22551095016940376,0.15204773308093306,-0.07722757297029416,-0.06934423173517165,-0.11227153616063484,0.0004979865738837189,-0.24195530728711168,0.01191444987198255
e908,0.0856294463857926,0.16578258776246368,0.17295900604916153,0.18686803562932006,0.2909049692508896,0.29821449315088533,-0.07045405123668733,-0.08197765007239918,-0.011358020675460077,-0.10350033051264129,-0.009326234985813565,0.10369999568825651
ea61009,0.12111690880703185,0.11830407443049915,0.10265292948394658,0.12577711339552214,0.12211840631003104,-0.019100588260107947,-0.12111690880703185,-0.11830407443049915,-0.10265292948394658,-0.12577711339552214,-0.12211840631003104,0.019100588260107947
ea61012,0.1635073621261684,0.15543146523619455,0.11833376544543314,0.23583159824744013,0.08184550565722847,0.046764608134519804,-0.1635073621261684,-0.15543146523619455,-0.11833376544543314,-0.23583159824744013,-0.08184550565722847,-0.046764608134519804
ea81006,0.08535708186752017,0.07333689741538002,0.08571940479347445,0.04514984465346584,0.13629929708574018,0.019328015982149137,-0.08535708186752017,-0.07333689741538002,-0.08571940479347445,-0.04514984465346584,-0.13629929708574018,-0.019328015982149137
ebambino7,0.1515403165420397,0.2740435219054925,-0.23313967958026283,0.817912323476416,-0.5844089330947131,0.884370477240912,-0.007785662861475264,0.08072944775610515,-0.26553705942049177,0.5169847815514717,-0.6678200163548986,0.6810536816118908
ec863914,0.21472649348494308,0.3136055506516374,0.22598906900101665,0.2744883904655614,0.43671184770198046,0.39131472343425006,-0.08406888715030794,-0.2289747775080583,0.09844610156709759,-0.27084210571485745,0.03834462425453612,0.3643997878794358
eh0009,0.10989931246199094,0.13935425744350785,0.1034165366071698,0.09229943413217379,0.12978276888959947,0.024625840392322386,-0.10990366059129553,-0.13932963448731342,-0.10348979619786583,-0.09216844054111754,-0.12992098021471699,-0.024574128402676743
eh1070,0.09521634199861159,0.16103564118094038,0.08806331876991395,0.0896771543937238,0.10037196009389218,0.0115064890672815,-0.07654502029494951,-0.05131424382956745,-0.08253571591812535,-0.035679325688372884,-0.12023314594335127,-0.004194746904884054
eh1090,0.11935664603948865,0.19321163544960865,0.10719436543500839,0.11762346974853832,0.12138147497190695,0.026664115718003353,-0.10075250776771666,-0.08379487305207153,-0.10209562986442403,-0.0632467431885393,-0.14152459439517184,-0.01948952490484995
eh1590,0.12389771007339934,0.22082733967394091,0.10801945568242931,0.13205692293492294,0.11546471972967141,0.029386462911275658,-0.09602592104758058,-0.05673206707473065,-0.10025353970232652,-0.05053649663165702,-0.14571528932408365,-0.01858684732777264
eh2010,0.14155327188204486,0.26686340620479626,0.11844964135159965,0.1625172428166767,0.12036362808504192,0.040553201455491884,-0.10426463917136676,-0.04733015178672338,-0.10822356376073584,-0.05369680169777333,-0.1608398126780193,-0.025945605948757656
eh2012,0.16475866649636295,0.2972603972570411,0.13751074537052743,0.1886322195707798,0.14140466373389338,0.05435730306179798,-0.1275878748505981,-0.07849723475374046,-0.12712483246676753,-0.07995336450100483,-0.1817197284241665,-0.03996083614608947
eh2070,0.10447589613071051,0.2154776774688527,0.09083492181633068,0.11642705102157311,0.0905421283227763,0.015157290776380812,-0.06727196625075618,0.003091438658980858,-0.07976473139397738,-0.008857971180039241,-0.1300823312691475,-0.0005533711542682763
eh2510,0.14539904393027206,0.2921862945357098,0.11680397287727501,0.18061072621236576,0.1062783107098166,0.04875186433003058,-0.09853305943691501,-0.020545045976925747,-0.10034724142623377,-0.0504199540435604,-0.1498974064218057,-0.03563131337896104
eh3012,0.17455249089737215,0.3500158996563096,0.14333367916548895,0.2116268084098033,0.13467535059151534,0.056485898826878884,-0.11771733523447467,-0.02653448293591576,-0.11318643367054701,-0.07386667262473576,-0.16700203544022446,-0.05673807739693184
eiffel10,0.25287891711339444,-0.03830655397495561,0.45556756198619885,0.016812991302517857,0.24236467948013204,0.24451952818146447,0.02057187086740808,0.1787459871663315,0.07815612401007453,0.24329677422655743,0.07886143162543473,0.18356562394086662
eiffel371,0.5509758324050864,0.25365195970005516,0.2468147730059446,0.8858931926470053,-0.46261905980704365,1.4105286219423951,0.22964642836054255,-0.21687997175432075,-0.03807735106489478,0.5492271712683743,-0.9157605771205196,1.158446397085498
eiffel385,0.6522755813974649,-0.12399072827547217,1.0422157047538232,-0.3213152625659963,0.7228006569464726,0.15369007575208443,0.2773163738712336,-0.6111587439566759,0.9038090036865941,-0.7180466257555873,0.5356387005355502,-0.07446452701979168
eiffel428,0.2620566469969908,0.13798775012653036,0.40875972329751764,0.12171318784997667,0.28390722634212257,0.1690378578314675,0.03438651520282995,-0.0969853358203776,0.18226639271266257,-0.1207966310673528,0.12653656819133574,0.003941510139885042
eiffel430,0.44610740120898434,0.08846623975168227,0.42221229932633897,0.24946491664773898,0.21886405855512392,0.3381708799538858,0.07312821968022745,-0.16901900333936679,0.37616531039074536,-0.22381539021031377,0.12848231901301738,0.012603080616856444
esa40,0.2409132457269538,0.2605685610990871,-0.04048056783445757,0.40022607065992327,-0.1512591990081215,0.06685137585750063,-0.09358453684244569,-0.06488422439551872,-0.14526524084988995,-0.12859272168249275,-0.1012267013112868,-0.2342114709161779
falcon,0.17241531050968723,0.33914222817303263,0.0485636218671536,0.3548943934900396,0.04886772347885068,0.2551033934678562,-0.1566573829515454,-0.10299353954184282,-0.15367350413522263,-0.17245432405415018,-0.07365974921691695,-0.2163294244962227
fauvel,0.25586676022167976,0.2968234085903841,0.24177488678707257,0.10715822204252548,0.08212332926104692,0.03643199569567464,-0.16078739321296814,-0.07776367939314824,-0.13060853535470618,-0.1241383033335255,-0.2009372883333217,-0.10916850224481459
fg1,0.269635124256706,0.1546555354375999,0.23505401036043297,0.22926178982379677,0.16563545201657562,0.35932975478195156,0.018837675401552265,-0.03672200339929002,0.0377854428050467,7.148748538746315e-05,-0.03390114477134933,0.05941749711051064
fg2,0.2115022992765495,0.252926850075483,0.12889250314597436,0.31194341147505844,0.03875096536041504,0.4055944045546669,0.009469785431430728,-0.011542550889854158,-0.004361857970414802,0.0464908772151883,-0.068091277944887,0.0760585455857718
fg3,0.2161131698360058,0.40559541056917897,0.024791205934854066,0.5181730170322737,0.03311761283458803,0.5029949433673995,0.008614969465364901,-0.0072215610441682355,-0.015759166311252945,0.06475868106470092,-0.0868934504659576,0.08858297358560935
fg4,0.42357775179965174,0.24937212260492436,0.35267049114002874,0.3922133588464046,0.13138921923249086,0.6445176015577911,0.03150257293963629,-0.06345696009767354,0.06794869852345786,-0.013375965580437337,-0.042387510049766715,0.07511420120629257
fx049915,0.21673200309306404,0.39838294142173214,0.397040412054826,0.22923938421656026,0.17677125070067998,0.19542697482516302,-0.0738972677539861,-0.010085005593038744,-0.06630858387620758,-0.012479800700462462,-0.050575480232911946,-0.039866046194419136
fx05188,0.19610865126320184,0.32138621276811696,0.2449627826593728,0.4699301000877152,0.237032027502804,0.28192644747534956,-0.14787919715406278,-0.16375199227847997,-0.1941115186721617,-0.2098530880636672,-0.17952751902206324,0.23206470351415898
fx05191,0.19627479182078786,0.304305671220005,0.299571716513841,0.36673438464549224,0.39676185383642965,0.25110265423327127,-0.1479768463148487,-0.14686832233274222,-0.24846389870600727,-0.1069194147383544,-0.3391003068549366,0.2628263836648051
fx057816,0.2066854078767197,0.3501264173192452,0.3222179573537237,0.5022729303401896,0.042362972565517014,0.2158384411188607,-0.09014226755792579,-0.0728660387663643,-0.08830023450360708,-0.0035729159796700615,-0.27043717528926037,0.15662499415116743
fx05h126,0.19440771722498465,0.26643926510011906,0.32952129907494465,0.3154958450697858,0.07215570040653807,-0.012700086238808,-0.09164611647610782,0.008714895658128191,-0.11358547449014222,0.007994142466987746,-0.0759758394353731,-0.0631607414592006
fx082512,0.11563519916143102,0.22359009216692288,0.1316497897997429,0.31995665173304133,0.1754352056404532,0.4219692302097789,-0.1111811604950248,-0.20450714457667388,-0.10331224258386246,0.16462459784413067,-0.06691649549482616,0.34887555359046657
fx08s176,0.2036081358317238,0.43542764711555126,0.3578030817308047,0.4768369231453172,0.11781638042186149,0.2952136316697416,-0.09445342703132992,-0.015123454833057728,-0.19021151078160559,0.09227468649239493,-0.3686953791770881,0.19748882552485464
fx2,0.1715732334678062,0.3612570360842944,0.2098833554130783,0.43930675618972675,0.6022159867511987,0.2597454724191944,-0.12721515237763428,-0.23233959111460328,-0.07577824188421398,-0.4357472023009752,-0.03974604761965762,0.1212971518431979
fx3,0.1654405289027254,0.3486757963142337,0.22148423645520363,0.3799098360460468,0.6927872196699084,0.23486420133932717,-0.11852074686657636,-0.22128874201799176,-0.03148652896759531,-0.47788104516036173,-0.06743438617992845,0.24857364008613467
fx38153,0.20441101174272677,0.23476750492158627,0.27761447417668894,0.1885332284967492,0.4469783716874401,0.3233582336356621,-0.09473670657764499,-0.14258177874378575,-0.16626025863438382,-0.07791614548472431,-0.429705073749521,0.28386935829974663
fx60100,0.18196188761297244,0.20321641788644274,0.21879633472436147,0.17600557945312245,0.2660967592661762,0.1520597954060505,-0.0774781596674157,-0.0795535793343428,-0.07306097283376084,0.05795649935066308,0.02956826263164129,0.19565093880416332
fx601001,0.14900717746969816,0.26522454649504107,0.12915625384170196,0.269914192280761,0.18970017181272814,0.18280460915011665,-0.08329207027298549,-0.06213455636227963,-0.11317184177054229,0.08585524545397366,0.037325646357353144,0.1830643334065552
fx60100sm,0.18054141029802773,0.20447029005474404,0.21665531718587527,0.1766529607546793,0.2633922947618786,0.15417318553059822,-0.07801462451335703,-0.08172905943201379,-0.06775465859990068,0.05596951790054349,0.02345692610141515,0.1988694460355156
fx60126,0.21533568523070257,0.24227809257874455,0.25149192527878517,0.20142926956022034,0.2867135808674032,0.15864811778250165,-0.11085196622723452,-0.11861520992391503,-0.10575667346369426,0.03253296338044389,0.008951337479873934,0.18906258523208236
fx601261,0.21340018581292053,0.28109314856434675,0.19615220388390583,0.3216811319083664,0.18274619423176017,0.25286542571865017,-0.10844798998796594,-0.09837126345618112,-0.11726395434626166,0.08342479916447396,-0.017678767063504634,0.21950883254289227
fx60157,0.22570928759820366,0.2671791498783015,0.2458448066186586,0.2755057017424244,0.3508777148462687,0.33063241839623875,-0.10460398108091834,-0.163429375467972,-0.10843629162505967,-0.19837362257034857,-0.17236103320240853,0.2705765661111841
fx60160,0.177369406906152,0.27991850925374906,0.28910980126065955,0.2918448148593532,0.30817125038656834,0.2650502072699274,-0.13259087138324469,-0.09893276260306288,-0.16005314973491525,-0.1645075140435133,0.015429846465821757,0.08955866442126025
fx60177,0.26175442283307065,0.2804966841357443,0.2723816442180401,0.3073831747521537,0.3614468706624295,0.39711005494265944,-0.1084988131260073,-0.20843288276682842,-0.1364933277948778,-0.19690102186246702,-0.2784035171516236,0.32890572960998654
fx61140,0.16978227579902977,0.31309448330396505,0.19781361675687567,0.2761943959712725,0.15020279821616403,0.29817925581095345,-0.08390433193414132,-0.13916139070756978,-0.08819158761636689,-0.17727449011221397,-0.0676782001637673,0.29465699003460355
fx61147,0.20026999844446128,0.3317312819237192,0.23500094444835376,0.3043579481226878,0.19654026064657218,0.34437667147073886,-0.08135115351497342,-0.1299412998082269,-0.07188049536888275,-0.1886729427631933,-0.015572592399454056,0.2550985536370837
fx61163,0.19984841062820402,0.3187186288814743,0.24537992472447123,0.3559806758243097,0.12627315138504366,0.304315238462008,-0.09614921406474458,-0.15795218499378783,-0.13379166959107083,-0.2033308608308197,-0.08640519409041839,0.2371259372495758
fx61168,0.21606807000237577,0.3318971615430614,0.2584528004376764,0.3888507299841481,0.13376316408073458,0.36702448920933567,-0.09474287474728293,-0.15304130590939263,-0.1317881315430642,-0.19149692377090105,-0.07647827864921718,0.2536964389682074
fx61184,0.22444010125071576,0.34452201926115666,0.22798595258463858,0.48902071167306677,0.15929296830215234,0.3114050069931399,-0.11894118261410334,-0.16533210572975793,-0.19205284269779313,-0.1966679656960648,-0.03920680623908387,0.2131784569249126
fx62k131,0.16104553738494445,0.3020830758543048,0.1751808463707265,0.4198143555802703,0.24508494356347654,0.326958194372676,-0.06552429670131968,-0.07180952889793676,-0.09568135827540145,-0.018448727233255264,-0.1878295761027884,0.4227115057206273
fx62k153,0.19528403331387542,0.30829280254633695,0.21154675605444373,0.46029450985546483,0.2887332922884014,0.35332969643394535,-0.08295233227262201,-0.10025690429904441,-0.08773290652010157,-0.1557324360246722,-0.05586202568604917,0.3220442908174276
fx63100,0.19200355384887158,0.23878619922290278,0.20696651411793518,0.27992069708661754,0.20309430001695217,0.2668744214840131,-0.07477369069196507,-0.01881235706063064,-0.08042768855690105,0.09897905926897677,0.0050380775266877734,0.29929070103092037
fx63110,0.2062301018713168,0.25360339729563564,0.2203057173768509,0.2938342805457292,0.20958436034201103,0.27024610027640705,-0.08856507457334488,-0.03399619382382689,-0.093700667435172,0.08526476505748434,-0.0016790206039111787,0.2960313506959489
fx63120,0.23020785398100377,0.28923497674030463,0.24150455662683792,0.3479238718715273,0.23156456663346484,0.33265689527787273,-0.08534956752101176,-0.02959205066490094,-0.09483637078420257,0.12063966695595027,0.004850261369838671,0.35406979261437005
fx63137,0.27125277772114925,0.3124056230648148,0.29608733338679183,0.39582880351609356,0.2529079908043794,0.4016156281793112,-0.10452615421781335,-0.01313354319538329,-0.14651522704571382,0.16209709538091277,-0.006682853735496995,0.4212591083121653
fx63137sm,0.2692443252635824,0.3144090238129825,0.29488905613849725,0.39368729399752095,0.2501751256837681,0.41287157129099705,-0.10485510283310935,-0.016076559886548485,-0.1400548123317199,0.16649779385582186,-0.024842456820167003,0.43483455808117627
fx63143,0.1860033733570718,0.3127666356326649,0.257607972101737,0.26999717054765715,0.15236420041607326,0.2244966555310021,-0.10082351215918708,-0.059139264846752,-0.237877838845785,0.12860266229061648,-0.40496889960150184,0.16137992031222384
fx63145,0.24565855027427527,0.333643557285091,0.2685490732522104,0.30282189706984486,0.1630496197989469,0.313508547043373,-0.0768809895616131,-0.10210439994693568,-0.11133451148856645,-0.014630743759278343,-0.02953309944111636,0.2747580445991897
fx63147,0.19446461338568713,0.3237854519895977,0.236650631658303,0.3146494508749844,0.1865477504537805,0.36009583642275966,-0.09180953307683812,-0.08207411563415931,-0.2050870537440424,0.08429836166132039,-0.4352275815072508,0.39761091260777387
fx63158,0.23880842831032434,0.29798919207929825,0.3462270633906394,0.2862269211443791,0.2147237665110807,0.36041223772529374,-0.07135113989552795,-0.13980591381048837,-0.04798886135670693,-0.21952121478942602,-0.015276288444898969,0.3163357729145279
fx6617a2,0.2014347426114515,0.353226544471277,0.38476422585669046,0.3204469726146216,0.2110790169696882,0.2558777739091185,-0.11931888672388116,-0.1323647476209259,-0.14993760643186532,-0.19098252681732902,0.05617604621978525,0.009886148209651209
fx6617ai,0.18254000926333291,0.36258646636016034,0.41427002019411363,0.27099913680375043,0.24900122090559848,0.22927883910148322,-0.14345034953689667,-0.13226998212911945,-0.1818081697488294,-0.16860277082866315,0.015620321988871097,0.01415331579818076
fx66182,0.2014347426114515,0.353226544471277,0.38476422585669046,0.3204469726146216,0.2110790169696882,0.2558777739091185,-0.1214099627724522,-0.12202401624648476,-0.17597661553039656,-0.14849973094803515,0.009939164248113967,0.04374828935175144
fx66196v,0.2044483666311077,0.3569073608206953,0.3937049597826933,0.3808653443947988,0.26819250130046557,0.23766622445714752,-0.13209728388503805,-0.12230769589612064,-0.2590742366459936,-0.0389842570958323,-0.10214163221427634,0.1292384283089431
fx66a175,0.1850971844341394,0.3951692064102226,0.3764920479045662,0.2616367685429475,0.21640962476265768,0.25943566683577696,-0.10708112653976921,-0.10021211140404104,-0.24431561405566987,0.06272951885543618,-0.03799266172303985,0.07750301966578822
fx66h60,0.09936088202509741,0.24090264948860557,-0.04658515466852124,0.16637082427594718,-0.041085687944370605,0.03124433741429337,-0.055615116751351446,0.01985898462168995,-0.13547592106717044,0.05890652125274895,-0.20473331007342918,-0.00010077515802682383
fx66h80,0.11337409437154151,0.25143415933468,0.13931338208146266,0.0754281784265696,0.09075062623376079,-0.02401250279986314,-0.06726186525145321,0.0020487713596424872,-0.08840214659988258,0.008062747788181062,-0.11755438029892941,-0.059017924722036694
fx66s161,0.18487975338745755,0.35385286532211246,0.3261995031569425,0.29470095464014606,0.20325573485116882,0.22144861661797732,-0.11484172028932783,-0.09886090264910169,-0.19811491391540995,0.0334418621214216,-0.07031961621448833,0.10004604718274822
fx66s171,0.19348215264784244,0.36637453938185627,0.3416837158808128,0.3036248025548727,0.20999124764517677,0.22703127901023532,-0.1227321998807921,-0.11579741306198568,-0.21257053752609728,0.021621091159919236,-0.07584221934190052,0.09288782762150469
fx66s196,0.20506467821705862,0.351931042812596,0.3637553430124276,0.43263823354152153,0.23629283027558706,0.23748456918362087,-0.13324520134245435,-0.13360836419122427,-0.21910302986720692,-0.14194528029759976,-0.047687969568033985,0.08998994766658218
fx67k150,0.1617506420441926,0.3784316584629629,0.1576748079241096,0.607171441440486,0.19087590475902402,0.18285464812887137,-0.061438641786353054,-0.07699293797291362,-0.06734335259323332,-0.05248226964775901,-0.1375152091015975,0.1304890618150054
fx67k170,0.19605144779968814,0.3932660841704687,0.19820883082899984,0.6483252809575168,0.22902149055446727,0.18658815284881886,-0.08069900714497154,-0.0949584778651133,-0.08522303427195412,-0.07777529477152785,-0.16884307494719356,0.12441308189344773
fx68h120,0.17027741472181207,0.37876292568381664,-0.02209407940842542,0.3608000931054431,0.21422557721323013,0.01653105687194179,-0.12341388949809431,-0.12607152051080805,-0.026383480398964723,-0.1198486368721038,-0.061394574962576234,-0.10418077964433897
fx69274,0.31402959327750796,0.5268443188766745,0.3404652637966443,0.5933372516815387,0.22440017175816582,0.4100960436291508,-0.2686814565281646,-0.2859802976395425,-0.23452172960232245,-0.35470877152344954,-0.13587529490260314,-0.2370923817311986
fx69h083,0.1177320137445308,0.20879696145079057,0.15030933920325615,0.17537664398182445,0.1951553206087154,0.053127215836865506,-0.06478787313312681,-0.022691881907537376,-0.06214588914805687,-0.02889103853785316,-0.07516276764814937,-0.07847704381541191
fx69h098,0.15017171773825358,0.2599757891311679,0.06423062784688235,0.22211595429832495,0.13539826083961518,0.15496996568310864,-0.09348761073769797,-0.06864415697519399,-0.10288994882249587,-0.060699714633283226,-0.08808389526821103,-0.11957255611595405
fx69pr281,0.5566420794103117,0.4936497993237904,0.4428597865521976,0.4645015399106793,0.36921685895775874,0.45995509036274257,-0.4301801193920154,-0.20334675460085938,-0.2778411765067334,0.06588884568218747,-0.18067318365273888,0.26013598096995283
fx71089a,0.18879341812825504,0.047667085315801966,0.1909351753413991,0.015237679686757094,0.1607590236103307,0.03807270006114882,-0.18879341812825504,-0.047667085315801966,-0.1909351753413991,-0.015237679686757094,-0.1607590236103307,-0.03807270006114882
fx71120,0.22998394099112396,0.10665428092822624,0.19755726420015124,0.08227963022656368,0.17512048206774816,0.07751800919993589,-0.22998394099112396,-0.10665428092822624,-0.19755726420015124,-0.08227963022656368,-0.17512048206774816,-0.07751800919993589
fx711520,0.19035212575192492,0.1660421807614944,0.21696243704458984,0.2498156533937472,0.03790868938695409,0.04240065805708467,-0.19035212575192492,-0.1660421807614944,-0.21696243704458984,-0.2498156533937472,-0.03790868938695409,-0.04240065805708467
fx711525,0.1891525786881128,0.1670869487533762,0.21888317060994553,0.2332008592282701,0.0795840390284926,0.04675818146037072,-0.1891525786881128,-0.1670869487533762,-0.21888317060994553,-0.2332008592282701,-0.0795840390284926,-0.04675818146037072
fx711530,0.19076625041451498,0.16132345252195696,0.23885173951125396,0.20552913858824573,0.08661184754063202,0.05461992384348279,-0.19076625041451498,-0.16132345252195696,-0.23885173951125396,-0.20552913858824573,-0.08661184754063202,-0.05461992384348279
fx71l150,0.19076625041451498,0.16132345252195696,0.23885173951125396,0.20552913858824573,0.08661184754063202,0.05461992384348279,-0.19076625041451498,-0.16132345252195696,-0.23885173951125396,-0.20552913858824573,-0.08661184754063202,-0.05461992384348279
fx72150a,0.2137608242664174,0.4294524604827018,0.3664849323950961,0.5167718447270644,0.352383696354304,0.32005681787408585,-0.12067758833784077,0.10820236675359403,-0.18189387953748798,0.22670797028458195,0.1205700928904878,0.30406012148338796
fx72150b,0.22529811223634835,0.4704832620074638,0.38704257639028145,0.5718884419191111,0.39887519878944067,0.35716139539708913,-0.11151471580108409,0.14848173357194738,-0.15935510702052558,0.2822104357961387,0.16151927933743193,0.3611792588922599
fx72ls160,0.2737559599487663,0.40008001641230173,0.3814296105003787,0.6209655756933173,0.2742611863297095,0.3431084858544905,-0.11810813715112041,0.08797954125831003,-0.15462619875115202,0.24735772796356542,-0.18698845733203923,0.2895893155682835
fx73170,0.18239052041029566,0.3714524896447372,0.15623886192441935,0.6545753812090422,0.1981540874431372,0.29556086610340876,-0.11101126523242198,-0.10797305090436218,-0.07358865229345624,-0.2630539130030878,0.08290244892931495,0.13438712762806615
fx73170a,0.19878927986963352,0.399246202039212,0.23428733533983312,0.6436146783094976,0.24512833227550426,0.27759882184046103,-0.0968245654427131,-0.05149137583374676,-0.09882208263618447,-0.04782987363447343,-0.15663572674529633,0.13722167273068206
fx73cl1152,0.2555799179396175,0.4838007946637096,0.2785443722868767,0.2848120541305789,0.20973047711806841,0.2349333211851494,-0.21339246276537568,0.05892517182093942,-0.12867334554048687,0.15130538532996635,-0.03918739750064572,0.15382811754707632
fx73cl2152,0.27768572262029995,0.4504575648210576,0.28437646433451375,0.36559126520647545,0.21795928550060922,0.5331753560319776,-0.18929791188659106,0.02219598566000145,-0.11866752013052577,0.2286142983416049,-0.029265287663900505,0.45181317163372686
fx73cl3152,0.282824777945216,0.487889940656998,0.36658066445722054,0.2800921132230739,0.47673118341196435,0.245745348428377,-0.19021245643003193,0.06919224892737078,-0.04761238312506465,0.15246209586442833,0.2239695946974186,0.16677641614250555
fx73k170,0.18430637208514736,0.39236874319188964,0.18302069066065738,0.5914851121932299,0.24966246865651628,0.2742258582730824,-0.11155283338378333,-0.10681596189453724,-0.1193402978183838,-0.15480987819978684,0.038935050543291286,0.13477261361827073
fx74080,0.0869198504548356,0.24803177019518946,0.10877467410769412,0.38370730434830563,0.2041212857851699,0.22791273796136458,-0.0482790409076079,0.045390752825337395,-0.06904308723976083,0.12270234352519964,-0.11481000610075597,0.18981934284396185
fx74130wp1,0.14305499510854497,0.29157979329563816,0.1473336204194731,0.4421567208951674,0.31518886992040457,0.21511000003686748,-0.08318955987558273,-0.03975523341204826,-0.11439798501712631,0.020519540868384197,-0.27420121960021304,0.23405796325949568
fx74130wp2,0.13766851494330878,0.31949197116859185,0.09115812174695653,0.5635205557785216,0.17864040186619218,0.20198073167328853,-0.07436761303174484,-0.042860760794191474,-0.1011434621262366,0.00869363173404341,-0.2392837970979397,0.1866452427600186
fx74130wp2mod,0.142460774137245,0.2921069024752409,0.17074190160839195,0.43939377615095915,0.24737423443494846,0.18385844827431347,-0.07437986179016748,-0.04286113725297276,-0.10090301491962146,0.007711409612033876,-0.2372305622062576,0.18394731674299122
fx74cl5140,0.2740353085705602,0.503593640830346,0.4667141645056187,0.3832968474867432,0.3243049610404728,0.4780199934091813,-0.06418049865494077,0.1428265185859816,0.014477048295318234,0.140851332236803,0.14482459457609442,0.46632367456261814
fx74cl6140,0.24737468975391705,0.4153034861139401,0.43524224630884567,0.2346750221008309,0.276626214255003,0.2619692497678721,-0.09411194133479853,0.06169386434343224,-0.02728450807624497,0.002650586889934515,0.0897211415490413,0.2540667638034396
fx74modsm,0.23425455140217236,0.5715021199649479,0.2637131717730008,0.5719878647231077,0.208247744264773,0.5453206127062931,-0.07367035956280558,0.16980088874009702,-0.07235685744825324,0.32134268648846653,0.05984105248615171,0.5189099500297133
fx75141,0.1773736072583993,0.3030236025006547,0.1505342867565865,0.4665386269261254,0.1655124308155001,0.2616341136436582,-0.1411077187008824,-0.08522919613765387,-0.11519172751238124,-0.11991169482296948,-0.013046761024312748,0.18420158791998736
fx75193,0.18096301982447083,0.4036680556050799,0.15673982525233318,0.6387413979683743,0.25978525802888813,0.2765499381708701,-0.13706337747022818,-0.16908700147648992,-0.06681676134894168,-0.3940419232605541,0.042602810859925934,0.1548347246174644
fx75vg166,0.1668926830175188,0.3574698568681387,0.01760458511123819,0.7529657811524071,-0.059783695061580065,0.2645789282442709,-0.12311555346981261,-0.14148974966486516,-0.13275496957356872,-0.15485382496454964,-0.36265596302174585,0.18833395604891234
fx76100,0.145324128545695,0.14535916110896416,0.11222786387545991,0.11016073458713821,0.1393745340975657,0.08117529242136654,-0.145324128545695,-0.14535916110896416,-0.11222786387545991,-0.11016073458713821,-0.1393745340975657,-0.08117529242136654
fx76120,0.17419654997828063,0.17505221048559969,0.13365159069665616,0.13414121218321456,0.16583219896797688,0.0981837716190528,-0.17419654997828063,-0.17505221048559969,-0.13365159069665616,-0.13414121218321456,-0.16583219896797688,-0.0981837716190528
fx76mp120,0.19997888138621148,0.4436637324989062,0.16139213057619275,0.609219553067188,0.2776099310340829,0.38586846088765514,-0.11549653246772625,0.09221312341369166,-0.04581367825280506,0.16542135920957476,-0.016792975926502383,0.3328970922391492
fx76mp140,0.22834962996801286,0.4471911675571204,0.18829319318311236,0.6133345357812288,0.2984348985397501,0.3599252284166131,-0.14202765470527076,0.045484029177802456,-0.06435156024719554,0.10456785057768425,-0.04941890240273079,0.30054538983913387
fx76mp160,0.2534602794566103,0.4485728180471239,0.18311393047784666,0.5957345504360644,0.3075230797258228,0.34820914774489337,-0.1723005667372281,-0.04626614987336787,-0.05796225392885434,-0.017797593636758705,-0.06125690038401994,0.27478245385626365
fx77080,0.1298329509621168,0.10466414995984025,0.09631830539464845,0.08298892535712535,0.11179112278929429,0.06166635431576001,-0.1298329509621168,-0.10466414995984025,-0.09631830539464845,-0.08298892535712535,-0.11179112278929429,-0.06166635431576001
fx77w121,0.18454850507868165,0.34242390048047955,0.3243805628808707,0.11738274389739745,0.20583068710803648,0.0544982526159166,-0.08144567929591306,0.001824317123605989,-0.07342292498476849,0.007394357575816307,-0.05016039950743758,-0.10697113518632186
fx77w153,0.22672169908249057,0.4488160298841146,0.27163481474900636,0.1535261449731803,0.24788072594329352,0.10629604788228389,-0.14278924061199,-0.012951388520619639,-0.15477685823835538,-0.007800223068941556,-0.10910914529178367,-0.12904292261332562
fx77w258,0.3767607975822138,0.48868667862275017,0.5433039322085833,0.2497357258094799,0.2501481388168645,0.3308251872772429,-0.23548543057153004,-0.1944587101005485,-0.17556329207280733,-0.4828531956648888,0.060163209517311356,-0.1247064547467924
fx77w270,0.3630837695186421,0.5773257217792461,0.3390742723404705,0.6424011452678776,-0.14409791106207398,0.8044713172986656,-0.22185666203039384,-0.2828969611149028,0.028031705724435474,-0.8743955167045883,0.45323676655025924,-0.5976241286657414
fx77w270s,0.3750451843358258,0.5223570720440246,0.4863505872561114,0.3935656133888263,0.13581502165314158,0.5937104229924547,-0.2415908996257243,-0.19307474824305826,-0.21083913080370267,-0.4825922384882423,0.031265389535630676,-0.29434361055364183
fx77w343,0.4586907333123291,0.6864962876631531,0.4491760726670252,0.7296614237795237,-0.08302258068612016,0.8297347530955449,-0.3097659373269487,-0.33225663206661393,-0.10914629133688966,-0.9424827372900078,0.39908664737237204,-0.6157064750233374
fx78k140,0.1385404554830743,0.3680638634230631,0.11539943513862713,0.5936864230719117,0.19958749626442257,0.04503741353970843,-0.086529998335753,-0.05506737454352521,-0.06602964016433799,-0.06970276744175996,-0.10619227791928472,-0.07648498579752899
fx78k140a20,0.13379250632394646,0.3947996854649784,0.03417066807675473,0.7512716575053615,-0.012256711993806225,0.25306420001577273,-0.09078256006647722,-0.03094072581830684,-0.14012510793861674,0.07635091950916227,-0.3073335427204211,0.12851189586200357
fx78k150,0.1288863801711495,0.37520397421699175,0.09974887140661809,0.6990691370374342,0.0737171382230688,0.20017866399964496,-0.11407832200303583,-0.05355148983556851,-0.12549277417655458,0.0052285699126275245,-0.2570513467109547,0.0921812981734832
fx78k161,0.13761762491329813,0.40319686844285246,-0.01741316527137135,0.8167285122841578,-0.1552072914501357,0.17299840068523434,-0.14442831217274563,-0.07233732544897087,-0.2247645439314903,0.01931098468627334,-0.43541858972701974,0.06988229574330539
fx78pk188,0.16759660550329533,0.3376347155202409,0.15331522825748475,0.5664447216978094,0.2630288967326436,0.16070688665682004,-0.13530962684223916,-0.18282808726391803,-0.11762307300961919,-0.30806153523029006,-0.19532217496197807,0.03567960182534109
fx79k144,0.1409381032331019,0.32790897712708317,0.0736799548062323,0.5652951425730683,0.10540341685286994,0.2192932250116506,-0.12764424014160142,-0.07220185207741797,-0.1693659943317921,4.121525610308388e-05,-0.35456478340028635,0.13467897288361658
fx79l100,0.13271227030475385,0.1077913918331472,0.17159013861785408,0.09882493447686827,0.08841268872242691,0.048901677591681694,-0.13271227030475385,-0.1077913918331472,-0.17159013861785408,-0.09882493447686827,-0.08841268872242691,-0.048901677591681694
fx79l120,0.1590705560996702,0.13019233761276836,0.20415226267809383,0.12182362979908139,0.1034399185627678,0.061107221314065305,-0.1590705560996702,-0.13019233761276836,-0.20415226267809383,-0.12182362979908139,-0.1034399185627678,-0.061107221314065305
fx79w151a,0.1737186052982116,0.3617908697074212,0.2756403930692772,0.28314170780867476,0.3098614545628685,0.1015171603149044,-0.14782551437139238,-0.10334117445058716,-0.07304519394327405,-0.1078021118889258,-0.06692361490638982,-0.10062272929351442
fx79w470a,0.46728803883086817,1.1682221549454976,-0.5140308818646552,2.7635634224476084,-1.870427574322879,3.177976732108075,-0.27830783405350706,-0.8964192747663418,0.7065278996762878,-2.832417878826642,2.005764981445285,-2.903417992502897
fx79w660a,0.5201808486304721,1.60120660006743,-1.0427244701750547,4.297378480739599,-2.9390980208695057,5.521813983166031,-0.37019228412757504,-1.4587531498340747,1.1930644985406604,-4.467165666854165,3.2209792804486153,-5.521808749311252
fx80080,0.10983380258491247,0.1731782389466682,0.09450082625109185,0.268702338502403,0.14417453146773074,0.19257155898042636,-0.0745198550120849,-0.029433646430936558,-0.060497522579985974,-0.04011370341797983,-0.08130781426245394,0.11862104838553221
fx83w108,0.17138588547621558,0.22523731605593988,0.2043095389232565,0.3313797087325636,0.22371277552576302,0.28038720772332215,-0.12408951902804252,-0.04238284031856131,-0.10848976761725676,0.10469444533920276,-0.04159515927934408,0.14824005645973967
fx83w160,0.21726277600471597,0.27238195545379573,0.23802825583667822,0.39249773767845897,0.31429856526521344,0.36575884299971984,-0.18782910800635605,-0.1086849812622499,-0.2182629708685121,-0.02614074337931713,-0.06195375823288576,0.1429458222711612
fx83w227,0.2636657607138514,0.4378729925840146,0.3491463253772195,0.4182480191222489,0.3797165910996224,0.34592793327083265,-0.23675383344680695,-0.19700592028105396,-0.2056320536928397,-0.20910842811053543,-0.1727707471689549,-0.094347261682281
fx84w097,0.1394340229038295,0.22206158311625201,0.20233315969858562,0.18467347570288906,0.21491817782166472,0.038016700745627865,-0.10945597274025155,-0.015382648525840682,-0.10403897200186894,0.03030256330161127,-0.12186955625823256,0.06722500342838658
fx84w127,0.1729924764297011,0.2815730130689284,0.2646172833658252,0.26285190040070133,0.302075360522171,0.09580158768785867,-0.13306065873141867,-0.025746036378684917,-0.12833197675301627,0.020681507032521692,-0.14168897944116998,0.09942663724957373
fx84w140,0.18772286065041507,0.3088892312961532,0.29352048436084655,0.29895527620101603,0.3452474045553872,0.12435192801972984,-0.1421226130877888,-0.027824090862153497,-0.13771194561539762,0.01702189122188781,-0.14915484636211945,0.11630895490810161
fx84w150,0.20967351660213504,0.30893477975276795,0.3264712557937326,0.2949879425574591,0.3704693643167625,0.12509745484337184,-0.14122843272614674,-0.05067876848578973,-0.12963665642516836,-0.01042732119696388,-0.1504769302320094,0.11030130249446884
fx84w175,0.2275549734873422,0.35944491622100894,0.33922228278298827,0.3561658159316513,0.40560478701461744,0.15071628797269684,-0.1874297496712448,-0.06584137243031454,-0.18630821656194407,-0.020442659733983244,-0.19387806998554524,0.11795819106744304
fx84w218,0.29071532144127277,0.3832549573296369,0.3749889502699637,0.36031876936424767,0.41287244618543456,0.11194459359031617,-0.26156413932519373,-0.16810666050933032,-0.2584518484871437,-0.10912697070338566,-0.2688458560914155,0.060658772302976435
fxl142k,0.17453965879338168,0.18007253063373962,0.2239673572754508,0.13345686015931163,0.1115551090545006,0.05356511351395451,-0.17453965879338168,-0.18007253063373962,-0.2239673572754508,-0.13345686015931163,-0.1115551090545006,-0.05356511351395451
fxlv152,0.16814767791686575,0.20271192816908418,0.2047003206601026,0.22389730801253227,0.0994550214769407,0.05467142274055273,-0.16814649115309102,-0.20271786342743042,-0.20468488409211538,-0.22392157597420015,-0.09943073834127626,-0.05468689083362478
fxm2,0.2814736380071673,0.26622750920143595,0.15128391796076554,0.2208062504434254,0.17730721977837874,0.21535151481634413,-0.07917148600165223,0.1477389900818099,-0.15379396018797947,0.24510676633717032,-0.09975373628011955,0.22793494732647207
fxs02196,0.2591271907200948,0.294000653908983,0.45995633952246406,0.2893076551670618,0.3251671992947423,0.18970761590014806,-0.13536373184726272,-0.11713718875801066,-0.2952198254238313,-0.015036084738302952,-0.12717953463959053,0.17618714196487054
fxs03182,0.19686766077000403,0.29737089904715175,0.25630749716242535,0.46548292511278655,0.23459604604771073,0.2843531209183164,-0.11435382842279893,-0.16357859836372812,-0.16320446559723595,-0.23125961639800088,-0.1008720473582771,0.1667109827666701
fxs21158,0.1803829021464251,0.34465056356229284,0.34529647969526367,0.18657369154663545,0.22536384279671312,0.17392767922382268,-0.1143233073709905,-0.055960424330545794,-0.29451690524937296,0.12439048554013715,-0.07283476388628145,0.14704220726840192
geminism,0.16082733243699127,0.35330453660482153,0.15684832672682483,0.34956004934944346,0.17536249870147178,0.2571451609276973,-0.15095128416289819,-0.1451602307016872,-0.1312674502413943,-0.16044712539356676,-0.08762374140666632,-0.14536791701618765
giiia,0.1408256618628811,0.21901403177914153,0.08073340048964807,0.1910554931927439,0.15172593681021238,0.10233537663521909,-0.11807579201655567,-0.11504447114126348,-0.11841020978693836,-0.16381013305339284,-0.1517268610659074,-0.16265934868472043
giiib,0.13195169389396152,0.20133209914304973,0.08981808510133221,0.20706716640559908,0.1261584312669068,0.0897559094198754,-0.10994795408721308,-0.10627933518836635,-0.10447261151721965,-0.142032781627836,-0.15235675691103914,-0.11809612404309319
giiic,0.12440798178288967,0.19110863475935488,0.08757400333295312,0.2220641839738931,0.11170838244113691,0.06997416800308358,-0.10309708153109737,-0.09832920880559254,-0.08501612219588245,-0.14030452800304496,-0.13886395169199056,-0.09305614737079883
giiid,0.12132907069490094,0.187129782531028,0.08600876251731547,0.22755381040289693,0.10470856913355475,0.06938041464519686,-0.10022912788788099,-0.09384008807546032,-0.07707832880399688,-0.14176504920342634,-0.1307519486256807,-0.08527695094879262
giiie,0.1099917954210308,0.16428518611232143,0.09786365238339262,0.2122083917165639,0.10340846540205223,0.08494131263586313,-0.08867759407972227,-0.060128415150529774,-0.06421848796805116,-0.13496938195912525,-0.10111495066561905,-0.05633877924115748
giiif,0.10425624287183566,0.14832326554200864,0.1159225798340966,0.17538434028985922,0.1327444405234017,0.08353062377600079,-0.08011162277589179,-0.03272769831052838,-0.07411346891002608,-0.11582222324760702,-0.0921716156079777,-0.04136588249215773
giiig,0.10776278362176207,0.14649440178187217,0.12042531023013882,0.16980373871346663,0.13749715434051787,0.08279183215727455,-0.0804903764931802,-0.0310739542234926,-0.08273113974218073,-0.1066765100481585,-0.09705375737717054,-0.03917155457314424
giiih,0.11483469506370823,0.14281772593095765,0.13012123823584176,0.1572824371046761,0.14778787943356328,0.08056619780524496,-0.0818034154090805,-0.027845977643645214,-0.09834524749086584,-0.08949530313421851,-0.10625806539465307,-0.035010709254454285
giiii,0.13364478995675344,0.1338820735611023,0.15471063176724875,0.12680071469689985,0.1695162767219956,0.07654973084082452,-0.08816998672655049,-0.016104682691690658,-0.13277743435857411,-0.04882326693587729,-0.12781318518675638,-0.024534484744609304
giiij,0.14759857059605921,0.128109200107583,0.1721805499266991,0.1063023548989974,0.180814547179093,0.0739770606730613,-0.09531158098953055,-0.00522050318655147,-0.14962272366419574,-0.027782577223455753,-0.13712645343351837,-0.018960571813707503
giiik,0.1617242899624882,0.12411984387588945,0.18705046067637224,0.09056719007066082,0.18558921257323116,0.07164607042806115,-0.10442502301524885,0.014345058702782833,-0.17276154657821585,-0.0007297017238269273,-0.14895583196770615,-0.01196831356265356
giiil,0.1700608855988421,0.12240699953990994,0.19405423221745277,0.08425000805429864,0.18558325142660248,0.06924825340180384,-0.10970395583322587,0.030214995577749506,-0.19125730708816088,0.02039560851359957,-0.15894165581043376,-0.006632842287806954
giiim,0.19328037024312122,0.12203484492052277,0.20886147248402992,0.07357552752269274,0.18035799542187075,0.05101077940743657,-0.1279770975712252,0.0938563698488714,-0.265574133154913,0.10451869540814257,-0.20117342910078376,0.015080018747731943
giiin,0.2067309238562437,0.12382750491178532,0.21539984414712318,0.06760826827447651,0.18327650048134703,0.02128960850093094,-0.14192247493119153,0.14331202247834499,-0.32048160225419065,0.16486195831448855,-0.23133041623882808,0.030339163568605117
glennmartin2,0.3836244485059416,0.442783476630095,0.2153773117743484,0.5380226868502209,0.16392545873120257,0.5950640800112658,0.06893243638490708,-0.17737145974541269,0.3059836352793213,-0.11145960514765031,-0.06559287220978947,0.14039421169691582
glennmartin3,0.468656866709287,0.3483148271883787,0.14420283183019034,0.7963724736140416,-0.172421072747273,1.1849791055438395,0.11057257100396195,-0.16729554569273566,0.12918573534236313,0.04885272846235325,-0.21112241228222672,0.2548216761497278
glennmartin4,0.3541065355671246,0.555080815689199,0.05756384711220652,0.9258998603915383,-0.24642650883835507,1.3815839437647073,0.05967541128894644,-0.0957759899317599,0.05019242460624659,0.09537959935207806,-0.2276630982518872,0.3545486039149676
gm15sm,0.12106116000236276,0.2462024724263056,0.13842338954133587,0.22437578270696465,0.20061191585662713,0.2177113286200242,-0.0765496238569729,0.0027355605943864547,0.05680273379934758,0.12515478753284157,0.09074119698563132,0.16039858706739174
goe05k,0.040302562279885316,0.09382690371920396,0.05287732095192572,0.12102716642147876,0.11943510891892334,0.13421700331498687,-0.020615937554518775,-0.003753468782557893,-0.01902505302039195,0.014827048000182632,-0.028770582273967272,0.017691883879979407
goe06k,0.07940520647550492,0.19982082430416165,0.08593807738544412,0.28446639796446493,0.20301800675837217,0.3172601550900798,-0.0405260346024676,-0.017956445319576006,-0.015415846741033013,-0.0139541362458008,-0.014882776833206627,-0.016981295581309376
goe07k,0.11636417181821992,0.29658568498800575,0.11696805177298136,0.434097038892646,0.2812231039214258,0.48569168327884277,-0.05825530851775597,-0.03129882352605465,-0.01170365468148444,-0.04057449367377752,-0.0018657625311569055,-0.048892793966199166
goe08k,0.15611243176782427,0.4025799129357809,0.1534337633063064,0.5966740814130613,0.3663850663154662,0.671916713738404,-0.0786832161627714,-0.0437451554356965,-0.01207855327394234,-0.06531586892111058,0.00919829435905217,-0.08264308727030303
goe09k,0.03359578123371933,0.058490490853031304,0.03456450195145678,0.06549716626187514,0.087961038670653,0.07239984654190565,-0.026812095149041804,-0.001387528485301083,-0.020139932947045903,0.014022521995174717,-0.02948073722350691,0.020716711337258272
goe100,0.11571105740040115,0.34316195900644847,-0.08873487410944564,0.43461077430988587,0.03278925123181372,0.28198337613935687,-0.05831703266613013,0.010482244234306253,0.0580427356656202,-0.0287748647811976,-0.0016057676426173024,-0.02445359210513952
goe101,0.133529466653547,0.25260528221437045,0.15202173376965308,0.17982937577817576,0.17275695114279227,0.12129626094253868,-0.05399252047414224,0.08228992922594397,-0.07693000162562752,0.14291819263186634,-0.056429912551678896,0.09328528103419677
goe10k,0.05299505585567897,0.09511055593487372,0.047453222467946365,0.12072265922808044,0.11828820618853732,0.13990396125007476,-0.04059729574393194,-0.007666208934401109,-0.019053105433308674,-0.0012470218624965035,-0.02285928936873289,0.004505042349525517
goe113,0.11277493252637094,0.2612400546220054,0.026483515027370383,0.3111097501777602,0.024606166436770292,0.2499702520357764,-0.04491832297995466,0.04142893029656265,-0.07484079323551156,0.08734177129088384,-0.07113501034548672,0.060026068120895344
goe114,0.06220735754279953,0.2673577159398768,0.1345012378607712,0.27286881839146415,0.19940664977789074,0.17491683490067766,-0.04679961862714431,-0.19072966573548567,0.08785043083172273,-0.02806013883882393,0.004976098880134495,0.04290178055650304
goe115,0.10894573439078437,0.26281782681584454,0.18048961280807044,0.25755302530308577,0.17910871057447605,0.16749460825701437,-0.07264229462774294,-0.1405709809108333,0.07377059327159594,-0.032536121990262054,0.024287058140272363,0.04730410871105194
goe116,0.10219708476168547,0.28549410844123346,0.13039103888178719,0.3836616403770043,0.09758185465454866,0.24075997243547412,-0.08710180383504192,-0.12143742573293471,0.1784774202575926,-0.19325292381654252,0.14649763030966095,-0.04070513237002169
goe117,0.10833043108317737,0.25479186628975775,0.26055713825274807,0.1924557968365878,0.2567151078066299,0.1835047993215219,-0.0789254018417367,-0.052148242544207316,0.06561674818938859,0.019684122133432895,-0.003190934908497107,0.07107342723002862
goe118,0.09553876459208553,0.3579791693114675,0.17082884646253632,0.3531863081996603,0.18278583806198978,0.25494521053984315,-0.05429193991548029,0.04080338734561545,0.0435948900537203,0.06313266056618587,0.06826410963520822,0.06844546370432512
goe11k,0.10053881102809548,0.191705885782192,0.07281278393346977,0.2686101602075714,0.19434026574332194,0.3125572062781964,-0.07804501381436114,-0.023284511406955054,-0.018196506493215525,-0.039065483011623874,-0.0078976843443321,-0.035289939108045024
goe121,0.1278066779342438,0.3074287942950989,0.04458600724863852,0.3334444238389986,0.106306496514325,0.23093643113874146,-0.10735113887124531,0.08274240909066728,0.04714056070695435,0.06585025048522725,0.0224201954516332,0.0940299328613906
goe122,0.14736779443712897,0.2941011692384133,0.09217594875247119,0.2616356117352192,0.13504081160843862,0.1422160581837871,-0.056408103173510984,0.05521161812443214,-0.032232227400417326,0.084327928357948,-0.02389109462528489,0.02433341064522909
goe123,0.1472064169450283,0.3103631568302282,0.08577724165595066,0.34811565106638814,0.1760378212522739,0.22934142033654414,-0.08031133763901523,0.2305999026963847,-0.0663910194588906,0.2163308004797869,-0.04286644553701702,0.13108478958541964
goe124,0.17838578201944294,0.3105062210047337,0.1594347834414504,0.3388115597603199,0.14450223863464978,0.2362530499449249,-0.0807011874775477,0.11854945632760266,-0.03888909157257374,0.15463687965914094,0.002569465212073469,0.08774421721284757
goe12k,0.149055254540309,0.2912896350056624,0.09620854742033114,0.4183128409496683,0.27823811763580186,0.4749230063855252,-0.11543605456292488,-0.03926183133514733,-0.01671663540463742,-0.07822336161252248,0.008327950986522923,-0.07731326081155133
goe133,0.1830562942404774,0.27215306261966615,0.14341958202976834,0.25343950628230666,0.16924234911683267,0.22407356090355496,-0.06664702096922616,0.07680240652400272,-0.054922024998863006,0.08552960788261042,-0.019044795115411503,0.08389693095680296
goe134,0.17005615293686063,0.3559050149169424,0.015703878564005957,0.49179869229565104,-0.0527209366281762,0.48068266547049077,-0.06470647770523454,0.04939757708439771,-0.10265121670925896,0.08871963888202236,-0.0844260816324336,0.05115382956671583
goe137,0.15780439153508924,0.3205979948746931,0.11818656999479807,0.31145002774357644,0.1404527152521689,0.21134627063116862,-0.07710946119832399,0.03573350585692026,0.0038173727390430623,0.010578378568840122,0.029662161399753573,0.010682931895169098
goe13k,0.19816364730503874,0.39150243524196704,0.12049927553319298,0.5767920222263375,0.3451606417119992,0.6680695976451753,-0.1526847134547986,-0.05615890960510163,-0.01453906790697193,-0.1174817541520407,0.023986403478833226,-0.1175409910544895
goe14,0.2633929194815023,0.4465551283331458,0.12741780730455324,0.41914478607546046,0.1963450723725626,0.22704401665651666,-0.1560298363136444,0.35857467487453776,-0.2965497691752805,0.3333058259527195,-0.12371239930211524,0.10953908835117414
goe140,0.15573309367740748,0.43822713451498413,0.01908254263846229,0.42884917604685496,0.06692035205908554,0.2868223748467,-0.09167654430824056,0.17057726239710974,-0.13037728050230182,0.14933112215373692,-0.001539517238982999,0.034043689952353795
goe142,0.14501544017001336,0.24991619924416852,0.09539972728042444,0.22599438940647062,0.14727700021108703,0.16014593800992727,-0.08203401800033465,0.1191281281457841,-0.07247392685328402,0.11277147359739284,-0.02515403654745002,0.05529172294146449
goe143,0.15575910231612866,0.29660641681805455,0.05038223772549347,0.30173239343595176,0.09890790463124878,0.18825151006313068,-0.10040671154620277,0.09545392407551358,-0.08879588956668696,0.10740668249582855,-0.02552037797996686,0.05147257824358386
goe144,0.14506787150796563,0.3043926936029783,0.11546098401975594,0.26044711367436824,0.17438922448530236,0.21609609833075846,-0.09119760301165047,0.03460078402950113,0.09754787313700787,-0.005091760708094965,0.07470181289377717,0.06051779431977201
goe147,0.1606502076823255,0.3160548589077152,-0.003787558171547273,0.32036934135842954,0.019059171866211776,0.17225533119506098,-0.08175606126296413,-0.01699783082019384,0.13151680077430566,-0.08275916257948655,0.07277779945028898,0.0019247852273164318
goe14k,0.12286121212621252,0.2587776566382082,0.08385865995466601,0.38921000212612356,0.23283635071382047,0.46333568909155187,-0.09491875306568086,-0.14254899045628727,0.00048748848831040026,-0.1718586957731276,-0.024705086713540703,-0.28020689030475937
goe15,0.24279344850588927,0.4555988802535278,0.14743417867793165,0.4386247795528485,0.2082975221494585,0.27857088343249253,-0.12739485019167704,0.391824042314584,-0.2770364883204559,0.4223907475678381,-0.18722065865243748,0.11484198434984778
goe155,0.1346253896886265,0.35366751820265624,0.06406737751519316,0.37549198089663355,0.1525054078636667,0.1864029783641177,-0.06778671033831797,0.12622107148903142,-0.012915878394798352,0.09655476247381908,0.0789851934373085,-0.018036434054358442
goe15k,0.15290518156734492,0.3269054866349386,0.09696910751164439,0.49918060079203247,0.27978715143109695,0.5907882796364863,-0.11866799593134848,-0.1794051317712563,0.0046592630665349966,-0.22410694102662942,-0.021250886029992755,-0.36182561539937946
goe164,0.188931991451978,0.39503847273914877,0.09288192753071128,0.43047405981218334,0.13180181974079327,0.3916416403428506,-0.0627506423721448,-0.009592771334851105,0.1834852507564742,0.06228111922731219,0.14694106145329983,0.10964197019011059
goe165,0.17218638849536336,0.4506241879847785,0.02481697336363428,0.49082957029112867,0.07820162975698874,0.42002718619127416,-0.05723151632964692,-0.11386159020418359,-0.06556710661261293,0.27794843133775715,0.008825190032458397,0.20414331133246943
goe167,0.1539792283951052,0.33255745652120405,0.17471845873834696,0.321529441890247,0.09476997974646309,0.2865111044734345,-0.08392475725836697,0.059810359625732355,-0.0628162362688024,0.002801825987877673,0.036230292455487145,-0.061065348544133265
goe16k,0.18525354844935488,0.39722933596423815,0.11427517501592316,0.6114835150981794,0.33009857875801824,0.7246564354869396,-0.14280897828823758,-0.21930539462358553,0.010948362944504547,-0.2808279131200542,-0.015832222220136066,-0.4492565686545837
goe173,0.16828666224083222,0.40962513293981334,0.039826608497842225,0.45001185403228317,0.07639063258898825,0.31049988796980094,-0.0440059793796042,0.11657851574093855,-0.008452032858408426,0.15133377340914622,0.01036716286660921,0.10501890629690103
goe174,0.1748436338483069,0.39071724417274256,0.07418346479937558,0.4039017948743958,0.09636664026476796,0.306857872939059,-0.06077402544813392,0.048828797058677986,0.061679022395276076,0.04409183191486057,0.063817608193961,0.048875305978169255
goe176,0.18871248753176117,0.39973717412811544,0.0648185348381699,0.45133305006256175,0.07726861463981377,0.3454578326904292,-0.059675152050491814,-0.09078695955945976,0.16232573181351231,-0.0033378283146368766,0.09332528844132897,0.09040041806931605
goe177,0.13499794433106924,0.36944085583495984,0.06667802470006805,0.33022195700841084,0.105690580993164,0.24707939365032544,-0.0592025451497759,0.0486703771309073,0.04288345854097081,0.09811301265008637,-0.0060351140825297585,0.09778462089708448
goe178,0.12965410171393732,0.35826453901393557,0.08770104271250732,0.29542167802767105,0.1201387989092472,0.23460568895638936,-0.09536826307011909,0.05792188533450918,-0.04257939100426729,0.10684347643671295,-0.02573325174837274,0.10719005074150759
goe180,0.16878813042690696,0.32003801578275143,0.10200838472671045,0.3347579519986361,0.1110138146369426,0.3026310939996012,-0.08408992483916747,0.04667564245713312,-0.03151105352927751,0.07396196381203692,-0.02386627591866676,0.0820855799016171
goe182,0.1797665984492488,0.41285916906338327,0.06069851122487718,0.3467607923892191,0.13103957490441173,0.21630256241179183,-0.1017498573673263,0.06555378434163055,-0.017451358750822585,0.14547490631873067,0.03955340337831888,0.06543742076538495
goe184,0.17239958228348756,0.3308299041017136,0.1368586448603002,0.30678668940513487,0.1639105851808462,0.21247014887323507,-0.09158501287441588,0.059991138592375357,0.04144648052819756,0.07519706098132223,0.017129993172909426,0.06983247043888893
goe187,0.17840717322453367,0.33213964204339136,0.09555012046913472,0.36650366070597623,0.09069325712794515,0.26624006629273683,-0.005476013326230851,0.033412679406959724,0.020975883167515846,6.536785628558431e-06,0.08233360702877507,-0.03787810480542894
goe188,0.17006889691679603,0.3459135733113651,0.04119551412517625,0.46374448214388486,-0.015693458909774527,0.35512041504049524,-0.009208623297629113,0.013869617142823103,-0.030574751220841415,0.04538099370716031,-0.045013297209760605,0.04787128400181546
goe190,0.2215893576554188,0.3382086552611187,0.23678989187670915,0.28527299047628796,0.2647685665927098,0.3280509783038477,-0.10365110171853094,-0.1156208829040518,-0.02210205744066404,0.23054494901815922,0.046349696673298475,0.15113417344117325
goe195,0.16742910931607047,0.27766628902008195,0.16628812270610924,0.2905078424820835,0.1855131698056251,0.28426847982298326,-0.09415890309193158,-0.0022306731064380206,0.03130792034304334,0.11834053517256923,0.08917021219699639,0.11450358308982628
goe198,0.17813630339001402,0.3725718329281512,0.10699830991756012,0.4399135784634934,0.17808059261540013,0.32995705651388685,-0.1086405589349832,0.19796069172724576,-0.04568932292731205,0.17885880201763205,0.04691058322948798,0.033125389463578916
goe199,0.16243659468763544,0.3910039410046771,-0.030989522388834623,0.5170001388339098,0.0003607845338346634,0.35703043465466056,-0.05630311083280529,0.13163557131124304,-0.021187887489961685,0.059521025113794035,0.07655632818236964,-0.10753330480331255
goe207,0.17896566988564935,0.5383539197835333,-0.033726132945717635,0.5191755535132249,0.010608791967699635,0.30025144804186454,-0.11642912054480596,0.27927673373358236,-0.1437686424122867,0.1818770206553837,0.0049933658328183035,0.011280196429768227
goe210,0.16281609793552002,0.2635469240312703,0.07370974126547741,0.3466830226355163,0.10406101921063678,0.23152302282526668,-0.049020274278082906,0.09376303456460137,-0.05486823681105559,0.12124540985792727,-0.012686580534739238,0.0841105576861956
goe217,0.4085590199196147,0.3857206664985754,0.37324319689526053,0.3973827882359737,0.23931125290227703,0.40930594082634586,-0.14371203924242112,-0.1648274047588159,-0.07911454877449708,-0.04709980597068015,0.3871825202292479,0.04030196158790319
goe222,0.25868236050228266,0.5328122291641444,0.2045244654032547,0.6076289954927935,0.32675904954836843,0.4913096324818053,-0.1307410928282335,-0.16778968363295188,-0.055817474126429706,0.08827041099862436,0.05192061218421227,0.1660157947123519
goe223,0.24162569831954497,0.5053907661889881,0.21440985959797304,0.5144756693438288,0.31224513338170556,0.3348661866465367,-0.11428484018525378,-0.16130661622315912,-0.14788466891562335,0.030164283771829416,0.06635669215872363,0.12080467006437044
goe225,0.22969198250635653,0.4423989927942562,0.18603429932681176,0.49803601230072947,0.29569893295709226,0.4039456447665755,-0.13216822244534124,-0.004900219005535802,0.006679853649319925,0.1544912979524658,0.2086457540240142,0.143176427874961
goe226,0.24588237695417478,0.484421900358352,0.21827237142954992,0.5016670455709058,0.32723464632802285,0.3310943881898747,-0.13929916117857008,-0.009000950331268059,0.03543471612198447,0.11794410071550773,0.22372785916043889,0.170575663446736
goe227,0.20520153874285985,0.5114549453832322,0.1644901631504717,0.60226629771217,0.23016450864400445,0.44794903998831354,-0.149090726973983,-0.009891441200640385,-0.03735197275933162,0.15671380226874496,0.1440915562997576,0.2758332659283158
goe228,0.268597824949389,0.5245130149020747,0.26847456955525173,0.4982948932599762,0.35552642949614655,0.39799426129268906,-0.12296927156107813,-0.12192591072750937,-0.009799617743701097,-0.014030668711958433,0.15769538097940314,0.1438813635190796
goe229,0.21234490305925266,0.612410523130181,0.09034104733709189,0.6643109456701788,0.2228200137283522,0.41314755105543416,-0.10858335837594557,-0.17684914494586776,-0.136934996516015,0.014678482234842374,0.076534599556662,0.11779092937222088
goe233,0.2210345561343662,0.3582660726009043,0.2339261734131432,0.41188480814948814,0.2689872760453148,0.3240679671362364,-0.09294441564972025,-0.08459464649245728,0.07903808482613475,0.2943585660033174,0.21699493184746543,0.22700248848376675
goe234,0.23917159165926447,0.46745657086964854,0.17498677478381439,0.5663639044838055,0.2412220119652306,0.44847678467811103,-0.09522416300830934,-0.13989611478625205,0.06049055343080646,0.353886378494622,0.22044895323725275,0.23477049167316083
goe235,0.16262087143044895,0.2308484046374723,0.07378059094391858,0.28284611633692724,0.0842199535630092,0.15297221476049638,-0.11734088796631183,0.12674148957736273,-0.10451307608404382,0.11572875011755158,-0.0515748001236632,0.03737547077446577
goe238,0.19699855630517152,0.32393662184201116,0.24461452915054202,0.2901772871064835,0.11142091340137057,0.16582258419071322,-0.11202819510489863,0.133382578602518,-0.09143001935480477,0.13830540832797103,-0.10185228626834635,0.06429484707227542
goe239,0.199903283918654,0.37500409018281783,0.1907328029439772,0.36395302781086514,0.23039961262901487,0.32264106767200246,-0.10159589494029882,-0.036654886416588414,0.0554772173610765,0.08145052474498407,0.074650719290488,0.09047862824134652
goe240,0.16030063563639538,0.32196533148114354,0.07363226441374873,0.37618662520221463,0.1193209496033033,0.2585920026696063,-0.07163105076642484,0.12077204389331199,-0.03467813669000158,0.14426476415919187,-0.005200678545583631,0.05608082968662852
goe241,0.34880007032970284,0.5868324246890493,0.23837661190964193,0.6174337107638376,0.3133685492588987,0.4672938488313187,-0.12250591797097718,-0.03270659561539619,-0.1506667259309434,0.17990592510857267,0.2047083756342447,0.22550642618052882
goe242,0.24341213977369258,0.5151602453936661,0.21861789137119436,0.5446064056842278,0.25725431688085015,0.3909128380653778,-0.08453409131105814,-0.04745330236025437,-0.1215425455948561,0.13647799727895804,0.2574223349642674,0.2625767842209222
goe243,0.3558045149981856,0.5567040186218002,0.23614560145313668,0.6102788967181196,0.33084438148898637,0.440295576066197,-0.16390757397801917,-0.05730327876334325,-0.11718094256066883,0.07629127142120787,0.37802327338384195,0.2325365836625452
goe244,0.38401765436073193,0.6035276238539377,0.242328010649964,0.6342983045403187,0.40540525481560863,0.4694735022127315,-0.1320238348304402,0.004352166208905363,-0.010707308995046176,0.16821696379170384,0.29027437447651017,0.33102064615560367
goe255,0.2384791440021866,0.4944256000175927,0.15104154722386162,0.6072705948295956,0.16492146346492043,0.42974712742755133,-0.1215053218357108,-0.22647518940585695,-0.02620608388873376,-0.13655824228585328,0.0168482271168912,-0.07553428023810747
goe256,0.21918579336351612,0.44971371773168123,0.15928459294701242,0.5031542295341048,0.25180900938221984,0.34285542424022,-0.18760480961409504,-0.009902633620571824,-0.17293352752503865,0.03361732618844383,-0.152421060271575,-0.10003377722945922
goe257,0.1333382194548577,0.3424242721913901,0.04518727703530781,0.4306621963274122,-0.011825446049512689,0.36306970597987165,-0.06583948629207216,0.034060088234424614,-0.0009084166984114211,-0.07737197220802161,0.12238051076116106,-0.15109566458666174
goe264,0.13190717924827647,0.35192983660577465,0.10315807304966132,0.3138115940718894,0.1537103700399562,0.2591056952999971,-0.08921246627800393,0.15370814716505096,0.05563838002984804,0.054083396318019686,0.07501988010604685,0.046657211358197156
goe265,0.22952969806025353,0.3739122009160367,0.16731868222291363,0.3503993780697625,0.1577803824422865,0.22796440506412147,-0.08919866003049946,0.1818864293874276,0.08236294346630602,0.14274435179974704,0.10045176721496282,0.08188352005043706
goe269,0.1666945747690453,0.2929105669442598,0.09964121711934856,0.3350173252517354,0.09149205210265246,0.24354214615820965,-0.1093736429457454,0.18622544583261658,-0.08552927605292306,0.1668898145446422,0.0373495500860687,0.01994785253306304
goe274,0.1754778292848525,0.3903975402913819,0.010719881206689819,0.4390421960594779,0.09757332329851791,0.38613473819132044,-0.0743062110651688,0.11921853456316428,-0.10158037535894973,0.1257883321386924,-0.002674037441947872,0.024737749877325105
goe275,0.2046386897209119,0.2942890079004295,0.12439171552982062,0.2744851797251888,0.19102944111028752,0.234809287820072,-0.05451297269163554,0.10741937434058875,-0.08239444830077486,0.14967885205327855,-0.03182989726824172,0.10481235487468141
goe276,0.14463330636362257,0.3351203809547326,-0.01829642432831069,0.4061888496080712,0.03589919887929517,0.3329367084816724,-0.061597619734059327,0.08132599044455946,-0.05019413905642501,0.059101167785814174,0.04215282881394004,-0.017365027652159522
goe277,0.15796281919608862,0.33916678557848984,0.08683899416628633,0.3098594156380116,0.14604112973643535,0.235076922125752,-0.07528784643834258,0.07353214595049973,-0.05694261979641825,0.0800141948266654,-0.017616674476609376,0.03378431935748897
goe278,0.1599788011108209,0.289803308936554,0.11107560562465602,0.26260319845277164,0.19457809654165015,0.20986573667674607,-0.06225484410942419,0.12914601428708639,-0.1308397423347898,0.15694906895888336,-0.05338231564346412,0.04589584978429169
goe279,0.19159117840536813,0.2873458168416056,0.11549592863935068,0.3042746118966251,0.18679294892385725,0.2646194063723868,-0.04008644624837697,0.10219289681825643,-0.05144049755215987,0.09783359634628669,-0.006878255741993397,0.05389941490658869
goe280,0.16900714862054678,0.3618427310221292,-0.0010486467498242724,0.43446963264569516,0.05655711960552369,0.31943168252482984,-0.04506094434143394,0.09746702160496709,-0.061508481305801894,0.05488596285756923,0.03118286326962369,-0.02558297626151466
goe281,0.15182494334127747,0.34754313866205727,0.03712768331394006,0.3996034143470103,0.0936930769557835,0.2869874262736424,-0.05772585966901628,0.07896690223168329,-0.0614821865825721,0.1035597348304163,-0.001501837160597682,0.0024885806495103984
goe282,0.18027512379592303,0.3703574633411927,0.06697684092169515,0.41767696505293445,0.11891904317232149,0.3646140159818968,-0.09098882602437751,0.0048445951898693634,0.09964276710725206,-0.08177764683897154,0.13383897034312714,-0.03938797176316828
goe284,0.2807422423029714,0.4383937349960344,0.29775452054815676,0.392667135329538,0.24946266901834802,0.29749579361123796,-0.20213788713569616,-0.11223938409576073,-0.011198246193077889,-0.1628341693761716,0.01806382502016304,-0.11549242833196931
goe285,0.19663047024324787,0.3617784183410533,0.0914490161652953,0.39348523588456985,0.10240664965717489,0.31592467284463505,-0.14721994919818165,0.005542453495247124,-0.1045834562501664,0.021153641996805136,-0.08746897097647376,-0.013237152682547547
goe286,0.1786938630497509,0.32794095066903245,0.11279615391462589,0.2928169633498419,0.14248175213264466,0.20669673999390792,-0.0953360094537819,0.050267364894726926,-0.06259054466146773,0.034462362695034846,-0.0030739970289916955,-0.039265140353649884
goe287,0.14637490687368201,0.3801434570664896,0.06963794444616374,0.4102352859689067,0.06844048687391512,0.20147326809001534,-0.07649760482609237,0.08402773716504658,-0.05314073957390318,0.07552352490051,-0.015544192374141568,0.0033589314928060424
goe288,0.24221617355685357,0.5186559905271678,0.17290362117324357,0.5108270578829579,0.17694016651605235,0.394811090917892,-0.18340786904258774,-0.12769418018496964,-0.05731417835606076,0.009698009005020505,0.03389117232929203,0.00469720392050625
goe289,0.2093277453483074,0.5360664609607602,0.21221676980955528,0.47804198741271664,0.2851561287668627,0.3387962617502126,-0.16319463138696874,-0.06052747511699376,-0.05687364266154471,0.010409790603018058,-0.020599711413625224,0.03631039192165248
goe290,0.24647472440704327,0.4269786720979297,0.22953327859386569,0.3766162810951578,0.18149386869630385,0.3252439765352079,-0.17805728296261916,-0.1464705865525937,-0.10077880023738792,-0.10084115803930348,-0.057074817139462414,-0.11198380711550182
goe298,0.2529992786890075,0.3528064252850186,0.12619808330072932,0.4390142814401625,0.10047898147785223,0.2655820782135151,-0.2276839961267125,-0.0064274984684660995,-0.013531602092666597,-0.042370774231321975,0.006570644661241137,-0.024470108054750597
goe29b,0.23077611705321494,0.4462039571840939,0.08627412354268046,0.43528137262915306,0.1286004181928721,0.2389920849365955,-0.1538248546256363,0.240530934697122,-0.11443653251336072,0.1806020592190195,0.021305095768579002,0.06848361643915306
goe300,0.20808034177205853,0.41253637316320135,0.113736107883081,0.43199899353104737,0.16628699902712843,0.2862460458042892,-0.08087501708178459,0.17273897625684503,0.007018226720310439,0.09996431813038172,0.014026225400418507,0.08219666431965482
goe301,0.23248409484045118,0.39369938940476895,0.1691742865833057,0.4156161495348476,0.1735958146619,0.3778100032294046,-0.08941431199091025,0.15120436701601475,-0.0670219262987867,0.151073565208155,0.016842012022077753,0.08694959934248922
goe303,0.21825338779623413,0.35220618380593444,0.1681112275267014,0.3919633808953393,0.19001854469982382,0.3443755224383206,-0.09167749502797583,0.0816820070029361,-0.003234517803177475,0.054118394275898624,0.061027896864827146,0.0005446779010280827
goe304,0.2313477366086364,0.3188035285542065,0.20510247638920917,0.36887325802003984,0.21529330594546933,0.3049946522900263,-0.11939828747358851,0.18005889040258768,-0.0992885547762882,0.21567094946912954,-0.020439551662679564,0.0833129791112297
goe308,0.14994947560058705,0.37523021303858045,0.07046033621490685,0.3493865401788213,0.15235954345861377,0.24245361486599515,-0.08900267983280113,0.10144551250999743,-0.018739365067759063,0.08824236204325675,-0.06901876953073668,-0.017005652654780868
goe309,0.1460407086783569,0.37682705882228235,0.03892936652287174,0.40102396524001593,0.07867960016042454,0.22741431891591218,-0.0748646361271141,0.05389892511174973,0.03008718418323088,-0.023234692720013793,-0.057852057374989455,-0.07475608284998517
goe310,0.1464061111961358,0.285026663096522,0.1742528421447224,0.25478284472344637,0.21835948834859215,0.19375915037333946,-0.07443452266781406,-0.04863047904619722,0.16101076930743996,-0.04651533546131363,-0.018074088683724086,-0.04751374906985763
goe311,0.1702638614149094,0.35385561646162345,0.1852939140638261,0.3108191921050064,0.20634584293789157,0.21698955288487815,-0.08398900302719409,0.02374257471084447,0.1886023920903735,-0.056854136334453166,0.05311733527464035,-0.052486560041128213
goe314,0.17028431229690438,0.36059741890589286,0.059262477632985866,0.326780882594771,0.1247935365408187,0.19542038017946137,-0.11151001514734932,0.18334837379415256,-0.17228512324248785,0.20679891668228112,-0.12103263639954544,0.06183865259679286
goe315,0.17254857894436043,0.283078128889886,0.13464553144191588,0.25620839168149345,0.11331235213603039,0.15479869324740733,-0.08377047525599204,0.14017186196331216,-0.16806588724070126,0.15448256209999361,-0.09147839436484538,0.05208629057476416
goe316,0.17062663051123098,0.35423494932539934,0.07649364900308485,0.3389447453523837,0.0773974611252352,0.19113858699520703,-0.0828353810381211,0.10733035937886458,-0.1363735541557318,0.10172922721868416,-0.05912593048151423,-0.004296254138841949
goe318,0.1608524046712766,0.3610759161627531,0.07016056021366503,0.3781383539442006,0.01862334320523215,0.14495222639396652,-0.08921448253625355,0.06595785625369062,-0.06083838502863107,0.03953802679195077,-0.021394231077892935,-0.017976826562526648
goe319,0.2682113923057861,0.36130757982107187,0.1637176552458197,0.379972247747004,0.17931723179162795,0.21711537286390128,-0.11369235385063999,0.13863394121418432,-0.07796733366546241,0.07557684161405025,-0.009269975225076759,0.011899314512783797
goe320,0.27715501646728435,0.5063035408791413,0.0048728577158342334,0.6579776513633588,0.06563061812301729,0.34093043455938654,-0.15430497480766298,0.16203582290143284,-0.13954134964232992,0.10383705109176075,-0.030012626729998222,-0.012490625533927435
goe321,0.22574160353507394,0.3933487080213773,0.11902765139247629,0.44139583671978916,0.07165003145275049,0.2500359941294755,-0.11073302297821619,0.08715443940100337,-0.08306200871585562,0.02918276466250882,-0.02594697713157785,-0.0261974241045051
goe322,0.22042238087007865,0.536173364234926,0.02299308039849282,0.652648394766635,-0.001716408515180453,0.35282532895775043,-0.11485804776816247,0.06538604019002937,-0.049852269824303005,-0.009578993596376284,0.02209287258705624,-0.054870192266027046
goe323,0.2322957362985222,0.3779919083595585,0.1678402053525084,0.36478683990817695,0.062427765920563094,0.16882604325307782,-0.11839864787313635,0.10126709834524067,-0.10961379495277424,0.08218929139639526,-0.07473292109179297,0.028261498015437
goe324,0.27335607982935495,0.40989704655759207,0.24422569995382098,0.3732864289708925,0.12120553330301351,0.16619177053320666,-0.1245317347300762,0.11034942401141332,-0.15525594357407468,0.13245901355728032,-0.10729462637479124,0.019951895309705668
goe325,0.14989206708630998,0.37551803567838044,0.05938251843005957,0.32433403480059675,0.1467256624804689,0.265119444701385,-0.07619763110525517,0.10301472561832628,-0.08266084635861498,0.13778974133375707,-0.05918527091745449,0.09392747617771652
goe326,0.1663004304202711,0.32683135481812575,0.0987818287275454,0.3398575956164136,0.1337415582365646,0.21633657678223664,-0.0771646842834073,0.09407222156609363,-0.05935753009112356,0.11167323628472513,-0.020706234452155196,0.02355800184088917
goe328,0.13188164689130447,0.34974599224031233,0.03894819352803211,0.41533591237631623,0.03738555238481473,0.3000719802054846,-0.1115008803969163,0.14213756346377857,-0.15026021121400787,0.18086819292978645,-0.1057250494601529,0.0872736750522489
goe329,0.16025761377225076,0.4340378542047796,0.08592235755099253,0.4375256477943992,0.15289863610809762,0.3096221167688152,-0.09242535172227032,0.11740005943822995,-0.08660385011569877,0.1019899683946304,-0.02406294096380201,0.024312211688975748
goe330,0.17414700833726163,0.4278461278171843,0.09465121985727584,0.4339851566877108,0.2153310171019197,0.29621375507580805,-0.08886485329192041,0.10689467710961169,-0.08999535265293744,0.1433359021041125,0.0008511771961666973,0.031432075229999155
goe331,0.24663143993129302,0.44372658500503914,0.12598342677497737,0.5142076117133801,0.1984949620179502,0.3596456243124771,-0.0774823641099924,0.18737100293832443,-0.13251738530876697,0.20659850047070027,-0.05322804228316674,0.08301816253099772
goe332,0.2053012960772971,0.43164221321618257,0.14627511757938133,0.5234954301314687,0.1383844247282402,0.42954865718642293,-0.11935213765680072,0.0842456594052437,-0.04088657661159209,0.06820315585399035,0.021022712016063812,0.04401115770394883
goe335,0.1340614656197546,0.3383692429149111,0.05304010766081711,0.3392788077844999,0.11478971972145116,0.2140254149209012,-0.059946120492930036,0.09803538712455429,-0.016748942245639192,0.1376383710799074,-0.03881560670039591,0.10173056505482671
goe336,0.18480653720982074,0.329485722531943,0.1801663997323488,0.32241624835257915,0.14218535817960054,0.25622345422163934,-0.09638224072107834,0.09766951867747127,0.007283786101258377,0.029039830252651614,-0.013317551002876066,-0.09939782810309605
goe342,0.16212396169354135,0.30415478649320865,0.08086380924067588,0.4072457234630258,0.14358357347484116,0.31028437883876814,-0.06050024942036618,0.21165423327181346,-0.0487713908429698,0.25806575041755586,0.03782235197802891,0.19092431602473972
goe344,0.14817553592546698,0.2257689005502611,0.04017387148320496,0.27467432469428066,0.04099624294349369,0.29011184162907044,-0.1064549785765665,-0.014087266874915894,0.03549784933388326,-0.04822973080096871,-0.01668014538425302,-0.14121553946453969
goe346,0.13762956045783178,0.23125960028342551,0.07083587655587088,0.28319320031970874,0.1189367109373673,0.19955376605144373,-0.07463305630014776,0.16152045962367637,-0.1171080296819503,0.1345227413598455,-0.043431213109424854,0.03153939841643881
goe358,0.16352027842355638,0.36981919240658584,0.10024120607509507,0.40020106248926135,0.14742084092069313,0.35792427026234624,-0.09944991719708211,-0.08312218356517145,0.018722818823916385,0.17567069635569418,0.09846115944011465,0.16341477817310449
goe359,0.1624794409732676,0.3959139372910988,0.05606505527089256,0.4499468536302746,0.06577732307404625,0.31685681343395994,-0.061347191328530865,0.11697889396424575,-0.008792050231232959,0.14909300173372042,0.00815566791262572,0.10171488799891822
goe360,0.1753217784073452,0.4238591917535839,0.12733358527304314,0.3691098183170579,0.20057778175762583,0.21030172938009076,-0.07814010209783645,0.16246528370224272,-0.12572331797148173,0.18033951799395292,-0.07378478762378862,0.06561626157765596
goe361,0.1388774158438135,0.38104492513845567,0.05122410659726778,0.3385839058688092,0.14062387705816998,0.20314094190411183,-0.06622557843937858,0.1518333397806977,-0.03700791919947698,0.18490896091196346,0.046187440350802245,0.13441942766874587
goe362,0.17183807430357262,0.26975714811613616,0.16775089492266274,0.22826510976169068,0.210500849642804,0.16461964382098013,-0.04940739252133117,0.07504185684464777,0.049082438468301966,0.11294366077539793,0.07289696760271554,0.12314179430365824
goe363,0.2260170355368427,0.473391173800326,0.0036340179722232357,0.5259790657839543,0.15532783696125332,0.29082975055072297,-0.08386781263705881,-0.0070779689490458285,0.07510558832093503,-0.015392217441501203,0.04122668585102137,0.06304551479759972
goe364,0.27620438096249306,0.38592703658559013,0.20607198438767788,0.3824079929938593,0.22563408748285252,0.272185612283068,-0.06443141100770405,0.10413341351857947,-0.039558945095342475,0.11554317735133329,-0.010505551915247081,0.06569743699069686
goe365,0.23224088729690814,0.39484914716506075,0.10781047165856167,0.47571673586299523,0.1634734752282507,0.29684081072570434,-0.07320727701022937,0.04976820349733703,-0.10707684310732853,0.08761929297286086,-0.08639469108314951,0.049612739727061414
goe366,0.2580673099939369,0.4823181436384597,0.19818295548602888,0.5074702562752159,0.27336400360969815,0.4024855986479745,-0.1214496506201985,0.16476306817930728,-0.13583508578330056,0.16182169979564415,-0.04292577880716945,0.07947129931971945
goe367,0.22473191845446355,0.40248444863849686,0.25706903471131143,0.4087496938672788,0.29883244423692024,0.31495076256084903,-0.185701032087989,-0.029809993631853188,-0.14328425404420164,-0.0202513101519977,-0.16578548805694693,-0.08711570390256895
goe368,0.13951626779267168,0.3583478499961372,-0.051082852518182786,0.35532465473639163,0.017542158393947026,0.16505451941021596,-0.06844438106545465,-0.05336683220029106,0.17157566223257883,-0.09421890911890209,0.05977793861551902,0.03943579127887939
goe369,0.21785884339565453,0.21671606015396655,0.2133276196997039,0.23198033540465263,0.14511276200991183,0.17501010066837933,0.00422412041584885,0.12613431138400324,-0.007533899052228905,0.1732077648486012,-0.026207806871753128,0.1081610064674616
goe370,0.09856821928990586,0.28276522861718234,0.10401227763840529,0.32214935165604147,0.1545261780721931,0.21262149491451393,-0.05330451142640298,0.12872215278476573,0.07321553642983443,0.14381096702012489,0.04403400116508495,0.08056597111087332
goe371,0.1540759822732971,0.2684528647370834,0.12499189435257363,0.27439844539006436,0.18436610683294644,0.18133808614789865,-0.06021395949703748,0.08688899171084077,-0.04078558000500156,0.13777430732492393,-0.0007066800915915337,0.08944851901341701
goe372,0.09295645839764242,0.27200343411403355,0.0818904892579767,0.2926611301916989,0.14158660239738113,0.18606128632597507,-0.08410114609599884,0.06331028696782982,0.010258983901468954,0.08861137229125617,0.02587944811137345,0.07271508846366684
goe373,0.15581848988503638,0.32490428058784127,0.08191138065891274,0.3118655963409371,0.1298175540199486,0.19260456835523596,-0.0675490742689041,0.1753366937654698,-0.10412756847991962,0.2198893269674615,-0.04037869460698974,0.12101516750756294
goe374,0.1622062354013057,0.302113944078389,0.07714281629576013,0.26223253917319644,0.15166906865194096,0.15442872616638986,-0.021494994308270662,0.11137967340351868,-0.06119937897853648,0.13439299710046015,-0.031858493270045835,0.06428910252183227
goe375,0.1901564924671272,0.3177453970726114,0.016582369723709717,0.33624047471729757,0.08715595635718075,0.17075522286435504,-0.014138353027178457,0.11769375069420981,-0.09484710038230099,0.17634534355950585,-0.0665099353432471,0.07563420628181294
goe376,0.16126108366646857,0.3280360527780609,0.05915259870516022,0.3380921619437715,0.1099764007035968,0.22390505985998857,-0.05637459076146158,0.15680102319364253,-0.07608221004662749,0.15833707117370455,-0.010318175553272807,0.05435677647167766
goe377,0.12615559612657115,0.2705239230793864,0.07523807640201505,0.26251719785788225,0.16737402262196782,0.17213100542314633,-0.05457598221990725,0.06584781469076696,-0.01761044212269916,0.06190101203911292,-0.026833833442378614,0.018746179415944607
goe379,0.12941435246722685,0.34757300851846124,0.07646019967412854,0.3231382640518149,0.15814407987764595,0.18066562763766536,-0.04254018027245832,0.12908307909213115,-0.006332660407593817,0.11977732375557683,0.007816842816111873,0.014646946752254118
goe380,0.15919546664189987,0.3602157831735484,0.07763479949882626,0.329540740029769,0.167602931966031,0.20924138763142514,-0.033155346541183385,0.16311320612973348,-0.04325477883888805,0.1655245959835585,-0.021048733903358804,0.05151644141318471
goe381,0.14957086051475493,0.3965462101102724,0.02113884995570972,0.3938600453733427,0.14423617199914773,0.2065201920924915,-0.05167483843889908,0.22577563977485554,-0.10773032283204705,0.2320751180107543,-0.04859654034685881,0.10133930836225234
goe382,0.30455451461990823,0.556748954471393,0.27345627838760495,0.5120501972894116,0.32772664751519814,0.32930249426022207,-0.16378426178797645,-0.0839233360089755,-0.10370083125668896,-0.09209318068188276,-0.06633184063364903,-0.05992105911295878
goe383,0.34827455074245217,0.40939324743515193,0.4026255832970479,0.3605458693977197,0.35898764304800307,0.2908949137296077,-0.19257334474714072,-0.12475985668440237,-0.10836553118623227,-0.1515522466124098,-0.07418717570341507,-0.10130395954621314
goe384,0.2883464439886809,0.5973409902707302,0.2504419430108739,0.5714296575949847,0.33028215863425137,0.35970721964881924,-0.17479422982075793,-0.023781777028665504,-0.11141965323559483,-0.024550222967345287,-0.05344736883757232,-0.05528060346258143
goe385,0.1701383081381009,0.3470859644801686,0.09754007382026159,0.358735867899974,0.1158794213993484,0.2396292460829904,-0.07174259198736026,0.037204645311834754,-0.07852881245847582,0.03240689162987013,-0.03126792097046909,-0.01678468533668786
goe386,0.3443610901347424,0.4977932901801694,0.29223631792049226,0.4612557550193282,0.30140641794174655,0.3687180071838979,-0.2302265904690948,-0.1397154739202796,-0.059224141216983786,-0.131191144461057,-0.04603722238576732,-0.08327392725924472
goe387,0.2627444763630183,0.42410241109880953,0.2180433189821035,0.43890422782288113,0.234818033604652,0.2796698971872352,-0.14699532987025926,-0.018133318809927045,-0.07553099085147866,0.01886313647211873,-0.041996657582664756,-0.006084378754553543
goe388,0.13762504128394376,0.4394222938845146,0.07510921038321405,0.43502597685613925,0.17200069039244187,0.25888122514694506,-0.10359444954730705,0.060745096580698266,-0.04549128314574123,0.10328844898985379,-0.01747035521776558,0.076067526341166
goe389,0.153279614540488,0.350600792313491,0.09466607856363565,0.34919723485441456,0.1482138347680375,0.24738929429698137,-0.10301774043403779,-0.009630252564560304,-0.04881523896499196,0.030728536394303695,-0.024425774404571967,0.01757718320249926
goe390,0.34398506758324415,0.5805010638419057,0.2500692994337448,0.6097605449120065,0.30335913675155407,0.4229203165968295,-0.2132285038479376,-0.06160254220790454,-0.08122134066693212,-0.039173460569454414,-0.02039689766016782,-0.017788652126561548
goe391,0.10778917191629264,0.16775287470970435,0.11619519329836499,0.17092725516332796,0.19522329310242809,0.1668905841465769,-0.039526762431439946,0.08296742288427551,-0.06306466771358064,0.11060223320102848,-0.05930523315537111,0.04947317884528986
goe392,0.0902835973347795,0.3748477985569769,0.12723495076166114,0.369144456042789,0.17857149795112562,0.2987800632250491,-0.03907676932826114,-0.05491980278211457,0.017524339413702326,0.04046307837692858,0.0069026472038679594,0.10453881157663575
goe393,0.14922127114253045,0.23157206918258794,0.1686079731884373,0.14132872726593307,0.11972366552058974,0.09702423540460739,-0.10382810094337293,0.12137816591316435,-0.003039990294501839,0.07718424309181939,-0.014154065352127286,0.024954720673787584
goe394,0.15233913720709097,0.29187116825018977,0.12287598753487378,0.3345418619691506,0.1575963419256236,0.16894383389031392,-0.1010381473142956,0.17090926678246948,-0.036078859202377245,0.2726541008116258,0.012719876363520222,0.09837842583237044
goe395,0.15986508400187063,0.3104404241073053,0.12286629679895292,0.4173520432481597,0.1805288060722948,0.2170807131398369,-0.10271102054323687,0.20989388902533732,-0.07657973400508271,0.3983561517279218,0.013031045246987978,0.15599941430190004
goe396,0.11089363132661352,0.2634452071360301,0.13664104995876822,0.29149730617292413,0.18156946887592731,0.19685417333792865,-0.03951028547184599,0.10015811953750106,0.1198517092425674,0.08964586649754258,0.07954849134423904,0.07270220634628659
goe397,0.10817351178578409,0.1889316801336276,0.15194754322008966,0.19458138778456796,0.15194323456651432,0.12195271335066667,-0.061348880425992264,0.11072898578101166,-0.041988658145505627,0.13130563668310413,-0.026122363962011945,0.0595103513742968
goe398,0.2730651854090403,0.35875944540765303,0.22623185904922427,0.3674882608518355,0.25241882248110803,0.2725196229279726,-0.10935853022544369,-0.05983265857128306,-0.03198072100688244,-0.036000056245420305,-0.00704243312258724,-0.025967467529652326
goe399,0.12822447841121856,0.2572537183667432,0.1470427566623368,0.22603716613585448,0.18841680982779574,0.15498301294681552,-0.07175088980500144,0.08808426633254889,-0.05071740934610836,0.11435389952867271,-0.017771395196474745,0.054560420479551876
goe400,0.14810715208688502,0.26552884280318045,0.1389200856521965,0.23646700420328687,0.12339329161158119,0.14241047327313325,-0.1056951262810109,0.13667154580080187,-0.006274603971337944,0.15594928395072452,-0.014403739362380135,0.08222381656356141
goe401,0.15558128807823154,0.3379414205015805,0.07280859546640298,0.31731784275099073,0.11215158818721588,0.2061130246358518,-0.10454639637147568,0.16563304138862672,-0.06732869375918189,0.11293679222887561,-0.01587419563639276,0.03978979024136832
goe402,0.16900071758141477,0.35001528173069574,0.10895812466043861,0.32640395668035216,0.12371140339019053,0.21645407635269776,-0.03573725244251384,0.13865532155455684,-0.0032008754576408616,0.14613382037626776,-0.008104406333468324,0.11360927921625634
goe403,0.0914804227001119,0.31574363119876125,0.06816250159330701,0.2888992735136281,0.13660511049488916,0.17225802296715612,-0.0743622581375795,0.06460268833619386,-0.006122747749599557,0.10753569074180987,-0.012755756930550687,0.09277139403383093
goe404,0.2822700710693475,0.3661916324567946,0.2253126642274857,0.3134443240335178,0.23842734657306333,0.22963144419013895,-0.18219658631398214,0.04714696590012344,-0.0804269151827346,-0.011821914012746015,-0.008831932527668743,-0.023631768756873145
goe405,0.17725698960761593,0.4285658110885602,0.1884767823454383,0.414821511523475,0.3003101981812538,0.3030298015296482,-0.09160888885528946,0.009818167896926806,0.10324370898556662,-0.021384044089103695,0.05612312974321199,0.06802330818752736
goe406,0.20981231559552418,0.4240113322037492,0.13223190155922285,0.45956684133258724,0.1706473277378893,0.34797916509586296,-0.11647475675936159,0.10148184719218091,-0.09222343399233096,0.028997772434681247,0.03602730427444826,-0.1504162375283578
goe407,0.188486450860936,0.3258186532750102,0.14846246035192512,0.3462115903028,0.1621400598808174,0.29685449861282037,-0.10868712614752016,0.11027602622415782,-0.0905357564012544,0.0670594375002732,-0.008343501099779044,-0.08765596708877549
goe408,0.15174719687123908,0.2875720925767414,0.09072967540060212,0.35042070917288876,0.0534944787385001,0.3701566629355174,-0.08177264577719656,0.10393285257442313,-0.06264546643513208,0.027561148360834037,0.054053246004351296,-0.10289776501728505
goe409,0.15967024467335114,0.15902427225958776,0.19059937542233663,0.10505805191742067,0.24215937012295738,0.0827125853619589,-0.15967024467335114,-0.15902427225958776,-0.19059937542233663,-0.10505805191742067,-0.24215937012295738,-0.0827125853619589
goe410,0.22867184041175717,0.22629071694467762,0.20225077791359125,0.14864811222852523,0.1445358564249253,0.047311976507022895,-0.22867184041175717,-0.22629071694467762,-0.20225077791359125,-0.14864811222852523,-0.1445358564249253,-0.047311976507022895
goe411,0.10282020197766333,0.26956367051490515,0.06420856205176827,0.23685822192946018,0.14716736797844646,0.17061887703986311,-0.10282020197766333,-0.26956367051490515,-0.06420856205176827,-0.23685822192946018,-0.14716736797844646,-0.17061887703986311
goe412,0.19699036573017098,0.38826088746493354,0.16068568497225627,0.47044304442471974,0.22317626938081842,0.34296630752769,-0.13445288826501217,-0.03367304630327912,-0.02700736750834669,-0.027913099158547915,0.002824893323497569,-0.04040521530057025
goe413,0.25433146258547046,0.38985069475743683,0.2511733814835901,0.3889121458118343,0.23531554513301184,0.23512257154043512,-0.2213126697693454,-0.0903593250489374,-0.11260356746347291,0.02909675019515816,-0.06427331481504786,0.12270200961259294
goe414,0.1657541898676937,0.434320132142318,0.18033119625496302,0.40830278007962,0.27884224778364297,0.31515437940590263,-0.10827708537665287,-0.07933205929246187,0.027317431679522018,-0.05759739703344675,0.010727857348808843,-0.02622463648774534
goe415,0.1535752798476493,0.3413994925838545,0.038464432977431504,0.27890302802478883,0.12460528137198201,0.15170831661383896,-0.03353248807005793,-0.04143048497645983,0.02493539739481916,0.003931508270285083,0.02319080888578639,0.024674627894550032
goe416a,0.1412139820490308,0.22564892348515891,0.11282086099677627,0.20636812826526235,0.13157258468539074,0.14205496054246772,-0.0697919300976573,-0.18225322572335903,-0.1289727086804253,-0.08640359493767305,-0.0015921833711906534,-0.03163249982123293
goe417,0.1682640447735878,0.34798796634270235,0.08067175904497825,0.3313256080157124,0.21263541662339702,0.22087180497958178,-0.04410882064764716,0.1656488426261907,0.01401507855525505,0.192433164021643,0.02255575222580876,0.1275828252183927
goe417a,0.1319917993542148,0.21997137799343364,0.1616847885533732,0.1912027344578632,0.2497483127655842,0.22487391141967536,-0.09964160006872576,0.38151206389004655,-0.2105086520877922,0.41649627017613206,-0.019862407518981634,0.008449907616755983
goe418,0.2864649628174984,0.29494354558237174,0.29438522542638396,0.2547232551055562,0.2678902320670692,0.20478349840909682,-0.18651023954479176,-0.011000656315422037,0.01610368412933308,-0.02214172006425521,-0.0019932536634780346,0.0400664058781669
goe419,0.11355626017509379,0.23175111046738184,0.13336331435379034,0.23572943819970818,0.15474144385383998,0.21244195748329392,0.0014929178243238733,0.03442352931935219,0.08911912241906737,0.023035986465530484,0.028443818252812784,0.06324177652415351
goe420,0.24651515701709986,0.4350925715725529,0.2316292268557467,0.44087179682581656,0.31011073099072406,0.2587112009236253,-0.22049175613203775,-0.13704824452714667,-0.18337109855586894,0.015806690642080037,-0.14585500399335236,0.06399905174795667
goe421,0.2884404781679087,0.5823908694372832,0.2466833524270564,0.6539778072516361,0.3883472198537033,0.5483719562234096,-0.1461785756975879,-0.1437094528254093,0.072143830170753,-0.03528163141444581,0.05547770307296834,0.04460667311381657
goe422,0.3073945836418007,0.44839122771071394,0.31501159463318484,0.45508769988375375,0.3670884506487456,0.3921203127658189,-0.17012668968872038,-0.016070670069597434,-0.06737672975703005,-0.020759508781066395,-0.012249958204753742,0.018962864040240657
goe423,0.23660127521751972,0.3461093822130671,0.3979459710549217,0.31084845791877946,0.36774048368123236,0.3156839913588275,-0.18207465038014922,-0.055742076601360324,-0.1043711898345177,-0.0683650775304218,-0.07026393997476041,-0.08158365616826516
goe424,0.28076963880281747,0.4684917058328578,0.3268317400951287,0.40372096414565223,0.3176435868066873,0.35557127526462246,-0.12369331611141043,-0.14333867386712298,-0.15123948663107958,-0.1039506578809853,-0.1276567583662444,-0.07904146475729257
goe425,0.2302315127358508,0.3685408014508095,0.31367085928130956,0.3381572377464179,0.21802662120773683,0.24198674205772236,-0.1453309822038443,-0.048198973188083374,-0.1656969430662917,0.010285997812062238,-0.05563739941143252,-0.0279287659743693
goe426,0.1816683540168209,0.3728346590168258,0.2474775059339991,0.28963594179940494,0.2681597412810534,0.18239644833444751,-0.13851538223340365,0.005962528211386611,-0.15628667508847116,0.06913816533445868,-0.059976426787776725,0.09996510189114387
goe427,0.15719564475927714,0.2037793114957111,0.22643443576694466,0.16579615059659636,0.2646853824841092,0.20293945833651067,-0.001093375380064762,0.08685824768590136,0.11706993967767029,0.11059873188313868,0.05314471796740879,0.11115778161365997
goe428,0.1433694199344197,0.35370603242690946,0.10359812991612344,0.3374842896062327,0.1650349264147726,0.2244798440551894,-0.058293143877182464,0.0797761788711037,-0.026000542054761586,0.14872724081098074,-0.014159957658277232,0.10877567555034787
goe429,0.16653814145625948,0.2022227310107831,0.048258529593096136,0.2274019793635175,0.024320477774541542,0.0609850855843815,-0.1442964450509901,-0.21006234797928672,-0.05191410502722703,-0.22660713140823116,0.011312615639079331,-0.08436516150143308
goe430,0.19229126676365613,0.3516998708172216,0.18281554971456876,0.37580417600300203,0.2539928465243478,0.2953686420558834,-0.17293734752998952,-0.09645965759147813,-0.015779930430937818,-0.03266737368567861,0.12247428001240034,0.11875437539385363
goe431,0.19452273709319623,0.4447236353787941,0.09921349436896107,0.4965219754982763,0.3122087729787307,0.35570932225876006,-0.09512946169542796,-0.09601851868438954,0.15338480979280095,0.04777232309271586,0.23126347099708536,0.1760286645962582
goe432,0.18437202104866296,0.26973478863996975,0.13619020472354673,0.22418989739295703,0.20232285694993252,0.20472845776531748,-0.06078261397703513,0.034941598076167237,-0.0035299568363050225,0.0929125497030541,-0.002694377108882578,0.06501158753256328
goe433,0.2751010856818661,0.3802433887596729,0.2858463733483363,0.3727428527459329,0.2834094629141606,0.26885284459019027,-0.20715250874629262,-0.17124643763625555,-0.04893206649553029,-0.07018562469375647,0.07453243529730219,0.1060191008080594
goe434,0.42369987988036834,0.35851131695185845,0.4518382794707148,0.3906447118728878,0.3522840633701339,0.33979133321205474,-0.266137638852865,-0.2651757902148634,-0.08255034451067225,-0.15269479027000493,0.07127677394202743,0.08543523997665867
goe435,0.4047387074237093,0.5096525808014755,0.33757455135665587,0.521443865805471,0.31666020211458706,0.3465665420495176,-0.27146614379982364,-0.4075086942094063,-0.014634377627990247,-0.3214022708503748,0.10915223122426906,0.037200594909249415
goe436,0.183239740661882,0.34042832218841046,0.12771667670876452,0.29613939867980876,0.21028305078823573,0.20188531831129708,-0.1354762055640583,0.02468664551096189,-0.10979300046535279,0.04402943357098125,-0.08370945591192439,0.027414485400771287
goe437,0.12322104556861178,0.32584299351276624,0.095800113658597,0.29272589059690485,0.17182227330416647,0.2017439236267394,-0.05751552248689855,0.07687088129938549,-0.008373683280421429,0.1136150992948764,0.015493165627899314,0.08511132723069438
goe438,0.18986527328424732,0.32854511448717005,0.14189346217926302,0.29164648139513905,0.20621091666085906,0.20275044190542713,-0.1353159671647025,0.024641428284651587,-0.10996755888133344,0.044361909757022734,-0.08398308586372469,0.02749510386895481
goe439,0.1449335938201199,0.33481177122487016,0.13821351482157787,0.29611839111854743,0.19749368599625197,0.20181379220743095,-0.05969617466681858,0.0740789142565082,-0.011872643424811792,0.13176828260936707,-0.004707057414819036,0.10585936442016433
goe440,0.027476821569408883,1.160612540480062,-0.45496642059878994,1.1856768676075522,-0.009969725411077622,0.5657970308891914,-0.02411130302831048,0.032867566444124044,0.04228629286888025,0.16419131470339438,0.14182334355983864,0.31296523669114357
goe441,0.24658937401351605,0.5888904888416263,0.1913567663403653,0.5333830308039708,0.3017802222069011,0.4071382358994899,-0.17798822436775202,0.027360436581007085,-0.0474378742361283,0.11377413839372313,0.1339068728020824,0.1938823236035129
goe442,0.1860608483897179,0.2634094194558775,0.14726517975112696,0.21148584188065184,0.2124231683382095,0.19662977147341093,-0.06022126726800763,0.03509967963609802,-0.004774774612118275,0.09468142794785439,-0.004030957167186037,0.06555918919626748
goe443,0.052283930487379,0.050004894206425635,0.09702125730951358,0.024858932092043456,0.09933707743329033,0.022639806891479725,-0.052283930487379,-0.050004894206425635,-0.09702125730951358,-0.024858932092043456,-0.09933707743329033,-0.022639806891479725
goe444,0.049903438142425094,0.09741220881869996,0.042555150362441965,0.0952602126241793,0.07336217259344163,0.057999230214433435,-0.049903438142425094,-0.09741220881869996,-0.042555150362441965,-0.0952602126241793,-0.07336217259344163,-0.057999230214433435
goe445,0.06147531242810855,0.10312731455717461,0.0647194206587904,0.0848082128228178,0.08930186179148,0.05636371495168635,-0.06147531242810855,-0.10312731455717461,-0.0647194206587904,-0.0848082128228178,-0.08930186179148,-0.05636371495168635
goe446,0.20301905385412009,0.4131259709608428,0.20563363366004486,0.4838795095290939,0.2673973686290568,0.3980694031114018,-0.1545884689627688,0.0644646544007657,-0.0591813043885379,0.06961066890858104,0.002426977613564251,0.039543146961503545
goe447,0.21294207717188535,0.4846702963889896,0.1753282834250088,0.6234855457800146,0.236043649536956,0.4506161422362026,-0.13822507628259237,0.09246761547996685,0.0015699073479485265,0.14331434880962418,0.0059196459938899056,0.06524629423661972
goe448,0.2366468180147412,0.5784580528658121,0.2263752445473025,0.6936333510367804,0.3433879227994117,0.49990782583470433,-0.12155053615426824,0.16648008595802777,0.05811188133444155,0.21494412060635312,0.07535811035609516,0.16651747616368268
goe449,0.26552297526039664,0.4239571716577206,0.25823703784822294,0.47408068154540667,0.34031137061748545,0.3471711602128904,-0.15868198170794573,-0.06842279600785675,-0.09244495275516583,-0.026355300690262397,-0.12775755796428565,0.025176763237270684
goe450,0.1643711404517452,0.28796174268048885,0.2014909035948417,0.29423045825763183,0.2562316046267072,0.2650188590889743,-0.08378369750328916,0.07005699038559943,-0.05018068261842107,0.13428226284048328,-0.02820221906632517,0.08030645281398684
goe451,0.04320912537305989,0.38037459879228763,-0.04175303402007002,0.4404983247179521,0.07382912192296272,0.24863734311743949,-0.018760259664811967,0.13439555725547428,0.02298719444030939,0.20200000646155938,0.0037915456960369064,0.1701602277396054
goe456,0.11320506517911663,0.3228172243984032,0.09225554596909316,0.35535948432089626,0.18422921128997927,0.23467959159309687,-0.046933051074656784,-0.0026921358708524093,0.11237943864051221,0.013861798616420562,0.09904098794415175,0.08116262097340038
goe457,0.17612831105284688,0.2737082826940608,0.1411921844350054,0.20327818865846914,0.22492758786974015,0.20742545624251998,-0.07426963446592202,0.04337860231449069,-0.021291083284628275,0.09835345539926978,-0.01746672235391575,0.08454853342894224
goe458,0.11320506517911663,0.3228172243984032,0.09225554596909316,0.35535948432089626,0.18422921128997927,0.23467959159309687,-0.04609742729904682,-0.004711362569315813,0.1154241846450365,0.01089632458009614,0.10089393768301218,0.08045942610589416
goe459,0.15768560411376198,0.19693293649244498,0.11279080171695098,0.21035492774787992,0.12512623228862216,0.1590565417323584,-0.15768560411376198,-0.19693293649244498,-0.11279080171695098,-0.21035492774787992,-0.12512623228862216,-0.1590565417323584
goe460,0.23498600940202224,0.334354064675739,0.18176383634450072,0.3104309678046033,0.24274711481558425,0.20796845339582093,-0.23498600940202224,-0.334354064675739,-0.18176383634450072,-0.3104309678046033,-0.24274711481558425,-0.20796845339582093
goe462,0.24899635728628605,0.7880145453946289,-0.09108655018267031,0.7599476947641319,0.0860858980966074,0.3880494178791891,-0.08725650210850344,0.11057737964703074,0.8841743427526642,-0.26616228221143484,0.5931737066082192,0.16132308395966247
goe464,0.29128149041640683,0.3958684602682482,0.2089887422076799,0.38271948583131554,0.26023299103623054,0.2535506164052773,-0.11437710693294476,0.4130791515132278,0.10678149987791122,0.2381300843853175,0.22432758595351154,0.1324623141252265
goe474,0.1382335619565813,0.19278352525592252,0.09368952679729516,0.25042944521085037,0.14967397540521618,0.15803276817043518,-0.09024569750371499,-0.016735388426293726,0.014351119546069413,-0.010475137739257831,-0.03159126502374959,0.0139522871100495
goe476,0.25686868850918154,0.3438222488134789,0.29194987978096354,0.363617618073018,0.2655327846566885,0.2830131942915693,-0.20030484323333547,-0.014061913812950591,-0.06217061389836208,0.0048667012011664405,-0.05557146101431843,-0.04295128135202522
goe477,0.14138171832125046,0.4383903952095453,-0.02062325343067914,0.5241876284600212,0.16219015138082954,0.2259861744122,-0.08291268330006661,-0.0012547311923197723,0.006822966008551445,0.030162489124569574,-0.010494406110062587,0.054276265886946014
goe478,0.23865511558276964,0.3172927346361526,0.22240005826692621,0.351175548685201,0.24644585389333915,0.2643899348304475,-0.1850420338122551,-0.003116085654545908,-0.10527888635785668,0.011016025275833882,-0.0797824864803092,0.016134174905422207
goe479,0.21138723421994943,0.28633748037593787,0.22545410637237892,0.2551409968123197,0.2536081216826982,0.212505079433601,-0.12442495299544971,-0.029331167979222438,-0.05060618553724738,-0.009337274971672926,-0.03444914498159364,0.018147520989000566
goe480,0.1925019155080285,0.3890033398683092,0.1696660015950158,0.40418453812863275,0.21685858110602485,0.25421033099858525,-0.13650567968711996,0.018964343583929615,-0.02313020554662726,0.054593524958294753,-0.0012760384597379781,0.050882720780155356
goe481,0.27297344134383245,0.4225828122756119,0.21506788018757442,0.440675984132019,0.2636837962981966,0.5622316310949439,-0.3133968456319804,0.19634151590717386,0.409933016254188,-0.277282143995926,0.4404847574088476,-0.01006635832151204
goe481a,0.26872787029076833,0.4329544206474589,0.19933057667975038,0.45606543907410674,0.25404087177519596,0.5658986492118594,-0.24894651677293478,0.010284197752628906,-0.0714682183883544,-0.010319514673365901,-0.02243346917707501,-0.01466419992800157
goe482,0.27032070583757656,0.6252971558348703,0.20210033955698387,0.6244521566956369,0.28417560804083675,0.36840684515176964,-0.14177867300325364,0.019876228187531618,-0.015406771608469875,0.14784404558208414,0.10453824925466433,0.26377969973610277
goe483,0.12563882862914424,0.3254149264324722,0.08008071423949936,0.31457093932998165,0.1677420281918796,0.16387875467214044,-0.045867234202441834,0.09050223388098722,0.15911835592354517,0.06075574832714903,0.0635155364279402,0.11691240380951169
goe484,0.13672855637410064,0.19558178873775334,0.22057011870350932,0.18435484834654212,0.28770209337555147,0.21610162481895748,-0.1000478791420946,0.11999981506938692,-0.05578376194874929,0.17860771940139963,0.04576677822910874,0.14024820949481945
goe488,0.12235453595042757,0.25619783972884214,0.037022874048548926,0.25910523283428427,0.16795577634443404,0.15830271205549604,-0.10419864585364483,0.04691412675483582,-0.03842996125057241,0.04474132839281566,-0.07334978274499171,0.027146468504387566
goe490,0.14959374500487319,0.32931179397930194,0.051563233155634755,0.34476337501910326,0.1263898479925004,0.24014637354348475,-0.09944128474395984,-0.01945671405015103,0.04743769730680093,-0.04155806656945683,0.001965821531207482,-0.020840803447987135
goe491,0.1142941795971847,0.20206319879937415,0.0624340171159492,0.17005423531004168,0.10744039732325719,0.12568616292831022,-0.059040823301193604,0.07228489911855837,-0.018633057252121984,0.04386612361776594,-0.049977287868722284,-0.024478831869503087
goe492,0.08307522399363124,0.17408235707234698,0.17023171700013812,0.1621732755264657,0.22373204920219872,0.15736457354195535,-0.06005381511780528,-0.03048657914381673,0.0584782094855997,-0.019002026540942674,0.057034323308694526,0.07402265478519511
goe493,0.18521389634274707,0.29559073614003095,0.2520887657127385,0.3054982251389661,0.3159095135663479,0.2565423617131166,-0.13337769021541993,-0.17090452720322094,-0.06534076015496595,-0.11942491828310844,-0.038581740727604584,0.009623993105478238
goe494,0.09665741402464478,0.21976300862507137,0.10706088955561548,0.28532275169568744,0.18554460879449078,0.21736350224577453,-0.05750463340001021,0.06898395021776339,0.012096858302231256,0.19971214665700016,0.06364625193442251,0.19381345999711347
goe495,0.13916649287978866,0.22864618226394728,0.16779263431695565,0.26542599527890703,0.21947075880665098,0.22513408321504846,-0.07147881677314541,0.0257936776672881,0.02024477665950717,0.12701942074356026,0.07604110589259139,0.1649129941810488
goe496,0.17151279969603964,0.2840961107480508,0.1963777233559024,0.2965625457066301,0.2422636974232647,0.24917101337427627,-0.1211246710322715,-0.01842593399221463,-0.012571153432989757,0.09134882220064637,0.0507932690342464,0.15821654602085303
goe497,0.21083578756661436,0.337903151461758,0.20970702689055448,0.35764913566573747,0.28440731229406363,0.26699140219779954,-0.1388476787116052,-0.08590469529105597,-0.010515588088409016,0.06498057470191372,0.026094323590168212,0.15994627366510122
goe498,0.3165799941727201,0.31602730254650635,0.3639124459742861,0.30178883354139563,0.3609906348523088,0.3077810736095569,-0.15808709628966452,-0.12621361816337753,-0.035012114219962684,0.009877085294965279,0.035216711034138364,0.12338179671093749
goe499,0.10179005749192148,0.283307396872814,0.1586481321851133,0.2799221183000799,0.29816953849178746,0.24108546727244318,-0.08977556463787742,0.06238037817854372,0.024591340167150665,0.15934372485358678,0.13247810451258857,0.21390453458532127
goe500,0.17367609824297434,0.2973541142046046,0.25237680080498504,0.2771838791797329,0.35065394146945233,0.23650914093767153,-0.10877068956070357,0.006755492097774443,0.0009374791472137982,0.13222812015789606,0.08449901552284092,0.18076289004015045
goe501,0.23036815427214016,0.3451179544978527,0.28015715366352834,0.33677425393045385,0.3691011965381305,0.2814513954993411,-0.13241483787059255,-0.04231800502277194,0.0007977208427751518,0.09183769895531363,0.07895397166790596,0.1780564013530219
goe502,0.2668276425258034,0.37211895023417574,0.3212725890631043,0.3735021560596613,0.35030564170732625,0.3476437235195791,-0.19658915836447552,-0.10203735988603935,-0.0245919632392193,0.045724341020833184,0.025920550888039105,0.14487643163794747
goe503,0.24434753915250643,0.5315863672105162,0.2051289859477735,0.5332419224127399,0.26997315488974927,0.411010664996597,-0.10255029798923149,-0.10971850062581667,0.14230231522635234,-0.09583262230100908,-0.05930068434403866,-0.017111825044201053
goe504,0.21569878134998643,0.5645105634505573,0.14331497446184713,0.5590152890098966,0.25778161750251033,0.35137709715738447,-0.11010361069700461,-0.17973269019940588,-0.004406502756491029,-0.10090403184429365,-0.06216950077799617,-0.020275717509316577
goe505,0.19638407571202132,0.5679137535024866,0.003570399905132915,0.5986561795316133,0.25310635358244504,0.37283074114226217,-0.13185742744108733,-0.07376550585839894,0.07363060822121378,-0.03859742571148282,-0.10039392597753502,-0.03421655330115154
goe506,0.21724418556956515,0.5292251950048373,0.061504816861976286,0.5432640528624271,0.30479237835369266,0.3484345738277229,-0.09752476974372375,-0.19913190883996945,0.029257816243642043,-0.1385359767873406,-0.03212803743378724,-0.0481604580100653
goe507,0.12686451254657233,0.2424653611002709,0.1133310856206247,0.24083793175837168,0.19840952391380376,0.13159754798783846,-0.10734704604080125,-0.04664293551167094,-0.0016221214948500505,-0.029527123681266643,-0.042075238806956,0.0028904147282042946
goe508,0.27417371956452563,0.4597890751318612,0.2057802290096253,0.5259535083910896,0.24509618227474533,0.28694275562096944,-0.18156064080830056,-0.022488410262126737,-0.10558641800569452,7.773623931763875e-06,-0.0873983656994751,0.00648026848990956
goe509,0.2143012937857868,0.38676530427471684,0.14500081606205967,0.35874945447156553,0.23181146430328592,0.27212523910107916,-0.06940809711065596,-0.05675231045509009,0.10720096055262399,-0.057097746780064414,-0.05547610880685186,-0.07525680010572955
goe510,0.19871300192748156,0.5318107504777106,0.06599036788293577,0.5282459098259585,0.22131717125990158,0.403597709306893,-0.16747419494370538,-0.025960617976655914,0.051876826471685594,-0.024206179432625114,-0.13915836464818748,-0.02032669977548333
goe511,0.36598249021968055,0.5370083440466792,0.30973629318034035,0.4211718988266441,0.4335337445708968,0.44116234174810665,-0.09398803411528338,-0.08087504678223419,0.18661356004401225,-0.13800452139913547,-0.03743541266426661,-0.08645741518382942
goe512,0.264658243431334,0.4629529800650878,0.1409265753714163,0.44025469288051955,0.254094963191982,0.3718546566154766,-0.08424864272653274,-0.12013759201537114,0.1347624730372666,-0.13135915843135143,-0.05174604435219856,-0.10826343242377612
goe513,0.2866267383848342,0.5110585186042176,0.1528645558217102,0.45559994681125204,0.3055062336473186,0.361260513939934,-0.1290769218334161,-0.18140067139189,0.12128145977464734,-0.21312447904816528,-0.06712852936002983,-0.19897935951471352
goe514,0.2853819725742221,0.5435722819493383,0.17328793017459065,0.5009009995156727,0.3475667268312791,0.4155032542933165,-0.09665690022473021,-0.21450845981288585,0.24263926073910463,-0.22097554663361063,-0.05257205244076314,-0.10134110846622668
goe515,0.13168669265310698,0.21643564465536275,0.12678995354675343,0.23130388720613282,0.18685284900893404,0.14383964893929715,-0.12146069651626702,-0.03537650148943366,-0.014158201189579264,-0.024309340147755598,-0.04180075048209915,-0.024630450764088173
goe517,0.12742074263139896,0.3159085602356337,0.0905528869545619,0.3032584357686068,0.17277298561450435,0.18136337364728577,-0.05110245206305045,0.057706014629853475,0.027654855636931364,0.06039199956889694,-0.0166748788774298,0.047769492712929566
goe518,0.3765879777191549,0.540009318593151,0.2896161874448939,0.46291720187402047,0.42262799265954465,0.42752411532199674,-0.10638938142652654,0.0183170732766105,-0.1150869997864537,0.0524785433196035,-0.11797235510233711,-0.0446533405948629
goe522,0.33095274208561265,0.5138505871047457,0.29935832689005937,0.4557297120290571,0.4032816214533958,0.36253939221646886,-0.22526817982813319,-0.2046735644341341,-0.10706135290568314,-0.08602850805253806,-0.06227887837560572,0.05478634363090865
goe523,0.3232116239215171,0.5606070781998459,0.31721134590869476,0.5284241014545761,0.47046969126672067,0.5126572770121245,-0.11623537146241178,0.02449887983516951,-0.005456859752603009,0.12516069182977033,0.2931295241110523,0.3851580877305218
goe525,0.3232116239215171,0.5606070781998459,0.31721134590869476,0.5284241014545761,0.47046969126672067,0.5126572770121245,-0.11623537146241178,0.02449887983516951,-0.005456859752603009,0.12516069182977033,0.2931295241110523,0.3851580877305218
goe526,0.23117848886643205,0.2964505311751282,0.21667535822463074,0.3114426453074302,0.2502423755902063,0.21235748769102888,-0.1575412016206609,-0.014787019960688187,-0.07784706402809397,0.02908906809868316,-0.1128391952936051,-0.013556600055144087
goe527,0.304432290917581,0.44157679065022504,0.2729502171026154,0.435646150712133,0.2701976479634421,0.29607378837350085,-0.1415503614471479,-0.04434315260229969,-0.0882845599621141,0.019612902369581887,-0.07138668410673848,0.03492925622852506
goe528,0.2494263916137742,0.39499878978346525,0.2396241435811207,0.3764941307608305,0.2553878339810802,0.26829846493420395,-0.09187001283632737,0.03132420737632427,-0.04268419576356307,0.10177252000290526,-0.02211011340944507,0.08655409642722765
goe529,0.17982743729137654,0.3685048295291367,0.18200120157299268,0.34277062933670355,0.20606442430813762,0.22379771141501362,-0.08986950461092362,0.08066330210263373,-0.019713332156207186,0.10893948636965611,-0.02650949521121969,0.09160989427886763
goe530,0.2808066865330772,0.3533398024467285,0.23227249966343225,0.32765468121805175,0.2771334199268876,0.1941995972488923,-0.14952086960887423,0.047359441523096665,-0.10888802089471626,0.07612759094478509,-0.11114592000964714,-0.09533023053198682
goe531,0.2921684805290927,0.5281932310084202,0.41197726588914924,0.8251436765641673,0.5410492031568742,0.553092775858845,-0.22329768094879843,0.19533385687123944,0.13392021736605825,0.48900042811488237,0.11316723875152342,0.15642095504612355
goe532,0.28550520985638644,0.29295834924353664,0.2949989201204679,0.2234094059358197,0.26418759019193644,0.19593561695328277,-0.10366100990478697,-0.0223232158758448,-0.06384295533079772,0.05071551044534623,0.02266418011785326,0.09431033264461687
goe533,0.2398869565268791,0.3705047152573835,0.244086990782003,0.3004802929121174,0.23465598538896498,0.220323309223153,-0.11870570791364103,-0.0163025182964103,-0.11429410091642711,0.024453869018063526,0.02824035199803456,0.10209459362982357
goe534,0.34137386981472495,0.35047074570978975,0.21537199944022373,0.32099634867039895,0.1888587093307446,0.21632175195372466,-0.144200499114279,-0.07150483595476112,-0.028788331393459907,0.11498883865469176,0.043957648252176025,0.05968801820597941
goe535,0.3359388385764578,0.3895417130151215,0.30110075984986273,0.3205033326096316,0.3040118700352318,0.2858851140755483,-0.17677966939748238,-0.03364638349608694,-0.16298695390391546,0.15452136222433904,0.06591341593976834,0.11794699188661519
goe54,0.2063207443984688,0.26069229185079745,0.019461932790349343,0.17546344428809094,0.02894724537116213,0.10162731084320857,-0.060596736689676516,0.1301148694120366,-0.14053340622753338,0.1311558029638519,-0.04353526660827751,0.046383671659840746
goe546,0.16808747443517263,0.24353440192096565,0.18835953230734978,0.2599904748503755,0.22534790007691868,0.21680606623998358,-0.09934603809753785,-0.031231342902696642,-0.10263849203424408,0.07277214093382348,-0.06453733932373708,0.08241741161927447
goe547,0.14484036155182844,0.28179676218925254,0.13774973184104816,0.3594840360832174,0.20176252739289527,0.28959246184253534,-0.11728691916220627,-0.02766145550496702,-0.08957969746463232,0.06875490111856308,-0.042309108086734125,0.056328908848523804
goe548,0.1282768379403281,0.2572196844374922,0.13922897247053964,0.28872550047918244,0.2185551096478957,0.2463356614267393,-0.10373169811921602,-0.127186394239303,-0.07953028993439706,-0.08870659009456533,-0.08686230380288106,-0.03455777126734013
goe549,0.201966071672394,0.37756816539160676,0.24848836684111827,0.313494008661674,0.25444965942492265,0.21000316468779345,-0.1266117871566921,-0.01713036262279266,-0.13253525051283338,0.05753738266852684,-0.05538832659746285,0.046917337057254475
goe55,0.15618838412474093,0.1948666847923661,-0.007177796087907459,0.18021460082873048,-0.007113542512976578,0.14727585530020643,-0.11079781541164663,0.04487753831426221,-0.042566991497288355,-0.012807608316201978,0.04868052832570758,-0.04279581561430295
goe550,0.18365101396717262,0.3344288738482645,0.17991534788956867,0.342426851947169,0.20868793889210666,0.2702468501540631,-0.15698698536938305,-0.1606103481964899,0.07161674277725588,-0.0739992552896176,0.042285538495892686,0.054331847394042725
goe553,0.24828289806382972,0.3652764619203305,0.2456164147467431,0.30002746002561215,0.22633222618988352,0.22528566035613382,-0.11839157963299239,-0.012676524981148643,-0.12731282473437183,0.04463625085698396,0.01539205156051428,0.1077490590682067
goe559,0.038499680793289026,0.34699687564435167,0.2186113193146963,0.18271636630217317,0.22270431785034145,0.1613618630830439,-0.011762096243015031,-0.07971871968532565,-0.06217170304180266,-0.01742480577284236,-0.07670580573462651,-0.005608716092839998
goe561,0.4306263770893584,0.8393840653852276,0.30826797404261275,0.8145218956995447,0.28302543508702865,0.639480299313554,-0.16359022634965234,0.06447457994253797,-0.16193216586954326,-0.0032099913405899865,-0.0328259111583754,-0.17678599080801627
goe562,0.19511194325611,0.5341897492173503,0.15095790711097382,0.5076070229295355,0.1185539775933424,0.4422914526635442,-0.0833356438508173,0.02962558709445136,-0.05625981647100586,0.008029437479625536,0.0049658332034398745,-0.10251687325591496
goe563,0.13956654112246203,0.20822887329496492,0.11125699374817895,0.21638838135286442,0.18918890151813791,0.1435548172880707,-0.11736460590206035,-0.025007537578368683,-0.10435506270798114,0.016931676379525765,-0.08737287103559067,0.01397628779820445
goe564,0.1420200372275968,0.21551548360181355,0.09948319088249728,0.24560557844463013,0.16900235815791945,0.2009663042066101,-0.10733090526230347,-0.011385120815102713,-0.055824706382749556,0.0013396270465922638,-0.05507959013351011,0.019848529817057436
goe565,0.14052778074589548,0.2159328153172997,0.12116834892377187,0.21381491281594556,0.19993914105078286,0.15565248536883988,-0.10041468558514749,-0.027896230161256655,-0.06593831802773857,0.034396467659475446,-0.032738028272407425,0.04138549402466626
goe566,0.1476731441433249,0.24164969080451,0.08395200628272667,0.25980976852750187,0.16340477376411408,0.1320387918819984,-0.09858988266203167,-0.00625846582534996,-0.0723596753857423,-0.02513989624574006,-0.05205737211857702,0.0004984679964369898
goe567,0.21225652434370285,0.35360806621723684,0.2720321735133724,0.3677931849592571,0.26228968799445934,0.2867755488101015,-0.1568985002439144,-0.08647273913241439,-0.09966218603879509,0.09047143309824227,0.005625437777902945,0.1401233697284371
goe57,0.1382735695795485,0.362235260362313,-0.008213465482897031,0.42076327983256173,0.0919920290455089,0.2629582976329142,-0.09665308813848374,0.18805515055571112,-0.08942450360750176,0.20251295756480284,-0.007443096720043571,0.09675625216693089
goe570,0.4428215121238684,0.9860812678308624,0.30867607895936194,1.06874095128806,0.40260724215728694,0.8100050864373745,-0.21880649493855042,-0.2286147673222429,-0.1263648423267968,-0.20509648923423054,-0.0990764362940511,-0.22990216043871944
goe571,0.37563241892234855,0.9100581580123388,0.1908292149767591,0.8963517569948557,0.20245240549230023,0.6622078675220034,-0.173718230704565,0.028449419767266712,-0.15317198674003932,0.01005033301914629,-0.06220960662976122,-0.10557475008302056
goe572,0.24903875987194726,0.7566335799308366,0.1749802619217595,0.6070218740464797,0.21929477563055744,0.44838426522639346,-0.08202306911345851,0.00034336608579651345,-0.028835037249828124,-0.006320540868458911,0.006176310298490969,-0.13061669599255477
goe573,0.19951600161605873,0.5118356399615474,0.20716972785456927,0.45089671447599877,0.17345976802761298,0.38095986705290064,-0.08850123840118955,0.06255683663351227,-0.09363173508415822,0.07677225735622344,-0.0694004099127093,-0.0680934966049801
goe574,0.12155058527634573,0.3968376879948009,0.11677743802740292,0.40550423707610667,0.08883008523440364,0.4245871881308573,-0.06624639890739695,0.03251506976870394,-0.03427005611245856,0.04862786724635897,-0.030857764330889416,-0.029228374457826674
goe575,0.24378255042368496,0.33870308821740047,0.13165697793245126,0.425672439270684,0.09540979433259468,0.6200882539683722,-0.1445388280288859,-0.09325926844874695,0.01596836929738936,-0.20441030263261792,0.06608169083677695,-0.35012828909394794
goe584,0.2014987532069172,0.3920317827143514,0.15470668966155426,0.43068554484457167,0.183075256312781,0.23379798551198197,-0.11970302752109618,-0.043129519714289764,-0.0008249008080306597,-0.03606292662791522,-0.012754832820625506,0.019571617385694167
goe585,0.1591718406000004,0.27380931574325773,0.06325123364184697,0.28950918873106457,0.14086584457648818,0.1882952986238429,-0.09840548853718308,0.00824564859339285,-0.04154687456243953,0.06181501207512957,-0.06184603571263183,0.040788654680214496
goe587,0.08093344752636997,0.19346993051664685,0.1360106640242762,0.15265250062333705,0.12909456794023255,0.12032875181468478,-0.04755978292349279,0.0578272218370304,-0.0492324146244654,0.07863823440245482,-0.15682619365594258,0.026987312960646274
goe590,0.08918264038371171,0.21352880050991258,0.20209167574825154,0.1209105284036149,0.16474331977873127,0.08501681322870434,-0.043850228364562156,0.0907804020544575,0.007265307011678046,0.04606616415073309,-0.07623130180020744,-0.0012089271859839668
goe591,0.18860069777491179,0.3801601003277904,0.14735586671334794,0.3791289952859902,0.21483023762973386,0.2547921636461262,-0.09610652201218657,0.012940801481592205,-0.03348425647216413,0.04755713636468012,-0.044590109142195127,0.05785452159376009
goe592,0.3176437563561423,0.3552793306274501,0.4080972442239325,0.3531429851834071,0.47227919087820563,0.28628157572513613,-0.1359575866618012,0.06189105863280035,-0.038465000500778404,0.09134688344448712,-0.010814744409745539,0.09700749551600413
goe593,0.2065133409846662,0.33427521513434677,0.1520189233142102,0.35922243599071246,0.20868316597086664,0.2894235308367133,-0.10507521306340192,-0.04057498682996278,-0.04792631174538563,-0.0234847670835567,-0.05315317439396462,0.00935631825459516
goe595,0.1359292113657684,0.2786948153988113,0.10994253757523345,0.2652008259602864,0.2118311969672687,0.20533428351574656,-0.07226721690308129,-0.050272781154342236,-0.03884721930696029,-0.023676891761370212,-0.05002706712997045,0.011143209289920568
goe596,0.17168403702871055,0.2806702488395187,0.19738525823406133,0.22510673890415617,0.2258797307608614,0.16673488635918096,-0.10475974295211482,0.04154358911826053,-0.10189810754012701,0.09807691585507926,-0.0933327423919643,0.056421062624496976
goe598,0.07592333758545768,0.13366240111077252,0.057939656469370354,0.17613339698209995,0.060741008439067566,0.10985175741040365,-0.07771622262509699,-0.06304020130534034,-0.060002869127437346,-0.05650016772193975,-0.040724607860006715,-0.032105794915305366
goe599,0.1254875933513522,0.17674107452806265,0.13600636153593768,0.21620217952621043,0.13997154180305343,0.229542494665646,-0.1002832457168722,-0.1308571513755,-0.047322276734528795,-0.12490352193384824,-0.02918115269442608,-0.07975398380061907
goe600,0.16090611450959155,0.2779353559506089,0.10024020918726706,0.3624091941152809,0.11650889511926953,0.23351371760047454,-0.12751606000623467,-0.16092259412738025,-0.07701409318787053,-0.16763641728719098,-0.0287320806900917,-0.12539042603110911
goe601,0.19553182608554906,0.3505641264191778,0.12583137622271168,0.4163932112288925,0.22120597254597077,0.2701210718435901,-0.16448586358951672,-0.17828156510636636,-0.14725166173569926,-0.11430763877005776,-0.12632181310684867,-0.06240858582170424
goe602,0.1375920217051603,0.29857663037510157,0.12025006070491154,0.2885690503883167,0.2088255949452245,0.22631092924518909,-0.08434186691855164,-0.03884254344844821,-0.05392144900312,0.019208565567272132,-0.05080316347151516,0.06482299104283532
goe602m,0.13620145428173033,0.30193752390117623,0.11518165586363446,0.29350586462393585,0.20574071141630168,0.22748168762382792,-0.08393501604355798,-0.04150274854165038,-0.04265300850248119,0.05540009497894028,-0.012844268595862959,0.0892400723974642
goe604,0.3080014155778023,0.5003062317601098,0.25271294537486955,0.37907931765528924,0.2769599312150151,0.24669659825242385,-0.13047266191527102,-0.14237142833052743,-0.010401764709354028,-0.09800294483474711,-0.050434370815716126,-0.01955028464451175
goe610b,0.15099363642468608,0.30740773625071305,0.1418351463732656,0.34497568965180303,0.17170420444465856,0.21761926216752833,-0.08056733162680554,0.1222381608591719,-0.04807322483051221,0.12578147873661322,-0.002441717223377652,0.02344134411060788
goe610bm,0.1500978012037652,0.3607620653590196,0.05323805987599223,0.4830566590725344,0.01739320147137031,0.4201157103856457,-0.05728071367221841,0.10098332600914703,-0.02178935955567178,0.15659409062131865,0.04600346129350485,0.11594793608761372
goe611,0.22510644386121553,0.44730625859525364,0.12953514991605458,0.5319098445245345,0.15611902821272994,0.40898079915296875,-0.05391600261667952,0.02272010974724026,-0.045084253264845914,-0.006061001674258878,0.008324488062560975,-0.05275002776097422
goe612,0.2515810157607044,0.4251410033938686,0.1542400174230142,0.4588590044493886,0.2695756539043105,0.2564404013095322,-0.16650151580340902,-0.0791739890940213,-0.07192250770591356,0.033362048309647147,-0.05777092166120052,0.027608656111959094
goe613,0.16137080981766513,0.39089995194291866,0.037865236189147666,0.40145346314548486,0.16929891213401868,0.26208296898739253,-0.09784103084456702,0.04823752568134611,-0.11829699899948934,0.08229556237824447,-0.09134712364634306,0.04408863439334871
goe614,0.271568949591577,0.5543527415870629,0.21825430573136584,0.5269043611732585,0.2979552930964268,0.40478239535366567,-0.1669956094232256,-0.13607138393250542,-0.03370903590462468,-0.03195994266205056,0.0060571998746111536,0.029698784933307496
goe615,0.27354315174866156,0.40310358393892365,0.20018790215972762,0.41754229417938765,0.24516157029342117,0.28942795148198913,-0.12276687158389044,-0.01336443399379511,-0.05756860655818494,0.05118068575082861,-0.03824872855481992,0.05055341610265397
goe617,0.20623833008696613,0.2712359406009361,0.1983320040382861,0.2549755208835171,0.22634496450196342,0.1862278683748084,-0.14582226566430315,-0.10727672733173704,-0.13547156356234574,-0.0865474796890294,-0.16742868214126505,-0.11305816947036032
goe619,0.21776886020991698,0.41444696524124064,0.0916121017118611,0.4722823545733622,0.1660156211841554,0.3001557608488356,-0.15938039342276947,-0.11205184092145692,-0.003756154889236224,-0.009653525091503561,-0.033913055904423235,0.05077274571006067
goe620,0.27964183018303096,0.4695368716131144,0.2207720772509465,0.5304899167586145,0.30116585081906844,0.3685193874792402,-0.17935973853196857,-0.1043021227020737,-0.057673045172364656,-0.014575525462603075,0.0024108407689034774,0.020593275336182403
goe621,0.2515810157607044,0.4251410033938686,0.1542400174230142,0.4588590044493886,0.2695756539043105,0.2564404013095322,-0.16670372322134733,-0.07841544358773193,-0.07286455445223258,0.03208709107523923,-0.05125655649420232,0.016033850629684012
goe622,0.123220336804102,0.22473259854634475,0.07448608788949264,0.2616787200202549,0.09252860167184941,0.2012693163085877,-0.0858727937930152,-0.03745595165880536,-0.03761970043578204,-0.012097835627584555,-0.05074092456300898,0.01726058687343524
goe623,0.18765845734299016,0.3617530195405002,0.09004356803277491,0.43343189153580214,0.10846992749577114,0.3092513693985104,-0.11064832946235392,-0.06367691349188097,-0.032726233166508134,-0.038379869677672276,-0.05085416719197947,0.00546993436352263
goe624,0.2643883496852512,0.45342259456707745,0.17950115405632858,0.5302444735549399,0.1564572883141119,0.3953778975982753,-0.14973726946130883,-0.05537697029476961,-0.0683508867990088,-0.026910904965760762,-0.07083645571209507,0.002085155928968277
goe625,0.3020301687651635,0.623024960533155,0.12235796640092575,0.7157477370394004,0.16043205860622872,0.5644577025072162,-0.19872164546973123,-0.10706124024150887,-0.03783660032942977,-0.10185553787704482,-0.0504580704537311,-0.027245219049365475
goe626,0.26880387424349117,0.3745308713129406,0.25529631481687987,0.3258547803763042,0.3050123765060997,0.2997943064315649,-0.16761319264592375,-0.2571167497524621,0.0734923578340032,-0.029737779059191338,0.05169263950486344,0.12327378083035948
goe627,0.300101494234247,0.4146004856893474,0.16009755740507547,0.3912502481053434,0.2759367323386409,0.3197409370920763,-0.10398863583143726,-0.11514004919119777,-0.07424599868571047,-0.09441875277244574,-0.1200193440042183,-0.06025649873666501
goe628,0.3086795811923515,0.44709621335179395,0.23562682481549754,0.41342520614133194,0.2691184399893108,0.28321605115514625,-0.14277842282830572,-0.15686381331461977,0.0056306817388153685,0.015144950724956623,-0.014669315181636161,0.05270404836540929
goe629,0.20544473439943794,0.26843302350618264,0.21961151840023688,0.2495404617956806,0.26896415707866095,0.21319066696419345,-0.172881188430294,-0.1640154661372054,-0.011575175507134855,-0.13997134732609948,-0.05187893082004632,-0.04740913359864239
goe63,0.23374290100408082,0.3884307652805202,0.08018963377057009,0.5194910977584879,0.03938172426860598,0.3509133836175099,-0.112193725805349,0.24478511830425104,-0.12498034789370605,0.2645860820152813,-0.013129986942567005,0.06040403204741203
goe630,0.23412263531186192,0.5015445289049868,0.19829594007354806,0.48629976448581547,0.27142068617716,0.3119764329724056,-0.10987250876958204,0.10247024451562106,-0.01696805525099375,0.13387679834774655,0.028145849916756054,0.10145101398590901
goe632,0.21420824581166206,0.34837036074558536,0.21511562830477304,0.3470810597679954,0.20430135837305813,0.22112875080185151,-0.14014625766086058,-0.0245821239443013,-0.13987971004716881,0.028606475118364158,-0.2188839010792084,-0.1290397687656666
goe633,0.22633529265631733,0.3928786251195651,0.1335429872797962,0.40538096416290564,0.0886394800003193,0.1564371229258776,-0.16280598278132727,-0.09351612631920943,-0.032050657580603666,-0.013340609799241968,-0.13438046497324177,-0.09433106442857342
goe645,0.2626435013043005,0.44811012060176514,0.1571830587309282,0.41769064714416254,0.1796971553470511,0.2653812231547862,-0.135252748354516,-0.16543722740022523,0.03672747056344905,-0.048642910030559885,-0.010286003004401828,0.025463455875274252
goe646,0.2880863487803963,0.38621379916983534,0.2715877953259407,0.4057781257891826,0.30080589486763526,0.35178915881273665,-0.1920596510735568,-0.22544482468666896,-0.031558152104440185,-0.1255157877565233,0.019720201100760712,0.04249835358305854
goe647,0.284149761540438,0.5181107985002742,0.12935185237100874,0.48183433580960044,0.21549205131015328,0.2917705258917549,-0.13470380845277247,-0.10351955730464305,-0.039439848412434635,-0.002023225711910076,-0.036881702275196826,0.023329654455989664
goe648,0.3101823177103399,0.35708421554959396,0.2066834032109126,0.3417918016923523,0.25227859827009463,0.271367385820212,-0.1350611838215235,-0.1149379682737087,-0.057324781360488804,-0.09442219243124352,-0.026730535591582026,0.0013094923659942115
goe650,0.22460919178327846,0.3349514673697099,0.14548612656092444,0.39484353833845376,0.22727800917335136,0.2980140806252417,-0.16341834514678633,-0.14075933218089098,-0.005891060609391201,-0.02633251299800465,0.07657101124618544,0.0264452735639819
goe652,0.3146193570798774,0.4706426827471706,0.2531205596093413,0.5481961176754911,0.3158727531653188,0.41027369277983394,-0.27074908430486655,-0.09979540002427265,0.11542944452435185,0.1680986181793794,0.2998477009399879,0.3860084400316663
goe654,0.2326209763297439,0.508943334200512,0.09717447851561453,0.47955075122653573,0.15284392230720117,0.27857606332127405,-0.12479810239065248,-0.0064316402340962725,-0.12216337570377167,0.07748585012972939,-0.07496081723855624,0.05536289667623782
goe655,0.2345841181095258,0.4397797954109496,0.10197804487306156,0.4191259831871639,0.19665831303117687,0.26216354988468027,-0.12008834676202937,-0.08176913243498794,-0.04821106664660703,-0.012498798056073566,-0.05070799638111735,0.02679102177597598
goe670,0.14897649823777953,0.26164575422797504,0.12034586583239523,0.27086479290744314,0.22410135235189424,0.20472549575953478,-0.13173391059455433,0.020426625412699295,-0.06511300753482546,0.03190604711384941,-0.09451732183883922,0.01616279243366385
goe673,0.1075510649860778,0.2865684852879931,0.11496880869298351,0.3027079557717136,0.1776187744317713,0.2521549909715426,-0.0715172024296287,-0.132965166420066,0.006884302646965296,-0.13028637926320022,0.01995347726334537,-0.04219256790630793
goe675,0.2594237416798355,0.4219478618238698,0.22321134247473956,0.45201766061584037,0.3330093253517455,0.34601422898633566,-0.17439735227381062,-0.035620659809049125,-0.00985605435291938,-0.031067948279478896,0.02634302070892949,-0.010419184712592872
goe676,0.15517021712114176,0.2774870315973689,0.11453366742773985,0.3062720408006734,0.11056958613542851,0.22319382383895706,-0.14023029715000754,-0.054081280599948406,-0.15259180101372527,-0.03266278985156154,-0.1862080765964866,-0.0595890305163728
goe677,0.15545435179217904,0.29118851097909226,0.10288944607095832,0.35762310116608775,0.025591354576281047,0.25543567517731985,-0.14761834514068037,-0.03811937161591694,-0.15344443809800734,-0.022132662961091606,-0.21597347731857408,-0.10462829563706817
goe679,0.3010084491733229,0.47828350536960085,0.1673871745131694,0.4977206400456491,0.22598800561657312,0.44813375598155186,-0.20487729523612191,-0.16481895117093076,-0.0355874560394389,-0.12305546816849001,-0.06699394352569929,-0.03813163538195899
goe681,0.2693310617236853,0.4710818039640312,0.12900209878219687,0.49545600890607533,0.19766294541388235,0.2952282522479663,-0.19535901774137732,-0.1257141108243859,-0.05904566194180448,-0.08033899379521856,-0.08446127104013902,-0.023847366540198495
goe682,0.1822339317272106,0.31809277260462016,0.16199424213504873,0.3136532922641488,0.2158352349759265,0.2144902466232104,-0.12391748159258034,-0.00625715373178384,-0.03412954865284186,0.025347495010277745,-0.024898503623538883,0.05700125802335105
goe683,0.25703873310473313,0.44916335745032865,0.2201389251958834,0.3994915756727862,0.19996100156915905,0.219116237100938,-0.215533136505325,-0.21037984381864105,-0.11271579435728898,-0.22486332650745902,-0.13437578645892015,-0.33734082907015145
goe685,0.19279088750656193,0.32528092209955073,0.21925960988976675,0.25957467737442314,0.27661454238934685,0.18958023049513537,-0.15367346616388108,-0.17180373403598,0.08323949629578566,-0.061984689727198033,0.02339352429242863,0.038469364041162815
goe692,0.23819031997640236,0.4464679290996383,0.13035064187607798,0.6230632257836509,0.13322028931314817,0.5157295630098948,-0.18015145448342898,-0.08161045679420362,-0.05044450013137328,-0.06596448447796607,-0.06048476036642669,-0.01234520438366988
goe693,0.17173011482580042,0.3407116746913376,0.0818242170843452,0.4776224197426998,0.07355030552119277,0.39168137277806714,-0.1444390895842661,-0.050454097964477224,-0.05285432363435769,-0.0412831112153407,-0.051740182129806744,-0.02202111174513552
goe701,0.2129013863512787,0.3810632772811188,0.13408501973899803,0.4317993680514428,0.22269456220702058,0.29701606558406013,-0.15347232932193122,-0.045236701355845135,0.010212468091854061,-0.021315034891605317,-0.03763773219105199,-0.004829663038255363
goe702,0.27656227179833687,0.46943517819205627,0.21155701952527545,0.415871411598699,0.1872528334052171,0.12237293523634148,-0.1920632002081908,-0.10623907979387895,-0.03699388429772751,0.0069397215055211695,-0.08589237574806347,-0.01258589834813979
goe703,0.25757074529189194,0.3715400423032674,0.24992774991393774,0.3634759204550881,0.23099388544384658,0.24922569581439696,-0.22736228028396885,-0.17689289070844122,-0.18322517141106895,-0.18608083898317504,-0.29031056573828695,-0.240635430766601
goe704,0.17238118368923894,0.3411758486166062,0.028898476486219737,0.44273055299503505,0.03928318480829898,0.23210875808286432,-0.1414114207359846,-0.16448773897941904,-0.009232087952130374,-0.1727444639420344,-0.11481578047473263,-0.2306314470057924
goe711,0.21061399463631145,0.6477247213647812,-0.06952245711388666,0.8427044346139362,-0.05929088240340742,0.8228091366788027,-0.08836299168695698,0.0547674045960641,-0.12051892685341148,0.09208669778932754,-0.09311846943737767,0.04840831609785266
goe723,0.18304268832408987,0.2778454219114629,0.24598027262044828,0.2829581995669624,0.2101231411615843,0.23485887568897593,-0.13166395710641443,-0.042213666935007915,-0.05518828488884121,0.04869215313796026,0.05617628856338591,0.018299696940113
goe735,0.300204622539525,0.546123329058437,0.19704939645408667,0.43875599379128166,0.18431958787499308,0.09455799923283437,-0.19392898121247681,-0.17581005844249176,-0.0681515366826639,-0.18997932692925767,-0.12524740371602022,-0.16265249598338816
goe738,0.22909220690245535,0.32292378780126885,0.18172737222541613,0.29648541008368445,0.10874365767765527,0.03919299548249662,-0.18768345875441347,-0.14886426149458587,-0.1100698428788648,-0.1629330789173224,-0.11000488032402594,-0.11608293145229634
goe741,0.2584089604588279,0.4337167330714332,0.24246366058096905,0.32709998838136817,0.12946091409951593,0.025530639503441893,-0.1812736572586116,-0.025254172603011868,-0.08360998940590181,-0.03665651164535477,-0.14398677875594967,-0.1266839126242228
goe744,0.29149249511065267,0.5234533042191891,0.24102134118774926,0.38342664626427597,0.10863772855539533,0.005930563994565918,-0.15178851314476358,0.06905975692909352,-0.021837451515139612,0.05872142021993401,-0.1195763350923739,-0.09162414364882171
goe746,0.16691338520461693,0.4002694664128845,0.12986711338570606,0.3140689611923606,0.02721905722488253,0.01210245298176246,-0.07108527507273439,0.07196909843101881,-0.07144764974626397,0.13486202797501382,-0.15941190440163544,-0.041411893573400416
goe758,0.19186760378617715,0.40308167430211606,0.20903154023959578,0.35255159449173457,0.22976900331235142,0.21944696676691203,-0.11862848517664464,-0.037299412621167885,-0.10134456759622104,0.026663051567393084,-0.03587909140711471,0.03945244758263389
goe765,0.24711141970194228,0.24018920785934328,0.2603300106088775,0.16125807380970814,0.21442255302230206,0.01070103078617409,-0.15374340044661602,-0.14224519374383007,-0.10989442319006074,-0.15817268070753873,-0.20260263376058055,-0.23674617479770757
goe766,0.21824127008211028,0.23877624737388775,0.14289657967493197,0.12489637804488535,0.1569674688278209,0.07920379230571384,-0.1466615010881034,-0.10869074422620864,-0.11996638769278323,-0.11223552129493675,-0.12180533721382229,-0.08281247757405583
goe767,0.24887548627868783,0.2345389188879537,0.12433434797392645,0.10343766355936464,0.13422464829355582,0.05650746905651879,-0.16809135589088414,-0.11580398056864402,-0.08868559497446515,-0.10332103367214798,-0.09753863746858901,-0.050330993307204856
goe769,0.3044688130123914,0.4310121695240168,0.11490130465438249,0.3745364365358139,0.1232202453541546,0.18346822490044146,-0.1864665281155763,0.03500702512044433,-0.11386908840818222,0.07295203537963107,-0.07948229814196398,0.04158487756018866
goe770,0.33815557242680233,0.4245153746501442,0.36482235196074114,0.3497008727126474,0.2115336083024647,0.2902812954639668,-0.153542032963101,-0.18646610439795458,-0.1647568672502392,-0.15777205540191272,-0.11590747419477884,-0.08951242810087359
goe775,0.2768862810477544,0.33020223236245827,0.16692009705111696,0.3788048066585129,0.1340375071749029,0.3521388911272435,-0.2808979934809612,-0.3042473424933803,-0.22666857050945438,-0.2639065824210708,-0.24938304341961906,-0.21339599665222575
goe776,0.3284014716851895,0.39936094069403894,0.18425702112182957,0.4740651065039077,0.13750927767467908,0.4307491712579112,-0.33314708988145436,-0.368694953658404,-0.2548461683221002,-0.3383029413936439,-0.2738087093018512,-0.26678739959612907
goe777,0.4112132452812469,0.4713980176044493,0.46197689050452145,0.3708400902183415,0.27659590181398364,0.32756676944145724,-0.12864596673481768,-0.15720992574838027,-0.08856271890668861,-0.16805236813231691,-0.06530768951773014,-0.07695654970977257
goe780,0.06755725160038335,0.1685780695297125,0.11736064126492707,0.3109289645543877,0.17807829843577874,0.12738321571923736,-0.07571680537915546,-0.11082014241520907,-0.11571859904486528,-0.13721688972702453,-0.2094957631501318,-0.2105876019175492
goe79,0.2163886592464546,0.30302619783845214,0.11848312941082201,0.3480180885029983,0.08166041254189786,0.26875446833783934,-0.07640837446006302,0.2515213113266669,-0.09439964529167708,0.2292430261446291,0.023570899917207833,0.06066921170732923
goe795,0.1254264119180929,0.1937567867201468,0.12548140135223732,0.2159854818929911,0.14646929506012787,0.18115520329664633,-0.10116539134092917,-0.023956118606399637,-0.0468952104112014,-0.023566586447915587,-0.030117595396987454,-0.02895506459294349
goe795sm,0.12538296211460478,0.1938334693476414,0.12790983844020587,0.20949733896931322,0.1516701993453441,0.18212090652553692,-0.09857115659323831,-0.02552350290600787,-0.05056231075431876,-0.014606570790623104,-0.03896752542364606,-0.03160163597459135
goe796,0.1833562980532381,0.30911586201209934,0.13907928793831778,0.40275339349754014,0.14176376023551476,0.34399058793084886,-0.15291528270303462,-0.027202828798511033,-0.0909132100567181,-0.004403398049765118,-0.07599726267102384,-0.01891764352777852
goe797,0.2273766326957913,0.43517555840721545,0.15123781141984713,0.6056060781789486,0.11567844775618445,0.5543796296097233,-0.18957822385566153,-0.052867337423568556,-0.1001991551654437,-0.017738543133534505,-0.09158149977079742,-0.001348644161106177
goe798,0.28977311362214747,0.5623206986605382,0.14906807860062005,0.7786560860523237,0.14841312328680323,0.6461929357373946,-0.23958933225634332,-0.08523687310189113,-0.08629203379944428,-0.07857018740965452,-0.07512499555507277,-0.05855034962669261
goe801,0.22684793544157228,0.38187976074287167,0.13542697824695513,0.44316420385150146,0.1694047806162581,0.3481465405933219,-0.0911362425404075,0.11569794204098027,-0.049518508508407375,0.1415311139475834,-0.007408698354941452,0.08813762506777907
goe802,0.22684793544157228,0.38187976074287167,0.13542697824695513,0.44316420385150146,0.1694047806162581,0.3481465405933219,-0.0911362425404075,0.11569794204098027,-0.049518508508407375,0.1415311139475834,-0.007408698354941452,0.08813762506777907
goe802a,0.22684793544157228,0.38187976074287167,0.13542697824695513,0.44316420385150146,0.1694047806162581,0.3481465405933219,-0.0881151182710578,0.20080722676019389,-0.22771486544152741,0.3358416289543845,-0.13504027786799122,0.13779408796515843
goe802b,0.22684793544157228,0.38187976074287167,0.13542697824695513,0.44316420385150146,0.1694047806162581,0.3481465405933219,-0.09008240804719683,0.22261645025996063,-0.26790955621124724,0.3771033046929329,-0.1611149231200693,0.14766160938938339
goe803h,0.18761955819638748,0.3413629329847274,0.0655451348809106,0.45668761475274045,0.050485357362951636,0.359891222947997,-0.10911923153638302,0.2693910719862077,-0.10879519034625874,0.3304089679753179,0.04818917524096651,0.253641507137887
goe804,0.11915428912839471,0.28670227292438943,0.11644005335568622,0.3638980685785355,0.2737971692769306,0.4162368441853858,-0.05072880130104245,0.1320143455592096,-0.03253968093487556,0.26751041311085,-0.057937177314777585,0.4137906094649187
goe81,0.1953963861725945,0.3484930410089445,0.13542966941784887,0.3954981195681588,0.16075298278652092,0.2824728510904003,-0.07561238469857703,0.19850966908916698,-0.04929166081032374,0.16636742540502947,0.022508364136298628,0.0932308074836855
goe92,0.16555304928577544,0.46347213006196614,0.002729649046585847,0.4282336705064029,0.1370850066388262,0.22014805168909973,-0.03249003735525562,0.10746607460381902,-0.0678229261995582,0.13924086528850763,-0.02821486007758723,0.056575187599200716
griffith30SymSuction,0.2326694515470138,0.47664034758814333,0.13280428656965104,0.602255683562657,0.8473535680052602,-0.2452173797958226,-0.2326694515470138,-0.47664034758814333,-0.13280428656965104,-0.602255683562657,-0.8473535680052602,0.2452173797958226
gs1,0.20744108411474357,0.3188443513200845,0.2635488191694383,0.2643754536069937,0.2897444333405639,0.21180015525520504,-0.18365745625007565,-0.08618791695188067,-0.08152333542957904,0.04396708297035356,-0.080912069990889,0.08220774715179041
gu255118,0.2311166227278597,0.4820390539477528,0.28700881485735635,0.7919231177869518,0.2158352172687913,0.3878864538934708,-0.12276949152492476,-0.037884723053991445,-0.13451512405900012,-0.01994071415982237,-0.07782268560475133,-0.044477869299491844
gw19,0.20046905792513037,0.4098224970316303,0.2485648237333338,0.6043557339545622,0.37209328616741977,0.2845609579629569,-0.09777175161865952,-0.06420976068836451,-0.029901179991482257,-0.13390143766778104,0.23882682581243844,0.1871863540306094
gw25,0.21693257725832615,0.4014493124702482,0.27069165289685004,0.5266555181581308,0.38578481234184725,0.2867945924334362,-0.10027974812376883,-0.07184805154820187,-0.02118664731014279,-0.10425189070359615,0.22851165752742222,0.19857580540926634
gw27,0.21188786553158587,0.3740912256431276,0.25876682524879147,0.41986541308064945,0.3691085601489174,0.2775700358170758,-0.10121170269705101,-0.05952791639856202,-0.01969911528184126,-0.03835879833036101,0.1994045989336358,0.20874975952001326
gw30,0.19110795858506843,0.32832337532094624,0.2201181461356529,0.37112831492522536,0.28217169799473213,0.26614046104780126,-0.1076564999382891,-0.06981063091100592,-0.040580991965196433,0.035473058316542086,0.06520275316266487,0.1933098248529182
gw31,0.19867759133499188,0.30592010762522354,0.20950389761932356,0.29304732679060796,0.2134720583442766,0.2081843157448497,-0.11900626173576688,-0.05873046428938053,-0.008411940688873874,0.06156025952742849,0.03929829021368155,0.16399351385236455
hh02,0.155076455874513,0.22558668992500502,0.09615043611998604,0.24708326978798845,0.16800006139448884,-0.17300167967090652,-0.10791911502353985,-0.03280035579456833,-0.12971292345465982,-0.03322818418364883,0.05065008705251271,-0.15549897622498535
hobie,0.12317828167320087,0.2918715725758936,0.11167214527898184,0.2775261974388211,0.16984373178366508,0.1802837627198514,-0.08349752226971771,-0.0475164290081292,0.043766190239436176,0.010570884637590858,0.04897187579565965,0.08450594536728726
hobiesm,0.13617870636884621,0.25472322619656995,0.16590171873365736,0.23443821698356543,0.19986052570352594,0.16158139059804397,-0.07800105207719231,-0.05992587553593074,0.053281810252045356,0.007167807947333227,0.046567983187772125,0.08856021926718419
hor04,0.08519789205634079,0.0801306074378374,0.08774039189480926,0.12206184193214531,0.02536857915932854,0.15609832279213706,-0.05321983629115294,0.024977496158418235,-0.05580496754741703,0.0022746462149722596,0.06566634479937267,-0.035947566783637606
hor07,0.13634652197475292,0.2395863620127724,0.1569242932128857,0.28495212651057955,0.05334724816889037,0.24773932654569378,-0.09300573768562652,0.01567048011683292,0.0860400753386091,-0.012165578322494035,0.16191059731962013,-0.042751504094346006
hor12,0.18813858997374447,0.3081471335969455,0.15705784176345342,0.3306684634841901,0.09829829178506687,0.27393635255135707,-0.16453789033041527,-0.08177040612575708,-0.023645830923720267,-0.011356531527784557,0.08453151997461376,0.035953586219542845
hor20,0.28166092438612805,0.43182643441506774,0.2006893817152787,0.4310439952520003,0.12432783576352541,0.32095446510605585,-0.33464173606057346,-0.1765212345128962,-0.21719746222337682,-0.045040031279004356,-0.00674809494449595,-0.11079505546749809
hq010,0.1208266298601482,0.1383090589415216,0.114611243543676,0.1478630518591314,0.1114020385348939,0.022477508322197665,-0.1208266298601482,-0.1383090589415216,-0.114611243543676,-0.1478630518591314,-0.1114020385348939,-0.022477508322197665
hq07,0.0849718020119791,0.09414660862502541,0.08629363824891598,0.09175643739315884,0.08977837842892733,0.0015141582016920563,-0.0849718020119791,-0.09414660862502541,-0.08629363824891598,-0.09175643739315884,-0.08977837842892733,-0.0015141582016920563
hq09,0.09830429490032906,0.11046781528229921,0.09692145904544115,0.11250131798037771,0.09786358489530586,0.009247365174873694,-0.09830429490032906,-0.11046781528229921,-0.09692145904544115,-0.11250131798037771,-0.09786358489530586,-0.009247365174873694
hq1010,0.13203972920749163,0.1790810565894852,0.11537157570925177,0.19503616032430146,0.13952448870172487,0.07430815810363847,-0.10522908673984326,-0.10617854568800386,-0.09919055132044088,-0.11593823692933293,-0.06587766298813302,0.01479374742314489
hq1012,0.15584900103947413,0.2081248865390115,0.13486772275038253,0.23304348952576384,0.1511444202395734,0.08991948183648299,-0.12897098218280073,-0.13580108032138588,-0.11820130654460458,-0.15351732047169808,-0.07876643094480791,0.00011776690897379863
hq108,0.1086964206935112,0.14849026306228463,0.09889232652800169,0.15461698240704583,0.12850967649464115,0.057626760604449656,-0.08183934073373307,-0.07613737257737196,-0.08189681789873443,-0.07672211585436951,-0.053812851019203765,0.03101092606459661
hq109,0.12039025929525352,0.16333895156730854,0.10826851919545058,0.17369151591995022,0.13473823222959902,0.06534516892050123,-0.09424226603312358,-0.08886239440879748,-0.09342873789812016,-0.09339576130078872,-0.06227132584314851,0.02410258671984828
hq1510,0.14197680234577528,0.18978460552046378,0.13083236449757069,0.20366995596229634,0.1646851447309274,0.09391649933210745,-0.09866484635634838,-0.08782971338546394,-0.09599866897384143,-0.09479920516659004,-0.04887692689778993,0.038365778811285604
hq1511,0.1549492325880774,0.2029291219344468,0.14245397073093963,0.22040810029379868,0.17661340424294644,0.09622346114504471,-0.11140036619515596,-0.10107817757371637,-0.10876036340694846,-0.10964051214532856,-0.06262145653783438,0.03816093157132029
hq1512,0.1675073055069496,0.21520112824716253,0.15475978851845518,0.23798406439592337,0.17819979558925683,0.10936427824437252,-0.11979681784092613,-0.1230561279599971,-0.10633661753993452,-0.14155888337232553,-0.05492086473645979,0.020218591827485432
hq158,0.11666475408029972,0.16538331326291753,0.10203839953387743,0.17384694303783205,0.14838022558905564,0.07914598161691357,-0.07455907104904097,-0.06116753886995388,-0.06904884928739397,-0.07167047077772262,-0.018354321020516352,0.03939021495112189
hq1585,0.1219896060843597,0.177191173060169,0.10246522510308775,0.18930650873666516,0.14820066958716788,0.07183504818802215,-0.08740303065520971,-0.08215240330637652,-0.06544851619198397,-0.07968920764106777,-0.032316526684415744,0.05438399537412876
hq159,0.12974220768979658,0.17584586858542295,0.12013443843165718,0.18578401974671363,0.15753940078560255,0.0866798368634299,-0.08641353634009954,-0.0743226222972591,-0.08430911250193013,-0.0791757979456808,-0.03851091571012371,0.042732282800169163
hq159b,0.12772577291537293,0.17859015090744565,0.1156260928845113,0.18937827073520008,0.1575330749675706,0.0841113228381392,-0.0848655172436835,-0.07617815229048887,-0.08296058152404091,-0.07738548532126463,-0.045033756707958957,0.050446629571799025
hq17,0.17670397694753545,0.34310102787523594,0.22573897122310496,0.44017976099393064,0.39647911415119536,0.22907188496058462,-0.0927619795658944,-0.06411093806500588,-0.0769172285468497,-0.07058400221030103,-0.20236012915190885,0.20380617389507405
hq2010,0.1490744867338733,0.20762222443825573,0.13412300692960585,0.22552738097736735,0.18274943173525907,0.11383009706256028,-0.09180633889450039,-0.07130831579776975,-0.08878394580834467,-0.07935808177337368,-0.027541016793506467,0.05929374004737058
hq2012,0.17382444171051786,0.23480867940332806,0.15598377580200615,0.2609100677250396,0.195937347024295,0.12937926552037948,-0.11576009936217044,-0.10059176101543146,-0.10609399211077469,-0.1227265015200645,-0.03237066993539418,0.038508221472127645
hq208,0.12516252147855864,0.17821000170931625,0.11563464265268852,0.18688892376707228,0.16922086409245754,0.09969247116686848,-0.06836194292582641,-0.04047965035062448,-0.07259191459221594,-0.038798569392123436,-0.015919080410360522,0.07496885259668558
hq209,0.13737534372165094,0.1917985862129471,0.12766154302305527,0.2018918177474535,0.17919406784559302,0.1058533769185661,-0.08023841280932915,-0.05603396266048652,-0.07994329963414634,-0.05994277436944373,-0.020868046015157217,0.06680170372932423
hq2090sm,0.13697024383585876,0.18533878747276034,0.14048111487528586,0.18496679808719488,0.18957522042819341,0.10276485953112066,-0.07943432600041704,-0.05358448842213104,-0.08793967032648442,-0.04781483575862025,-0.0327590631881267,0.0737252613285433
hq2195,0.15280500508325637,0.19205956276728858,0.13970630270385243,0.20772113339112744,0.19873006980424315,0.11862310299631545,-0.0942626839326145,-0.037826888254178764,-0.13087611627981513,-0.012680483634448101,-0.06736206438418395,0.10666347052860901
hq2510,0.15134149285094337,0.23216527918039165,0.12983373854667724,0.2533467519007329,0.19360402962253703,0.14251969743807094,-0.08483527230711092,-0.0528048375738466,-0.08608651190170709,-0.05710011023895753,-0.010596285410941875,0.08162725401848356
hq2511,0.1659740940086367,0.24184092026661225,0.14636333042332844,0.265106122392336,0.20971295431246975,0.1424050962805674,-0.09776026054272417,-0.06461687558245754,-0.10163666655674641,-0.06780736961504673,-0.028780442995780264,0.085117210410686
hq2512,0.17501506933421354,0.26179938759031923,0.14835684772150987,0.2919017644042666,0.20580335287397403,0.15727179214271925,-0.10858198560818184,-0.08193845027676083,-0.10512320503244091,-0.09527237404082149,-0.023022337683988186,0.06676679287090295
hq258,0.12820700770210874,0.2012655975595367,0.1137713733593592,0.21220745341086003,0.18387404309188501,0.12475099694422898,-0.06136881060057899,-0.022691382554230553,-0.06789630351391675,-0.018797815595270887,0.0022086190922061015,0.09743852225055104
hq259,0.13965565338321917,0.2169403653467601,0.12171416562882764,0.23221669683131416,0.1896349950459496,0.13303371321656382,-0.07307784801487861,-0.03739417661012294,-0.07839930449162119,-0.03507283764145684,-0.007304430703577223,0.09158966616432491
hq2590sm,0.152876458745647,0.201774346063759,0.13530087891008724,0.22003560670510391,0.20795939341283756,0.13890101253603684,-0.08233933924310108,-0.01602769877458414,-0.12436204143304455,0.01450818983932398,-0.04932768688820882,0.13231896322212078
hq259b,0.1528764536512596,0.2017743741396637,0.13530079304640097,0.22003577982789724,0.20795915504474277,0.13890118580651287,-0.0823392202403647,-0.016028350615121992,-0.1243604435101241,0.014506686822613139,-0.0493269090453714,0.13231874422077478
hq300gd2,0.20786531005820152,0.36667906963888997,0.24888067053920623,0.41053116396477407,0.2555850375556922,0.20143395529759253,-0.11472252081480697,-0.09955886317713875,-0.12423484142147673,-0.11312191186839735,-0.2179880587816865,0.1740900226043608
hq3010,0.16419393047658926,0.2336059878670257,0.15992828577199844,0.24623898742590047,0.2325996062813814,0.1514527959452155,-0.0783804922550751,-0.03311036608339407,-0.08491131188167707,-0.036787691951486616,0.008224928410982489,0.10414668584268165
hq3011,0.17616753764393656,0.2485770710408255,0.16868866238665023,0.2658275115680505,0.23804298360989778,0.16045692836012918,-0.09263736519884402,-0.03482216651562803,-0.13067179894041728,0.0062156799292849094,-0.06036060255422964,0.11504476691950112
hq3012,0.18860299391517615,0.26122972547566603,0.18007604694134882,0.28576053715321936,0.23927254835878445,0.1745786194457374,-0.10252342011425954,-0.06144517481519127,-0.10474669451478308,-0.07544784992695933,-0.002345812178162309,0.0875999056623852
hq3013,0.20055212650005752,0.2760011357312527,0.1890320443715875,0.3055069123623504,0.24454031383115857,0.18474133175118057,-0.11509547049990991,-0.0715751467147892,-0.12726020871055188,-0.07525602272465257,-0.0204933537400909,0.08355750555297338
hq3014,0.21249802655864858,0.28985757916599814,0.20076461168986512,0.32035282463471765,0.2561379887874258,0.18781096811231707,-0.1257423881221628,-0.09169210381834061,-0.12337382177351594,-0.11238450640082456,-0.017518850771387002,0.07287177306077952
hq3015,0.22444288476332666,0.30427650871058026,0.21062462443487287,0.3384437317404287,0.26415106405271366,0.19438143363409885,-0.13782455629091891,-0.1055984330776634,-0.13346164081806206,-0.13151261887262772,-0.023966560467417866,0.06587213985756465
hq308,0.14045127198999038,0.2046525500811247,0.1396074425283077,0.21210296933620815,0.21290858093260678,0.14325374301836394,-0.054953559101013794,-0.0036756443147666004,-0.06529770360606438,0.0012185085256022931,0.020812261317232208,0.11925530241711453
hq309,0.15196728355419806,0.22010344456509573,0.14864496691791124,0.23056544508337706,0.21983903481562295,0.15143839746295346,-0.06664751305956464,-0.01822627447582418,-0.07539901048595074,-0.016561316725636543,0.013040201779476526,0.11294553759117323
hq3510,0.16630189415221458,0.26788942130219334,0.13855987719942522,0.29188519970450183,0.23165721956843094,0.18571216977289343,-0.07171528879287527,-0.01586492029489179,-0.07916316125097106,-0.015164837240364739,0.022927194747267555,0.12817084297299794
hq3512,0.18969787669307253,0.2979528400023089,0.15674315392298702,0.33075525501162617,0.2424260741728371,0.20268253579002957,-0.09513248657918004,-0.04618276863553698,-0.09551676404404603,-0.05737259638386226,0.014512800211727963,0.111192212010483
hq3513,0.20201178978629156,0.3137165469714087,0.16598725879922607,0.351088749712576,0.248924909425215,0.21081050364189066,-0.10744981506370527,-0.06192735027960611,-0.10480905458874318,-0.07765824967502016,0.007987073524521045,0.10307310747190562
hq3514,0.21575778161277367,0.3085807301576876,0.207168385510067,0.3335173313560108,0.2795409664765531,0.2048437465207111,-0.11727121876105366,-0.07397938467820586,-0.12211727223779006,-0.08527731941531391,-0.010570283611554057,0.10459373651402784
hq3518,0.2629388233768472,0.36581295336922603,0.2482361534951311,0.40475788009039193,0.3096001654984397,0.23273423650393166,-0.16445226052512735,-0.13121160788974362,-0.16318504022285463,-0.15651786814969457,-0.04062948263344083,0.07670324653080732
hq358,0.14241765782448304,0.23801650555981807,0.12115732870837387,0.25298597389476535,0.21848539412090856,0.17083837740413646,-0.04790480229615454,0.01392109663160124,-0.06047194170460867,0.022061196402709024,0.03744990159512265,0.1420473371914933
hq359,0.1543979627651392,0.25319812143695974,0.1295620590756823,0.2721296686163723,0.225578214207565,0.17824585684770602,-0.05995422564714209,4.066247835739917e-05,-0.07133777660481697,0.004326900903226731,0.030652056747488762,0.13516951334022703
hs1404,0.09065921344480332,0.13957055219436157,0.11028274043655362,0.1331235003509091,0.1962022608000547,0.0843712883704062,-0.05067125855121223,0.009287875935350853,0.10817787786427749,-0.07206090806832884,0.15373610063661633,-0.03644808489030794
hs1430,-0.4001579855358949,-0.46337915800863594,0.15976239232504302,-1.0963854917000337,0.5202306873297058,-1.2673053198457285,0.45108348460649755,0.6355205240604538,0.0008640179552026894,1.1913922590042576,-0.24693413476475093,1.4080300527101794
hs1606,0.129623285890301,0.2102672835771685,0.14343164521616725,0.21743139629590327,0.2586104426479859,0.14826661053808726,-0.07406339549890283,-0.003048804947518996,0.16988323862825938,-0.1384936758861254,0.2388328909943339,-0.08296998577829856
hs1620,0.323586012373051,0.47348919948544854,0.08609571697630641,0.7844951383579879,-0.016558629334367074,0.9476111372632257,-0.25129595873969285,-0.20871421040701896,0.07127809272638362,-0.5137396797804036,0.2622815133760695,-0.5736171645290401
hs1708,0.1652314154223182,0.2609347647623333,0.1615163679826729,0.29029865157124196,0.2883088356296089,0.20668536684727132,-0.10340020279236575,-0.0003479337018236564,0.156439114075717,-0.15787237339085755,0.25749438212200304,-0.12353001441775402
hs1712,0.21567051354404507,0.3544485973395304,0.10706498485313737,0.522595326982635,0.0877114661178873,0.6491899672574645,-0.1298111537011175,-0.04897322530589791,0.08557414534028356,-0.2265217651273603,0.22170581621627586,-0.22603295713412047
hsnlf213,0.17966965511577182,0.19132468887493026,0.15245405932288641,0.3516782122469891,0.15263678905358352,0.05167485076549926,-0.10095251988594159,-0.14298744970914373,-0.05292345009485783,-0.2718814473335543,-0.1501739152613443,-0.01500736412078301
ht05,0.10557072974187394,0.020872468877309813,0.12781342617200395,-0.06888707493594,0.0981508524688969,0.08494037403558514,-0.10536425378424477,-0.021062325972967255,-0.1274788900006763,0.06866960222677224,-0.09799477684146345,-0.08492005822872169
ht08,0.09699235617298578,0.053807395199007874,0.06055232401973658,0.04433794502707175,0.04486409800116212,0.049418711175807595,-0.09678591381835461,-0.05400110256607896,-0.06020982095056729,-0.04456534077358222,-0.04470130404781239,-0.0494043740059761
ht12,0.09838263162860035,0.05891627092702631,0.05432132271509373,0.017980653639400965,0.05338238728485621,0.017806585786221563,-0.09813994798518541,-0.059152357988116716,-0.0538988132615638,-0.018279582741975373,-0.0531623440264686,-0.01781214811097308
ht13,0.12457115989021719,0.07864696928893336,0.0715150171904479,0.03649757093879888,0.0641469302461657,0.02626044422263409,-0.12425232324126585,-0.07895636778622846,-0.07096668649371476,-0.03687428284722329,-0.06387773312729647,-0.026250802848443038
ht14,0.14383299025499727,0.08838434482367849,0.08763340136170616,0.0443688096683979,0.07397126295336662,0.030858771346671865,-0.14346381485512766,-0.08873646380037198,-0.08700992487259093,-0.044788912118397015,-0.07367209285454104,-0.030842334469380697
ht21,0.09901763479195047,0.0749065786909255,-0.0023843386109123205,0.15731220775835414,-0.07432871240494972,0.17615117456500493,-0.09901769480930633,-0.07490698467911405,0.0023837931926003544,-0.15730629241634536,0.07432046850707884,-0.17613993878991177
ht22,0.12985319022797415,0.08857378591000845,0.09219999212639457,0.027638694165168322,0.08270926694331475,0.023829610251044346,-0.08296642942464424,0.012011409785881685,-0.09279177123637718,0.042504438941400755,-0.06826036581585825,0.012456169799877237
ht23,0.13876155968814466,0.13137501286514552,0.08391543073417163,0.06024140134084991,0.07505147464058567,0.04092346566506035,-0.09031428605208619,-0.034550648406051376,-0.07401546066503333,-0.008180224727020341,-0.05907220346768086,-0.010795692718619446
ht33,0.10463343416818896,0.07042276761939037,0.08232396611682047,0.02644759812690099,0.08029932249681744,0.015174649104281467,-0.10451102146110498,-0.07054814095632092,-0.08209642435365481,-0.02662728870539021,-0.08015933324205525,-0.015212890409084986
ht34,0.11397472836735009,0.08265170312855841,0.10522193806702362,0.03578313605035803,0.10150808088544554,0.016293411533860415,-0.11393265582865232,-0.08270297601557886,-0.10512482893483849,-0.035883139766745745,-0.10142165301794051,-0.01635350829487891
ht35,0.1188247735332303,0.0883033104128354,0.11701895538925053,0.03987093895613522,0.11224963924108253,0.016722334437606966,-0.11882285160822555,-0.08831632254942151,-0.11698882584926609,-0.03992903354807385,-0.11219124497663896,-0.016792595448323823
isa571,0.23293318312314,0.2167164073209203,0.1804659000441179,0.21676269157730782,0.16014511519371583,0.30468096125384386,0.015577208790857047,-0.02128812604887635,0.08771766699288906,-0.03587278450982601,0.04304896918293239,0.05476385739327453
isa960,0.3351089416592191,0.19071021320446802,0.33954159450173577,0.24432453776989285,0.23059322174600994,0.32167174857469355,0.06700489267171866,-0.1654859265975925,0.319495141225164,-0.21771714335280568,0.16768582440919094,0.0025928652568310445
isa961,0.3237824090611418,0.21760243433385662,0.2974573487184776,0.25511430377667255,0.23008343773272885,0.3182664302592929,0.0589407608743428,-0.15360097713719487,0.3204386924374901,-0.23019099593097023,0.18832553322965787,-0.01925287744754281
isa962,0.38175709260251783,0.15930943924226842,0.37491187103533075,0.2200901816538544,0.24900084864794642,0.30436154909524005,0.042852258781609746,-0.10771739926578029,0.25087031354937217,-0.13804319170104035,0.1403445416662931,0.0009224312000773165
j5012,0.15393953373697933,0.15342805042262556,0.16669745972272937,0.12560931137901937,0.18961586308606898,0.11056070213279642,-0.15393792953100036,-0.15343626818645467,-0.16668233796680273,-0.12562683316485299,-0.18960380305580643,-0.11056217300613945
jn153,0.3324446665300962,0.45672730666289296,0.5708285673572804,0.27269520836461913,0.23864413756255973,0.34517706379428725,-0.13811499362764407,0.08487131092709504,-0.18882003613908835,0.2650362407469086,-0.09986981648513023,0.2919815219954948
joukowsk,0.18151852320330672,0.15626271738786668,0.16363195148123771,0.07454998716515804,0.14055032263911066,-0.023050963062295884,-0.18151846356093754,-0.15626251771589755,-0.163632341825881,-0.07454962048152097,-0.14055060858880442,0.023050912331723
jx-gs-04,0.1339052112282529,0.15329998480399493,0.11480112287197271,0.06772587943641573,0.11358630922771766,0.03439373738500167,-0.07211255744161052,-0.05259486091245774,-0.050491409371442225,0.0008409578083590757,-0.07072050983730498,0.012459153533020158
jx-gs-06,0.13282590549165785,0.15531745707607073,0.1122921206154333,0.09389099649900584,0.11414541730222921,0.05444880708135027,-0.06772778433787674,-0.05914939980532227,-0.05794370651929093,0.000624524792070761,-0.07085511717462924,0.012433766792459144
jx-gs-10,0.12951516209306763,0.15485236091089297,0.12219627276130075,0.10672115443071536,0.1235802115013569,0.06163278199621828,-0.06988450539088088,-0.07134075795025306,-0.05292069217886517,-0.013822033733143134,-0.06802579669315598,0.006571562568718574
jx-gs-15,0.12558992600424074,0.1616717016593542,0.11115493414551911,0.12845479984793656,0.1430860945720442,0.08216086589767382,-0.07115546596296377,-0.07374568716372931,-0.05988612707998663,-0.017739015543438447,-0.07099791253246986,0.002474648148061723
k1,0.17313094263683573,0.12731864384228098,0.1967373789237204,0.12713528463143647,0.3158877865191813,0.104395783876021,-0.1629160969187071,-0.11851806396963899,-0.16239269176522136,-0.13178020024460782,-0.008849886945890353,0.13096245536276177
k2,0.13983838451034933,0.15109151939235296,-0.007598975317031645,0.41918498762171613,-0.15246405691696555,0.655291005695769,-0.19104723245228872,0.02435274087972332,-0.45092874299508157,0.37365341161390375,-0.7728794188060095,0.7431015825483287
k3,0.24002907309649416,0.0711753526002954,0.47153739385130095,-0.18436098380707844,0.7588472265438104,-0.11395037065391912,-0.3184443900717682,-0.21432550550237728,-0.15704954130195264,-0.512811098125826,0.3128498609400882,-0.40404001503904086
k3311,0.15457211928681272,0.283089737456893,0.1770628863038568,0.2600379262202846,0.1993254852873861,0.18293990431054327,-0.09341519586154484,-0.040475637051636634,-0.10354882853441719,0.012056415448568432,-0.041712647338137766,0.040343380143280254
k3311sm,0.15775216901674885,0.2735806913879522,0.1903918567340485,0.2472173020599418,0.20586456724967023,0.1832432168257329,-0.10109592564724303,-0.028530606137945752,-0.12231611434385983,0.027540516782797723,-0.0510634801573734,0.04015089465998189
kc135a,0.23098309890197408,0.20681221135658628,0.29949428265211836,0.19469157269492912,0.20691362577183248,0.1338535347540288,-0.12300180086506754,-0.10276240064942219,-0.28305585608877576,-0.06171988034065945,-0.17641921834764565,-0.0673076455214078
kc135b,0.1861641691974612,0.19212097330275585,0.21379830977390313,0.23172344595527256,0.16915912424115917,0.12764768790814884,-0.09695442463745615,-0.052223368162985506,-0.2459152508795672,-0.05938388395736158,-0.15255968149419288,-0.052814350960551495
kc135c,0.1507508476923156,0.18438596561335757,0.14898674041903437,0.2333725960831676,0.1536322964171055,0.11387229713881798,-0.07063739188940327,-0.02102915326631495,-0.19112024361676794,-0.04777472645981112,-0.1283192455325936,-0.031735278943358064
kc135d,0.13662988408158502,0.18428559963429686,0.12775348670463632,0.22521538477162698,0.15639185968856495,0.11200346191962546,-0.05499975432243945,0.009206075815668936,-0.16118596451748812,-0.0016674597883426304,-0.10164105978863146,-0.003771917528418367
kc135winglet,0.1647218426705012,0.11572668084471413,0.20751357708803658,0.1141090473815012,0.2855270049533838,0.11537901906411427,-0.04532135442772615,-0.06582557472171675,0.02721381858791481,-0.18512246288928544,0.12604451693092353,0.061867088581263774
kenmar,0.4087320067157314,0.5604425475912778,0.7372366406090882,0.3365361034644448,0.3274763645313507,0.6821469284200196,-0.4102605539544615,0.06906255571701725,-0.44662958733119973,0.1366401690180378,-0.28839951880796183,0.6446687853217534
l1003,0.21991607464727128,0.49348397078966566,0.5883805268416223,-0.08757592476282905,0.27237817381220897,-0.06388549415567756,-0.33365040731721846,0.22167151864757106,-0.33397660298201887,0.1994926430416068,-0.16014348241708304,0.06545153013930986
l188root,0.20699816800589663,0.18637478056803364,0.255115448342935,0.24392078107291337,0.28516500744422385,0.21019203389481225,-0.17380172088144982,-0.08109083272896903,-0.16398479572808528,-0.15239554900784144,-0.06913036384364797,-0.08467612787431508
l188tip,0.18536141324316704,0.18407202193030436,0.24361845776148408,0.21923776057963185,0.3149735381865897,0.22269755814957828,-0.14110041143463406,-0.04369311528693315,-0.12210700449338319,-0.09720907134085444,-0.026921093980310357,-0.0553433559728413
l7769,0.19919289221345532,0.31272110934151465,0.2993264973541863,0.09112256764665183,0.1043014153369502,0.04895845999748771,-0.1489103649174152,0.06373255981558507,-0.09054292181323961,0.03742881788613726,-0.055858083330156905,0.028888746263595593
la203a,0.25068110701407287,0.3362308034464696,0.32777581713580206,0.4571665997998763,0.23739518311809918,0.3332510767592712,-0.23099489480765434,0.12835742118097163,-0.3336054475416162,0.20940454179047566,-0.18469916587923513,0.3537669470254502
la2573a,0.2362400011688414,0.2704756314211529,0.39640308707738514,-0.06231870556337072,0.23065383192626696,-0.060225668864001956,-0.21415410305006435,0.0778040973688116,-0.31931723244393095,0.16158213741516453,-0.3437550286233849,0.0022505199355563007
la5055,0.266973071141116,0.32913610813949057,0.4529317978158544,0.37217413697846324,0.0514305258691854,0.1460136166204089,-0.21618307517842994,0.09669083867281396,-0.24098296871763902,0.16987996308731088,-0.16619410036906296,0.08424202413890419
lds2,0.20598945040154149,0.1717450928281281,0.24177384695663215,0.20328354686241382,0.22136229902632115,0.1346689733950023,-0.11644464201020702,-0.06496698676873003,-0.18853830254146015,0.01577207537452812,-0.1384520752268511,-0.010156265773408906
lg10sc,0.18422534375612248,0.2165256978615051,0.06090939550259013,0.2387304023527562,0.10079251538817398,0.17075435449212106,-0.09879709159252933,-0.07145756763206565,-0.1232242123367743,-0.08669303751136379,-0.12364878089263823,-0.10996620883033985
lnv109a,0.27054997345498555,0.32802878744996367,0.4934369253904844,-0.04901812427335381,0.2680897456446738,-0.013902013988511784,-0.2402593562882652,0.1991359432655581,-0.2433461811946861,0.2970795317689146,-0.14142934644647395,0.10216318040179587
lrn1007,0.14252825994544624,0.3168585077698121,0.09129316322369316,0.4370782216079542,0.27256762635988885,0.13134262616932038,0.028130686871962764,0.13240010217173795,-0.08275170031586054,0.2060130801160347,0.027489940768105296,0.1358015956606528
lrn1015,0.29858424132721006,0.30137003201917356,0.23875315936096464,0.5595918128926772,0.17604822297161993,0.2486229366450378,-0.061666895959399295,-0.07594218488290665,-0.07042941653975453,-0.04760049584770265,-0.14356006688711076,0.13343885394926305
ls013,0.1630960326902937,0.1600620386478013,0.12417432759684788,0.26726936326769274,0.11546091761214004,0.09587146121596227,-0.1630960326902937,-0.1600620386478013,-0.12417432759684788,-0.26726936326769274,-0.11546091761214004,-0.09587146121596227
ls413,0.21912112460297148,0.1688874639212819,0.2555146415537724,0.19521716115791504,0.3395347950187197,0.15304540453456525,-0.1174558243790955,-0.1304595073470076,-0.035604491565691065,-0.2905435685793675,0.0641628932396505,-0.010745774487552087
ls413mod,0.22764433872905723,0.18965040245514964,0.28273859497732007,0.12102766804714787,0.347517956095406,0.051752690943998106,-0.11799039844881792,-0.1374161362532597,-0.021515543989718416,-0.29998867296231735,0.0642915976298472,-0.052494037660025195
ls417,0.27408634573088947,0.21626102286654353,0.29319534032830047,0.28784033125848063,0.3726964592984458,0.1910273649416097,-0.17133245818721246,-0.17425132987953817,-0.08136301314640076,-0.3699781761504159,0.01836039606010775,-0.02631447384812685
ls417mod,0.29078706496164375,0.3656837707241664,0.11306975517508375,0.41733622586503516,0.15867203389977327,0.3412539009517346,-0.1750335350225574,-0.14825444734302481,-0.14158135361792867,-0.2570086460478432,-0.0944568032847775,0.10952256290430645
ls421,0.3208279580361208,0.2676567158064089,0.3298174214191255,0.37051650859569707,0.3987704552002815,0.23355194052123723,-0.22178598597926222,-0.22487938028389498,-0.11586215078450375,-0.46127853552530396,0.0019304762682151432,-0.08974527485497388
ls421mod,0.3552554127689957,0.2848186988601867,0.41074616282503174,0.18235406883376107,0.42093564840396075,0.08458592475524278,-0.21990366085738997,-0.2400678005802379,-0.08040271988126682,-0.5167943557465461,0.06805227976182748,-0.1539204530844323
lwk79100,0.14050562884955142,0.1261017521110725,0.14930381859629288,0.09619220350058383,0.05920006411678856,0.03736916522667888,-0.14050562884955142,-0.1261017521110725,-0.14930381859629288,-0.09619220350058383,-0.05920006411678856,-0.03736916522667888
lwk80080,0.09215424530658825,0.10136249500662634,0.07736760880473306,0.15469952846605223,0.11226447884157774,0.03745394692961443,-0.09215424530658825,-0.10136249500662634,-0.07736760880473306,-0.15469952846605223,-0.11226447884157774,-0.03745394692961443
lwk80100,0.1151529452765104,0.12762062766860485,0.09558758717503849,0.19549517907974173,0.13878233522446018,0.04392764194314545,-0.11529890582169718,-0.12726515126140392,-0.09612555561613143,-0.1949701778392793,-0.13911077176966352,-0.04380290215629069
lwk80120k25,0.13838041202998527,0.15309895474329346,0.1151563974321488,0.23482869221560715,0.16608120643304194,0.05166924532763167,-0.13838041202998527,-0.15309895474329346,-0.1151563974321488,-0.23482869221560715,-0.16608120643304194,-0.05166924532763167
lwk80150k25,0.17609507512608114,0.18098995978206067,0.15982414204494455,0.27655197825598077,0.2243803662863379,0.03600873013044665,-0.17609507512608114,-0.18098995978206067,-0.15982414204494455,-0.27655197825598077,-0.2243803662863379,-0.03600873013044665
m1,0.08379857191927499,0.0809912416429659,0.0653586050938054,0.09910774638758292,0.05667492799288816,0.09531404544651483,-0.08379857191927499,-0.0809912416429659,-0.0653586050938054,-0.09910774638758292,-0.05667492799288816,-0.09531404544651483
m10,0.09314663367914736,0.1662203505603223,0.08803928343258152,0.17577824146553472,0.06662766383396082,0.12510450835645154,-0.07768960054156546,0.007706566139611773,-0.0455735197888742,-0.029023199426528697,-0.04425860710462098,-0.06460080631424933
m11,0.1238807642846946,0.18221233786813457,0.1365206897849828,0.15294549423009796,0.1450799318368382,0.08263927254906336,-0.09841267623075255,-0.018273455210345027,-0.07979739003852668,-0.04193508564780342,-0.0831007017271562,-0.08719601551920632
m12,0.1654310090538728,0.2662875649505513,0.11481151050970873,0.32654846134664195,0.08089250451722188,0.2686024459376469,-0.13928571550828386,-0.06863405784384669,-0.12731868737873703,-0.06379592591587348,-0.15919456301437124,-0.08223060831521362
m13,0.10227739865122176,0.26643147976070025,0.07471273208525414,0.31620354892653774,0.019962073152583436,0.23191600843268143,-0.07053563205999192,0.11071385364149965,-0.05909167712881049,0.10560307419759275,-0.0832783553554581,0.025237557522348374
m14,0.12377940037361118,0.29741422827691855,0.09487298934886804,0.3476722250982771,0.04879354263973546,0.2632257056613991,-0.09094108677488925,0.07310463303632102,-0.05569732153485072,0.053140152073786445,-0.0806502475374074,-0.002150759346058558
m15,0.17061998728659797,0.3467006804532039,0.14911816733591066,0.3693480616795028,0.13207277448923316,0.23919072051535822,-0.1347436474981385,0.003469792478419678,-0.07904107670916681,-0.05254310096600057,-0.083305049659183,-0.13149716991195462
m16,0.09880524095641743,0.2777258976592389,0.09886486928598207,0.2691126163015553,0.04400319807844757,0.11831438461307402,-0.0657473291760891,0.11090264941863981,-0.019786351277007008,0.049403075127160787,-0.05450049111774563,-0.0849632426691619
m17,0.13065990972062752,0.28889384716685634,0.13747657889323311,0.28637381517718397,0.07709403063727599,0.1318501651806,-0.08580775896306353,0.07547394643230121,-0.026177121188339196,0.0019288397167619292,-0.06451546419324403,-0.1174138584064877
m18,0.16704426734797304,0.37198060359503093,0.1406233339029213,0.3981683170775188,0.07100156662027345,0.2515757453141775,-0.1366242906001791,0.030008381254624128,-0.09670535942608777,-4.1181214443747317e-05,-0.1637245178330021,-0.10684583929614484
m19,0.10780957738599467,0.3649500603966863,0.12002649253327491,0.3405385411713714,0.06594550471901113,0.13559405784867848,-0.058294709019269544,0.20141395299297463,-0.005760465519878799,0.13144131920822522,-0.0414132968148873,-0.058100896736350084
m2,0.11408776365401634,0.058419133472329965,0.16000878621299408,0.057568205143666534,0.12815007112268764,0.09575357306814679,-0.11408776365401634,-0.058419133472329965,-0.16000878621299408,-0.057568205143666534,-0.12815007112268764,-0.09575357306814679
m20,0.13593755712643543,0.39916335856938207,0.11995665652274246,0.4253262371200238,0.032411107866256575,0.2372863302192603,-0.08301605280467665,0.18422321851334558,-0.051627920490547055,0.1536960157224563,-0.1166605115385385,-0.018781355494181053
m21,0.18219989487601668,0.4465375675377051,0.18667425035704782,0.42134504793452604,0.1441899947336134,0.20811150661796446,-0.13656270606201693,0.1250278984060199,-0.0648284316918249,0.027197797674797578,-0.08967002862354767,-0.15514158757870744
m22,0.11249222395739256,0.3822709249743629,0.12312244938924523,0.3477598294520194,0.038603563443430064,0.08977180385831336,-0.0566266007509,0.2165901921902282,0.0011521231833322015,0.12150807314771361,-0.05618305736692536,-0.1270720047568262
m23,0.14243673468801893,0.40538284202608543,0.14814961903115564,0.38398196154771624,0.054644378498863264,0.11830757407478357,-0.07113741577753062,0.1821705829517726,-0.006755971106928618,0.08385958269082999,-0.07080002001752302,-0.15265166709802974
m24,0.18663723156472023,0.4602875503301552,0.19873612962377837,0.41181203961098634,0.1256995337442658,0.1415186477634464,-0.11603936642043321,0.11970763340970285,-0.03858542620959463,0.017740535280535714,-0.11556688354257758,-0.20227059758793628
m25,0.12971071907624646,0.45072079127428544,0.17497753072588043,0.3883118937473714,0.07863392088211978,0.10661165010091299,-0.046522204819539066,0.3027210153754464,0.02071931796891409,0.1986730259728827,-0.043697229218868205,-0.09578277437843444
m26,0.15006369703044803,0.4693202102269445,0.21641863206329412,0.40742684188212597,0.09910454334558386,0.13094797201771521,-0.06733526597926948,0.2725709743762188,0.005631324882715699,0.16614593132974165,-0.06000997374105473,-0.12134547587048546
m27,0.20116094414128133,0.547612493530204,0.21428097116125497,0.5098672243456377,0.12488171353117553,0.20113425104944976,-0.10170141778494331,0.20498884954495375,-0.008658977219820979,0.08442434340626617,-0.08493335069938432,-0.18011715032979153
m3,0.15319969304979064,0.16908295429921322,0.11850784021879288,0.1946536470951084,0.11866307788519403,0.17391358567279447,-0.15319969304979064,-0.16908295429921322,-0.11850784021879288,-0.1946536470951084,-0.11866307788519403,-0.17391358567279447
m4,0.09840865288639111,0.1844574048925077,0.09025637793791359,0.18440231350165895,0.04099245340784166,0.0817632081527316,-0.0733376660762042,0.0222084561053658,-0.03910153886156599,-0.033820463365979984,-0.059223099970341045,-0.12879382962182187
m5,0.11257562131347475,0.2201703610956227,0.09163267673876235,0.22817316911234592,0.04311907782769302,0.1188214171514191,-0.10634757666690374,-0.007918878911218362,-0.05901767289013527,-0.0785113057244101,-0.07345796660434128,-0.17308901644124974
m6,0.16222034541694352,0.273713495837632,0.14402133305396697,0.28528917935935466,0.09523563045146367,0.16995231359899787,-0.14324236651289984,-0.0654670548281507,-0.09129028131916629,-0.1312657995567549,-0.11866673415333256,-0.20935829315696286
m665,0.11332737264190164,0.1519998252698035,0.14815633046561744,0.10974905475324506,0.1294387980993564,0.06242017847415933,-0.10194731756978263,-0.0158925485937349,-0.10836333171045062,-0.022186165657418853,-0.1303364010104041,-0.09842593357103557
m685,0.14777819737464648,0.20148854444809677,0.1874792298674231,0.15556721634574178,0.15716861586648126,0.09617926174990381,-0.13289658689572162,-0.0235021057178533,-0.13544223149528126,-0.04106189983581537,-0.15834240428862037,-0.14326371072274208
m7,0.1552966490918407,0.2754290711342916,0.13380208417564024,0.305006051301904,-0.0184222880394371,0.1406763974721145,-0.012834908573438903,0.11051366832681712,0.012952060125463787,0.08470230245569901,-0.11958829020225703,-0.05927493657789238
ma409,0.25182993204581317,0.07793273229613631,0.3495618051924798,0.028781168520763147,0.3281723816870523,0.18617054203895725,0.06976661115540327,-0.17222804652699444,0.281947730609241,-0.14458564656111822,0.1556928102153987,0.07689762592571044
ma409sm,0.11060665131301395,0.19641842657230774,0.12550065866449017,0.1921417129782611,0.18492153728056093,0.2127120566496919,-0.0886699981179806,-0.006054786539366159,-0.014073045158705761,0.08019037528955687,-0.009605682283927037,0.10775674008518402
marsden,0.6439281152281491,0.313308523713548,1.180008162997162,0.028398965834044748,0.5664300701410839,0.6457568294042703,-0.16813133278543446,-0.15427348595164198,-0.03523065468626961,-0.16280861432088561,-0.055761262913527725,0.6007014474546332
marske1,0.2685710364421153,0.32171091842550353,0.23595520137141895,0.1323541756663751,0.07277604375870259,0.04486789187340561,-0.13320443928846717,-0.08987068152091557,-0.08867240349835448,-0.13408655898766395,-0.1661563822240609,-0.09908891057235525
marske2,0.27792345696608495,0.28794610275307625,0.06271558549506334,0.2784275553919328,0.06292177587080061,0.11737761968176193,-0.08630923716606048,-0.06970626622323195,-0.1608581022511711,-0.05808677485257939,-0.22325780281586682,-0.08455351059859158
marske3,0.27073527413166004,0.30131065722204475,0.07493940912756983,0.2642813026122346,0.06788504305795663,0.12390006689066446,-0.07341209888905491,-0.10373767937759668,-0.08371632234716192,-0.12817008557580362,-0.19324270292823173,-0.0942580603425471
marske4,0.27239550842996996,0.26258545944440076,0.028899377843749505,0.27180870350575553,0.024980921867479893,0.10479851484047487,-0.05850082714082786,-0.05467644703643608,-0.11072526965974289,-0.045852513348823835,-0.19613686652238968,-0.07407120004705937
marske5,0.32665365914511796,0.31687876540837784,0.030548226437676587,0.3334368410086388,0.02312320598928015,0.13508188281343347,-0.07007615704169352,-0.06711114428116316,-0.12950059095310273,-0.061269571829577076,-0.2288504523164356,-0.09795932064480392
marske7,0.1491813949278106,0.2726299945625317,0.06903861912482256,0.5482869821007709,-0.012680125298705896,0.04620508065278677,-0.09786132229736688,-0.036853635584792585,-0.1273763970577165,-0.03813667207891891,-0.1468346746695793,-0.1990816729770043
mb253515sm,0.14054465996284546,0.3756153884790658,0.13198134512550436,0.3789005313077721,0.17414105257254353,0.18717521396321554,-0.10862061771649453,-0.14316553318241812,-0.13007454797721069,-0.11978261595052729,-0.14925373997160452,-0.06175288250883124
mh102,0.25544584617540084,0.36365740914147443,0.2452019327257687,0.28166988783292757,0.22349278075084852,0.17706355894765796,-0.16021152748781917,-0.23619847462377974,-0.043148873720000994,-0.128303569309829,-0.08400201254002505,0.007817759603748333
mh104,0.20240660606176739,0.3244896913736,0.22377210565730665,0.17992297301605373,0.1772395912302856,0.04151558381494197,-0.12396749277454863,-0.20907659389581706,-0.08559685683965937,-0.14626543855293395,-0.12179044839464218,-0.10076952225837622
mh106,0.16960445861063103,0.2559059438390131,0.1704785498081371,0.11841807684120449,0.13673187433396586,0.02882977427602274,-0.11498603978838069,-0.20858830301609343,-0.08205953048944374,-0.14828812706424047,-0.12255443687795964,-0.09837507096085975
mh108,0.17188551990864506,0.273975035613888,0.08993315662282039,0.16063273122624944,0.0907623708444367,0.02861221542044195,-0.12931703947650802,-0.16221808593807702,-0.08540545317215671,-0.1270287538462185,-0.11486724520580796,-0.09515676723794374
mh110,0.14278206171673596,0.2715757234914164,0.013300035897664444,0.16462784167901715,0.034989849237582894,0.0031614197901296643,-0.09647122404620417,-0.1295115990535131,-0.08030747525869542,-0.11402428829344412,-0.11213731116703293,-0.11180212611198359
mh112,0.3098400548925162,0.425602806540227,0.3352385069178709,0.4747461609718071,0.38833862468845687,0.3941541845185067,-0.171165393460265,0.041294546659439824,-0.16592043346083474,0.2000723880987583,-0.05734449714946131,0.29510024103878946
mh113,0.2698226493498404,0.416643928551094,0.27646168027448786,0.4585405490358222,0.3443358381676937,0.3855255253369105,-0.13906840384008984,0.02317577639670736,-0.11155158104805427,0.16295318025715488,-0.03611281386555174,0.2890685739936115
mh114,0.23682444413342585,0.38828726137824254,0.24735896157809556,0.43533457168868017,0.3156241016607,0.38637117385874603,-0.10668472699107946,0.018956481173454755,-0.07831091160676665,0.15260674037558716,-0.022165232488326945,0.2951003450152964
mh115,0.2038039573000872,0.3298275575880409,0.21160244338088793,0.3641232837644617,0.2581522756470794,0.32240605367521286,-0.09207300741249846,0.005361086085909163,-0.04694310672258606,0.11636523673274432,-0.012354536460497445,0.24958048348468853
mh116,0.1572090174356474,0.26188609207256136,0.1757390456602126,0.2973606695807461,0.22533982194766575,0.2220820198632777,-0.08726927394147825,-0.03983310891648763,-0.032901399837120565,0.04455144679545048,-0.03454733401057846,0.14604782655208057
mh117,0.15738111811968641,0.21793134115596913,0.16583024698954008,0.2233187306685019,0.17175325718151563,0.13796860466321434,-0.10497991277749015,-0.07794936315330526,-0.04749434407124847,-0.008355357556213996,-0.056602489323549936,0.07664381974039104
mh120,0.09716613500491522,0.16490835134140647,0.10890494001199083,0.23073058348347386,0.18603500913875815,0.2438593475212801,-0.07371033768835679,-0.041854818420712744,-0.1301850768760321,0.07042223800222136,-0.06100374814653635,0.18564084322925797
mh121,0.1026654716741473,0.18596335178833517,0.11975042329172111,0.25136054290442067,0.22605835154884962,0.24848583926624004,-0.07016772144638316,-0.050149381618375996,-0.12229610395960605,0.058759338814060105,-0.05659533601262335,0.17308229278276552
mh122,0.1242852717126835,0.20390194616078355,0.13875684179907813,0.2760517879993471,0.2524553926097305,0.27427017296875666,-0.07141041521715938,-0.04231108774809951,-0.12210938521548183,0.0759528537511342,-0.05401403969962268,0.18950399969503987
mh126,0.3905879814567967,0.5510782614624494,0.4557744866779123,0.6507280456212162,0.5748711383038927,0.24266550647741783,-0.24907880654120038,-0.04355921947941091,-0.27657314007700695,0.08076370844041418,-0.2371305126759255,0.13596354667108212
mh150,0.31732023115914454,0.5497211860988175,0.3549624609244151,0.4691469250437946,0.3796575840371826,0.2773100520460199,-0.2101992060786236,-0.2627169741761397,-0.14085671143221654,-0.09018345733195889,-0.07598489608114165,0.4167949314019881
mh18,0.14597751066373518,0.2669090584045796,0.16712621677562503,0.2717880279997462,0.2182330725822641,-0.0074787002380432704,-0.08894773794574581,-0.08237409352267022,-0.04735780724193289,-0.0843634065328041,-0.05771281400326176,-0.11300056916194222
mh20,0.12378732277508493,0.21852870688062448,0.12410198447986093,0.2087461945640578,0.12606530358813545,-0.00833067495896755,-0.08176012499235034,-0.07514792321042288,-0.04055934418602947,-0.06823944402073286,-0.05460511167276459,-0.07791850323559098
mh200,0.16102731335485554,0.2590267574704487,0.13635227334164005,0.3400862549620281,0.2055127473036906,0.19874087442655025,-0.0960230543708392,-0.14303815357015282,-0.078761598339666,-0.138585437810717,-0.15352430390468405,0.12199284459247747
mh201,0.19064895328997924,0.2685117852617804,0.1667355091328265,0.32787632612961887,0.21312141643884436,0.27905708386784944,-0.10129327461989969,-0.1226044479627893,-0.0792840249059444,-0.11424228862119871,-0.13737861252806594,0.19968293518356256
mh22,0.10805841485157275,0.18616579878967338,0.09904177307633721,0.1615137587096608,0.08123545990094576,0.03367726139369116,-0.07272628978394369,-0.05187836532834185,-0.03249937994689744,-0.030264922649709494,-0.04495618890257619,-0.017637492187701987
mh23,0.11740942692723953,0.1384601312038171,0.1649278870159872,0.04978842998182291,0.2870428978662955,0.05184210799016627,-0.07181235334211944,-0.06594551958650492,-0.08517694921409705,-0.02921452435077611,-0.12659238607723547,-0.0662131673915886
mh24,0.12417497829294115,0.15307715437564404,0.1755347380324736,0.07069016841543481,0.3034019568812802,0.09241852790886866,-0.07851632219715739,-0.0676228447548928,-0.12129089260268605,0.002406533652247975,-0.21476220096875615,-0.03606042765307325
mh25,0.1319003031653283,0.16663707856571103,0.19648172277588272,0.08085449989387297,0.3409562208615458,0.13147726818777428,-0.08279386570497467,-0.07399603503111707,-0.13430748266996612,0.00158579370557178,-0.240462881510381,-0.05147509133444955
mh26,0.13825444559891872,0.17694676646632768,0.21594462356864771,0.0870143115153417,0.3760583274972656,0.17032776824568863,-0.08718851493497361,-0.0874541770681424,-0.1408821804194947,-0.020436815022262213,-0.24352965966468473,-0.09436038409068992
mh27,0.1435463983495054,0.1882838535016118,0.22642701924290895,0.10421487743529431,0.39193299411370996,0.21609055386389028,-0.09306639064997568,-0.09876269358500425,-0.1542407150400699,-0.03413242604444386,-0.2645159418504373,-0.1347419689035251
mh30,0.12323888790683055,0.17174056476542074,0.1253334868321188,0.12747827954735408,0.200544569301962,0.06162701747172702,-0.07746746955884043,-0.07012420600444456,-0.04983858859640965,-0.026094725938888577,-0.059307148987885375,0.032576864551739436
mh32,0.13899885495502814,0.2083418165580313,0.14706942174395693,0.16048851589291613,0.2256535346534479,0.08488772898841528,-0.07780672091566754,-0.05972494724128945,-0.05244312901450408,-0.007890580131392742,-0.05738488111378017,0.053709842363789256
mh33,0.11500018380464594,0.13733735159738344,0.11531641333736412,0.09053650804654123,0.16855934339956827,0.07387647952341196,-0.0790546001212483,-0.07173503357130995,-0.07563288799826626,-0.009199360666779162,-0.11210657212625079,0.011801461577381305
mh38,0.13804640945091834,0.2688221806813566,0.17167076520238111,0.29170217983205904,0.19055054088879653,0.13620035508764733,-0.0922802208966991,-0.03310688009754316,-0.03595511913436501,0.04083346927587729,-0.0263184353921478,0.11149672691032356
mh42,0.13612119572035838,0.19573756639672285,0.14866233490526345,0.15161492001621696,0.15565395690757608,0.03137719014314694,-0.08531538478188327,-0.08321362506516312,-0.047619423877960206,-0.05029544632717154,-0.06298544362533928,0.005272490263897454
mh43,0.1267271486786718,0.18601434399743988,0.13345092555802965,0.16124067342539375,0.13121473610661524,0.019665632255991886,-0.08331874302120373,-0.08045922124258835,-0.04731246895661516,-0.04361200433085696,-0.06454054587792653,0.016420301309360768
mh44,0.1511114320460358,0.20018021741625364,0.13913049360141144,0.13962741254909436,0.18564091840603564,-0.006128159603109189,-0.08933392079547184,-0.12349233957837003,-0.036110456473693237,-0.09817663638859359,-0.04096327003164264,-0.07832471465387508
mh45,0.16275663268831272,0.20948137298442038,0.1363384060656651,0.1683327754673058,0.13414546980049863,-0.0395877889952552,-0.092285222668386,-0.11763463535788177,-0.04287479302683545,-0.07498105003549153,-0.05116642605563578,-0.038146189950098115
mh46,0.17302178896479736,0.22598571406015228,0.1763524250927898,0.23352174707012185,0.003717895556923579,-0.07281486415447755,-0.11725139076402093,-0.12184976824669316,-0.07208200078907795,-0.08139274454285003,-0.07131255337767564,-0.06000474869655294
mh60,0.15948395384641537,0.22769598069193092,0.12718595883107559,0.18778517188104427,0.1475785541519694,-0.04244920295670867,-0.09262841041976497,-0.11468274265178277,-0.04774174062676365,-0.07399015566251431,-0.053038566797134645,-0.04218932859929512
mh61,0.13069272767696366,0.21783962786691174,0.13781133572286514,0.18005581977919993,0.15525763711578683,-0.06666125699220138,-0.08790652372090525,-0.135310585663018,-0.05220314484736072,-0.09731027190520594,-0.05963740137256081,-0.07212468796598824
mh62,0.14554505601308265,0.2086448125689105,0.11578110127317767,0.1700661489591576,0.14026066971872517,-0.03175213769056425,-0.08782669331090161,-0.10963525733614751,-0.0429646124666694,-0.06501729937113847,-0.049649249714454335,-0.026455181077413934
mh64,0.13325354314095852,0.19147505767915476,0.10600055484252639,0.1535698273833499,0.13336289577094051,-0.024562062463697132,-0.08361093548842022,-0.10486479833480888,-0.039084936886395166,-0.05637599677839685,-0.04707813007596745,-0.011645313565404986
mh70,0.20254198373014579,0.2679190985357467,0.16839731915080242,0.2548835489108288,0.18099877066729186,0.08482292441584785,-0.09928151930150277,-0.06237455176885619,-0.08120193755342485,0.012792531699549735,-0.09193521182931788,0.05142489626612743
mh78,0.29852191222596214,0.3598900745116492,0.09600007098150098,0.20566116342019075,0.08435678692631829,-0.025944150104386283,-0.16347537928713518,-0.06562543339432497,-0.22123268048796563,0.022144648915116277,-0.2875522895413211,-0.04376829244923424
mh80,0.23938997531123388,0.36478442127227645,0.10204214038336853,0.21604453418334554,0.10078664936349335,-0.011036249976289334,-0.11535671890445458,-0.06323495178953738,-0.13189360372412356,0.0018983877224086915,-0.18927020566844152,-0.013790295960924247
mh81,0.24974946413796748,0.3875398123749811,0.11955986013711473,0.23628207490677328,0.11876224656794758,0.00424754914648072,-0.116102551931288,-0.04481496771777872,-0.12526730331943164,0.0201488020079459,-0.16313241140743015,0.010812763095931844
mh82,0.2594469774477477,0.40961698087201803,0.13764242982234765,0.2557022290935894,0.13707420641553494,0.018723094958585214,-0.11971844415229502,-0.023911569399177726,-0.12429697104737544,0.042159353144927754,-0.14111952809009,0.03508361593162656
mh83,0.26497763035867794,0.4521071515791808,0.1492239807471537,0.30649813975050555,0.16596355094608703,0.05816610269747412,-0.12387459627209331,0.003745665492719376,-0.0724889448434657,0.07952014095164403,-0.014768294188310677,0.11707600006754366
mh84,0.3109215563147063,0.38859978164659753,0.17753600572830672,0.29495315097787056,0.17503644099418525,0.0658262036041969,-0.15814672571271252,-0.011465892031659868,-0.07921720525515319,0.07670591555780613,-0.005420731472380893,0.12641547757242758
mh91,0.24120488933745832,0.30624826291782675,0.15686480159015817,0.20408183359654025,0.1611347242074716,-0.0050805289168288775,-0.1388838958198264,-0.15409218075545156,-0.19435051914781187,-0.087199523741886,-0.26474417675650924,-0.03846185437476051
mh92,0.24537225402847632,0.31448059358336483,0.16264129328150603,0.20791447554059977,0.1614849571782218,-0.008691086460467987,-0.14282362801275383,-0.16122524571667662,-0.2028336795997611,-0.0947115579197696,-0.28288623504493293,-0.045968040457747994
mh93,0.2486811801524641,0.3223376078841694,0.1672005145281764,0.21227978504581974,0.1615543226098778,-0.012439397082808593,-0.14674476209500714,-0.16878597560912018,-0.21161910044119975,-0.1026888714113896,-0.3021781050724067,-0.053909274273233436
mh94,0.27408695223076524,0.2028371696679927,0.2737101845618126,0.17135607649216678,0.30944048299618726,0.22678930988318272,-0.1608549381064136,-0.1733589635523773,-0.22868461454495748,-0.10229988067738766,-0.2226309732083283,0.060710133111619886
mh95,0.257905092955729,0.23870259672792726,0.24517207924178888,0.2086419450369245,0.3055168197702727,0.23807808147472959,-0.15753734255030757,-0.1524505789548214,-0.20244900070765215,-0.11333233594357678,-0.2937634919996668,0.04992881473637324
miley,0.20392227058136012,0.33421306889329966,0.3537353964207387,0.2832721861100676,0.041987941299331526,0.08685099415398528,-0.061257675235610744,-0.011427984974101843,-0.05714260846885811,0.005576649197722109,-0.04379345920723567,-0.01969567841236888
mrc-16,0.188832615100447,0.31267227842270406,0.21446938063986193,0.2959200973264862,0.2722710674010185,0.2125635548403772,-0.12996388064079475,-0.06747296564853239,-0.14255364164466106,-0.04429272559406118,-0.13476848849239229,-0.04673660823438635
mrc-20,0.2066372176245344,0.2987988037815573,0.2766247077962396,0.24874003522529534,0.3966009205998854,0.2744857788397856,-0.11927918806474005,-0.008410746948894265,-0.3062527253168827,0.02059858115163863,-0.18095783024280573,-0.0434218228676358
mrc12,0.17836714388258207,0.28092253808866313,0.21927834238243554,0.28015149054286287,0.36827466723998914,0.17258000717713715,-0.11781610356717599,-0.0956816942973181,-0.12445515297543996,-0.06399291371893955,-0.18965771583157567,0.024949855947432906
mrc15,0.15895620315595638,0.2143316300270912,0.17735686956790553,0.20366174893096983,0.21448567985945005,0.1290199009470881,-0.13446005537106753,-0.12344531262756839,-0.14818915183460984,-0.09601367479614051,-0.14953933327598093,-0.05878877779211687
mrc16-85,0.16515145479065454,0.28281954789124014,0.190768907758875,0.26455510847747493,0.24759932704382023,0.18611261020361475,-0.10623444495971464,-0.03765931888500813,-0.11879634027881782,-0.012890642344070698,-0.11016829591520201,-0.02011533373627367
mrc16-95,0.18095535202617455,0.3027139416083619,0.2065734862410202,0.28549657097207204,0.26401139213358144,0.20380365359122876,-0.1220399244653222,-0.057535397768196245,-0.13464134229161462,-0.033782497068550174,-0.1266141198718714,-0.0377963260589326
mrc20-700,0.1581426464182824,0.25009124501255103,0.19526883068274659,0.20279553015894347,0.321750802410456,0.21261193862479508,-0.0708364552014354,0.04033428932410682,-0.2249172945370693,0.06655192435865522,-0.1061121911112305,0.018439475653792843
mrc20-846,0.1817425496558411,0.27379866845961126,0.23485721272108087,0.22515801306756134,0.3581782332871486,0.2427218995978472,-0.09441173286315538,0.016612655005696655,-0.2645042611345684,0.0441902996674157,-0.1425348906024716,-0.011669341840897548
ms313,0.2264852071022302,0.1889798165950129,0.1903779741933425,0.23922438051182277,0.2706606835207691,0.14413161654168327,-0.12869206102042902,-0.13701004055558597,-0.0653522280916854,-0.2870814682672282,0.019213145450922512,-0.03025096843703675
ms317,0.2848781256912703,0.22822690177170957,0.233822298110981,0.34166148090252924,0.22673211724545567,0.23950411941612224,-0.18158494256794672,-0.1867709544698733,-0.09911433727291771,-0.37028977462135326,-0.021602513000820216,-0.01577059845270006
mue139,0.2999619097236078,0.40698291944597487,0.16018304025928037,0.33519368876844596,0.14461664016770862,0.20478043658537898,-0.19848385744751637,0.04861758693606732,-0.14014258843275496,0.09766980652782034,-0.09981822742401616,0.016674136143135492
n0009sm,0.12757628271004703,0.11504419572601021,0.12632318679970428,0.08136491398038065,0.13123984842956282,0.08098756642989581,-0.12757628271004703,-0.11504419572601021,-0.12632318679970428,-0.08136491398038065,-0.13123984842956282,-0.08098756642989581
n0011sc,0.18085814628956715,0.06997466310146333,0.2178578136416715,0.0655175671989275,0.24154842867570817,0.20983985111344136,-0.18085814628956715,-0.06997466310146333,-0.2178578136416715,-0.0655175671989275,-0.24154842867570817,-0.20983985111344136
n0012,0.1709124089256795,0.1529437936490546,0.16156509311992912,0.12957440338486087,0.1483345572832853,0.13263289644267615,-0.1709124089256795,-0.1529437936490546,-0.16156509311992912,-0.12957440338486087,-0.1483345572832853,-0.13263289644267615
n10,0.4289666789655985,0.10446192257829329,0.5129721354776174,0.09512280666092751,0.34192998159639776,0.2980906901373601,0.14522328299692863,-0.2985076566644294,0.4080297783407922,-0.35204049175527485,0.2070416008232704,-0.03929758218145255
n11,0.3766774117204203,0.1772858647127148,0.4320303257705021,0.16383703257737553,0.3377383169979796,0.2897728645928883,0.08677517675025213,-0.20127663188255568,0.30656076110722585,-0.2369523631523699,0.1688666473155068,-0.009445170274209484
n11h9,0.18473674131579051,0.24563253659654682,0.23044121220005337,0.2728057126088631,0.10749183935603783,-0.04780189480001345,-0.025393825321324778,0.06599834658012071,-0.05239449733843815,0.029395667906338872,-0.07426978487777508,-0.11431721308607994
n12,0.12360031620023389,0.18085634523952204,0.07376768880898185,0.18922857443899202,0.09000978185509316,0.14577412697621345,-0.12283961830735671,-0.16101849845226845,-0.0912011212291965,-0.15886903236421343,-0.12329846329207689,-0.12456700436233431
n13,0.1430073576736021,0.17847635129095243,0.10193636670074173,0.19915154697833812,0.13008199056357617,0.1720372006579239,-0.13733973868034927,-0.17850415427800928,-0.12480614984723053,-0.17094634733522712,-0.14899171721862275,-0.14273979883100338
n14,0.1425630036354414,0.1868715888723022,0.08338193028760843,0.21109938160412794,0.1380032735585454,0.14558342905149801,-0.1514134510080413,-0.16508881602427775,-0.1076881445572604,-0.18117208900411433,-0.15735789273471895,-0.13602313464925342
n1h15,0.18455328117141173,0.34615027577339597,0.17912555368077626,0.6538138334576643,0.26297327915730667,-0.11207911733455886,-0.11066649443312886,0.021776877498097785,-0.10714550153246583,0.003854079623062704,-0.10046617006818917,-0.13273427999145504
n22,0.48690605972427964,0.08331404987405683,0.6175765952256584,0.046029073166483046,0.4201336372598789,0.2809512129124155,0.15283547007030276,-0.32639769030740945,0.45744866280672947,-0.4021977126419512,0.25933672507439176,-0.04894092352163316
n24,0.6676124382543271,0.1482135863270656,0.7729020989317916,0.18731933683456908,0.44617976983076685,0.4421882123832595,0.21753921900018341,-0.4568713795458381,0.6286530521817545,-0.5369677509919275,0.3398605969484205,-0.07165979135426322
n2414,0.22233524426152965,0.22427828234757125,0.25318749235293453,0.1986228843248592,0.23915964386150745,0.2280814697090305,-0.17189463649479347,-0.14596874089434902,-0.09995895097640799,-0.13268132833000243,-0.08389913824350623,-0.10153342615636764
n2415,0.2388797984335487,0.23391469386500036,0.2696996919635249,0.208456811357091,0.25086976023099483,0.24246451294661536,-0.18361084505965153,-0.16325364832091904,-0.1069958726824078,-0.15091795366445768,-0.09038264546003894,-0.11715027998465806
n2h15,0.14876707853992643,0.3514380275932179,0.12441596853305675,0.6817189880455412,0.09084919003065316,-0.03195778350556454,-0.14133278203475907,-0.017543531835452257,-0.009737111182370278,-0.28204604978849485,0.16980346098616794,-0.509428368569717
n5h10,0.12281060783479655,0.2069344553088167,0.13563075891665444,0.2986266937906685,0.08432498776423222,0.014990575264665273,-0.07833109964374915,-0.027819037845510333,-0.12946073273181202,0.04996434109877938,-0.2842263588548627,-0.027400016915230765
n5h15,0.1400962691845775,0.34510026912989583,0.1892178720250286,0.43077154023705155,0.12133481957498984,0.03375515173632424,-0.1434117742908661,-0.05169575821702457,-0.21173887545761536,-0.007878209910438586,-0.33824604434896993,-0.11511894689920912
n5h20,0.24855784324723507,0.41235840052156025,0.25998354820919833,0.6187463206495644,0.17194273257487885,0.04482619037591007,-0.15802556923461178,-0.03434851566912245,-0.30145928773721015,0.1350197989148447,-0.6117848984711155,-0.03885952540396397
n63010a,0.11030502091942657,0.11563825553890628,0.1561007472224482,0.11015207696373791,0.13568644587640324,0.0630908414617416,-0.11030502091942657,-0.11563825553890628,-0.1561007472224482,-0.11015207696373791,-0.13568644587640324,-0.0630908414617416
n63012a,0.13167951095973013,0.1415687448594273,0.18354532512953958,0.13856714134688553,0.1528047146708548,0.08467320057111635,-0.13167951095973013,-0.1415687448594273,-0.18354532512953958,-0.13856714134688553,-0.1528047146708548,-0.08467320057111635
n63015a,0.16304702825113085,0.18161623145763683,0.22397160483663753,0.18112835432278412,0.17685642305263646,0.11685691339160469,-0.16304702825113085,-0.18161623145763683,-0.22397160483663753,-0.18112835432278412,-0.17685642305263646,-0.11685691339160469
n63210,0.12579230054262786,0.14031810393496216,0.1909978785749503,0.13085331108206016,0.1745071311141802,0.061943565054618704,-0.1010666881435263,-0.07953758839265387,-0.1611101379796498,-0.02677434438376063,-0.1371155994646935,0.09505391845562462
n63212,0.14862354098725908,0.16439752359829785,0.22357142030687208,0.14980291418803254,0.20203746771174985,0.05693892057302913,-0.1207615205119288,-0.11045300651962736,-0.17973925067170277,-0.066074824044824,-0.1451942320856461,0.08517833994955243
n63215,0.18292261788368439,0.2008618470798026,0.27150475484425196,0.18253180818071757,0.23065813026267115,0.06280451410544986,-0.14880278891157128,-0.1573969878065885,-0.21306228606302807,-0.11366875335728512,-0.1637353619795319,0.07581134468968607
n63215b,0.3040113948988155,0.19657604265683387,0.20178076586405405,0.26268836701118436,0.18234696581325546,0.07854199352354319,-0.15229102688051405,-0.14916162886522888,-0.22899155051528264,-0.09422724151408063,-0.18112235268419774,0.08795044556133677
n63412,0.16384498137158224,0.18903817649132898,0.24932379855745948,0.1872322275448599,0.23337783852255337,0.12703587469236274,-0.1064241547252393,-0.087640635768893,-0.14696314877607233,-0.04097666386547433,-0.1008264277486196,0.14533180243501254
n63415,0.20145877167804196,0.22010708835338666,0.30433789597464633,0.2134333000263149,0.26624880422062225,0.13169231178774826,-0.13324108239162963,-0.13326568504212014,-0.18757285645768218,-0.07505273944025195,-0.13323795614361064,0.14571437101423879
n64008a,0.08718213933700722,0.0808565283958669,0.13541124357216236,0.08214512424014186,0.12079074576313549,0.044584745044216736,-0.08718213933700722,-0.0808565283958669,-0.13541124357216236,-0.08214512424014186,-0.12079074576313549,-0.044584745044216736
n64012,0.13179049973223697,0.1209869806676177,0.216136066493477,0.10678345264915398,0.18182456292945734,-0.00499804064188278,-0.13179049973223697,-0.1209869806676177,-0.216136066493477,-0.10678345264915398,-0.18182456292945734,0.00499804064188278
n64012a,0.12924708467634047,0.12689240560580636,0.19447445545538758,0.14011599415436127,0.15770605840233057,0.08853491830815713,-0.12924708467634047,-0.12689240560580636,-0.19447445545538758,-0.14011599415436127,-0.15770605840233057,-0.08853491830815713
n64015,0.16303345576827996,0.15586215727992098,0.26527102284010334,0.14213111414262491,0.21076869334470202,0.003627803718555149,-0.16303345576827996,-0.15586215727992098,-0.26527102284010334,-0.14213111414262491,-0.21076869334470202,-0.003627803718555149
n64015a,0.16016951724598572,0.16245226627466453,0.23836410279437578,0.18367877395080476,0.1830251345354891,0.12131421939302353,-0.16016951724598572,-0.16245226627466453,-0.23836410279437578,-0.18367877395080476,-0.1830251345354891,-0.12131421939302353
n6409,0.18168892288800734,0.2691623646513437,0.31218877275464085,0.21404200536836213,0.34965159901906767,0.25992912471295876,-0.08632542898438464,0.05284294619175234,0.040177075800627474,0.07920733303552856,0.056855803556583075,0.1329861088449877
n64108,0.0946550344281763,0.09140450503900932,0.15940669459812284,0.08209798537301305,0.15189656384341613,0.018964076177440285,-0.08336886084395287,-0.06075447166905405,-0.1418606468066191,-0.03619997700656465,-0.12623294512478464,0.05289903891671814
n64110,0.11689229974862421,0.11210381882671253,0.19456898320675406,0.10362387313382665,0.175392481080935,0.02462774234248936,-0.1043800534998745,-0.08344989829602034,-0.17427116716692112,-0.06047272571293157,-0.1478373503984362,0.046618501061575966
n64212,0.14610210902569618,0.146872709635831,0.24022117116081088,0.14607934571137549,0.21192378964305342,0.06563569221894666,-0.11831795007716778,-0.09371346825563598,-0.19402787453541437,-0.06557578553258459,-0.15288907929526582,0.075793497694599
n64212ma,0.27600423893759274,0.14516896510463068,0.2733806903735411,0.18523670428093209,0.23095932603636804,0.09101956698499047,-0.15092661637578464,0.08294181112418966,-0.32072676559921004,0.08129606923070128,-0.20493817981703963,0.12095161461381267
n64212mb,0.23867851908304732,0.19913471065532845,0.10596278131062215,0.278132087905457,0.13354803021265907,0.09379542759077623,-0.11831795007716778,-0.09371346825563598,-0.19402787453541437,-0.06557578553258459,-0.15288907929526582,0.075793497694599
n64215,0.18012133996912477,0.1772961744354581,0.29543165149855666,0.17540723651724432,0.24501744970806022,0.07283529429814772,-0.14710937148156922,-0.13235628034488964,-0.23809575761740714,-0.10597791176732364,-0.1783190929832742,0.06607108589527731
n642415,0.1980702888696532,0.19733507184573457,0.32763526723384473,0.20664543836611526,0.28048414673965427,0.14183511167194587,-0.13196016552924045,-0.10787336910946646,-0.21226647533471862,-0.06845107738763812,-0.14669423675486862,0.1358312910603612
n66021,0.18656402362579572,0.2531091137609377,0.22162415351584788,0.3770027541166228,0.38175674775645824,0.051753734092484203,-0.18656402362579572,-0.2531091137609377,-0.22162415351584788,-0.3770027541166228,-0.38175674775645824,-0.051753734092484203
n6h10,0.15887739259878764,0.23860479740853724,0.2717526460924171,0.31020217494952146,0.07245616055181042,-0.009785750542914848,-0.04003607872998488,0.05944513605985738,-0.10663917942336928,0.1600775295814155,-0.31583441169371557,-0.051142877352301816
n6h15,0.21644859648311116,0.2859273189286709,0.376413740259019,0.3633892881220797,0.16459098723811877,0.025568494485764155,-0.09143006636243856,-0.0026042381507282164,-0.18941689007854098,0.08628727040857434,-0.39554770553780433,-0.09142584103965395
n6h20,0.2676244217646236,0.46654690510050345,0.2879724531240465,0.745010570849342,0.06856100871550808,0.07477602029903999,-0.1279666006570401,-0.012163323029579426,-0.24130535774851614,0.21615042942088247,-0.6743816036567079,-0.058373682111927935
n8h12,0.20750712800108223,0.23443853186271707,0.3366585496747506,0.11858088732547825,0.2108054374084387,-0.08163448342823228,-0.08606278604334663,-0.042385745248627704,-0.07701511412589222,-0.0515120256917151,-0.08652040712204428,-0.09942113566082203
n9,0.3463759404969954,0.03591614217508343,0.4438483453259274,0.020046016388701397,0.2809014079139511,0.20620956641738766,0.10954919510009162,-0.22287690692372336,0.3023343383012478,-0.2610856188339194,0.15744530498185955,-0.02418892119327916
naca0006,0.08019112765462172,0.08600026293788328,0.06901928051541237,0.06602003225072832,0.08072181689427681,0.046999372229514544,-0.08019112765462172,-0.08600026293788328,-0.06901928051541237,-0.06602003225072832,-0.08072181689427681,-0.046999372229514544
naca0008,0.1064738241663667,0.11760006875512219,0.08521312330511706,0.10107305654037405,0.09461231369131425,0.078312959630028,-0.1064738241663667,-0.11760006875512219,-0.08521312330511706,-0.10107305654037405,-0.09461231369131425,-0.078312959630028
naca000834,0.06314089960916341,0.12344836302852608,0.07531236172710533,0.12879390787309783,0.11861971237062957,0.11010105859864437,-0.06314089960916341,-0.12344836302852608,-0.07531236172710533,-0.12879390787309783,-0.11861971237062957,-0.11010105859864437
naca0010,0.13273736653701765,0.14923923211817694,0.10148781083136929,0.13614701063418058,0.10823624663531518,0.10998199923052608,-0.13273736653701765,-0.14923923211817694,-0.10148781083136929,-0.13614701063418058,-0.10823624663531518,-0.10998199923052608
naca001034,0.07860141130009154,0.15639240538895252,0.08911866309371784,0.1709247881889281,0.1381003446608993,0.14982080906898967,-0.07860141130009154,-0.15639240538895252,-0.08911866309371784,-0.1709247881889281,-0.1381003446608993,-0.14982080906898967
naca001035,0.07288304006718363,0.1246533761241842,0.1005376355775452,0.15932119168549716,0.18492140964135262,0.21913702601516202,-0.07288304006718363,-0.1246533761241842,-0.1005376355775452,-0.15932119168549716,-0.18492140964135262,-0.21913702601516202
naca001064,0.1270402620145563,0.11645891817055676,0.11941981595470585,0.15172678810544682,0.14721629821759472,0.1469402455073065,-0.1270402620145563,-0.11645891817055676,-0.11941981595470585,-0.15172678810544682,-0.14721629821759472,-0.1469402455073065
naca001065,0.1236413671806101,0.09920556160328273,0.11425386694316916,0.15175039039546356,0.1884357745208789,0.21801423818178015,-0.1236413671806101,-0.09920556160328273,-0.11425386694316916,-0.15175039039546356,-0.1884357745208789,-0.21801423818178015
naca001066,0.12635022464109907,0.10372875234799492,0.12196463120236514,0.10995968125774294,0.2227121386820349,0.3301570503153829,-0.12635022464109907,-0.10372875234799492,-0.12196463120236514,-0.10995968125774294,-0.2227121386820349,-0.3301570503153829
naca001234,0.09402743335165317,0.18949639318306644,0.10281921480535626,0.21295633819437285,0.15791526170873182,0.1891583043388216,-0.09402743335165317,-0.18949639318306644,-0.10281921480535626,-0.21295633819437285,-0.15791526170873182,-0.1891583043388216
naca001264,0.15218094801177723,0.14153158882601977,0.13915535979199925,0.1899929299323328,0.16879209955422042,0.18572849829620058,-0.15218094801177723,-0.14153158882601977,-0.13915535979199925,-0.1899929299323328,-0.16879209955422042,-0.18572849829620058
naca0015,0.19843785863819757,0.22831833619510494,0.14176743118417845,0.22410457198100697,0.1424894338059382,0.18861176247023856,-0.19843785863819757,-0.22831833619510494,-0.14176743118417845,-0.22410457198100697,-0.1424894338059382,-0.18861176247023856
naca0018,0.2379071081866394,0.2756107790759566,0.16622910192437068,0.2766677914799477,0.16314696603830064,0.2358119038231093,-0.2379071081866394,-0.2756107790759566,-0.16622910192437068,-0.2766677914799477,-0.16314696603830064,-0.2358119038231093
naca0021,0.2773706589619739,0.32293202855578007,0.19061479060895606,0.32935279633788606,0.18367915045385522,0.283095541362646,-0.2773706589619739,-0.32293202855578007,-0.19061479060895606,-0.32935279633788606,-0.18367915045385522,-0.283095541362646
naca0024,0.31673604358078006,0.3704495540734897,0.2148914750300317,0.38184779415304665,0.2045518925763758,0.33010811822463443,-0.31673604358078006,-0.3704495540734897,-0.2148914750300317,-0.38184779415304665,-0.2045518925763758,-0.33010811822463443
naca1,0.36267293379904214,4.888861114505412,-7.124455004967711,17.507266832353956,-16.45608515559531,21.89517865884131,5.0745231357577225,-0.05249437477367336,-3.9821895802103775,18.98422365639216,-20.286975907195565,30.698054762974024
naca1408,0.11382123707450469,0.1460118505800772,0.11178427953082602,0.12815792385852806,0.12646958247791257,0.11161091673674967,-0.09951030991092166,-0.08901908566034589,-0.05868878279576255,-0.07403590378847982,-0.06249999329314138,-0.04557630508041277
naca1410,0.14152026425495118,0.17557848849779842,0.1304093987817055,0.16120675831257275,0.14148291330977575,0.14282775574922352,-0.12561556363817408,-0.11700988913702368,-0.084215746172385,-0.10380294156544978,-0.07684271942012054,-0.07738545875233359
naca1412,0.16967392846348495,0.2042105457688112,0.1502548687166355,0.1930876693958373,0.15723983430565414,0.17367010515060094,-0.14908226958571683,-0.15679816866321816,-0.08549103417138314,-0.1493225549352845,-0.08677120492012262,-0.10911677046946494
naca16006,0.05457386200038552,0.06593404095751806,0.0716342408111808,0.0777879584867962,0.12783946816660444,0.1120677121274903,-0.05457386200038552,-0.06593404095751806,-0.0716342408111808,-0.0777879584867962,-0.12783946816660444,-0.1120677121274903
naca16009,0.08467913446492632,0.09436856004985883,0.11407718847542776,0.11834188826193548,0.18572811804159248,0.19060772874129,-0.08467913446492632,-0.09436856004985883,-0.11407718847542776,-0.11834188826193548,-0.18572811804159248,-0.19060772874129
naca16012,0.1077212243984623,0.14085721393148032,0.12260484086330725,0.19516868162065473,0.21601870600345446,0.2716029771951867,-0.1077212243984623,-0.14085721393148032,-0.12260484086330725,-0.19516868162065473,-0.21601870600345446,-0.2716029771951867
naca16015,0.13435921293932881,0.17816818046166671,0.1483968742386737,0.2534262489628919,0.2604516648954328,0.35119989896083925,-0.13435921293932881,-0.17816818046166671,-0.1483968742386737,-0.2534262489628919,-0.2604516648954328,-0.35119989896083925
naca16018,0.16093289413836723,0.21562976694864777,0.17388217426473707,0.3121166105298215,0.3045412838138575,0.4309675314946877,-0.16093289413836723,-0.21562976694864777,-0.17388217426473707,-0.3121166105298215,-0.3045412838138575,-0.4309675314946877
naca16021,0.1875065753374054,0.25309135343562844,0.19936747429080126,0.3708069720967497,0.3486309027322828,0.5107351640285358,-0.1875065753374054,-0.25309135343562844,-0.19936747429080126,-0.3708069720967497,-0.3486309027322828,-0.5107351640285358
naca23012,0.24092910402954254,0.2054183629407788,0.17263523450936363,0.17487131791470673,0.16350283357780057,0.15819219264845677,-0.10912389544142333,-0.08031669008462478,-0.1787882097641021,-0.05733603333693518,-0.14958145279243834,-0.10070061028631394
naca23015,0.2694869366134038,0.30210429065608785,0.08232243532348818,0.38970435587006397,0.03337080908245413,0.29681925714016416,-0.12754065913026483,-0.18345524916574185,-0.09866436057883814,-0.24305909218678146,-0.050828730658309895,-0.21924971575494462
naca23018,0.33175359185190106,0.2876921040381175,0.22696867161828221,0.2787437988226513,0.205760492384425,0.2510909825856308,-0.15676720720431242,-0.23536064069168566,-0.14912298215699052,-0.22844261407640254,-0.15274186610881113,-0.20640390756521393
naca23021,0.39691887464787273,0.28426221680214536,0.31824207276836464,0.27485234446333395,0.25723342045834224,0.28839440160248236,-0.178558226057766,-0.31313443792958734,-0.13471231097453165,-0.31694365771904187,-0.14952300410414426,-0.26303101061122497
naca23024,0.4929600015089607,0.19082603605761683,0.5630427515248869,0.10045519401728703,0.43317504790363287,0.26888261753465104,-0.18971311256992138,-0.4162067619061768,-0.09027428906111093,-0.4191351822984503,-0.15449083408077302,-0.3053304139075584
naca2408,0.12043744229049631,0.17633034825683566,0.13572939171429205,0.15734503894154978,0.15748706765937015,0.14482108458489043,-0.09286685482367361,-0.06015633191511008,-0.032419391504244985,-0.04688557373007643,-0.030549676074841346,-0.012823174406832795
naca2410,0.15079452313043112,0.20118902530823368,0.16063726336070183,0.18462625956864095,0.17594034483035081,0.17515896818786475,-0.11665706023372746,-0.0955831230151778,-0.044130560346163736,-0.0859699380555377,-0.041644581031627256,-0.045064425517665124
naca2411,0.18064924945434613,0.19843421976339942,0.24035642139796604,0.14807268934538853,0.25666789404692736,0.1674834580243308,-0.1328000921051495,-0.07677662549251528,-0.07822179258854334,-0.03944574360316084,-0.07882467993759779,-0.005792654963694944
naca2412,0.17799608623698782,0.2346367166185495,0.17146044633430252,0.22659892945150859,0.1845905554556737,0.21042563567500025,-0.14171315572058632,-0.12677008517273766,-0.06283968571987866,-0.11714633739946508,-0.056990763092228024,-0.07476832917538853
naca2415,0.223066214631243,0.2741224110967028,0.2054478307266918,0.27060599056172785,0.2105769169036497,0.25626090330404394,-0.17599715285196155,-0.18181275349310047,-0.07763342848574332,-0.17875927458107005,-0.0722704090612271,-0.12253147241810178
naca2418,0.26938589032313837,0.3130920165162067,0.2386074597082801,0.31612415007865247,0.23574254092091235,0.3026859134764568,-0.20990031633659487,-0.23636535019547594,-0.09498472876231694,-0.23600915304800857,-0.09172100859642951,-0.1685790381417241
naca2421,0.31722317660641,0.3492214602678015,0.2751148249655042,0.3595995343965058,0.2606130760739323,0.3499492641289802,-0.2428844953210158,-0.2932680500829591,-0.10865506267143704,-0.29734580963901475,-0.10691501214165357,-0.21538094556103302
naca2424,0.37970342853601885,0.344218219220743,0.3831295968241261,0.31834697553813607,0.3545521026638271,0.3615537318600499,-0.26817540725251776,-0.35969535465071295,-0.11705392144329752,-0.35302966806832503,-0.1370004887307545,-0.25093637697406695
naca4412,0.19951887571034357,0.28473724426007724,0.23223348854018366,0.27328180778166294,0.2531007763556296,0.2773391377976081,-0.1257339795955461,-0.07462508999727237,-0.0031046664202852015,-0.06939358577262718,0.009699476169041854,-0.011189307568977432
naca4415,0.2527658997721937,0.3081372436828972,0.29589131956822035,0.28677328587159967,0.3069652271794782,0.31201654732522577,-0.1654680078921716,-0.10909315492021165,-0.053924949507849165,-0.09045064643432076,-0.03454367235179905,-0.04330543612715435
naca4418,0.3029278004476735,0.34896686434385693,0.31276386261198563,0.3536300605430711,0.30897365142145505,0.3702082547315567,-0.18452048870780066,-0.19409353589882014,-0.02892229441051858,-0.18959612891848554,-0.021382821505041727,-0.1063973230353476
naca4421,0.3586630978433403,0.37208223090863257,0.36567860676561503,0.381921579481574,0.3450324763076329,0.4164446306066491,-0.2110251081277719,-0.25728140635606583,-0.034019734721776274,-0.26071417316983597,-0.031466563912696074,-0.15392239729672333
naca4424,0.445320028554401,0.320022569910274,0.5398696120653873,0.27734170486052756,0.4785485102683193,0.41340015978564204,-0.22664637800734885,-0.342180993051147,-0.019833332946318977,-0.3354400753946252,-0.050348663375311714,-0.18965760514524785
naca63206,0.08063760457066056,0.08659825720240369,0.1451056572660865,0.06265093843149085,0.14079326017203284,0.04530093901860391,-0.05823191424251593,-0.030096096451808954,-0.0958875912313443,0.012280522466528655,-0.08734792215559725,0.10079806048915475
naca63209,0.11388961583243033,0.12914040473443142,0.17527248775147458,0.11634237203853232,0.17123763136903625,0.050321444052678854,-0.0898205886356128,-0.06999676766502896,-0.13753656181326912,-0.027231774949174743,-0.11821058510840554,0.09297695216889967
naca632615,0.2210869568492992,0.2373897043791492,0.34002144196441353,0.2415589141675898,0.3035985943420606,0.2000096818937774,-0.11889111240984379,-0.10735523563260393,-0.16383852363766127,-0.03582908308673126,-0.10234340651406716,0.21564633996207053
naca632a015,0.22319987636630398,0.24531949805076164,0.20824659701571815,0.2511949175497328,0.17301763294447964,0.14930912876062,-0.12113812262365521,-0.0819907259298964,-0.2919370735443754,-0.062371795849147704,-0.21192727200929143,-0.07033319680974899
naca633018,0.19576373791033777,0.2264774947417641,0.2782639987607235,0.19051325647507078,0.21919488915576013,-0.0028122015340919194,-0.19576373791033777,-0.2264774947417641,-0.2782639987607235,-0.19051325647507078,-0.21919488915576013,0.0028122015340919194
naca633218,0.21428555898198465,0.24280840547708393,0.33281811337977807,0.1892844430218999,0.2761387178650687,0.06007033869771489,-0.175623149526497,-0.20570967613103874,-0.24627662259721794,-0.16059210612652083,-0.1787137110166284,0.06626170405661372
naca633418,0.2430595234733915,0.24641558213648668,0.36627161778776324,0.23481765812117855,0.2973100353336183,0.1371693848142632,-0.15942555383275178,-0.18093357968821622,-0.22421771791365264,-0.11773819032035163,-0.15269475440683025,0.14426577142920724
naca633618,0.26292991077734545,0.2618481214156393,0.40481714773125915,0.25785207793615517,0.339270823431518,0.20253079226266202,-0.1404548356296466,-0.1629041026011718,-0.18808333563675883,-0.09150851651680472,-0.11097435391966165,0.20381668046973278
naca634221,0.24818589279333003,0.2815030723574534,0.3590048110262808,0.25513172409769824,0.27379221282379596,0.07649289575618366,-0.19988809436766264,-0.2589242818962998,-0.2739396977085158,-0.21196243799346842,-0.1891187161551327,0.05604592640945392
naca634421,0.27518038708637893,0.2873243573980612,0.4095103665506974,0.268460923939349,0.3215275575131402,0.14104317538948352,-0.17835709199581384,-0.24303307181566686,-0.2380374453645392,-0.18387582015910903,-0.1508277779876615,0.12346240299052388
naca63a210,0.1257859354530151,0.14277226577779178,0.20043086485336759,0.12201000104305358,0.21852709453505145,0.10440702516836585,-0.09587231942223584,-0.0852660685027003,-0.12131582065846935,-0.08127122724979763,-0.0657111296291115,-0.017080699602777024
naca641112,0.13886259102861107,0.13400097631527297,0.22813866531087001,0.12648428771407833,0.19689023073944592,0.03023455083889685,-0.1248865564248299,-0.10767452216553164,-0.20467793422851707,-0.08647630541885616,-0.16715413737510554,0.040293902014691185
naca6412,0.24147658174818917,0.28613623741321537,0.3695131886138685,0.24737295024834774,0.3699160409317645,0.3281811033842813,-0.11543342426507436,-0.012919740101356054,0.04368663305659498,-0.00835790227648668,0.07000883062336642,0.05733172469297399
naca64206,0.07752112968966317,0.08693748198718806,0.13252987519289525,0.08362947901938149,0.13994521924626904,0.048630797520554284,-0.05697193310094131,-0.022084077229641105,-0.10239484446962924,0.012875592810581891,-0.09192875440829773,0.09639683436663223
naca64208,0.10050934833116701,0.10639539413306989,0.16868092860143338,0.10445947527949606,0.16498883872831027,0.05501749842148155,-0.07803692649816851,-0.044702873714367486,-0.1341720099867637,-0.012313102340963557,-0.11398775275435744,0.08905141373110868
naca64209,0.11192948970193231,0.11631965003934178,0.1865740760196522,0.11503662195125347,0.17708657068834557,0.05776918579237307,-0.08965343632251417,-0.05326748914302987,-0.15434170690249216,-0.02074948392494469,-0.1272517722053371,0.08683799297005554
naca64210,0.12338186733197977,0.12612056747348444,0.20516556863323726,0.12466128504722382,0.18942529515268747,0.06039354942597084,-0.09845506923298351,-0.0684434775547326,-0.16511609836850324,-0.03803694386607666,-0.13463479064364087,0.08244463458974147
naca642215,0.18012133996912477,0.1772961744354581,0.29543165149855666,0.17540723651724432,0.24501744970806022,0.07283529429814772,-0.14710937148156922,-0.13235628034488964,-0.23809575761740714,-0.10597791176732364,-0.1783190929832742,0.06607108589527731
naca642415,0.19805791460755473,0.19739916269525204,0.3274706012357603,0.2068672301362689,0.28037150542158473,0.14186261154646643,-0.13196406379533207,-0.10785282167698435,-0.2123227071115876,-0.06836006504151033,-0.14677875581427335,0.13585480861196328
naca643218,0.21339564892239807,0.20823134849948344,0.3508778267718159,0.20328531016289758,0.2757804698130932,0.07938159049491429,-0.1742278200267946,-0.17267503397966283,-0.28102540794712444,-0.14622749023239234,-0.200498572934157,0.05667981493583175
naca643418,0.23509810325728428,0.2220304663997067,0.39169158176698005,0.22596037252624165,0.31709546817156714,0.1463987301115674,-0.15639601975456122,-0.15261493394398,-0.24761582556984787,-0.12019838123935633,-0.1543456810207355,0.11243069395141038
naca643618,0.25799800551164337,0.23379384478899212,0.4354185034436353,0.24597107968005572,0.35987481721936504,0.2132137439819986,-0.14031118181420932,-0.12854030691799992,-0.22321504766030112,-0.07759630663433642,-0.13217188496199475,0.19426872118817062
naca644221,0.24740363381002103,0.23836755448023444,0.40915156053910673,0.22746690262470862,0.3070663564106568,0.08461966519401502,-0.2008900638074123,-0.21407428901129844,-0.32423600218734006,-0.18533865440427585,-0.22139940965524058,0.04794475779301372
naca644421,0.2734157149279232,0.2450594664436595,0.4597283973337378,0.24054726720723857,0.3548366318863573,0.14950737504374917,-0.18013567478179757,-0.19752955281243129,-0.28809573445355763,-0.15809374829088066,-0.18236134439829138,0.11516723441925644
naca64a010,0.11161815367546371,0.09727927863766472,0.1748951384060521,0.10045478306175129,0.14742247288946825,0.06287528275494295,-0.11161815367546371,-0.09727927863766472,-0.1748951384060521,-0.10045478306175129,-0.14742247288946825,-0.06287528275494295
naca64a210,0.12339996935999871,0.13290397396389025,0.20182020501891318,0.13766540871109728,0.2114368955516352,0.11228113034564807,-0.09420129231259944,-0.07285050194432521,-0.13064852255446865,-0.08184922917654719,-0.0701609678598171,-0.02026790341324093
naca64a410,0.13998010540109043,0.1621316075408028,0.23658500539328564,0.1675854861301152,0.27973272123080173,0.16016487445794123,-0.08161159446323633,-0.042216147794257045,-0.09388282443007623,-0.055888691905441545,0.0019713424110547745,0.024526037189518464
naca651212,0.13387862881339807,0.1505997461278093,0.2127062104349015,0.18833154280467357,0.22288205059941626,0.08269531778692098,-0.1074339103022968,-0.09495391968102229,-0.16952479776192786,-0.10528637454037673,-0.16531387703310388,0.05970427820141461
naca651212a06,0.13772605575771296,0.16178050378003966,0.21610637750908668,0.20983007892420022,0.23688215438009286,0.042844928488239724,-0.10400072678248241,-0.08327753083422551,-0.16699224394759926,-0.08249159532578844,-0.15265898882826393,0.020361594834676595
naca651412,0.14796067987930261,0.17721931499205967,0.23569643649007993,0.22866423175959424,0.2522884207401137,0.15405628812498431,-0.09525308043590053,-0.06556725016707868,-0.15018869041003174,-0.06153170000495706,-0.13785858940988438,0.13101382385711866
naca65206,0.07253559443258387,0.08701992225899022,0.12310618293656173,0.09846464366846296,0.1489444460048856,0.05690694924570241,-0.052282760833842847,-0.021626530707675923,-0.09360394942556663,-0.001443138597842476,-0.10122615828345075,0.08834589273334914
naca65209,0.10336514366986012,0.11857404345178768,0.16774349141088582,0.14343694599191342,0.1873126613711512,0.07067725707347332,-0.08045044845123295,-0.057458998232063005,-0.132192687796078,-0.052597749216482886,-0.13525695652603517,0.07332349868341795
naca65210,0.11353485604860741,0.1293679722572219,0.18239133983805578,0.15879677882038246,0.1992081719903126,0.07487414254302889,-0.0895162037590929,-0.07000504627792603,-0.14437759844730824,-0.07047584563255113,-0.14537274027909491,0.0685888592131686
naca652215,0.1639845156047086,0.18342513716037534,0.2568546279967632,0.2352403332533736,0.25343438099643095,0.09514580816205054,-0.13315051255577054,-0.13433585853645622,-0.2047377281933909,-0.16124061098109346,-0.1893151670207185,0.04530169809460895
naca652415,0.18066452407012573,0.20586251197803312,0.2861784188503942,0.2687289433070951,0.28762391172882495,0.16500751096893085,-0.11897317581388273,-0.10805378381553019,-0.18101534662209376,-0.12199285722161612,-0.15863325613987206,0.11564663843284931
naca652415a05,0.19478822120844266,0.2220167007380418,0.3143358275250688,0.29885610091730475,0.2997266757881823,0.07980855657804642,-0.10824314038875342,-0.08721111947983265,-0.1591627104572828,-0.084731071920799,-0.15379531516355857,0.03386286833999457
naca653218,0.1936029506501043,0.21597669216087972,0.3037778481554271,0.278876841389275,0.2836035954599678,0.10445941411849312,-0.15753867249543915,-0.17460448276820223,-0.2409067353926468,-0.2160417776394874,-0.21144116415034497,0.03352929136577597
naca653618,0.23432270537996153,0.24916710452640317,0.37849991582371856,0.3302486407741932,0.36253772515942567,0.24131730788246836,-0.1261305436687915,-0.1259436966470945,-0.18833484583820567,-0.14318885210614,-0.14527008508008038,0.17238482315826892
naca65410,0.12616367914671317,0.1583609851709622,0.20219442793755138,0.20232393052503375,0.22634687258172442,0.1468489653115048,-0.07845352180093915,-0.03889744451569366,-0.12728126399599538,-0.024562339325685446,-0.1194175936590264,0.14039499830132152
naca654221,0.22183337553967067,0.2503861966919387,0.3487180970845763,0.3242471539494358,0.31001896601771106,0.11399680259276963,-0.1798793153776218,-0.21736925135857188,-0.2746070191324299,-0.2728834477540454,-0.22950783052830878,0.02148963716214967
naca654421,0.24506691991359392,0.2627027544448253,0.39188884162175996,0.34401172758354426,0.35382012978964217,0.1810014682193735,-0.16096485055221918,-0.19762754364631702,-0.24196422981713167,-0.2430361841185361,-0.1916557144421133,0.08949324784054827
naca654421a05,0.26449483636388993,0.2716314739937897,0.4283563706916383,0.36622815060228636,0.37495461450900336,0.09169606407868648,-0.14738506483857589,-0.17870123053345632,-0.21991486047579845,-0.20505522276502922,-0.1842406043412622,0.006084184737312391
naca66-018,0.16609628276868219,0.20223241414645943,0.21834788196150917,0.28165236051373826,0.36577430727851384,0.03206892057149998,-0.16597082553652176,-0.20290583212141639,-0.21643122151322086,-0.2850444901529245,-0.36178411632051904,-0.03527495493589474
naca661212,0.1268077165697088,0.1567044825870081,0.18104135685990408,0.2015448264793288,0.30268269529679703,0.08800776706061651,-0.10087330257327969,-0.10067080250892513,-0.1375349972263074,-0.11955997034895482,-0.24424765032493442,0.054986867827474646
naca66206,0.06884994552497806,0.08993076130703681,0.11051803264901097,0.0985274085496757,0.19184831395216148,0.06096850084839153,-0.04873892540199391,-0.024395533341749896,-0.0810163773037982,-0.001668274224577492,-0.1440207972666592,0.08451074567832872
naca66209,0.09807992793700347,0.12269952311541363,0.14708084362685706,0.14748389017907582,0.24991070627039205,0.07542590007865116,-0.07549203223730006,-0.06119675494949531,-0.11175814786824345,-0.05661458221728917,-0.1979772222299417,0.06916663990376035
naca66210,0.10775563522890694,0.13383782085993234,0.15868982813195723,0.1650751831206112,0.26768637973946374,0.08003589966145253,-0.08412440748817812,-0.07371877036555397,-0.1213987653896273,-0.07645505490489693,-0.21398650428801325,0.06418476866601201
naca662215,0.1548906852569855,0.19181918523376223,0.2123420328650084,0.2594415902053074,0.35090695788721943,0.09973235088593867,-0.12485009379730104,-0.14223007103556567,-0.15945074591330305,-0.18750382172317032,-0.2851367616009229,0.04148206492600142
naca662415,0.1710460335635439,0.21484045825117315,0.24131944750801776,0.2930253395076139,0.38504855048402137,0.17053679129750515,-0.1110008706767633,-0.11578431483463661,-0.1352141123441915,-0.14945610579237037,-0.2533404053362435,0.11185959425326222
naca663218,0.18121399374773117,0.23068947786169974,0.23645670483956763,0.32902050514697817,0.38791716950215144,0.11108091713932634,-0.14639812116300807,-0.18836499121642863,-0.1729583696213442,-0.2685140165222172,-0.31362893478760784,0.027960454270305645
naca663418,0.20035647592905698,0.24874101035002655,0.27272538284688475,0.3548657460076552,0.4276545586106957,0.18034086075455835,-0.13046712020487766,-0.16500059833129127,-0.14425262216669393,-0.235316474751663,-0.27815558839769666,0.0974014259090256
naca664221,0.20747475782152203,0.2687163889051167,0.2615187530370673,0.3986124547766422,0.4251258106496706,0.11974029063027555,-0.167254268464776,-0.2343557067551374,-0.18649874020384072,-0.35073853622865775,-0.34116924120762504,0.01674819537493715
naca671215,0.17043420924871985,0.15676483577522382,0.2827311691824788,0.11710480807303106,0.5269353341399402,0.1180541201688846,-0.13888259767898692,-0.11162202422820214,-0.22255308450790912,-0.052205768233036014,-0.4582955603275796,0.02490940551959247
naca747a315,0.2099324616367361,0.19529068262458255,0.3865544438308067,0.1569323315536099,0.286585989279607,0.02077126427181921,-0.11420646587488757,-0.10302836348584718,-0.1547231282346564,-0.07550988998540903,-0.31148021598744036,0.014236815911289707
naca747a415,0.2194075716045638,0.20447338517877567,0.4038400629615698,0.17130213842893433,0.3053976965848154,0.05487879857713372,-0.10761819072055227,-0.08930344651314906,-0.14348942792792221,-0.055252906919409914,-0.2967681149488092,0.049851199668918565
nacacyh,0.4615988568754292,0.1318816939097438,0.37968304400538605,0.44186338774618267,-0.09303175954186674,0.7260787998782043,0.159946643111684,-0.2538021349049888,0.20802740703075207,0.04748986856273184,-0.3261696172810636,0.45791939488874844
nacam12,0.16724775350718393,0.2533660324274186,0.14392774325463534,0.27244850950985594,0.13443674830632707,0.2051362334948846,-0.14486701700025426,-0.03562046610791954,-0.17006292950688112,-0.05212486320011675,-0.14371478939086083,-0.13226387399479014
nacam18,0.3369449832604437,0.329510985848391,0.13795889400608105,0.7992428384971417,-0.3921262387728594,1.0013843184961257,0.03346966966423865,-0.014754365995900886,-0.09042333195001,0.3902200824865678,-0.619751958621665,0.6402804261223138
nacam2,0.1067855312347096,0.110770980735177,0.08214169650133693,0.13221558098698555,0.07648681993098858,0.12228003167387069,-0.1067855312347096,-0.110770980735177,-0.08214169650133693,-0.13221558098698555,-0.07648681993098858,-0.12228003167387069
nacam3,0.15319969304979064,0.16908295429921322,0.11850784021879288,0.1946536470951084,0.11866307788519403,0.17391358567279447,-0.15319969304979064,-0.16908295429921322,-0.11850784021879288,-0.1946536470951084,-0.11866307788519403,-0.17391358567279447
nacam6,0.1616674787382071,0.27459274355242835,0.1483898711500294,0.27751583658061285,0.10134073785380276,0.16736531873272767,-0.14618361386144535,-0.05052279327169769,-0.13097569175791454,-0.06762647916729478,-0.1840918031891378,-0.16583679629620868
nasasc2-0714,0.22651773803036904,0.050771942285018856,0.4133167297332429,-0.16072954073510487,0.606091844205435,-0.07025380670325987,-0.196840421998416,-0.21124077540850617,0.046785689840969494,-0.6714349053677006,0.35321386393049714,-0.1628745218805993
ncambre,0.18798723194521738,0.22225565832950533,0.11812222407920844,0.20683557681089793,0.12961111511180196,0.1587658248493183,-0.12625740716151115,-0.049849384129526664,-0.2286780055953413,-0.018331515993409764,-0.17909113903511173,-0.09231626748504482
nl722343,0.15881850069693776,0.15262428988260085,0.10228790114198837,0.1597609797272462,0.19078950313725151,0.13615578525811925,-0.07973063066611412,-0.0761598652114343,-0.031008621806427057,-0.21789549781789785,0.03153292266088678,0.025203912803935517
nl722362,0.1603602897959715,0.1467021661134648,0.1281838707244703,0.10962026096723285,0.2775859566698234,0.05873962141159928,-0.08557001614748871,-0.040489524513998926,-0.1316216078383166,-0.034534661614428155,-0.11912024211802107,-0.1245745618206566
nlf0115,0.2119343715498007,0.2356576284371475,0.20720355496492282,0.32085753874176737,0.21118014653702882,0.23162347101797742,-0.11681898651843169,-0.11423295814452841,-0.12016996252446398,-0.27864968166004167,-0.06635639645597644,-0.0032797836250662788
nlf0215f,0.20828656790879174,0.3059852094901401,0.25592929518322893,0.42192389948404185,0.17529281806186736,0.39496095908128803,-0.10464861986737768,-0.0913343431855026,-0.02303219689246023,-0.24089351212587312,-0.012019230516033912,0.2827222610948903
nlf1015,0.16888461024801493,0.35708769785341554,0.15845874771317522,0.5379277862111913,0.26546233696360044,0.45109703039114857,-0.10814633705828768,-0.07698915523908585,-0.10392583000956956,-0.0628377158512377,-0.08160992054587071,0.2893016123600001
nlf414f,0.18752514888861002,0.20194119990044196,0.22713083307261211,0.27651471684205353,0.4704729339444958,-0.012148208060434002,-0.10681227336720847,-0.12366712382292755,-0.04725945440172798,-0.2567480412634853,-0.11574592612771158,0.1073932371559156
nlf415,0.14777453284431366,0.18187431496575407,0.20595905028530448,0.24224883781460863,0.47323909589804025,0.25415884526953403,-0.10435122135469184,-0.09890714955198113,-0.20806067376038132,-0.23688394558768117,-0.015001828460717896,0.08676945587568229
nlf416,0.21813076276171528,0.32531956332925105,0.24447561874105675,0.2592556241384256,0.19567783476329095,0.2829703973038417,-0.13111796609389892,-0.18187448631010986,-0.05286105645222343,-0.2993109947754231,0.01974715980210221,0.19839990709085176
nlr1t,0.1578354415812202,0.15787115607393107,0.10858777173497557,0.14178478230041897,0.24469681181718536,0.10447616345937928,-0.08256391480874273,-0.055159281481472186,-0.0969751511725756,-0.09209496534319973,-0.060740859882866254,-0.17671668989250805
nlr7301,0.33758899286060345,0.06000599680289509,0.39293835346826156,0.0919633499385548,0.4041127926096466,0.13626719813014632,-0.2634378339336501,-0.0960110340946293,-0.30219051742197767,-0.1816371883080622,-0.15030742476361375,0.15378706758659877
nn7mk20,0.19336358694842792,0.3291378068502598,0.24127110872543311,0.4014929757105049,0.23377762212974962,0.23420031280791623,-0.1180366978046831,-0.16555435571867366,-0.0699997932083568,-0.34780372566790346,0.16980620957952092,0.04543856904796189
npl9510,0.15714705585441233,0.027890654642364954,0.20975430022782177,0.062043775380225666,0.2325034197197199,0.2175155668500477,-0.1840256801226223,-0.14673397658066134,-0.21067285356502308,-0.15499070319558422,0.03302674794871553,0.07018507941029742
npl9615,0.17264002228748956,0.17648801885646914,0.1698706346786895,0.15002272242923856,0.1625512067047152,0.14459206143656528,-0.14677526848098899,-0.025770595073286107,-0.26105932372645035,0.0004008818081457713,-0.20086091229076133,-0.09146754600602042
npl9626,0.1823974080166407,0.14208816443957822,0.2509813771270928,0.06519684555629046,0.210024831459382,0.12513081810339832,-0.1454128384520274,-0.12057529874274014,-0.17252889474169292,-0.08419227364182079,-0.15762823275704818,-0.1126981607607631
npl9627,0.20131134262011863,0.1555304489106037,0.2241913511021173,0.11711283601299724,0.18369391444680339,0.14296340767291024,-0.14510921008397615,-0.14354500800889353,-0.13295399183643786,-0.09765983432103537,-0.14353181643234217,-0.11013850248326881
npl9660,0.17553687106854543,0.16097470441457734,0.21419378760930805,0.07024056446732914,0.26068583886934904,0.057137646558514735,-0.1496495235534103,-0.01037369678343572,-0.30506927756640756,0.07967393065885436,-0.29847998985538926,-0.004304653281580409
nplx,0.0893749467179612,0.1590050872763748,0.058279935168779884,0.2088190613758476,0.12394593240198747,0.16463355772779945,-0.22835516147986354,0.05453968805717338,-0.4403850004085075,0.0938708228053612,-0.21826806536523816,0.10183370885367074
oa206,0.10605912364783175,0.12194610638593989,0.0658378414524387,0.08680328726785363,0.13077114787978006,-0.005630092865329137,-0.08167185072451233,0.0013481946945747489,-0.14399511927466266,0.03654799469571786,-0.18062790545898158,0.015038966327102426
oa209,0.17783045107329834,0.18308098344761006,0.10505095143466665,0.13385915170502094,0.21234902229783859,0.022050041768710407,-0.10304823048092636,-0.005428531118276653,-0.19173321451554387,0.022613776575019583,-0.21889864178444565,0.006592716166135597
oa212,0.1871675954142734,0.26439267764024954,0.17543884806900972,0.20292092865685032,0.2939007458061982,-0.026122405710067412,-0.1854592789028405,0.005985327231829568,-0.20341789706067642,0.02411364946057663,-0.25036226674049167,-0.07866279602476613
oa213,0.22693848106822978,0.37020560246322076,0.07495231955573536,0.3636023510287431,0.222167052547226,-0.04440241218607276,-0.10728464464705545,-0.027651939153410313,-0.11803869176535531,-0.05119154019564601,-0.15630743793544122,-0.05257531914129231
oaf095,0.16263474306794892,0.17858743749571665,0.23882631773232157,0.16702030793019848,0.27189679158699465,0.11464781915509006,-0.13490886327074336,-0.08399155301964624,0.017417846717675788,-0.012062125907456638,0.12725221169554948,0.06007516216793023
oaf102,0.1414855960017903,0.20608768165699737,0.18558130258543964,0.29877030893608136,0.1244418160522567,0.25029441881308845,-0.12643797514328525,-0.10770474230354996,-0.008292021049168166,-0.01528788413451158,0.09612608884133289,0.04680135339651436
oaf117,0.1947622739707983,0.22808990296508125,0.14260198402463373,0.22821407514891015,0.05656531848112321,0.18361458574585707,-0.16089124119895043,-0.12471299000909536,-0.04339196227886466,-0.09493451008510889,0.06622912094586739,-0.04373105532499215
oaf128,0.2093453658287736,0.2145134074774248,0.14405654331701107,0.19518016713340033,0.057286918246648014,0.13979283840749415,-0.1914087784361886,-0.15805359087106213,-0.10135308857609729,-0.12986147493450254,0.0067680114390255095,-0.08129413728553199
oaf139,0.2052505036803951,0.17273419509227408,0.09510943614697469,0.12528069670603714,-0.01886399125020303,0.06641184601059205,-0.211535023951345,-0.25581029819075246,-0.1309817654134717,-0.2382239686405305,-0.0457967615277811,-0.17543649837098735
p51droot,0.20714243768121413,0.18905490214948117,0.37604766264112,0.06647761988953839,0.41307433295806034,0.037062665436274685,-0.1786470631541732,-0.1384652302579018,-0.24458824395514905,-0.16670366559322086,-0.1248028045360329,-0.0023954810856709864
p51dtip,0.10344642356374635,0.20329341667222456,0.043435073670617,0.41171914962181516,0.09833506695774312,0.060536169027108476,-0.08681454330121542,-0.1221684327325625,-0.02641761770759661,-0.26849319501015084,-0.06043498426666828,0.02832422889637254
p51hroot,0.16334903410226628,0.20112020337718123,0.2284797986844279,0.2687969044305819,0.38823962349714,0.04354656789310361,-0.12820865964298642,-0.13796564376711898,-0.17110471623445803,-0.17147860726696806,-0.2963194701923174,0.008399295683929995
p51htip,0.13040794505820152,0.15996649834509968,0.19168720991862187,0.20177536032072,0.3293713288250946,0.033621861124946084,-0.10064555055080883,-0.08868180630197481,-0.14654487019218157,-0.09015019777895286,-0.2496947780012488,0.02201730165604627
pfcm,0.1013547456676719,0.12173829915787304,0.15428499953456187,0.14560075223309185,0.15279064624936486,0.12702420717434315,-0.07515891042815419,-0.05624597744325266,-0.09105379868934321,-0.08149850293952997,-0.017309224710280974,-0.03311164492739923
pmc19sm,0.11781822706263757,0.29087212369367643,0.019328011069006473,0.2198456481160175,0.015221905978159964,0.06161753454992626,-0.08412601277536122,0.06102754179529429,-0.24378546740276702,-0.023700899220421016,-0.15025135627026798,0.0047701032003759775
psu-90-125wl,0.16490449425257594,0.27824489211823117,0.14027872147951342,0.317303346246963,0.19656650390392127,0.19053862438022623,-0.11631564407530119,-0.11152692415852258,-0.10182863208601059,-0.08176904841979146,-0.08761475762227476,0.06314492675190606
psu94097,0.16269921901842446,0.2845503432739777,0.11619338696363582,0.39480345714574494,0.12928158187201141,0.2707077099814713,-0.07355803187611579,-0.016915703046920093,-0.04536056817560468,0.040382943190405966,-0.031658889563556177,0.14545337104006104
pt40,0.26137241591889643,0.1803833474537257,0.2465587100890606,0.21880311465917165,0.19110787597252316,0.24714129256948636,-0.2792761197925996,0.13526351806311465,-0.31126354047502514,0.15713872971633422,-0.16828587865361475,0.0037617170026285206
r1046,0.25792837182842016,0.3887486805521416,0.45113017805800826,0.46423627824196495,0.2867633869417162,0.2869924234088387,-0.12727051714071932,-0.013650000369627407,-0.15337625460046403,0.05935144126113119,-0.11449711038704642,0.05408582549602687
r1080,0.22279027034926835,0.32647010449233504,0.2619599772636586,0.502084940150894,0.14851910007912839,0.2585355708556801,-0.137626060479171,-0.13160193509981216,-0.1401070836582295,-0.1560696110167513,-0.2641257339932807,0.06289909451735552
r1082,0.21388844127513648,0.3282553303807947,0.2981559992676023,0.44103257433858783,0.17729176904407778,0.2895566595385631,-0.1429326640144882,-0.1254265344516328,-0.1509787863961763,-0.13123878061352356,-0.2805108851009814,0.08824380001136321
r1082t,0.18933665126840696,0.2915056704601127,0.2656463073884864,0.3887755272311134,0.1609478732886695,0.2521158511918856,-0.12827388272258008,-0.1092907890212804,-0.1385153191492621,-0.1106305744493743,-0.25486320484354835,0.0839719724273186
r1145ms,0.33774742086445925,0.34653577591851703,0.3139335664419953,0.4145730350945388,0.47233481575399394,0.23909382895484163,-0.22188413799869375,-0.027750074923244605,-0.2891919578988437,0.03652310638111766,-0.19873942878958523,-0.018347886356268737
r1145msf,0.12023412250078887,-0.05212218625909893,0.05349459745266386,0.17364745473619245,-0.21846879196233127,0.3992391793541012,0.16905902659069194,-0.33666493459783475,0.9556103296578946,-1.5399328240513857,1.7125031972553597,-0.09452785995701506
r1145msm,0.24412069019375232,0.8428132981851171,-1.0903286443902023,2.9277752622814015,-2.6397798752556327,3.1209968516134703,-0.3086004539508209,0.3542137260752224,-1.079590543010743,0.850077317154842,-0.8211731332176676,2.364917614856841
r140,0.10335212751176671,0.16464793110259512,0.19037714333195827,0.1555396715051669,0.17915697061200386,0.1063643803749369,-0.10107676532015895,-0.12563656178447732,-0.17643733515504373,-0.12838706181788603,-0.16131766527621197,-0.10188893538944588
r140sm,0.10426921252471542,0.16126161018935609,0.19513473960040387,0.15113341732373312,0.18130342374573435,0.10484779799704724,-0.10072556631072448,-0.1250967398494557,-0.1803675332458646,-0.12489814403492383,-0.16364852846329403,-0.10231771887788439
rae100,0.14919282341095474,0.128369099462434,0.1433701510809941,0.07315142340756055,0.12947251272739954,0.039558607096184265,-0.14919282341095474,-0.128369099462434,-0.1433701510809941,-0.07315142340756055,-0.12947251272739954,-0.039558607096184265
rae101,0.12489692151290152,0.11829197564238292,0.17389628759838666,0.056271785696508356,0.14593639094799846,0.03919935368406783,-0.12489692151290152,-0.11829197564238292,-0.17389628759838666,-0.056271785696508356,-0.14593639094799846,-0.03919935368406783
rae102,0.11984006310825017,0.10759996089053162,0.17554103169039997,0.08319026080606412,0.13783429804371797,0.05126151688353556,-0.11984006310825017,-0.10759996089053162,-0.17554103169039997,-0.08319026080606412,-0.13783429804371797,-0.05126151688353556
rae103,0.11389668671186265,0.11258442844657074,0.14305812510339133,0.14091570578942103,0.12444065224239438,0.06786537698876494,-0.11389668671186265,-0.11258442844657074,-0.14305812510339133,-0.14091570578942103,-0.12444065224239438,-0.06786537698876494
rae104,0.10793236757399546,0.121128280920446,0.11344355787397317,0.17001341245142967,0.14929843838911513,0.07549008542248943,-0.10793236757399546,-0.121128280920446,-0.11344355787397317,-0.17001341245142967,-0.14929843838911513,-0.07549008542248943
rae2822,0.12641897124351018,0.1380812306320549,0.1705044746796287,0.17588162149500763,0.21701281359849783,0.16168371198535444,-0.13387822725860132,-0.11151242298477701,-0.23847321376565844,-0.09089804736243559,-0.11926119149852425,0.09800947360457704
rae5212,0.2035702216496418,0.13553370205220605,0.22660359777767636,0.1754754808922353,0.24033641238360898,0.19216403155145545,-0.13360044116132674,-0.06832315410420056,-0.19783358531266068,-0.09398380335960074,-0.03832327655239609,0.04735072837829074
rae5213,0.21087215421039415,0.05946792974318649,0.2734528513900887,0.0546394433018986,0.2375529864683606,0.08659880373171155,-0.12920765284442384,-0.03927440548415251,-0.18725567046167463,-0.05125930685680392,-0.03649466898128042,0.07926619742167647
rae5214,0.21211841746919932,0.057067353496422085,0.24744552222643676,0.063862387253952,0.2372848458028541,0.08599335995333471,-0.12920765284442384,-0.03927440548415251,-0.18725567046167463,-0.05125930685680392,-0.03649466898128042,0.07926619742167647
rae5215,0.20810337849060992,0.07795898879275795,0.17705146968574942,0.1785837183045204,0.14066249056987218,0.21142756728140427,-0.12920765284442384,-0.03927440548415251,-0.18725567046167463,-0.05125930685680392,-0.03649466898128042,0.07926619742167647
rae69ck,0.12641897124351018,0.1380812306320549,0.1705044746796287,0.17588162149500763,0.21701281359849783,0.16168371198535444,-0.13387822725860132,-0.11151242298477701,-0.23847321376565844,-0.09089804736243559,-0.11926119149852425,0.09800947360457704
raf15,0.1523920043852481,0.19385352207325576,0.06092767967999242,0.20131413224439082,0.07375551382318897,0.22966847739089552,-0.06649449613564799,-0.05993779600537531,0.13760942840138687,-0.14999954731551618,0.03639767219051533,-0.11801257283130195
raf19,0.2505551005723723,0.6507464634301519,-0.004436753609963651,0.6618540412253687,0.1310908197858197,0.4542999827782803,-0.10435728534852892,0.15409947873721008,0.3423388181557448,-0.007438971318710401,0.3322873078346162,0.017579950281158486
raf25,0.08112508977213487,0.12157481811045467,0.09063445323352848,0.12512006967362066,0.10626113665829823,0.08744166261770286,-0.07728019882734732,-0.06233460058198774,-0.06559613551336455,-0.027797284328852687,-0.05151148990751841,-0.00943039697919035
raf26,0.09271259912289827,0.15136032368389207,0.09534893069463327,0.1984508091257365,0.10484961099932823,0.18597204519970337,-0.06616070438574682,-0.04847080154029831,-0.027653898692196317,-0.009356832809248176,-0.0038766526321449106,0.017085016069847442
raf27,0.11354031040322415,0.15526016389879402,0.0917970770340601,0.1436335652256056,0.10574029984071834,0.09183585001831406,-0.11354031040322415,-0.15526016389879402,-0.0917970770340601,-0.1436335652256056,-0.10574029984071834,-0.09183585001831406
raf28,0.12253792455797283,0.21764519294365842,0.12311322736152336,0.23310801694510644,0.12608994722407307,0.1565211791694,-0.10413410533101114,-0.08991019193005205,-0.06513056429526615,-0.06019841780121293,-0.06925152231026238,-0.03277537118235882
raf30,0.1494750911943364,0.19168570108740868,0.13026556352219826,0.1877986561281642,0.12278678007007396,0.10944544435154703,-0.1494750911943364,-0.19168570108740868,-0.13026556352219826,-0.1877986561281642,-0.12278678007007396,-0.10944544435154703
raf30md,0.09081242153574566,0.10916250842060754,0.0916957956510388,0.08931200696703226,0.09738016882845557,0.040977620936803655,-0.09081242153574566,-0.10916250842060754,-0.0916957956510388,-0.08931200696703226,-0.09738016882845557,-0.040977620936803655
raf31,0.15459861970431935,0.25396604765090347,0.14879468263241635,0.2883504960246403,0.18282020121890757,0.1954285971648195,-0.14330200994601788,-0.1327408733650896,-0.10770344120483469,-0.09310732300613997,-0.07038115396009313,-0.024806831472241036
raf32,0.16900299029091057,0.3318318515173911,0.20664429493043093,0.38520450979201043,0.2934580571854757,0.30807291449420077,-0.10589384769774872,-0.10266228158978215,0.01354161333539989,-0.04406112514176197,0.06511584632481386,0.07942984456230713
raf32md,0.14678493759437303,0.2415008017778506,0.20566880128240583,0.2617629405549828,0.26780961216273286,0.2266909956686266,-0.09576760972671032,-0.058405834175109354,-0.022671679112840938,-0.005659691109164337,0.032323206170778204,0.07730446239299969
raf33,0.1874524791895759,0.3982704972845115,0.18156627200693992,0.37650471476333736,0.10534633884575308,0.08131540581683071,-0.12737140534904057,0.01830619686268363,-0.06611838757239487,-0.025167160301125736,-0.1254200487935217,-0.1457702310741416
raf34,0.16426911442341363,0.2821389082947849,0.15133121358380558,0.26255096105968523,0.11789247524965654,0.09811228769103449,-0.1362974253727827,-0.10437017043185418,-0.09977823507657624,-0.12462752437529291,-0.11955392960080174,-0.12408099157415743
raf38,0.1589137898085366,0.29347950501706555,0.14951838685418153,0.3126308352353475,0.14838059988996355,0.16930335125426163,-0.11489912627069787,-0.1287041301429607,-0.055680903107010044,-0.10999469861731001,-0.07633088566127005,-0.051180283519465464
raf48,0.21528983509198762,0.33288703755760646,0.19600742055452194,0.33881804567027657,0.190831814653524,0.1716526154253928,-0.14406426490182772,-0.15229500278382235,-0.04306644724861776,-0.1741435000146609,-0.05620512229200795,-0.10078509881584154
raf6,0.19746923432143296,0.40130989500300185,-0.0059365451597222785,0.4997552877501178,0.12835486920204728,0.4067749129871041,-0.029203040726747415,0.006103551481588896,-0.02132498259548152,0.0032600886010587006,-0.010169345582467453,-0.003715399314694334
raf69,0.2244257161951211,0.4378321924716,0.13711682916969428,0.4655666312618859,0.19595613485870475,0.23722552048364592,-0.20507071256999113,-0.3432227988843091,-0.05996926050593898,-0.34930865767209435,-0.08877240014672196,-0.13938061842660615
raf89,0.2807540497904832,0.4944831212392632,0.17314619812749965,0.5587960036265867,0.20407154724482343,0.2910315275568748,-0.2672499281307874,-0.39899413109298415,-0.12783426517314497,-0.40664004016884303,-0.11568246310709908,-0.19623919474735665
rc0864c,0.1254074559502114,0.09510890713773096,0.172594864079902,0.09188613972793525,0.17568912753046173,0.11708760349494063,-0.1000553862248898,-0.03306802798089119,-0.1156499320930969,-0.04663998184492449,-0.1332737798208667,-0.08007110469814918
rc08b3,0.1182595936078377,0.13574218221186196,0.11984025396360479,0.1448550598184018,0.1529845647991263,0.10351295033756022,-0.10030018056062066,-0.024156176779417157,-0.1310372878097989,-0.016905945982912198,-0.1502893413361197,-0.1186734609822263
rc08n1,0.11777273725516833,0.15990471179398558,0.11176474074325474,0.20371731077430924,0.06832156717396953,0.03180457175508324,-0.05808477004178,-0.009959262539661215,-0.1386398977144484,-0.010478417335851389,-0.10032218012028943,-0.08993013801001647
rc1064c,0.14939016473532626,0.12220795881094965,0.19548750301956913,0.11505224757413482,0.22275790813012833,0.13127140399589907,-0.12159297685579303,-0.06387404846590974,-0.12459016381909058,-0.09796594578442985,-0.1455614246357348,-0.12295987897632246
rc10b3,0.15734581079996854,0.17833267331589286,0.1553854006557227,0.1972669908217914,0.1900064144713924,0.1356335562206168,-0.1156735600069617,-0.02323239009712194,-0.148436060526573,-0.023019356379560006,-0.17059774673280664,-0.16297705637792342
rc10n1,0.135889078703564,0.18168905896387788,0.13720982407103077,0.23790713759651305,0.0798984212523767,0.057219509370857506,-0.08475842601039026,-0.030177433775752924,-0.17238779549200042,-0.04220898359448855,-0.11487188024859296,-0.11661452655899766
rc1264c,0.17891536247155823,0.1402235175076354,0.21842770715646226,0.1630552916007831,0.2229998768083719,0.19389337594137912,-0.13801457608611747,-0.11064529551947969,-0.11575056980925041,-0.16086418092815682,-0.15345201064758593,-0.16635675810977085
rc12b3,0.17091243993116523,0.24538003334556868,0.16579139073040314,0.2591241442461994,0.23070807012241965,0.13722155381160486,-0.14244845088219507,-0.03631412587733569,-0.13983869643043076,-0.0682319104451155,-0.16042069424269756,-0.2539220862574278
rc12n1,0.14924529934871106,0.20661409229378996,0.1565975672011224,0.2757905009953725,0.08887521319510079,0.08278981926308497,-0.11294771341594613,-0.055146308692502366,-0.20174542976358759,-0.08119434065495806,-0.12671989627188207,-0.1461885385553687
rc410,0.20914172948649973,0.2126909156007184,0.07606153846778013,0.34986734945813236,0.029512765062847057,0.09366413198721515,-0.15056486792668078,0.020716109632200254,-0.13668819117373598,-0.0645430949570336,-0.07753634816910585,-0.11346975045970269
rc510,0.1812762614179387,0.2252749558573211,0.08324062287261011,0.3390123114490615,0.03907820426745025,0.09104261140405942,-0.11975329168320478,0.029361161548611753,-0.17076499810670379,-0.019397101548476334,-0.1050382584833602,-0.10194928941836229
rcsc2,0.17311772192800898,0.08674915557713006,0.189920531415665,0.10282033628360204,0.21000997586915654,0.20898259415707343,-0.16453951662127336,-0.04708684337264499,-0.19572350585514708,-0.03399180947158784,-0.19925178333683538,-0.08082230362985893
rg12,0.1278545374939182,0.19211063572791737,0.11891457555159099,0.1741698678090105,0.14874556606414444,0.1467742562500773,-0.0958675614714619,-0.08895055221137163,-0.071972608634986,-0.07660022268443538,-0.12548402027292146,0.06597143008130603
rg12a,0.1443200424701229,0.18220102283051925,0.1511637538501645,0.15756429631535215,0.16516673413266458,0.16362828171484983,-0.0761597989588101,-0.0838037869884697,-0.04382128744346467,-0.0757810395717142,-0.10782367890576465,0.08971059812855074
rg12a189,0.1443341562796356,0.1821249753860235,0.15137423709729111,0.15723353460542505,0.16542801028794296,0.16357244216231093,-0.07615979916161802,-0.08380378596636727,-0.04382129012838729,-0.07578103529363195,-0.10782368326902665,0.08971060099030598
rg14,0.1253462902520236,0.18640606794565776,0.11460337518580199,0.1642679597512953,0.1449751668708972,0.12789639639001663,-0.09057449809699518,-0.06278899260329608,-0.08382502506341624,-0.010586037951417028,-0.1448184736499133,0.056194506166418655
rg1410,0.16110508425979564,0.1812727387663039,0.16504526989468637,0.1557894475265646,0.18190916078572525,0.13649550751263825,-0.11025885225066669,-0.0866244114588007,-0.09746238479762354,-0.0343133554599898,-0.16324107683329225,0.04114203690763936
rg149,0.1476107722407013,0.166995347974233,0.15401259011811247,0.14218550436696648,0.16882623134953184,0.12681535894009563,-0.09687013871408852,-0.07223898390887908,-0.08657534273778161,-0.020696782217365164,-0.14987628994991323,0.05049007282486328
rg1495,0.15435792825024827,0.1741340433702685,0.15952893000639928,0.14898747594676554,0.17536769606762853,0.1316554332263669,-0.10356449548237762,-0.07943169768383991,-0.09201886376770255,-0.027505068838677444,-0.15655868339160273,0.045816054866251336
rg14a147,0.11215317312729682,0.1464486391178664,0.11150669482207311,0.1219102684479921,0.1318771826266189,0.09837707424651193,-0.06767753315845554,-0.05432818796083276,-0.06178002907402383,-0.007971083708793434,-0.12016793985872366,0.055069769943712946
rg15,0.13015879781847994,0.1977481192842972,0.12129556820780393,0.18264663618983457,0.15324896356273485,0.15648006063371558,-0.09193306965502915,-0.06884096764112284,-0.06966771629522017,-0.056833024685660025,-0.07235941505073713,0.0819321651144842
rg15a111,0.1648298695251244,0.21877847495737218,0.15691085673781482,0.20452047041566254,0.18058697494893663,0.17347977448173235,-0.10897744723883578,-0.11228809735105455,-0.07105896913630252,-0.10679724260310405,-0.08044455141347313,0.06033806369372989
rg15a213,0.2087071922678993,0.25674750796786544,0.20988711826896553,0.24168771555021046,0.22714464706589382,0.23522647611782568,-0.11867827121504101,-0.12961938983095084,-0.06341722887839296,-0.12993812307396105,-0.07319823540871338,0.08589982945392481
rg8,0.14645471387410652,0.23824902714743174,0.13076134528435335,0.24527368346475265,0.1671212117760146,0.24808218536085094,-0.11373733022144862,-0.08153098585047314,-0.11660765245721244,-0.04087846962043655,-0.059405756993032056,0.12374062696320413
rhodesg30,0.3661726660323215,0.08743449817978499,0.4910278537741391,-0.029134150512936552,0.4188334896603263,0.0997873006295251,0.10470016759029717,-0.23487243395192628,0.3382473075834547,-0.3053422742869876,0.17411235623252175,-0.03323831580569567
rhodesg32,0.44495052718559785,0.11397029250133206,0.5902572902024446,-0.02341927952636004,0.5017982423681849,0.13252091560694731,0.11498738686091606,-0.25662362535677946,0.3688499723456311,-0.33396855982996987,0.19154551378231768,-0.039739623155029026
rhodesg34,0.5232489516200882,0.1467181803133923,0.6635106881326978,0.028351522460521965,0.5411226311258237,0.1766458955506158,0.13276119591962274,-0.29671739982452855,0.4272726470462587,-0.389770691381372,0.22598804968094668,-0.05270285218132148
rhodesg36,0.6076555337463828,0.14667738846348188,0.8408309467635058,-0.1029654463754151,0.7756609968123928,0.11304955482526961,0.15410513528793887,-0.345450890740303,0.49876610980491076,-0.45834171529619167,0.2684288223836524,-0.06870745628166018
s1010,0.11002188514442256,0.07226720938507583,0.07174793872056243,0.04745082586454695,0.12782101334753568,0.006141951219152545,-0.11002188514442256,-0.07226720938507583,-0.07174793872056243,-0.04745082586454695,-0.12782101334753568,-0.006141951219152545
s1012,0.16710916914745574,0.14678164152603915,0.13588508539612726,0.16690463152797072,0.25896722683729984,0.01002501269010411,-0.16710916914745574,-0.14678164152603915,-0.13588508539612726,-0.16690463152797072,-0.25896722683729984,-0.01002501269010411
s1014,0.18700981363915067,0.22236304502368764,0.13892271461448735,0.3064821862185061,0.3170862788354279,0.011308029068582214,-0.18700981363915067,-0.22236304502368764,-0.13892271461448735,-0.3064821862185061,-0.3170862788354279,-0.011308029068582214
s1016,0.20595213498192438,0.24082207548641388,0.1809489871946536,0.24214624104096977,0.40688825910601356,0.0005259962909461911,-0.20595213498192438,-0.24082207548641388,-0.1809489871946536,-0.24214624104096977,-0.40688825910601356,-0.0005259962909461911
s1020,0.19231381186906657,0.3723283189420701,0.2355659042256185,0.4373474439298546,0.28161504864847825,0.41924615445276936,-0.11682357030453203,-0.06963246611205222,-0.14188231774566867,0.05695482818483298,-0.07349713921597043,0.19943872658039113
s102b,0.21103501243361827,0.247151784775837,0.14759213104434726,0.4193344675522536,0.12204877985931287,0.2786319661929219,-0.10882839684079797,-0.11598434273632982,-0.17172873866988922,-0.22932170078125572,-0.009954444974423955,0.09109393298182832
s102s,0.21375908181762476,0.23322128600440428,0.18491212332115645,0.3581973954633402,0.1870536814189991,0.23299570521328242,-0.10882839684079797,-0.11598434273632982,-0.17172873866988922,-0.22932170078125572,-0.009954444974423955,0.09109393298182832
s1046,0.18614457515751245,0.3031562296634043,0.14378276760992537,0.2403363062214507,0.1384152462711942,0.0754225695611609,-0.18614457515751245,-0.3031562296634043,-0.14378276760992537,-0.2403363062214507,-0.1384152462711942,-0.0754225695611609
s1048,0.14919024079586696,0.24578958134680767,0.12951073380005396,0.18148304264975315,0.12579668328266017,0.061831772262246565,-0.14919024079586696,-0.24578958134680767,-0.12951073380005396,-0.18148304264975315,-0.12579668328266017,-0.061831772262246565
s1091,0.1869345228821218,0.2072079200303394,0.18273515419573114,0.24551562250559336,0.1634386719917636,0.2814069466454587,-0.05503373893495974,0.15770174484562222,-0.01867219329489045,0.3695447952451975,-0.0522020770743035,0.20803012191310108
s1210,0.25134776937088843,0.35532587670156957,0.25882592924873615,0.4009400547196728,0.16499787095986457,0.5488885754312738,-0.10054709194748562,-0.02007179997139077,-0.01546123820402898,0.2859938002233806,0.0117652399894949,0.5757550179197114
s1221,0.21512689445691965,0.45291367259119597,-0.027966586348753847,0.6122867240534692,-0.1941400104091252,0.7245078594413655,-0.12069729828184361,0.014843810483362214,-0.21404076356829455,0.5055646067517134,-0.3404569785919935,0.7669712269469539
s1223,0.28229894480097034,0.46178360051938516,0.21148281618278147,0.48858129882202417,0.14175453098165997,0.7364006893166873,-0.13581782265055253,0.1333201980058289,-0.07530332007476181,0.4308354685864768,-1.8588916049580746e-05,0.6740720576372919
s1223rtl,0.27522347204013303,0.6189517298370739,-0.013530230147266342,0.6567362727151898,0.1096310810367058,0.7232352124401242,-0.12655888104315774,0.11149102978307716,-0.11691255911438955,0.4340820820826025,0.018704242361425018,0.5820684236132231
s2027,0.18592400336284592,0.33703453254678967,0.20400958460585591,0.26826297779708874,0.25112160318953464,0.09258289094178494,-0.12325922770152646,-0.12105839208652888,-0.13718335393490796,-0.06896974037466004,-0.09750525004623824,0.0497672405468525
s2046,0.15487210025884643,0.1949437557435012,0.152114101929328,0.18132189371934931,0.2076207191286016,0.12826996671970153,-0.11393426614779355,-0.03034750273551018,-0.10161191029115728,0.010309848184143686,0.0011001319670891755,0.14679219886385161
s2048,0.12748585082997732,0.18953026757563968,0.1110447872522611,0.19344062821623764,0.19164319328610072,0.14797948026783395,-0.08913000460807087,-0.044330197219610956,-0.10305538563356842,-0.020329170595009986,-0.06149101503204886,0.08530814305454898
s2050,0.12772933712292958,0.18176180452593652,0.10821288052841699,0.17063916606927731,0.1208552477014816,0.15429459739896137,-0.11107077673957996,-0.08242508076535149,-0.07584054675406454,-0.07876240435103002,-0.07603647318055601,0.10986997700336043
s2055,0.12131841675195465,0.17864434154091252,0.09845549776410198,0.17972520901161723,0.17337739472265734,0.11914477528656713,-0.08502761398931827,-0.038506782781886226,-0.10038604096819265,0.0145539057540518,-0.15417597588276602,0.05873385961249487
s2060,0.11852027811689492,0.17595844181151543,0.11877422235861956,0.15453825792309903,0.1786102956168262,0.10996818998048992,-0.10474245317991056,-0.046589778710667926,-0.07651708896429127,-0.0077010167310029975,-0.07353732058168513,0.08036198731852884
s2062,0.11566374201487688,0.17585483282363829,0.11424434167816333,0.1542092782705614,0.17500219034211165,0.10584413135084023,-0.09660621902498985,-0.06366793658843106,-0.06191878113746324,-0.01460042822371218,-0.08934882762613808,0.07829843182946404
s2091,0.1866307340994142,0.2812454263454264,0.18400977530360713,0.24111887779745642,0.23145817649614073,0.08604306359437107,-0.1104147484338999,0.009620796598889038,-0.0891760779857883,0.08277101400407953,-0.048953630737793546,0.10821832780111112
s3,0.17885552063402257,0.29916554387419053,0.005534013705819157,0.31145850113294016,0.051897781652846794,0.09343159431997299,-0.07917129600931483,-0.0951872184968357,-0.13973865418858333,-0.05872756830121931,-0.12026517837070767,-0.004429782611177294
s3002,0.19007876695841813,0.23143948081290217,0.1731438730136256,0.22174711510370063,0.21940927680759853,0.13487518625268635,-0.09531291879286588,-0.032052900858588966,-0.058554045729556324,-0.045468958878011244,-0.03283173430194808,0.15648591754745153
s3010,0.18432389183319037,0.2504059145951876,0.1704095532942931,0.1924319439772451,0.19900605591673007,0.05872896651714872,-0.10834546248726869,-0.04742401118249703,-0.08607364343339854,0.019566756767550493,-0.07360655698861884,0.07884343923692484
s3014,0.15842024255529938,0.2360802903466967,0.13332572515070376,0.21238687133498668,0.2062847240797177,0.044881690540602655,-0.09174481854610596,-0.05348347754361098,-0.06274585695122907,-0.016328700904612248,-0.05728136651840115,0.0023664429419029864
s3016,0.15389207864945706,0.22268294782484238,0.12330045790997088,0.19549930538062588,0.19203512071284973,0.034390023674235805,-0.0949308266916426,-0.07796808710837852,-0.06405360876411756,-0.03827635849860994,-0.062242894703858534,-0.008009384855869238
s3021,0.15436556485404473,0.24599645653592506,0.15740298296546112,0.22020368437724303,0.16514838465530782,0.12497162922886558,-0.08749365104594324,-0.03620733005801237,-0.06812292505113292,0.020935258913071353,-0.07643212494377949,0.02881502137783107
s3024,0.16152872526088144,0.2632230803274146,0.1680685369735297,0.24091664522908457,0.27423218470494437,0.09320124353182008,-0.08946672997924665,-0.02531143377286641,-0.06456019993271679,0.034789242125482574,-0.06628919903224532,0.05329160354874541
s3025,0.16012932242677805,0.26107260422501566,0.16778594864119037,0.24710325623446794,0.18351468690674974,0.17111140934332178,-0.08143279448424906,-0.016235165089075736,-0.05695469360796042,0.0483905614134188,-0.05846787183120719,0.0739654917096404
s4022,0.1616433216742988,0.2923021010810032,0.1714553314353083,0.36471111987142585,0.2070182304242014,0.377692179834538,-0.09025253251790961,-0.02527968523425783,-0.10714837161692098,0.059086152731332706,-0.029594334653893366,0.2711300225652693
s4053,0.14805331594444274,0.21012285765200017,0.16713655048668152,0.23211707445425217,0.16823851839851828,0.1671316658780687,-0.08238824219269376,-0.020911172052645942,-0.07677325415299155,0.03278213222118322,-0.06405023781198599,0.046171532654397676
s4061,0.16589162698422752,0.2565728736082459,0.19096605385749135,0.24366764318613848,0.24047134591051225,0.08373785103518668,-0.09639295086988246,-0.02170504534995662,-0.04053653489966899,0.048575301524098474,-0.027538361862439055,0.10167433282594183
s4062,0.1603674034729677,0.259625874101216,0.16841483256611747,0.28986281024426674,0.27235249054913274,0.11145911217662616,-0.09481807438540679,-0.017703449748337277,-0.04181636082932269,0.05513806393252521,-0.027519370649235604,0.11335833063522786
s4083,0.14554588756558645,0.28102734737794116,0.09425687352419201,0.2339651595289135,0.10038556634818034,0.23054713819921874,-0.07765126493529402,0.0161065111512622,-0.05074179203626954,0.07305661631382218,0.014013530800923537,0.08712683239506162
s4094,0.15300532545794307,0.3099264776528065,-0.039636115985157816,0.5082501192115667,-0.1978182459404479,0.4663557825962003,-0.09940938689641651,-0.10278837505780739,0.07356715320581997,-0.2867097080328161,0.239548261721704,-0.33880572785179175
s4095,0.14605756332627928,0.34234190205255555,-0.14004751154054876,0.6722576257209238,-0.37943127173490465,0.6729382706385361,-0.09177009593430527,-0.12887281343890408,0.17201649769807456,-0.4551444604051202,0.4209285325143463,-0.541734433807606
s4096,0.14139700108340522,0.42828742981887047,-0.2825300721857395,1.0188884754309384,-0.6687406678051896,1.093531352205863,-0.08879908783048401,-0.253206979207354,0.3106725628340789,-0.8000947972543967,0.6940776778666043,-0.9435058386895687
s4110,0.16038503694566061,0.20363940122359514,0.15447223898318252,0.20945911464253264,0.2007340945017766,0.15664212364319607,-0.10492156779882553,0.001950834464055598,-0.08469937450110063,0.0750307133258405,-0.0558587690480885,0.1246737536917995
s4158,0.16205995393480613,0.2635219033833552,0.18701177318045648,0.2764028153675605,0.3503821680084577,0.014865033509644921,-0.09754119168378417,-0.022991264470288382,-0.08984855643832768,0.02281534091012594,-0.06752596029407043,0.022933794165942045
s4180,0.21361585730516755,0.2629041365232015,0.24113288986928944,0.18180956305012108,0.2433501362076674,0.08559816167235258,-0.11403630916539159,0.052190572396111704,-0.09490380584556993,0.1290956561371794,-0.05820072814085704,0.15741956880798835
s4233,0.17345274203922773,0.30702757227806426,0.2290630469109543,0.2819863747892942,0.27365038414417037,0.10950776209725667,-0.11135723690051226,-0.10096781340693364,-0.1080306887126285,-0.0497750616105115,-0.0781629282646127,0.0677466683985824
s4310,0.19399793281113772,0.29595595969371497,0.19690556583307584,0.284161441257221,0.23899849455562466,0.11758863344455464,-0.09420263352238925,-0.009978437851844622,-0.07821159502873852,0.06580580730758748,-0.08294214346602043,0.09267439762309318
s4320,0.1862575588462888,0.28722262262251835,0.1791246032197404,0.2781685741870735,0.20102189068727927,0.12329427331420491,-0.08369424347477644,0.01917149579391232,-0.047057410182341455,0.087885271376162,-0.016465412050017517,0.13993658466224487
s5010,0.16737704928800268,0.24050152822827336,0.13608651115391307,0.18610641185177396,0.09776115821143769,-0.03519850140864028,-0.09192784734599646,-0.050971594060496395,-0.1001414809086417,-0.015331469650634045,-0.094100687518005,-0.033021365157823744
s5020,0.16283587226974883,0.23076169825472426,0.13316344985147943,0.16721109234645024,0.09439195820405888,-0.044379195526073216,-0.07287697087535018,0.004218997923934827,-0.10073368453664945,0.0313831184971423,-0.08892577807012744,-0.02080570878470906
s5041,0.22275992978108225,0.36046436496529527,0.2181013276281712,0.385420761114726,0.2379018568582254,0.24434948930047576,-0.1029954568235773,0.035647964955353884,-0.10402745038171382,0.04745429340838509,-0.0615740054352109,0.0019316957927865157
s6061,0.12430088282404475,0.19958658210397073,0.13135610763522176,0.1660589730279033,0.18033678268616132,0.04876363527727637,-0.09004621100198752,-0.07350384553819284,-0.0753992805978995,-0.03634959486179108,-0.101798809554907,0.04426179243583265
s6062,0.11294125770608646,0.17436731359695237,0.12084740229840572,0.13771793837408006,0.16838281177644515,0.03808585572580225,-0.08467973255102043,-0.062159775679765036,-0.0706194605905197,-0.01657216189683226,-0.0956139372507321,0.047010965960715974
s6063,0.10232606587473345,0.15670075520441049,0.10255057917643594,0.11512358370491421,0.15422531997123973,0.02895692511210733,-0.07972560252721664,-0.0523975766519426,-0.06471619468437015,-0.003579777835030393,-0.07854560411220814,0.049361614981322806
s7012,0.12972668511430072,0.21297899057183584,0.13061489023675021,0.16153515014453482,0.14483166232658307,0.10752339811459732,-0.08610269101655266,-0.06154673590684495,-0.06192677624736635,-0.03373437084585747,-0.05719986229534735,0.10403286195119396
s7055,0.15785048412665775,0.2911718560154494,0.16741566852293635,0.2633244721408574,0.23467079219473413,0.1188485797511259,-0.09870766372536872,-0.008664372131691918,-0.0982797764608447,0.04384612235745945,-0.09057662895242743,0.0292790809613116
s7075,0.16144093918478647,0.19894579870431545,0.20049165406277336,0.1463191622307997,0.29801985725642327,0.13816107760776372,-0.09586550548377239,-0.02499449369363889,-0.06928453955010913,0.032566396508597474,-0.07513772182072337,0.13601015787828938
s8023,0.14337939218888077,0.10734905420390509,0.05205666173725345,0.06562099910907052,0.03803740978712351,0.02503212145800376,-0.14337939218888077,-0.10734905420390509,-0.05205666173725345,-0.06562099910907052,-0.03803740978712351,-0.02503212145800376
s8025,0.1391590083543032,0.140966132299881,0.07962450033871599,0.07770180207519942,0.074337454760954,0.013011436760439596,-0.10592978078200666,-0.10879886390114821,-0.07055854987102003,-0.0676500964304727,-0.07234454049524103,-0.003868863966118753
s8035,0.18163297256706096,0.215758403650745,0.14373211556679938,0.1855957190745231,0.14139498244564222,0.11203181154639695,-0.18163297256706096,-0.215758403650745,-0.14373211556679938,-0.1855957190745231,-0.14139498244564222,-0.11203181154639695
s8036,0.22521928145056783,0.2674209167712085,0.22794013650823028,0.3247764175622192,0.16345927988232348,0.24037862840625657,-0.14986018023213804,-0.14332448209332402,-0.17149440209847297,-0.18064865305482417,-0.11574046116130929,-0.11792585938983946
s8037,0.23006970476345517,0.3110403425793684,0.22593681006254487,0.3592840080827314,0.17295410610302003,0.22782961575270308,-0.13528909951638152,-0.12787250127489969,-0.14847561311738022,-0.15164151177537194,-0.09955141806552303,-0.1315736628604891
s8038,0.1939170089251898,0.19748300922421574,0.1802698537684907,0.20635583502412805,0.14053098218603444,0.17048701189462245,-0.1351792504322929,-0.15729492507325793,-0.13215813551317054,-0.16528234401913605,-0.10101335710728666,-0.06273697433220628
s8052,0.18041211551751596,0.22164116375561593,0.14459550690026007,0.25557593473370466,0.16565487398874448,0.07331311433006829,-0.11948983303270072,-0.11359288990764896,-0.10743570539887395,-0.12240550044000097,-0.10269974917237208,0.006218561465181523
s8055,0.1872578010458479,0.23067856477001059,0.16796834772240243,0.237555188748562,0.26442724129937184,0.07449966895001921,-0.11559415928382989,-0.10033547451584635,-0.10429416229528482,-0.08553934412062315,-0.13924630353820863,0.01355015944134905
s8064,0.1391664508450192,0.17687606153440005,0.21086366760713132,0.13228883408950462,0.37203629154855944,0.030792207100331554,-0.11464771100192069,-0.14028256227618405,-0.1144955348339778,-0.15000730886464766,-0.15448376981278275,-0.025031796731315142
s8065,0.1314569921470448,0.16103482703549654,0.19132535549158464,0.12428819301970243,0.31731136958743933,0.034323377825780405,-0.10769682555291062,-0.11886512509473196,-0.10870274795925554,-0.11479400906493895,-0.13346134170274365,-0.015509629806472268
s8066,0.12425571912802351,0.14369151615986922,0.16847187595134927,0.11884036778603735,0.2518605707917369,0.046847632439399385,-0.10387585621463562,-0.11021607335621017,-0.10621629558357285,-0.09939442122578794,-0.1283575490775609,0.005359497551219826
s9000,0.15659452017563766,0.20913524299110914,0.14014813296218848,0.19262740225218575,0.1651537952905448,0.16241245289673079,-0.08608700477297553,-0.0595158031908672,-0.061877927211529016,-0.0013079507416588216,-0.08773108078884094,0.12081593536105484
s9026,0.14249485260184563,0.13067234662844127,0.11859707075932947,0.08370106845446834,0.12702217822287776,0.02928017927262667,-0.14249485260184563,-0.13067234662844127,-0.11859707075932947,-0.08370106845446834,-0.12702217822287776,-0.02928017927262667
s9027,0.13259085883026492,0.10362869357939156,0.10257861333214485,0.056454058086581486,0.10688945303784969,0.020689404173741044,-0.13259085883026492,-0.10362869357939156,-0.10257861333214485,-0.056454058086581486,-0.10688945303784969,-0.020689404173741044
s9032,0.1396773762700945,0.12218145202289107,0.11348384440868306,0.07278401657050787,0.11110813868792802,0.02897481929881876,-0.1396773762700945,-0.12218145202289107,-0.11348384440868306,-0.07278401657050787,-0.11110813868792802,-0.02897481929881876
s9033,0.129618565544265,0.09455516563057925,0.097240802309421,0.04393881724804715,0.09232868193396528,0.01240684963584869,-0.129618565544265,-0.09455516563057925,-0.097240802309421,-0.04393881724804715,-0.09232868193396528,-0.01240684963584869
s9037,0.16567765602578644,0.24696419503913292,0.16802051182383623,0.2100848341929282,0.23323065000081591,0.12120645129972059,-0.08333788441096063,-0.0082987393976151,-0.062106800605492396,0.06173080594934039,-0.061461720256996616,0.09316202512201552
s9104,0.357325679980727,0.6132726358600814,0.21808442454406501,0.9259601355321099,-0.056402556991248035,1.3769303392575145,-0.20363968542724484,0.46111330554155155,-0.20061460672435788,0.9741881055200945,-0.07745245238237516,1.351638674126193
s9104BTE,0.34961151557712966,0.6521816639068482,0.1157482841635955,1.0893505218131314,-0.22363894707788526,1.4873770556524746,-0.20363968542724484,0.46111330554155155,-0.20061460672435788,0.9741881055200945,-0.07745245238237516,1.351638674126193
sa7024,0.1320930831158744,0.21902361717135488,0.11409608322470213,0.2073652730637645,0.15517243358380137,0.1728694305197429,-0.07093174852062183,0.013062246186893244,-0.053712461815915484,0.10517479657462818,-0.04136213743243447,0.13589791878937627
sa7025,0.13948506397896646,0.23873184722507573,0.15731877499911257,0.18602419151027924,0.26522168956238584,0.1233905026045301,-0.0746391399724025,0.0061209380783536615,-0.05788027742848204,0.09566677295012621,-0.04719591393225312,0.11568330566254482
sa7026,0.14196202989122766,0.25902899427436177,0.16625628569144058,0.2316169160867904,0.290146304979828,0.1363150362517693,-0.07812418111420716,-0.00822016696422398,-0.054554255974219874,0.06163381940779195,-0.03150138612123827,0.10228669785408423
sa7035,0.14960106496839942,0.23008123618239923,0.14906786789656445,0.17134733646114936,0.22524537867975053,0.09586666483704408,-0.08455565633251949,-0.05028763759385012,-0.07152531807646867,0.008577041398721251,-0.06912950525981398,0.07368648644974311
sa7036,0.15352318640223314,0.2360937453827069,0.15350190358844595,0.17859221584251533,0.23390364696332103,0.10481419957959359,-0.08709239297023533,-0.037771611414734924,-0.07493587291631171,0.026303450499408156,-0.06757205085343904,0.08496382586166908
sa7038,0.16097321846348317,0.24666911317709195,0.1635720184409407,0.19139167655848743,0.2520660124303345,0.12164845954440327,-0.09002073739532462,-0.017135112966787505,-0.07697618826511995,0.0564855555618975,-0.061757783084237065,0.10660312635295535
saratov,0.1878930923966513,0.25269451122593306,0.46178246327701267,0.21136568278081502,0.3550160324539653,0.24986537149175972,-0.10274968864782964,-0.16570816279861827,0.5602553264365628,0.04180296040687933,0.10296703623849009,0.1902389190781673
sc1012r8,0.3071944116210605,0.228363947544441,0.1650071813002699,0.23741944436943738,0.17955755680723645,0.16498108027927388,-0.17866959910738847,0.05628889797508908,-0.25775416951916824,0.05426224118820769,-0.18943692383952102,-0.029806048449954888
sc1094r8,0.24359484740942228,0.17256303966017134,0.13948213331468629,0.1720812182813749,0.1521699457507029,0.11764867168279117,-0.13975512534276047,0.044791239161864824,-0.2045133656982016,0.04914774854175495,-0.15589033806722952,-0.013598572871327897
sc1095,0.1710817235601794,0.1644872400531286,0.09607056397629299,0.16349958132555395,0.12630110061279592,0.10205246844901507,-0.14082211826753419,-0.09254739563397205,-0.0916361088128077,-0.09689323811527463,-0.1012674643009472,-0.0583261284431737
sc1095r8,0.17381737845944464,0.14805104120813786,0.12302382245396003,0.11762464413679626,0.16627628236488176,0.04641381168484508,-0.312572796859094,0.2500740302123806,-0.5619116608283633,0.3508440070180838,-0.3788709645805166,0.07204611884241163
sc20010,0.14991178413150216,0.09646826674278536,0.12175114951822374,0.1953335817622787,0.07924185900166333,0.14018086661313053,-0.14991178413150216,-0.09646826674278536,-0.12175114951822374,-0.1953335817622787,-0.07924185900166333,-0.14018086661313053
sc20012,0.17964062600388606,0.11752834673370025,0.14200015024257867,0.24227858208896075,0.08719125845330025,0.17769161135430364,-0.17964062600388606,-0.11752834673370025,-0.14200015024257867,-0.24227858208896075,-0.08719125845330025,-0.17769161135430364
sc20402,0.03169161627029925,-0.0037826368368126667,0.09314398846701348,-0.08641320691315346,0.1525325523403732,-0.07347871705651318,-0.023396645009272778,-0.03935798614258474,0.025854694073382797,-0.11887487180833281,0.08143885125470478,-0.04851589142024346
sc20403,0.04575218009589794,0.013483887090947715,0.0829599007606043,-0.02718842145662094,0.10919805277349182,0.015827215280620772,-0.04146889732275882,-0.034796981569677206,-0.02859097423130129,-0.07149011409383584,0.009535004767255901,0.022565033974373663
sc20404,0.061920618922704035,0.01917057059047282,0.10922835909657438,-0.037149365854750926,0.1613964540802554,0.0019811892737087826,-0.05587577785419363,-0.050267882080246046,-0.026233899319213085,-0.11776270000275062,0.03448313485967003,0.001960678914120285
sc20406,0.09167049749248302,0.04155176124026712,0.13201039516405336,0.002915202024193146,0.17769527627559006,-0.0016800717525128155,-0.08606516454100896,-0.0695258299976138,-0.05739024388874769,-0.14568517131384767,0.01866396339207598,-0.04236876632208652
sc20410,0.1494635215299744,0.09510773224033667,0.12992458578160987,0.17104538236938818,0.10727783732135332,0.22264909806643393,-0.14916362807855754,-0.09765728229600304,-0.12642433582907894,-0.18565870141386265,-0.11210108163023555,0.1744576385532836
sc20412,0.18418852522193524,0.11173218109649674,0.1596386389064404,0.20127707105268958,0.13665221513084444,0.2466686584536142,-0.1834282125375982,-0.11499818569410353,-0.15492881499034333,-0.23055386879434642,-0.10389840984731318,0.1761187856654159
sc20414,0.21823806234598456,0.12720682555776108,0.19356826040483555,0.22581596250667188,0.167039969796483,0.26875803873907256,-0.21724881618151606,-0.13402340792732187,-0.17944097269834494,-0.2777133508472644,-0.09448120076594176,0.1768265007856513
sc20503,0.048663737407227965,-0.007717007941444191,0.15024766212758942,-0.14454196597041308,0.24084118262209558,-0.11216738637138576,-0.03461992101650994,-0.06543640797241548,0.051870362469597614,-0.2044346967883332,0.1500475077698524,-0.10825819662055594
sc20518,0.29008133276193965,0.13738824285999507,0.3304188120807325,0.15981077905270155,0.337977711320945,0.17977855801129103,-0.2829759883005554,-0.1747486346855538,-0.22629468020876103,-0.3733809311067854,-0.029690835684501767,0.06398754823323193
sc20606,0.0972588847894922,0.0013825136954982303,0.24954329435707176,-0.20029387730620038,0.40356189495250977,-0.17011710380922945,-0.07552582523214528,-0.11431969813792268,0.06036568554768792,-0.3396622602587142,0.23157975505734543,-0.195618952252431
sc20610,0.15905006713948971,0.04154063159996901,0.28232150759725094,-0.09590113299225893,0.41851364799179863,-0.03530897603957985,-0.13845607687044753,-0.15014672314480698,0.020818826832644757,-0.4395676699668079,0.1791089194725893,-0.06829392417535729
sc20612,0.19368292185866895,0.057060452195013905,0.3156708799856718,-0.06744859897492297,0.44782888835282475,-0.02056302958771228,-0.17274568619184938,-0.16767608022723499,-0.005091800251053671,-0.4900343357160128,0.2005057023445865,-0.08974127336073043
sc20614,0.2269949276386726,0.07495535882083276,0.3424534867116713,-0.03506121380789657,0.47475568177416516,-0.0063949594103383306,-0.2062466650455505,-0.18676661551224216,-0.02766675236545056,-0.5436297479359358,0.22383324575357855,-0.11013295636537476
sc20706,0.10031562120610885,-0.020206071644295054,0.310206793961087,-0.29987770474942066,0.5058607037715801,-0.24170572456868702,-0.07124337852972012,-0.130670534818382,0.1060158454226416,-0.418706953182149,0.32094278749213734,-0.25990203483138125
sc20710,0.164318150479935,0.011423928099715097,0.36701999454476947,-0.23820044386552564,0.57491983148652,-0.16417795776441313,-0.13277051837386045,-0.1769782131117654,0.09408495848089793,-0.564378441348463,0.32233549279099155,-0.18967979830798135
sc20712,0.19815330736979997,0.030433156198467176,0.3893278416681036,-0.19492174639823012,0.5942197717088461,-0.15209444034824932,-0.1666555676856069,-0.1948084589774762,0.06988266129339948,-0.619396001374823,0.3523464175397616,-0.22146842772824052
sc20714,0.2298579648833551,0.047536401409074835,0.4134946552488637,-0.15207687158012728,0.5920687846371929,-0.04935507001548806,-0.19929252329475444,-0.20784516972964417,0.04272876428863524,-0.6696974202875123,0.35038958837562434,-0.16276365843025506
sc21006,0.13128435360617546,-0.17140436451855812,0.7573472344026205,-1.0873711091409453,1.402630391936762,-1.1851837299508807,-0.03850848322860878,-0.3089620926600047,0.5722737134549974,-1.1838017036956237,1.196249010577414,-1.1913309209290381
sc21010,0.19342210395004136,-0.12769937762561304,0.7804024928008305,-0.9560623664414534,1.395434207518254,-1.105738251261256,-0.10502914288451438,-0.32928961353208785,0.48125721033622276,-1.2105242134141743,1.1437076947730505,-1.1663633269902138
sc2110,0.21180908283726205,0.20145135514793222,0.0984950109985614,0.21055054355463798,0.232873935601779,0.046835184473826265,-0.09853649964041676,-0.006827538963553134,-0.17980581590296613,-0.00830431154080147,-0.18401333488332125,0.008303315382264946
sd2030,0.14118863339179744,0.17891339768297548,0.14976278505815577,0.17203356995626717,0.23661458566826515,0.15130558019553897,-0.09205344168300492,-0.025107635024070055,-0.10310594331954825,0.03361417394458334,-0.14420871219923734,0.08225041943463283
sd2083,0.14019222707519288,0.22229260372322635,0.145328868540205,0.21576519936380745,0.2471253386326138,0.08567522728110563,-0.0854773836174168,-0.026037582808857873,-0.07872151187365166,0.021312689003682973,-0.06894571687109786,0.031065944700641505
sd5060,0.16331940494998648,0.2062000643163729,0.14601716834905037,0.18336502576706898,0.18291830405030146,0.048654077231123014,-0.1127707434929549,-0.0813768769798324,-0.04980066238707709,-0.014427100896262854,-0.05263518363005819,0.06383080437904208
sd6060,0.13671229741922886,0.21923617291613745,0.15026276872269334,0.19917426319776513,0.1952371802702334,0.05693293422955033,-0.09569565247057052,-0.08029443352136009,-0.10058851739475233,-0.048836370485082256,-0.14129241329381007,0.0192263538515605
sd6080,0.15799747446242285,0.25018174129416165,0.18413941434772643,0.23459126768967267,0.2168063230559189,0.0987185184671314,-0.08423183092626783,-0.005321148695908995,-0.056678545255822964,0.05786390412411291,-0.0444567649009349,0.09441672769498226
sd7003,0.14869959189104826,0.18480427765145516,0.10453236322091397,0.1420772159797822,0.11781447236625069,0.08066845349837368,-0.11238766193067815,-0.05888955516719506,-0.08931934590315312,-0.007986892460256214,-0.09025610144121383,0.07411282951392138
sd7032,0.1783876018301067,0.2739401453951802,0.17708442721614823,0.21885102620263713,0.26520368514636333,0.13498782800250944,-0.09023534346085336,-0.017487389354468565,-0.06968368704017533,0.046448838257055966,-0.045590038235499786,0.13944524283273213
sd7034,0.18930447559565783,0.2866593482997531,0.1891995553109427,0.24817936633335902,0.2376177186017493,0.0869530879119364,-0.11295035266312493,0.0023525933306383744,-0.09368988281252907,0.07303667877755748,-0.05774043163152654,0.10392944567434234
sd7037,0.16362079065200347,0.23262812877120165,0.1710602074056024,0.17133504232410213,0.2538295417465633,0.11698204415593848,-0.09255188839548366,-0.026859618738127575,-0.0707120174573817,0.03380975747754643,-0.06178808309905549,0.10121255335738169
sd7043,0.18323729976189013,0.21882089865247095,0.18940378596202537,0.19478016770480322,0.2664713834220145,0.11644775682544574,-0.09504768780203553,-0.009494985533042732,-0.07387749034557219,0.06621069833477038,-0.038319765223114574,0.15272782752579547
sd7062,0.25909350149935784,0.3382107163735885,0.2291279733537687,0.28973603333142284,0.2453567864749017,0.1608608445938906,-0.14652911361852722,-0.036902821761881546,-0.15340004625039427,0.058695872640317504,-0.10005911167448334,0.11964519755327718
sd7080,0.15639163935431638,0.2203377696794001,0.15462482430846744,0.15441041226360214,0.24093396529222424,0.10166468572597981,-0.0954476038142187,-0.04064563015443358,-0.0825736266122584,0.015181966201165383,-0.07655663288522889,0.07947200608821382
sd7084,0.15009493659146816,0.24365352716061572,0.13300768974121085,0.1722453512847349,0.240064474986578,0.08658089974332664,-0.09593453191570607,-0.05105653827381164,-0.08906537101221249,-0.010119597925425024,-0.0801138116974425,0.014154299485329038
sd7090,0.1655917799196459,0.21520828517656698,0.1336185867818749,0.19311943005649196,0.14664128310590296,0.155034675216826,-0.12094738047401643,-0.0655796145966895,-0.10244393082573414,-0.024110229315434217,-0.09986093267079812,0.02598082520379028
sd8000,0.1478170860559077,0.1742118378392683,0.1437745572215603,0.12897104208588203,0.21159290022866212,0.07168261677591856,-0.1171718045782761,-0.062096894317212964,-0.09316210013082876,-0.006017453283755858,-0.08618870276085763,0.06280152781492639
sd8020,0.1340311135853332,0.15400955630597532,0.10637619704376453,0.12230404308160195,0.12298215369873514,0.0796202880433999,-0.1339998637477128,-0.15406895044802837,-0.10630800482951028,-0.12233634556790257,-0.12292367387752377,-0.07965896783007702
sd8040,0.1870487204862696,0.21376033398626282,0.19482872522524902,0.15147372079445795,0.25759600086280765,0.09204986073491905,-0.11541516407741007,-0.029068065827627096,-0.11240165807303912,0.033215115999043865,-0.09657104528760868,0.07967442871551286
sg6040,0.20742662535046022,0.2790273206353674,0.2724528154560112,0.2778911601873688,0.2821666822349272,0.24825450752710598,-0.158161630000656,-0.1231616806057933,-0.18083896991855092,-0.12955103700224727,-0.09461159697168853,0.09733520154736963
sg6041,0.16945607028269286,0.18227102752297697,0.17534597052540912,0.17434661451334182,0.2480265830946744,0.14928556255390807,-0.09859373147699159,-0.05109849567170818,-0.10115981082987,-0.060773709505333104,-0.10254126814329156,0.04429220753590245
sg6042,0.18880466501436885,0.22607818324810375,0.2029768967229007,0.25740002277799234,0.2673483350134642,0.2593925840292986,-0.10326150240977543,0.014610606576755902,-0.10718709843368875,0.05469476373224527,-0.06491751778210818,0.1524178257241259
sg6043,0.20378626176773168,0.27468742946778263,0.22188996138020806,0.3457199441372272,0.278085350494038,0.37489003653108427,-0.11112115310588119,0.08438670106266796,-0.12319133618346986,0.18209015547399365,-0.040319199003787734,0.26381989040394443
sg6050,0.18622833109761933,0.36952447426838503,0.13654777451569092,0.5041305052234737,0.10505820719263852,0.37662561712160864,-0.15142858795938702,-0.167611242559481,-0.10739525267735418,-0.09846039743088719,-0.06684646917181707,-0.13239002140011621
sg6051,0.14983679784387358,0.27830489717415685,0.12605393377100957,0.41769988594593366,0.13588005426128097,0.3160882414756282,-0.10833975497267852,-0.07210129181649626,-0.08056023574076429,-0.07656768983055098,-0.0014867571811510013,-0.13418683608175802
sm701,0.2361930792984714,0.35867226683477155,0.16361907624815836,0.4213461242465003,0.2554936375213624,0.33463925886269574,-0.13944837465378615,-0.07774244060424487,-0.21616306568825883,-0.05422016290692355,-0.12410004074614503,0.2019382152790418
sokolov,0.13359426105392394,0.3472165258405368,0.07797434684231372,0.4888743103588282,0.02848005252533874,0.448178179482063,-0.07175411759488709,0.10945008750796026,-0.011567165668042861,0.2637447029827166,0.05617803378427751,0.21070538310845457
spicasm,0.20439565278547206,0.3599840374370694,0.18607599657907528,0.35489550101230966,0.1652208314078486,0.2346480692686201,-0.1138672045266318,0.06690535893361735,-0.14921586706407966,0.10684439867064212,-0.10894791323354085,0.048538144392846275
sr5s-sm,0.14852425282187476,0.14326690002675735,0.17597798519391802,0.14447762973430012,0.1540163980892143,0.01848003352052761,-0.14853178990833266,-0.14321388512802602,-0.17610190713019458,-0.14423435256623066,-0.15426436169296143,-0.018186693919355963
sr5s,-0.13592770721510675,-0.17489375528603676,-0.10420618354188983,-0.25520275240594686,-0.09154522704834975,-0.11886633047476505,0.13592770721510675,0.17489375528603676,0.10420618354188983,0.25520275240594686,0.09154522704834975,0.11886633047476505
ssca07,0.12330807216153555,0.12290314385165504,0.08358437200719072,0.11626798328253281,0.17646768523433812,0.015382208131443224,-0.06899010723805057,-0.038211240478340305,-0.1105059143919643,-0.025915033388454876,-0.13207148519377765,0.006660173710972369
ssca09,0.15814989497492155,0.16054308150205204,0.1016497714118747,0.16067609000214297,0.2156533011936489,0.033290577157271406,-0.08831228710948189,-0.05165441937237625,-0.13626209511578222,-0.04450891668678758,-0.15857151643470327,-0.0049513095130542875
stcyr171,0.1695458048780065,0.17303820539592243,0.07630677459511595,0.20010271066023633,0.06770106441447081,0.13199971867576213,-0.1689487220107377,-0.17428214064990685,-0.07459552583217577,-0.20166962681049597,-0.0667642637115001,-0.1323436857605692
stcyr172,0.18664768319242983,0.23329952076360844,0.09721221695329868,0.18383907045245734,0.14012927451333684,0.12765576809882082,-0.18664768319242983,-0.23329952076360844,-0.09721221695329868,-0.18383907045245734,-0.14012927451333684,-0.12765576809882082
stcyr234,0.8461890251602252,-0.19072994470481852,1.204278570106216,-0.3120628262179186,0.9132834711791341,0.19782210192969574,0.32536226820820235,-0.6772767566410784,0.9505732837735122,-0.7675338557845224,0.5659422278331362,-0.11194949494387786
stcyr24,0.4874524994801142,0.15853413337225503,0.5701974208241539,0.15047675828786686,0.5213155758888157,0.2412093370647224,0.0743830538228074,-0.17578757752268398,0.35314999496509863,-0.24871576579521948,0.22925580544610494,0.023864863482842006
ste87151,0.22892669591417825,0.13776428257830325,0.390668386480472,0.04347210361126923,0.6055906740567445,0.2291938848150493,-0.06089764056496254,-0.14657464568910775,-0.031433467232375445,-0.18675667477429422,-0.22674929657513299,0.1876731824110019
ste87391,0.2426920966174255,0.2882848210284284,0.32774230353178935,0.19351387185242985,0.5708190390080784,0.38017935459113855,-0.06344136807324577,-0.22663352951236806,0.11096380987275797,-0.21210024758561452,-0.06406039251854216,0.26288861630013477
stf86361,0.25331652197556925,0.13076524635772496,0.4778608255604806,0.05943847510851989,0.6834793557706064,0.31060172312556306,0.04834831406358252,-0.2603118037672617,0.19200882625094806,-0.4809972681065743,0.20476668768119996,0.16375769147955435
strand,0.21105490874008992,0.3755513168043342,0.4267136972574062,-0.10861674892733254,0.28186391346200623,-0.03604630805962542,-0.166224692981427,-0.040078202483119885,-0.2066199293461463,0.12344604341543114,-0.10598175868574736,0.14517203207486637
supermarine371i,0.1443529453609997,0.20187695249843018,0.13167083354855455,0.2994737923648194,0.19479318523804448,0.07676892400758646,-0.13083218343146755,-0.14165379398610475,-0.1129884082291222,-0.2097715342061181,-0.14836324203950235,-0.03560943575549427
supermarine371ii,0.07483008138754338,0.12610681583982683,0.08508143988358247,0.21682976632608778,0.1584926096514195,0.03506236996480177,-0.061033405262128464,-0.06592697824497852,-0.06882039317750968,-0.11984897053681383,-0.12056755695553865,0.008854945619992213
tempest1,0.17008839964089348,0.21999135703905076,0.214147745970447,0.21598089339728388,0.25552265932105606,0.19175186315191167,-0.14932481245465626,-0.15759426359895184,-0.1640633767041893,-0.1504566745557269,-0.20607536501443696,-0.1442801454998193
tempest2,0.14207858456367928,0.1826541019516963,0.18301844871209408,0.1740345681974688,0.22037338810952312,0.152214592939618,-0.12233358877349935,-0.12757466638661652,-0.13604471846032895,-0.11651318729735444,-0.1747875556940376,-0.10974129806099034
tempest3,0.12099298532299119,0.15860775240068992,0.16183715109392777,0.14691423210119012,0.19611115063155038,0.12491311510805943,-0.100084464357151,-0.09645008157508,-0.11144107597461368,-0.08167050025719921,-0.1465317915005347,-0.07752224952398565
th25816,0.26466051463024765,0.3921038082426985,0.42877929935737913,0.4560073925681424,0.6747496523950809,0.5717617324327063,-0.1659373625395216,-0.17668564521548913,-0.3031848153473728,-0.1234086334990942,-0.5365300083298442,0.17056911361958565
trainer60,0.2581576667461664,0.2739636829500938,0.1776265089425267,0.307605092895027,0.039069035305774574,0.21283618217387365,-0.21967509819641642,-0.3195151105922917,-0.08598776158316923,-0.40832415003223144,0.05986648374680137,-0.27939309571175536
tsagi12,0.14041220894741835,0.2779355247942147,0.14430452454594947,0.23527858137100036,0.14861384272774775,0.11748790331198801,-0.11086570057341683,-0.10510601961618074,-0.07947905283754447,-0.12446284054701873,-0.14177699787523582,-0.17163681731869027
tsagi8,0.09449016494167534,0.18028166732582118,0.10804582049810403,0.14214165653390887,0.11133338799584824,0.06329831623090879,-0.07471786950384049,-0.06668448140464171,-0.060052135669400375,-0.07062340885585491,-0.10637788859304206,-0.09939994237833095
tsagi_r3a,0.26615633143046463,0.3456385108117257,0.12047186237865877,0.23085877475185898,0.11417858484702789,0.1570689785825595,-0.11495975927641751,-0.023976370250585452,-0.11052263208258839,7.64969831814899e-05,-0.10095067180026604,0.0028565304070178026
ua2-180,0.2881547348743683,0.49231657810632345,0.41683278074747926,0.38356847820948264,0.2986326668878687,0.25071137496305784,-0.11671187145883813,0.0031463359208843203,-0.13712920617577323,0.05423823945907099,-0.11381268735169968,0.012994164380662534
ua2-180sm,0.28657741646540086,0.49691040210298654,0.4093974337549079,0.3914423245431655,0.2927852341960439,0.25334285759138025,-0.12069455117327611,0.012620283100034588,-0.15138393947438622,0.06818964999483466,-0.12259079407341117,0.016476518338222886
ua79sf18,0.16262419458747454,0.43896928464335294,0.08072271360220754,0.6540196663959761,0.36294501742202173,0.2253448216920431,-0.0930960765877976,-0.1825459659199026,-0.06454720869745746,-0.3052466299463983,-0.0786073659071994,0.06968055585962757
ua79sff,-0.14324608105784417,0.043816285218411605,-0.01995525147566577,-0.29804122387966053,0.352914409391262,-0.5905100542127936,-0.10906072476029312,-0.16150000691766975,0.642356718952602,-1.5121176667071858,1.4710196780220768,0.021343001130455126
ua79sfm,0.08910375395915703,0.8244706858359241,-0.9889081754239377,2.499120825313383,-1.7636698044049899,1.93391327774742,-0.0593663761549568,-0.35832313063222604,0.42745514567169496,-1.1989210658582004,1.1338235983890201,-1.3834216567790805
uag8814320,0.20363511226189807,0.3918611555639502,0.20600442342103237,0.5393340603635245,0.4151131797464035,0.2591042481717649,-0.07919937907460686,-0.0066905258081024765,-0.050963697152622944,0.019499010370872157,-0.059944560808531756,0.0353457330579872
ui1720,0.2479287729425271,0.5685337027622303,-0.10398131843857492,0.45947509056332714,-0.006978845056012983,0.30527802330189835,-0.1685150077254919,0.015074843701589841,-0.08482559511470265,0.0926513807490498,-0.010660977216587156,0.13377763646383825
ultimate,0.13651948863595334,0.17613765487902228,0.1697678451648565,0.1499827157560866,0.15786722335346992,0.13264934477010853,-0.12569267790011257,-0.23777341357088888,-0.036718228720007254,-0.3569215129492075,0.0376352967877668,-0.3343014479402799
us1000root,0.16132486745833396,0.4441542384765841,-0.028966216801367572,0.45667693226818196,0.013162405184304386,0.2175892140512487,-0.16096408420966354,-0.445090390334296,0.030435669835689988,-0.4581453410361615,-0.01222842294254695,-0.21794830840855567
usa22,0.15360242336114427,0.3805413077115628,0.04374018757808823,0.33507887797268043,0.11181440899724723,0.19095629441323284,-0.0678024788334528,-0.04722172810319584,0.11623272942768494,-0.05141165048534757,0.04477825392855901,0.026143295519830443
usa25,0.1606296216635739,0.3663968040919321,0.11338834248988827,0.28258079140129094,0.2152811627777985,0.26528827826959245,-0.10898170819554945,0.0705375265315501,0.08668274251158653,-0.026786870795768414,-0.07998156427805594,0.0031431441195792797
usa26,0.16129421430210472,0.36929015589814934,0.09280794195360303,0.3022536338825122,0.20838094497067497,0.2558488168146914,-0.09409831786829476,-0.025793880519218652,0.0645153760990431,-0.03864371642180388,-0.06570808396656293,-0.030762787061225337
usa27,0.18272506727101231,0.4310027851655106,0.0815151105166092,0.4152787717010661,0.1987324267100646,0.32758877390339375,-0.08972058191255626,-0.03080411904261024,0.06880310055619566,-0.04544006377971546,-0.05673060793783798,-0.040996201351695155
usa27m2,0.21105620003804468,0.4757773544158794,0.08388635057666718,0.4641246559929042,0.21975741763174134,0.372712610104514,-0.1154260110016357,-0.08210398746237645,0.07679455904723856,-0.10462856719094656,-0.0711518274012451,-0.08865425244697886
usa28,0.14389932895936677,0.34731812063731027,0.11687712750211426,0.4114229296866012,0.13855377207286268,0.35683323676987333,-0.139227055803889,-0.16157442759413815,-0.010094715564228099,-0.02830289350323825,-0.03545971991538484,-0.08699531850288707
usa29,0.1508019030527044,0.41073838480420954,0.2160285628020757,0.34294842229641787,0.30258821613988773,0.258225247854053,-0.1338619959431886,-0.10464253759527561,0.04411070102905787,0.07345492707246737,-0.12688630041175866,-0.07097524242142741
usa31,0.3126045763886001,0.48127505603582443,0.32428947030505045,0.4411986554299684,0.4977994391926259,0.412804476212362,-0.09435831677936944,-0.09980227693460411,0.2533183391525005,0.05691858385897775,0.05590659970900941,0.028069402890436728
usa32,0.3447428553559029,0.4649672095238695,0.3538700580634012,0.45620694664389666,0.4518705628033509,0.49004490870877865,-0.06965976412472483,-0.07604616543674844,0.21199070753427265,0.10812801698691331,-0.0747371810116213,-0.030416822279981846
usa33,0.3091688279993495,0.35877348520876423,0.25108164827179574,0.3364535643661436,0.2007359806842455,0.23201611702320646,-0.21047098102156353,0.017176908578607715,-0.029480245189661927,-0.12141897862681038,-0.12734261256693363,-0.10020194853668865
usa34,0.3796781699659704,0.4293106316041728,0.39540895604654314,0.506370701048075,0.35705963550103825,0.471478478994295,-0.13636258193134249,-0.13350259584097485,0.13587924020641293,-0.13485874651508817,0.10008494480300532,-0.09141932427575387
usa35,0.3359664495124168,0.5004554371959783,0.27234246855442273,0.5003034224797739,0.28378082709445424,0.39993179568358916,-0.2151737231144285,-0.0019654323311584024,-0.11594103732585109,0.007781588456479551,-0.030420861678485706,-0.01534190636813668
usa35a,0.3359664495124168,0.5004554371959783,0.27234246855442273,0.5003034224797739,0.28378082709445424,0.39993179568358916,-0.2145990422018259,-0.0036298079197721947,-0.1114186633054499,0.002703104261074599,-0.026297502594721286,-0.015273605850072864
usa35b,0.2253951027528033,0.16610130667793888,0.5411207322109305,-0.3830377617165501,0.8917962006260765,-0.5928885719321292,-0.11768950084439124,-0.14143777387307016,0.25615897966080153,-0.6474625917762118,0.6445178355278931,-0.8172974993244456
usa40,0.2128875543822088,0.4195150701870878,0.10261700191675219,0.39646692415569856,0.17644455782219073,0.26975836789445273,-0.15652743690552764,-0.052161796193332305,-0.0454406993898963,-0.06428935199321358,0.055367754620775644,0.11377071770823208
usa40b,0.25706558323580825,0.4351511301409013,0.04637911729703123,0.4226324436975696,0.12862041755123674,0.26200831121403567,-0.1566790319557042,-0.0521066779216906,-0.046419904058865175,-0.06503661767084634,0.055907690648216234,0.10632141583458546
usa41,0.1289471350526535,0.2830853846909395,0.11655469157769616,0.23938279360834264,0.185006883232451,0.17012809745883978,-0.0750240072216771,0.0636071433021931,0.022884972638026135,0.057943207735086016,0.10257544175898525,0.06107735526478272
usa45,0.20978630420532568,0.5296743896705038,0.021714851376748417,0.42834275385556475,0.14300033253588343,0.21283086288552666,-0.11457450858200496,-0.06774904391746045,-0.0832267204239951,-0.05464959226056049,-0.11114687474055382,-0.03191028961076244
usa45m,0.1638172115703323,0.4250221790144208,0.02007826970198545,0.33691409623369517,0.1219005886246473,0.16167524816704343,-0.11502300824754699,-0.002973036012668656,-0.14285026031692125,0.03298115652245955,-0.13858961986340554,-0.0013570841069182988
usa46,0.09444955316346276,0.20308868349688508,0.06015230240392665,0.18796881374992463,0.10479756318487196,0.11260284675255111,-0.09219152896364598,-0.04149505308573596,0.022769314540199172,-0.07455225543390843,0.07248898291204309,0.059755051361721497
usa48,0.18600243032550828,0.35161615778602073,0.15708400522612567,0.3636697048683193,0.19796982750187542,0.32304404524113944,-0.11067682710130722,-0.20677489028516546,0.003646171699656947,-0.23925916534793387,0.02240976066067433,-0.04643605761960588
usa49,0.11168592254621765,0.18431505934589643,0.078386494286437,0.19138743469681418,0.07982571137686913,0.18077777386608138,-0.06436834212836408,-0.05148613459147357,-0.04619606769716506,-0.016860115360192527,-0.09656742234194218,0.03474122115471944
usa5,0.12522453704864628,0.32963289607062707,0.04760932825403753,0.29837221244002415,0.16289338520006943,0.1866688033251394,-0.05890154360832836,0.08501551855926112,0.032651980394372594,0.03723157982825911,0.04400275575262015,-0.028908536023263945
usa50,0.08949818266640872,0.1944754747331292,0.0870034287491433,0.172727954904196,0.11353058477621411,0.18297211724224274,-0.061303835432467674,-0.02810648284161226,-0.06661629968497122,0.005047408357949333,-0.05375046000196207,-0.012433970756627211
usa51,0.14209170954470968,0.29049417460756416,0.060150309989275175,0.25731081556172214,0.1293483156970892,0.1744632044267289,-0.07582256299429987,-0.05672261708886697,-0.034594424311654826,-0.06039292167784793,-0.05189978836838838,-0.011354987885344689
usa98,0.20891112324289376,0.4592994139506854,0.09287010618285635,0.6978574733891929,-0.00715579380824672,0.6950187648069002,-0.20221962606499666,-0.019891809557151214,-0.060894992083521254,0.11994206359217971,0.07750277351565724,0.13442373571238864
usnps4,0.2182791748577737,0.43051176005862546,0.05316964773920499,0.5347320268943997,0.10415688962078556,0.5577509953650857,-0.10595775337434962,0.07113899810636562,-0.11519840292945568,0.03368059445590661,-0.015604160915713237,-0.06257127617513328
v13006,0.10792348924206462,0.12318539801313735,0.06817362817070285,0.09432429892226829,0.08759806187591591,0.06021362259027114,-0.08546614401197031,0.006181288489295909,-0.13922297815753445,0.025479339480383396,-0.1127376402591951,-0.01769741849604705
v13009,0.17300035304869607,0.17233776454530136,0.10447952400201309,0.16158888833311913,0.10509905716513049,0.10413276079569195,-0.13302992749094786,-0.009636211300014116,-0.16839957188888316,-0.021251004984191586,-0.12115616990568086,-0.04869719588982337
v23010,0.18654734150704633,0.2527708699457924,0.03867187738045476,0.2415716871789519,0.08053783773822645,0.09794557484630606,-0.12486550610217814,0.0077467586921998455,-0.2549941552479253,0.05870625257034369,-0.18661578540447904,-0.005065152234721844
v43012,0.29913986309375645,0.28958474326704775,0.14134901838873337,0.25832727692472324,0.1656914706367182,0.17228866097329407,-0.06643719016504303,0.03511429179891048,-0.2659155640208462,0.09658076205533084,-0.2235270039065962,-0.019575474207921748
v43015,0.3701673453687844,0.2763594061836399,0.25038550943852234,0.215973679842918,0.26052929991613116,0.17948519951506423,-0.0879605670920579,-0.04282366233440055,-0.250457311767819,0.006563679400058229,-0.21534604509049857,-0.07646749172533913
vr1,0.19388300432713815,0.09427250085442337,0.27564452827680214,0.11833167459886874,0.25416280957612397,0.10413140347843523,-0.11824420838788571,-0.08838159531100201,-0.13519156056420323,-0.051590568883853535,-0.1531385024297584,-0.01792995647213443
vr11x,0.22596761499324963,0.21695270187827265,0.1683616560170965,0.1822359956766924,0.3729563338934148,0.10487675692357536,-0.08200831550776333,-0.05274291272774037,-0.10080104264449383,-0.08288210483185177,-0.06584517520718318,-0.1607653965680612
vr12,0.22895772777070994,0.220259940570672,0.12327558316525931,0.2527866868158694,0.19256067285144426,0.10389717100651967,-0.09919214492093777,-0.03940711604733037,-0.1089758960544918,-0.07349032965049425,-0.08488508433175758,-0.17576876655923077
vr13,0.20490649004448386,0.19634697168305576,0.11176926622091955,0.2230430092474999,0.1753214814761533,0.08867349393777292,-0.08888500543893726,-0.0342672146525041,-0.09974629557983858,-0.061488586452701,-0.08009693165652906,-0.15225740417319525
vr14,0.17280952433773358,0.16373789458950658,0.09789258163751967,0.18075038376462133,0.15476617596434894,0.06659147258135824,-0.07506460193306128,-0.027469014107277076,-0.08719466939080497,-0.045616301312258335,-0.07364170897200283,-0.12075610059603434
vr15,0.15895132567761255,0.14979104197852802,0.09162053800257115,0.16298511540019722,0.14542560593663878,0.05739266719517871,-0.08945150460313207,-0.034550633381314796,-0.1002455279310469,-0.06215800642336711,-0.08034748547050835,-0.15355203902540468
vr5,0.19514524162279792,0.22220606109057817,0.3098137948598169,0.1812689135707286,0.2741884185865736,0.03176018308782519,-0.0824659070363486,-0.0030749412958265415,-0.1417405367831217,-0.022448845989651186,-0.10061382025586892,0.046228084310621795
vr7,0.21091905879654008,0.23304998922991338,0.28216619338698584,0.18333349582254932,0.20318671663700066,0.12594199531624767,-0.07968060912376557,-0.052593893287286114,-0.11847548003853012,-0.023920805443124304,-0.08754148061386204,-0.008241101018412285
vr7b,0.20972061627623362,0.2376798078672917,0.2757733898032608,0.1778837448386964,0.2393584616630581,0.056452265423498654,-0.08065731212994535,-0.046932051708572745,-0.13652384224960404,0.01396082904866881,-0.14532939566210049,0.060711482700747464
vr8,0.1180214279590492,0.12889354529525102,0.18081106922057,0.08695694123694762,0.1284978738533668,0.055599913470075514,-0.07416122922089197,-0.04046637248675193,-0.13445049048666594,0.0005570917995925025,-0.10614392625749329,0.0036152149707966963
vr8b,0.11678784892853752,0.13509902788621853,0.16454821248886248,0.11279056583469854,0.10225922617585288,0.07270730705772967,-0.0732817993473436,-0.04490474305234729,-0.12276836212715664,-0.018111723036058708,-0.08701380559328951,-0.009036381475819465
vr9,0.07649058204977062,0.07694762792819634,0.11808307696380904,0.045863575158488726,0.09611925379351144,0.01833485471676598,-0.06613039311527169,-0.05631029417544382,-0.10316536763724622,-0.025701271215892378,-0.08887715098869399,-0.004460399139939409
w1011,0.15765411940808077,0.17316488535154936,0.10229952997431985,0.13740764291876212,0.08132663587852235,0.0860724166020433,-0.15772286804116217,-0.1727334329954769,-0.1032949853567984,-0.13551144547761307,-0.08322728148828379,-0.08379058900963954
w1015,0.202927020025912,0.23483761436705214,0.14302661999797303,0.20715098523073933,0.12195802460233793,0.15329454897838438,-0.2029269936417233,-0.23483577760156893,-0.14303387466002904,-0.20713510414282169,-0.12197577108445022,-0.15327731855044058
waspsm,0.15211969662912053,0.280394893502156,0.08918698588269905,0.2799439812208252,0.11417419438482031,0.21686193931516465,-0.11125593392969117,-0.02171048430252074,-0.05284140498954672,-0.018225442131720435,0.026766146553452393,-0.03671132055144733
wb13535sm,0.1616696153524036,0.41390035092621735,0.051229322032331714,0.46652139665972814,0.14541113453437624,0.2436588841023363,-0.10510563541381354,-0.19715214543695214,0.02335375335420241,-0.08768372002448188,0.023270234875975675,-0.03240286314612768
wb140,0.16015740436656956,0.42065906154355037,0.024900555982085376,0.5653722113447573,0.11328116836583556,0.335722632665323,-0.10612714636208133,-0.20475835329537143,0.07038101366285694,-0.19792824790793723,0.021525722826031247,-0.10634032104043514
whitcomb,0.18642785243569154,0.07271899561007117,0.21887273861601916,0.05179805628467519,0.26021080990323736,0.2676352983215888,-0.17924723164397025,-0.14127445970871663,-0.04271771795386145,-0.35943925605098936,0.024423224186614672,0.30994361769695494
ys900,0.06255657207088046,0.08321817520729777,0.16622162644170096,0.010131524943993192,0.30346035187314163,0.1737402224646831,-0.06255657207088046,-0.08321817520729777,-0.16622162644170096,-0.010131524943993192,-0.30346035187314163,-0.1737402224646831
ys915,0.08477928446630181,0.13222582824256796,0.16643626508078144,0.08975213863196645,0.34712521940874735,0.1418501060974864,-0.07644935496725316,-0.13804686931614257,-0.08940089251515507,-0.03506424633619713,-0.09044634924233319,-0.022837952719185393
ys920,0.08943632711748267,0.14286206791247383,0.17252738405641688,0.1052951356690195,0.3550039888249292,0.17228784950010004,-0.07839864964732328,-0.1479366025781366,-0.04900454881716773,-0.04261580452499138,-0.06645176635401814,0.0009154263310641555
ys930,0.09550174272949104,0.2003636412958283,0.11778439713860436,0.26620663543950773,0.2700097304019839,0.21781570236270323,-0.08971562850329863,-0.14307764623893826,0.03418713174631139,-0.07301715275006279,-0.0037578500779630597,0.03649598966903827
